user_id,is_churn,churn_probability_latent,cancellation_reason
SPOT-100000,0,0.4593,Active
SPOT-100001,0,0.5295,Active
SPOT-100002,1,0.6511,Switched to Competitor
SPOT-100003,0,0.2829,Active
SPOT-100004,0,0.1901,Active
SPOT-100005,0,0.5544,Active
SPOT-100006,0,0.2199,Active
SPOT-100007,0,0.394,Active
SPOT-100008,1,0.6155,Low Usage / No Time
SPOT-100009,0,0.2882,Active
SPOT-100010,0,0.2754,Active
SPOT-100011,1,0.6251,Price / Cost
SPOT-100012,0,0.3531,Active
SPOT-100013,0,0.4286,Active
SPOT-100014,0,0.2512,Active
SPOT-100015,0,0.3385,Active
SPOT-100016,1,0.6031,Price / Cost
SPOT-100017,0,0.3771,Active
SPOT-100018,1,0.6881,Switched to Competitor
SPOT-100019,0,0.457,Active
SPOT-100020,1,0.6427,Too Many Ads
SPOT-100021,1,0.5751,Price / Cost
SPOT-100022,0,0.368,Active
SPOT-100023,0,0.3395,Active
SPOT-100024,0,0.2365,Active
SPOT-100025,0,0.3727,Active
SPOT-100026,0,0.3424,Active
SPOT-100027,0,0.4677,Active
SPOT-100028,1,0.6575,Price / Cost
SPOT-100029,0,0.5251,Active
SPOT-100030,0,0.5458,Active
SPOT-100031,1,0.5734,Switched to Competitor
SPOT-100032,0,0.3388,Active
SPOT-100033,1,0.5774,Switched to Competitor
SPOT-100034,1,0.591,Too Many Ads
SPOT-100035,1,0.5775,Price / Cost
SPOT-100036,1,0.5904,Price / Cost
SPOT-100037,0,0.5247,Active
SPOT-100038,0,0.4127,Active
SPOT-100039,0,0.4268,Active
SPOT-100040,1,0.7001,Low Usage / No Time
SPOT-100041,1,0.681,Switched to Competitor
SPOT-100042,0,0.145,Active
SPOT-100043,1,0.6541,Too Many Ads
SPOT-100044,0,0.2991,Active
SPOT-100045,1,0.5942,Too Many Ads
SPOT-100046,0,0.4828,Active
SPOT-100047,0,0.4758,Active
SPOT-100048,0,0.285,Active
SPOT-100049,0,0.3756,Active
SPOT-100050,0,0.4018,Active
SPOT-100051,0,0.397,Active
SPOT-100052,0,0.3044,Active
SPOT-100053,0,0.3578,Active
SPOT-100054,0,0.4698,Active
SPOT-100055,0,0.3559,Active
SPOT-100056,0,0.4168,Active
SPOT-100057,0,0.5645,Active
SPOT-100058,0,0.4508,Active
SPOT-100059,1,0.7177,Switched to Competitor
SPOT-100060,0,0.414,Active
SPOT-100061,1,0.6902,Switched to Competitor
SPOT-100062,0,0.318,Active
SPOT-100063,0,0.4331,Active
SPOT-100064,0,0.3431,Active
SPOT-100065,0,0.3098,Active
SPOT-100066,1,0.5825,Switched to Competitor
SPOT-100067,0,0.1949,Active
SPOT-100068,0,0.2159,Active
SPOT-100069,0,0.4778,Active
SPOT-100070,0,0.5022,Active
SPOT-100071,0,0.237,Active
SPOT-100072,0,0.2974,Active
SPOT-100073,1,0.5692,Too Many Ads
SPOT-100074,1,0.595,Price / Cost
SPOT-100075,0,0.1338,Active
SPOT-100076,0,0.3408,Active
SPOT-100077,0,0.192,Active
SPOT-100078,0,0.2654,Active
SPOT-100079,1,0.6806,Price / Cost
SPOT-100080,1,0.6639,Price / Cost
SPOT-100081,0,0.2807,Active
SPOT-100082,0,0.4521,Active
SPOT-100083,1,0.6395,Switched to Competitor
SPOT-100084,1,0.7562,Too Many Ads
SPOT-100085,0,0.4892,Active
SPOT-100086,0,0.3713,Active
SPOT-100087,1,0.6774,Low Usage / No Time
SPOT-100088,0,0.4845,Active
SPOT-100089,0,0.476,Active
SPOT-100090,0,0.317,Active
SPOT-100091,0,0.4329,Active
SPOT-100092,0,0.4544,Active
SPOT-100093,0,0.2339,Active
SPOT-100094,0,0.2021,Active
SPOT-100095,0,0.2647,Active
SPOT-100096,0,0.3433,Active
SPOT-100097,0,0.4192,Active
SPOT-100098,0,0.3465,Active
SPOT-100099,1,0.6155,Too Many Ads
SPOT-100100,0,0.2383,Active
SPOT-100101,0,0.2949,Active
SPOT-100102,0,0.111,Active
SPOT-100103,1,0.611,Price / Cost
SPOT-100104,0,0.1932,Active
SPOT-100105,0,0.5366,Active
SPOT-100106,0,0.2694,Active
SPOT-100107,0,0.4721,Active
SPOT-100108,0,0.3028,Active
SPOT-100109,1,0.623,Switched to Competitor
SPOT-100110,0,0.3046,Active
SPOT-100111,0,0.4553,Active
SPOT-100112,1,0.6732,Low Usage / No Time
SPOT-100113,0,0.5292,Active
SPOT-100114,1,0.5874,Price / Cost
SPOT-100115,0,0.3838,Active
SPOT-100116,1,0.764,Too Many Ads
SPOT-100117,0,0.2592,Active
SPOT-100118,1,0.6163,Price / Cost
SPOT-100119,1,0.6358,Price / Cost
SPOT-100120,0,0.4653,Active
SPOT-100121,0,0.2244,Active
SPOT-100122,0,0.4873,Active
SPOT-100123,0,0.3238,Active
SPOT-100124,0,0.4415,Active
SPOT-100125,1,0.5924,Too Many Ads
SPOT-100126,1,0.6818,Too Many Ads
SPOT-100127,0,0.3439,Active
SPOT-100128,0,0.4316,Active
SPOT-100129,0,0.3932,Active
SPOT-100130,0,0.4332,Active
SPOT-100131,0,0.4995,Active
SPOT-100132,0,0.4536,Active
SPOT-100133,0,0.2491,Active
SPOT-100134,0,0.2057,Active
SPOT-100135,0,0.465,Active
SPOT-100136,0,0.3985,Active
SPOT-100137,0,0.1285,Active
SPOT-100138,0,0.4099,Active
SPOT-100139,0,0.3604,Active
SPOT-100140,0,0.2218,Active
SPOT-100141,0,0.3865,Active
SPOT-100142,0,0.1616,Active
SPOT-100143,0,0.3612,Active
SPOT-100144,0,0.3238,Active
SPOT-100145,0,0.2283,Active
SPOT-100146,0,0.3993,Active
SPOT-100147,0,0.3068,Active
SPOT-100148,0,0.1752,Active
SPOT-100149,0,0.4892,Active
SPOT-100150,1,0.6196,Switched to Competitor
SPOT-100151,0,0.1673,Active
SPOT-100152,0,0.5681,Active
SPOT-100153,0,0.3475,Active
SPOT-100154,0,0.5149,Active
SPOT-100155,1,0.6874,Low Usage / No Time
SPOT-100156,0,0.4042,Active
SPOT-100157,0,0.4706,Active
SPOT-100158,0,0.1569,Active
SPOT-100159,0,0.3799,Active
SPOT-100160,0,0.369,Active
SPOT-100161,0,0.384,Active
SPOT-100162,0,0.2199,Active
SPOT-100163,0,0.3039,Active
SPOT-100164,0,0.292,Active
SPOT-100165,1,0.587,Price / Cost
SPOT-100166,0,0.3427,Active
SPOT-100167,1,0.6617,Low Usage / No Time
SPOT-100168,0,0.3265,Active
SPOT-100169,0,0.2618,Active
SPOT-100170,0,0.4256,Active
SPOT-100171,0,0.5502,Active
SPOT-100172,0,0.346,Active
SPOT-100173,0,0.4053,Active
SPOT-100174,0,0.425,Active
SPOT-100175,0,0.505,Active
SPOT-100176,0,0.5373,Active
SPOT-100177,0,0.4248,Active
SPOT-100178,0,0.2255,Active
SPOT-100179,0,0.5157,Active
SPOT-100180,0,0.3396,Active
SPOT-100181,0,0.4746,Active
SPOT-100182,0,0.3995,Active
SPOT-100183,1,0.5833,Price / Cost
SPOT-100184,1,0.6698,Low Usage / No Time
SPOT-100185,0,0.4915,Active
SPOT-100186,0,0.3226,Active
SPOT-100187,0,0.2736,Active
SPOT-100188,0,0.4171,Active
SPOT-100189,0,0.3451,Active
SPOT-100190,0,0.5599,Active
SPOT-100191,1,0.5907,Technical Bugs
SPOT-100192,1,0.5954,Price / Cost
SPOT-100193,0,0.3143,Active
SPOT-100194,0,0.2019,Active
SPOT-100195,1,0.571,Too Many Ads
SPOT-100196,0,0.1401,Active
SPOT-100197,0,0.5121,Active
SPOT-100198,0,0.3586,Active
SPOT-100199,0,0.1871,Active
SPOT-100200,0,0.4245,Active
SPOT-100201,1,0.7079,Price / Cost
SPOT-100202,0,0.1618,Active
SPOT-100203,0,0.2615,Active
SPOT-100204,0,0.3688,Active
SPOT-100205,0,0.4356,Active
SPOT-100206,0,0.1642,Active
SPOT-100207,0,0.5579,Active
SPOT-100208,0,0.3621,Active
SPOT-100209,1,0.5854,Price / Cost
SPOT-100210,0,0.5184,Active
SPOT-100211,0,0.4523,Active
SPOT-100212,0,0.417,Active
SPOT-100213,0,0.3354,Active
SPOT-100214,0,0.221,Active
SPOT-100215,0,0.5286,Active
SPOT-100216,0,0.4936,Active
SPOT-100217,0,0.4388,Active
SPOT-100218,0,0.4308,Active
SPOT-100219,0,0.2721,Active
SPOT-100220,0,0.3344,Active
SPOT-100221,0,0.3759,Active
SPOT-100222,0,0.5194,Active
SPOT-100223,0,0.2542,Active
SPOT-100224,0,0.4566,Active
SPOT-100225,0,0.3281,Active
SPOT-100226,0,0.5007,Active
SPOT-100227,0,0.3726,Active
SPOT-100228,1,0.5931,Price / Cost
SPOT-100229,1,0.8009,Price / Cost
SPOT-100230,1,0.6094,Too Many Ads
SPOT-100231,0,0.5482,Active
SPOT-100232,1,0.6623,Price / Cost
SPOT-100233,0,0.3984,Active
SPOT-100234,0,0.3669,Active
SPOT-100235,0,0.1619,Active
SPOT-100236,0,0.297,Active
SPOT-100237,0,0.3626,Active
SPOT-100238,0,0.5654,Active
SPOT-100239,0,0.5,Active
SPOT-100240,0,0.333,Active
SPOT-100241,0,0.2573,Active
SPOT-100242,0,0.2642,Active
SPOT-100243,0,0.4016,Active
SPOT-100244,0,0.518,Active
SPOT-100245,0,0.2669,Active
SPOT-100246,0,0.275,Active
SPOT-100247,0,0.4032,Active
SPOT-100248,0,0.4713,Active
SPOT-100249,0,0.3712,Active
SPOT-100250,0,0.4616,Active
SPOT-100251,1,0.6486,Too Many Ads
SPOT-100252,1,0.6584,Price / Cost
SPOT-100253,0,0.4281,Active
SPOT-100254,0,0.1949,Active
SPOT-100255,0,0.3713,Active
SPOT-100256,0,0.5354,Active
SPOT-100257,0,0.2593,Active
SPOT-100258,0,0.4347,Active
SPOT-100259,0,0.5534,Active
SPOT-100260,0,0.2314,Active
SPOT-100261,0,0.4989,Active
SPOT-100262,0,0.2995,Active
SPOT-100263,1,0.6201,Switched to Competitor
SPOT-100264,0,0.2555,Active
SPOT-100265,0,0.5539,Active
SPOT-100266,0,0.3997,Active
SPOT-100267,0,0.4678,Active
SPOT-100268,0,0.4886,Active
SPOT-100269,1,0.5848,Price / Cost
SPOT-100270,0,0.2252,Active
SPOT-100271,0,0.27,Active
SPOT-100272,0,0.3882,Active
SPOT-100273,0,0.3661,Active
SPOT-100274,0,0.3557,Active
SPOT-100275,1,0.5975,Low Usage / No Time
SPOT-100276,0,0.2514,Active
SPOT-100277,0,0.4001,Active
SPOT-100278,0,0.2748,Active
SPOT-100279,0,0.4951,Active
SPOT-100280,0,0.4127,Active
SPOT-100281,0,0.336,Active
SPOT-100282,0,0.5469,Active
SPOT-100283,0,0.5636,Active
SPOT-100284,0,0.2402,Active
SPOT-100285,0,0.4532,Active
SPOT-100286,0,0.4193,Active
SPOT-100287,1,0.6225,Switched to Competitor
SPOT-100288,1,0.7101,Too Many Ads
SPOT-100289,1,0.7018,Too Many Ads
SPOT-100290,1,0.7308,Price / Cost
SPOT-100291,0,0.4828,Active
SPOT-100292,0,0.3406,Active
SPOT-100293,0,0.4424,Active
SPOT-100294,1,0.6003,Too Many Ads
SPOT-100295,0,0.5672,Active
SPOT-100296,0,0.417,Active
SPOT-100297,1,0.6458,Price / Cost
SPOT-100298,0,0.308,Active
SPOT-100299,0,0.4321,Active
SPOT-100300,0,0.1962,Active
SPOT-100301,1,0.6329,Too Many Ads
SPOT-100302,0,0.4072,Active
SPOT-100303,0,0.457,Active
SPOT-100304,0,0.2878,Active
SPOT-100305,0,0.4023,Active
SPOT-100306,0,0.424,Active
SPOT-100307,0,0.5139,Active
SPOT-100308,0,0.523,Active
SPOT-100309,0,0.458,Active
SPOT-100310,1,0.5868,Switched to Competitor
SPOT-100311,0,0.4114,Active
SPOT-100312,1,0.6369,Price / Cost
SPOT-100313,0,0.5596,Active
SPOT-100314,0,0.1992,Active
SPOT-100315,0,0.5606,Active
SPOT-100316,0,0.2848,Active
SPOT-100317,0,0.5231,Active
SPOT-100318,0,0.3339,Active
SPOT-100319,0,0.45,Active
SPOT-100320,0,0.5104,Active
SPOT-100321,0,0.4885,Active
SPOT-100322,0,0.3195,Active
SPOT-100323,0,0.3138,Active
SPOT-100324,0,0.2472,Active
SPOT-100325,0,0.4701,Active
SPOT-100326,1,0.6957,Price / Cost
SPOT-100327,0,0.2917,Active
SPOT-100328,0,0.3808,Active
SPOT-100329,0,0.2554,Active
SPOT-100330,0,0.5269,Active
SPOT-100331,0,0.4197,Active
SPOT-100332,0,0.3684,Active
SPOT-100333,0,0.4621,Active
SPOT-100334,0,0.4352,Active
SPOT-100335,0,0.4377,Active
SPOT-100336,1,0.7002,Too Many Ads
SPOT-100337,0,0.3237,Active
SPOT-100338,0,0.3783,Active
SPOT-100339,0,0.3827,Active
SPOT-100340,0,0.3673,Active
SPOT-100341,0,0.4986,Active
SPOT-100342,1,0.6663,Price / Cost
SPOT-100343,0,0.4359,Active
SPOT-100344,0,0.3224,Active
SPOT-100345,1,0.6181,Price / Cost
SPOT-100346,1,0.7475,Switched to Competitor
SPOT-100347,0,0.3043,Active
SPOT-100348,0,0.5257,Active
SPOT-100349,0,0.2386,Active
SPOT-100350,0,0.4995,Active
SPOT-100351,0,0.2677,Active
SPOT-100352,0,0.3412,Active
SPOT-100353,0,0.4455,Active
SPOT-100354,0,0.4667,Active
SPOT-100355,0,0.505,Active
SPOT-100356,0,0.5242,Active
SPOT-100357,0,0.1607,Active
SPOT-100358,0,0.195,Active
SPOT-100359,0,0.4117,Active
SPOT-100360,0,0.257,Active
SPOT-100361,0,0.3306,Active
SPOT-100362,0,0.5032,Active
SPOT-100363,0,0.2707,Active
SPOT-100364,0,0.4652,Active
SPOT-100365,0,0.1632,Active
SPOT-100366,0,0.1086,Active
SPOT-100367,0,0.3686,Active
SPOT-100368,0,0.3436,Active
SPOT-100369,0,0.3668,Active
SPOT-100370,0,0.4938,Active
SPOT-100371,0,0.3004,Active
SPOT-100372,0,0.3848,Active
SPOT-100373,0,0.53,Active
SPOT-100374,0,0.3361,Active
SPOT-100375,0,0.2521,Active
SPOT-100376,0,0.2687,Active
SPOT-100377,0,0.2139,Active
SPOT-100378,0,0.2527,Active
SPOT-100379,0,0.376,Active
SPOT-100380,0,0.4856,Active
SPOT-100381,1,0.5729,Price / Cost
SPOT-100382,0,0.4104,Active
SPOT-100383,0,0.5226,Active
SPOT-100384,0,0.4633,Active
SPOT-100385,0,0.4795,Active
SPOT-100386,0,0.5256,Active
SPOT-100387,1,0.5993,Price / Cost
SPOT-100388,0,0.3309,Active
SPOT-100389,0,0.2116,Active
SPOT-100390,0,0.2818,Active
SPOT-100391,0,0.3746,Active
SPOT-100392,0,0.5452,Active
SPOT-100393,0,0.312,Active
SPOT-100394,1,0.6091,Price / Cost
SPOT-100395,0,0.5416,Active
SPOT-100396,0,0.1674,Active
SPOT-100397,0,0.4662,Active
SPOT-100398,0,0.3451,Active
SPOT-100399,1,0.7585,Too Many Ads
SPOT-100400,0,0.3683,Active
SPOT-100401,0,0.3246,Active
SPOT-100402,1,0.6258,Low Usage / No Time
SPOT-100403,0,0.5668,Active
SPOT-100404,0,0.2764,Active
SPOT-100405,0,0.4823,Active
SPOT-100406,1,0.5842,Price / Cost
SPOT-100407,0,0.1642,Active
SPOT-100408,1,0.6419,Price / Cost
SPOT-100409,0,0.2871,Active
SPOT-100410,1,0.6295,Price / Cost
SPOT-100411,0,0.3254,Active
SPOT-100412,0,0.1926,Active
SPOT-100413,0,0.3526,Active
SPOT-100414,0,0.3467,Active
SPOT-100415,0,0.3136,Active
SPOT-100416,0,0.3942,Active
SPOT-100417,0,0.526,Active
SPOT-100418,0,0.2578,Active
SPOT-100419,0,0.5178,Active
SPOT-100420,0,0.189,Active
SPOT-100421,0,0.2315,Active
SPOT-100422,0,0.2028,Active
SPOT-100423,0,0.3492,Active
SPOT-100424,0,0.4055,Active
SPOT-100425,0,0.2442,Active
SPOT-100426,0,0.1865,Active
SPOT-100427,0,0.3809,Active
SPOT-100428,0,0.5332,Active
SPOT-100429,0,0.4339,Active
SPOT-100430,0,0.39,Active
SPOT-100431,0,0.457,Active
SPOT-100432,0,0.4427,Active
SPOT-100433,0,0.2702,Active
SPOT-100434,1,0.7139,Price / Cost
SPOT-100435,1,0.6944,Price / Cost
SPOT-100436,1,0.5926,Too Many Ads
SPOT-100437,0,0.4131,Active
SPOT-100438,0,0.5162,Active
SPOT-100439,0,0.3415,Active
SPOT-100440,0,0.1763,Active
SPOT-100441,0,0.4015,Active
SPOT-100442,0,0.5587,Active
SPOT-100443,1,0.6137,Too Many Ads
SPOT-100444,1,0.5879,Low Usage / No Time
SPOT-100445,0,0.1559,Active
SPOT-100446,0,0.2726,Active
SPOT-100447,0,0.4319,Active
SPOT-100448,0,0.3495,Active
SPOT-100449,1,0.7117,Low Usage / No Time
SPOT-100450,0,0.464,Active
SPOT-100451,0,0.2704,Active
SPOT-100452,0,0.3776,Active
SPOT-100453,0,0.5474,Active
SPOT-100454,0,0.3982,Active
SPOT-100455,0,0.5375,Active
SPOT-100456,1,0.5813,Switched to Competitor
SPOT-100457,1,0.7551,Switched to Competitor
SPOT-100458,0,0.3115,Active
SPOT-100459,0,0.3776,Active
SPOT-100460,0,0.3843,Active
SPOT-100461,1,0.5867,Price / Cost
SPOT-100462,1,0.6339,Too Many Ads
SPOT-100463,0,0.3976,Active
SPOT-100464,0,0.2966,Active
SPOT-100465,0,0.2875,Active
SPOT-100466,1,0.6671,Switched to Competitor
SPOT-100467,0,0.3269,Active
SPOT-100468,0,0.3325,Active
SPOT-100469,0,0.4654,Active
SPOT-100470,0,0.561,Active
SPOT-100471,0,0.3427,Active
SPOT-100472,1,0.5732,Price / Cost
SPOT-100473,0,0.2318,Active
SPOT-100474,0,0.4293,Active
SPOT-100475,0,0.3812,Active
SPOT-100476,0,0.567,Active
SPOT-100477,0,0.4893,Active
SPOT-100478,0,0.2535,Active
SPOT-100479,1,0.5941,Price / Cost
SPOT-100480,0,0.1682,Active
SPOT-100481,1,0.6213,Switched to Competitor
SPOT-100482,0,0.2106,Active
SPOT-100483,0,0.2755,Active
SPOT-100484,0,0.551,Active
SPOT-100485,0,0.4116,Active
SPOT-100486,0,0.2969,Active
SPOT-100487,0,0.3836,Active
SPOT-100488,0,0.3947,Active
SPOT-100489,0,0.4044,Active
SPOT-100490,0,0.2119,Active
SPOT-100491,0,0.4638,Active
SPOT-100492,1,0.7071,Switched to Competitor
SPOT-100493,0,0.5019,Active
SPOT-100494,0,0.4495,Active
SPOT-100495,1,0.6393,Too Many Ads
SPOT-100496,0,0.3959,Active
SPOT-100497,0,0.4637,Active
SPOT-100498,0,0.2676,Active
SPOT-100499,0,0.503,Active
SPOT-100500,0,0.1359,Active
SPOT-100501,0,0.3586,Active
SPOT-100502,0,0.3571,Active
SPOT-100503,0,0.2902,Active
SPOT-100504,0,0.4612,Active
SPOT-100505,0,0.2523,Active
SPOT-100506,0,0.2195,Active
SPOT-100507,1,0.6395,Too Many Ads
SPOT-100508,0,0.2434,Active
SPOT-100509,0,0.4378,Active
SPOT-100510,0,0.1989,Active
SPOT-100511,0,0.2812,Active
SPOT-100512,0,0.2955,Active
SPOT-100513,0,0.4252,Active
SPOT-100514,1,0.6485,Low Usage / No Time
SPOT-100515,0,0.4027,Active
SPOT-100516,0,0.2527,Active
SPOT-100517,1,0.7042,Too Many Ads
SPOT-100518,1,0.7394,Price / Cost
SPOT-100519,1,0.692,Price / Cost
SPOT-100520,0,0.3245,Active
SPOT-100521,0,0.3255,Active
SPOT-100522,0,0.5352,Active
SPOT-100523,0,0.3236,Active
SPOT-100524,1,0.7588,Price / Cost
SPOT-100525,1,0.594,Price / Cost
SPOT-100526,0,0.3731,Active
SPOT-100527,0,0.4531,Active
SPOT-100528,0,0.1824,Active
SPOT-100529,0,0.2789,Active
SPOT-100530,0,0.5178,Active
SPOT-100531,0,0.3957,Active
SPOT-100532,0,0.4332,Active
SPOT-100533,0,0.3929,Active
SPOT-100534,0,0.4379,Active
SPOT-100535,0,0.5527,Active
SPOT-100536,0,0.4801,Active
SPOT-100537,0,0.138,Active
SPOT-100538,0,0.3645,Active
SPOT-100539,0,0.3306,Active
SPOT-100540,0,0.2424,Active
SPOT-100541,0,0.4723,Active
SPOT-100542,0,0.209,Active
SPOT-100543,0,0.2588,Active
SPOT-100544,0,0.3688,Active
SPOT-100545,0,0.2105,Active
SPOT-100546,0,0.3681,Active
SPOT-100547,0,0.3543,Active
SPOT-100548,0,0.4787,Active
SPOT-100549,0,0.2684,Active
SPOT-100550,1,0.5683,Switched to Competitor
SPOT-100551,0,0.1816,Active
SPOT-100552,0,0.3126,Active
SPOT-100553,1,0.5707,Switched to Competitor
SPOT-100554,0,0.288,Active
SPOT-100555,0,0.532,Active
SPOT-100556,1,0.5714,Too Many Ads
SPOT-100557,0,0.4341,Active
SPOT-100558,1,0.6186,Price / Cost
SPOT-100559,0,0.2193,Active
SPOT-100560,0,0.2887,Active
SPOT-100561,0,0.3597,Active
SPOT-100562,0,0.443,Active
SPOT-100563,0,0.4487,Active
SPOT-100564,0,0.3107,Active
SPOT-100565,0,0.3699,Active
SPOT-100566,0,0.3379,Active
SPOT-100567,0,0.2744,Active
SPOT-100568,0,0.3271,Active
SPOT-100569,0,0.2974,Active
SPOT-100570,0,0.5634,Active
SPOT-100571,0,0.3272,Active
SPOT-100572,0,0.4601,Active
SPOT-100573,0,0.4535,Active
SPOT-100574,0,0.2073,Active
SPOT-100575,0,0.5066,Active
SPOT-100576,1,0.6184,Low Usage / No Time
SPOT-100577,0,0.3408,Active
SPOT-100578,0,0.2748,Active
SPOT-100579,0,0.3306,Active
SPOT-100580,0,0.4966,Active
SPOT-100581,0,0.3829,Active
SPOT-100582,0,0.5297,Active
SPOT-100583,0,0.5252,Active
SPOT-100584,1,0.6364,Price / Cost
SPOT-100585,0,0.3489,Active
SPOT-100586,0,0.4599,Active
SPOT-100587,1,0.5901,Too Many Ads
SPOT-100588,0,0.5251,Active
SPOT-100589,1,0.6455,Too Many Ads
SPOT-100590,0,0.3986,Active
SPOT-100591,0,0.5021,Active
SPOT-100592,0,0.3776,Active
SPOT-100593,0,0.4562,Active
SPOT-100594,0,0.2783,Active
SPOT-100595,1,0.6474,Low Usage / No Time
SPOT-100596,0,0.5122,Active
SPOT-100597,1,0.6379,Price / Cost
SPOT-100598,1,0.6144,Too Many Ads
SPOT-100599,0,0.3677,Active
SPOT-100600,1,0.7253,Low Usage / No Time
SPOT-100601,1,0.5998,Too Many Ads
SPOT-100602,0,0.2496,Active
SPOT-100603,0,0.4072,Active
SPOT-100604,0,0.5675,Active
SPOT-100605,0,0.2937,Active
SPOT-100606,0,0.0832,Active
SPOT-100607,0,0.4271,Active
SPOT-100608,1,0.6311,Switched to Competitor
SPOT-100609,0,0.3103,Active
SPOT-100610,1,0.6197,Too Many Ads
SPOT-100611,0,0.3588,Active
SPOT-100612,0,0.4247,Active
SPOT-100613,1,0.7133,Price / Cost
SPOT-100614,0,0.4651,Active
SPOT-100615,0,0.2498,Active
SPOT-100616,1,0.6166,Switched to Competitor
SPOT-100617,0,0.2345,Active
SPOT-100618,0,0.2815,Active
SPOT-100619,0,0.3345,Active
SPOT-100620,0,0.2336,Active
SPOT-100621,1,0.7393,Price / Cost
SPOT-100622,0,0.4859,Active
SPOT-100623,0,0.1845,Active
SPOT-100624,0,0.3373,Active
SPOT-100625,0,0.426,Active
SPOT-100626,0,0.5631,Active
SPOT-100627,0,0.2314,Active
SPOT-100628,0,0.3357,Active
SPOT-100629,0,0.1434,Active
SPOT-100630,0,0.3858,Active
SPOT-100631,0,0.412,Active
SPOT-100632,0,0.3411,Active
SPOT-100633,1,0.6543,Price / Cost
SPOT-100634,0,0.4781,Active
SPOT-100635,0,0.2871,Active
SPOT-100636,0,0.2222,Active
SPOT-100637,0,0.3706,Active
SPOT-100638,0,0.2563,Active
SPOT-100639,0,0.3448,Active
SPOT-100640,0,0.4022,Active
SPOT-100641,0,0.4966,Active
SPOT-100642,0,0.3724,Active
SPOT-100643,0,0.4971,Active
SPOT-100644,0,0.211,Active
SPOT-100645,0,0.4579,Active
SPOT-100646,0,0.4207,Active
SPOT-100647,0,0.3915,Active
SPOT-100648,0,0.3516,Active
SPOT-100649,0,0.3145,Active
SPOT-100650,0,0.5256,Active
SPOT-100651,0,0.407,Active
SPOT-100652,1,0.5756,Low Usage / No Time
SPOT-100653,0,0.3133,Active
SPOT-100654,0,0.2263,Active
SPOT-100655,0,0.1637,Active
SPOT-100656,0,0.2102,Active
SPOT-100657,1,0.6407,Low Usage / No Time
SPOT-100658,0,0.5064,Active
SPOT-100659,0,0.3725,Active
SPOT-100660,1,0.6045,Price / Cost
SPOT-100661,0,0.3911,Active
SPOT-100662,0,0.5147,Active
SPOT-100663,0,0.51,Active
SPOT-100664,0,0.5585,Active
SPOT-100665,0,0.4598,Active
SPOT-100666,0,0.3129,Active
SPOT-100667,0,0.4949,Active
SPOT-100668,0,0.247,Active
SPOT-100669,1,0.6396,Switched to Competitor
SPOT-100670,0,0.3042,Active
SPOT-100671,0,0.1799,Active
SPOT-100672,0,0.5188,Active
SPOT-100673,1,0.6455,Too Many Ads
SPOT-100674,0,0.3278,Active
SPOT-100675,1,0.6105,Price / Cost
SPOT-100676,0,0.4867,Active
SPOT-100677,0,0.2808,Active
SPOT-100678,0,0.4845,Active
SPOT-100679,0,0.2227,Active
SPOT-100680,0,0.4535,Active
SPOT-100681,0,0.1693,Active
SPOT-100682,0,0.4457,Active
SPOT-100683,1,0.6854,Too Many Ads
SPOT-100684,1,0.5944,Too Many Ads
SPOT-100685,1,0.5957,Too Many Ads
SPOT-100686,0,0.3609,Active
SPOT-100687,0,0.314,Active
SPOT-100688,0,0.4194,Active
SPOT-100689,1,0.5705,Price / Cost
SPOT-100690,0,0.5439,Active
SPOT-100691,0,0.4377,Active
SPOT-100692,0,0.4734,Active
SPOT-100693,0,0.3978,Active
SPOT-100694,0,0.4603,Active
SPOT-100695,0,0.51,Active
SPOT-100696,0,0.4305,Active
SPOT-100697,0,0.1847,Active
SPOT-100698,0,0.3852,Active
SPOT-100699,0,0.2652,Active
SPOT-100700,0,0.2174,Active
SPOT-100701,0,0.3796,Active
SPOT-100702,0,0.2405,Active
SPOT-100703,0,0.1315,Active
SPOT-100704,0,0.3575,Active
SPOT-100705,0,0.2489,Active
SPOT-100706,1,0.6136,Too Many Ads
SPOT-100707,0,0.3101,Active
SPOT-100708,0,0.3415,Active
SPOT-100709,1,0.6854,Too Many Ads
SPOT-100710,0,0.4101,Active
SPOT-100711,0,0.3766,Active
SPOT-100712,0,0.5672,Active
SPOT-100713,1,0.7466,Low Usage / No Time
SPOT-100714,0,0.2938,Active
SPOT-100715,0,0.493,Active
SPOT-100716,0,0.3937,Active
SPOT-100717,0,0.4422,Active
SPOT-100718,0,0.4807,Active
SPOT-100719,0,0.5365,Active
SPOT-100720,0,0.4379,Active
SPOT-100721,1,0.6303,Price / Cost
SPOT-100722,0,0.4382,Active
SPOT-100723,0,0.2184,Active
SPOT-100724,0,0.3072,Active
SPOT-100725,1,0.6211,Price / Cost
SPOT-100726,0,0.4649,Active
SPOT-100727,0,0.364,Active
SPOT-100728,0,0.4476,Active
SPOT-100729,0,0.5066,Active
SPOT-100730,0,0.429,Active
SPOT-100731,0,0.1295,Active
SPOT-100732,0,0.1002,Active
SPOT-100733,0,0.4508,Active
SPOT-100734,0,0.305,Active
SPOT-100735,0,0.3475,Active
SPOT-100736,0,0.4057,Active
SPOT-100737,0,0.5441,Active
SPOT-100738,0,0.5627,Active
SPOT-100739,0,0.3517,Active
SPOT-100740,0,0.3256,Active
SPOT-100741,0,0.2826,Active
SPOT-100742,0,0.5365,Active
SPOT-100743,1,0.5916,Price / Cost
SPOT-100744,0,0.3523,Active
SPOT-100745,0,0.253,Active
SPOT-100746,1,0.7204,Low Usage / No Time
SPOT-100747,0,0.4809,Active
SPOT-100748,0,0.3234,Active
SPOT-100749,0,0.552,Active
SPOT-100750,1,0.6544,Switched to Competitor
SPOT-100751,0,0.1665,Active
SPOT-100752,0,0.4558,Active
SPOT-100753,0,0.357,Active
SPOT-100754,0,0.2112,Active
SPOT-100755,0,0.3742,Active
SPOT-100756,0,0.4589,Active
SPOT-100757,0,0.444,Active
SPOT-100758,1,0.569,Switched to Competitor
SPOT-100759,0,0.5198,Active
SPOT-100760,0,0.2592,Active
SPOT-100761,0,0.4305,Active
SPOT-100762,0,0.3004,Active
SPOT-100763,0,0.4497,Active
SPOT-100764,0,0.4609,Active
SPOT-100765,0,0.2938,Active
SPOT-100766,0,0.3082,Active
SPOT-100767,1,0.6213,Too Many Ads
SPOT-100768,0,0.4321,Active
SPOT-100769,0,0.3178,Active
SPOT-100770,0,0.2502,Active
SPOT-100771,0,0.3147,Active
SPOT-100772,0,0.2885,Active
SPOT-100773,0,0.306,Active
SPOT-100774,0,0.5015,Active
SPOT-100775,0,0.3207,Active
SPOT-100776,0,0.1122,Active
SPOT-100777,0,0.5021,Active
SPOT-100778,0,0.3981,Active
SPOT-100779,0,0.3306,Active
SPOT-100780,0,0.4878,Active
SPOT-100781,1,0.6101,Technical Bugs
SPOT-100782,0,0.408,Active
SPOT-100783,0,0.2804,Active
SPOT-100784,0,0.4755,Active
SPOT-100785,1,0.6262,Too Many Ads
SPOT-100786,0,0.373,Active
SPOT-100787,0,0.5056,Active
SPOT-100788,1,0.726,Switched to Competitor
SPOT-100789,0,0.1454,Active
SPOT-100790,1,0.5962,Too Many Ads
SPOT-100791,0,0.2487,Active
SPOT-100792,0,0.4004,Active
SPOT-100793,0,0.367,Active
SPOT-100794,0,0.2043,Active
SPOT-100795,1,0.6368,Price / Cost
SPOT-100796,0,0.4119,Active
SPOT-100797,0,0.4021,Active
SPOT-100798,0,0.2958,Active
SPOT-100799,0,0.5181,Active
SPOT-100800,1,0.5817,Switched to Competitor
SPOT-100801,0,0.286,Active
SPOT-100802,0,0.475,Active
SPOT-100803,0,0.5212,Active
SPOT-100804,0,0.3997,Active
SPOT-100805,0,0.3016,Active
SPOT-100806,0,0.3774,Active
SPOT-100807,0,0.3426,Active
SPOT-100808,0,0.3645,Active
SPOT-100809,0,0.3609,Active
SPOT-100810,0,0.2304,Active
SPOT-100811,0,0.311,Active
SPOT-100812,1,0.6346,Too Many Ads
SPOT-100813,0,0.4753,Active
SPOT-100814,0,0.2674,Active
SPOT-100815,1,0.569,Price / Cost
SPOT-100816,0,0.4389,Active
SPOT-100817,0,0.2553,Active
SPOT-100818,0,0.5185,Active
SPOT-100819,0,0.1726,Active
SPOT-100820,0,0.3728,Active
SPOT-100821,0,0.4504,Active
SPOT-100822,0,0.355,Active
SPOT-100823,0,0.4145,Active
SPOT-100824,0,0.5653,Active
SPOT-100825,0,0.5259,Active
SPOT-100826,0,0.5312,Active
SPOT-100827,0,0.2675,Active
SPOT-100828,0,0.2447,Active
SPOT-100829,1,0.6473,Switched to Competitor
SPOT-100830,0,0.3118,Active
SPOT-100831,0,0.5596,Active
SPOT-100832,0,0.4798,Active
SPOT-100833,0,0.3429,Active
SPOT-100834,0,0.3004,Active
SPOT-100835,0,0.3779,Active
SPOT-100836,1,0.6454,Switched to Competitor
SPOT-100837,0,0.4351,Active
SPOT-100838,0,0.1059,Active
SPOT-100839,1,0.659,Price / Cost
SPOT-100840,0,0.4161,Active
SPOT-100841,0,0.5161,Active
SPOT-100842,0,0.3183,Active
SPOT-100843,0,0.4008,Active
SPOT-100844,0,0.3998,Active
SPOT-100845,0,0.3502,Active
SPOT-100846,0,0.237,Active
SPOT-100847,0,0.4229,Active
SPOT-100848,0,0.445,Active
SPOT-100849,0,0.1796,Active
SPOT-100850,0,0.4827,Active
SPOT-100851,1,0.6275,Price / Cost
SPOT-100852,0,0.318,Active
SPOT-100853,0,0.3,Active
SPOT-100854,0,0.3396,Active
SPOT-100855,1,0.5762,Too Many Ads
SPOT-100856,0,0.2027,Active
SPOT-100857,1,0.5726,Low Usage / No Time
SPOT-100858,1,0.6241,Switched to Competitor
SPOT-100859,0,0.3413,Active
SPOT-100860,0,0.396,Active
SPOT-100861,0,0.3722,Active
SPOT-100862,0,0.5636,Active
SPOT-100863,0,0.4263,Active
SPOT-100864,0,0.271,Active
SPOT-100865,0,0.2948,Active
SPOT-100866,0,0.5557,Active
SPOT-100867,0,0.539,Active
SPOT-100868,1,0.6869,Too Many Ads
SPOT-100869,0,0.5168,Active
SPOT-100870,0,0.3912,Active
SPOT-100871,0,0.4318,Active
SPOT-100872,1,0.7005,Low Usage / No Time
SPOT-100873,0,0.5074,Active
SPOT-100874,0,0.2798,Active
SPOT-100875,1,0.6942,Price / Cost
SPOT-100876,1,0.6669,Price / Cost
SPOT-100877,0,0.2583,Active
SPOT-100878,0,0.491,Active
SPOT-100879,0,0.5511,Active
SPOT-100880,0,0.2439,Active
SPOT-100881,0,0.4781,Active
SPOT-100882,0,0.1605,Active
SPOT-100883,0,0.1971,Active
SPOT-100884,0,0.553,Active
SPOT-100885,1,0.5748,Price / Cost
SPOT-100886,0,0.2206,Active
SPOT-100887,0,0.3549,Active
SPOT-100888,0,0.4807,Active
SPOT-100889,0,0.3545,Active
SPOT-100890,0,0.3847,Active
SPOT-100891,0,0.4791,Active
SPOT-100892,0,0.4204,Active
SPOT-100893,0,0.3838,Active
SPOT-100894,0,0.1119,Active
SPOT-100895,0,0.3529,Active
SPOT-100896,0,0.362,Active
SPOT-100897,0,0.4355,Active
SPOT-100898,0,0.17,Active
SPOT-100899,0,0.3417,Active
SPOT-100900,0,0.1401,Active
SPOT-100901,1,0.643,Price / Cost
SPOT-100902,0,0.4555,Active
SPOT-100903,0,0.4669,Active
SPOT-100904,0,0.4684,Active
SPOT-100905,0,0.3823,Active
SPOT-100906,1,0.745,Too Many Ads
SPOT-100907,0,0.5397,Active
SPOT-100908,0,0.2665,Active
SPOT-100909,0,0.2989,Active
SPOT-100910,0,0.3965,Active
SPOT-100911,0,0.5136,Active
SPOT-100912,1,0.6238,Low Usage / No Time
SPOT-100913,1,0.6952,Too Many Ads
SPOT-100914,0,0.3028,Active
SPOT-100915,1,0.5964,Low Usage / No Time
SPOT-100916,0,0.383,Active
SPOT-100917,0,0.2266,Active
SPOT-100918,0,0.4836,Active
SPOT-100919,0,0.4428,Active
SPOT-100920,0,0.3796,Active
SPOT-100921,0,0.54,Active
SPOT-100922,0,0.4616,Active
SPOT-100923,0,0.2021,Active
SPOT-100924,1,0.6589,Switched to Competitor
SPOT-100925,0,0.3516,Active
SPOT-100926,0,0.4961,Active
SPOT-100927,0,0.2916,Active
SPOT-100928,0,0.2762,Active
SPOT-100929,1,0.5866,Switched to Competitor
SPOT-100930,0,0.522,Active
SPOT-100931,0,0.4378,Active
SPOT-100932,0,0.2721,Active
SPOT-100933,1,0.6484,Low Usage / No Time
SPOT-100934,0,0.234,Active
SPOT-100935,0,0.2285,Active
SPOT-100936,0,0.5307,Active
SPOT-100937,0,0.16,Active
SPOT-100938,0,0.303,Active
SPOT-100939,0,0.5666,Active
SPOT-100940,0,0.4276,Active
SPOT-100941,0,0.4367,Active
SPOT-100942,0,0.3207,Active
SPOT-100943,0,0.2655,Active
SPOT-100944,0,0.3537,Active
SPOT-100945,1,0.6205,Low Usage / No Time
SPOT-100946,0,0.3375,Active
SPOT-100947,0,0.1506,Active
SPOT-100948,0,0.366,Active
SPOT-100949,0,0.258,Active
SPOT-100950,1,0.6667,Price / Cost
SPOT-100951,0,0.4604,Active
SPOT-100952,1,0.5929,Price / Cost
SPOT-100953,1,0.6614,Low Usage / No Time
SPOT-100954,1,0.5705,Low Usage / No Time
SPOT-100955,1,0.5756,Low Usage / No Time
SPOT-100956,0,0.2545,Active
SPOT-100957,0,0.3299,Active
SPOT-100958,0,0.3621,Active
SPOT-100959,0,0.2852,Active
SPOT-100960,0,0.2574,Active
SPOT-100961,0,0.2025,Active
SPOT-100962,1,0.5988,Too Many Ads
SPOT-100963,0,0.1404,Active
SPOT-100964,0,0.3604,Active
SPOT-100965,0,0.3066,Active
SPOT-100966,0,0.2693,Active
SPOT-100967,1,0.6593,Price / Cost
SPOT-100968,0,0.5054,Active
SPOT-100969,0,0.5333,Active
SPOT-100970,0,0.3749,Active
SPOT-100971,1,0.6277,Low Usage / No Time
SPOT-100972,0,0.5135,Active
SPOT-100973,0,0.2585,Active
SPOT-100974,0,0.3565,Active
SPOT-100975,0,0.376,Active
SPOT-100976,0,0.4469,Active
SPOT-100977,0,0.5442,Active
SPOT-100978,0,0.541,Active
SPOT-100979,0,0.3742,Active
SPOT-100980,0,0.201,Active
SPOT-100981,0,0.4021,Active
SPOT-100982,0,0.4098,Active
SPOT-100983,0,0.3089,Active
SPOT-100984,0,0.3349,Active
SPOT-100985,0,0.3483,Active
SPOT-100986,0,0.2278,Active
SPOT-100987,0,0.1354,Active
SPOT-100988,0,0.4359,Active
SPOT-100989,0,0.3886,Active
SPOT-100990,0,0.4691,Active
SPOT-100991,1,0.5786,Price / Cost
SPOT-100992,0,0.4021,Active
SPOT-100993,0,0.1837,Active
SPOT-100994,0,0.2628,Active
SPOT-100995,1,0.6273,Too Many Ads
SPOT-100996,0,0.2983,Active
SPOT-100997,0,0.3395,Active
SPOT-100998,0,0.4757,Active
SPOT-100999,0,0.2488,Active
SPOT-101000,1,0.7204,Price / Cost
SPOT-101001,0,0.2441,Active
SPOT-101002,1,0.6177,Switched to Competitor
SPOT-101003,0,0.3119,Active
SPOT-101004,0,0.3705,Active
SPOT-101005,0,0.3386,Active
SPOT-101006,0,0.4784,Active
SPOT-101007,0,0.3222,Active
SPOT-101008,0,0.4092,Active
SPOT-101009,0,0.3021,Active
SPOT-101010,0,0.2186,Active
SPOT-101011,0,0.4178,Active
SPOT-101012,0,0.5542,Active
SPOT-101013,0,0.4797,Active
SPOT-101014,1,0.6663,Too Many Ads
SPOT-101015,0,0.4233,Active
SPOT-101016,0,0.4316,Active
SPOT-101017,0,0.4016,Active
SPOT-101018,1,0.5892,Too Many Ads
SPOT-101019,1,0.6899,Too Many Ads
SPOT-101020,0,0.4421,Active
SPOT-101021,0,0.1667,Active
SPOT-101022,0,0.2097,Active
SPOT-101023,0,0.4732,Active
SPOT-101024,0,0.5418,Active
SPOT-101025,0,0.401,Active
SPOT-101026,0,0.3333,Active
SPOT-101027,0,0.2894,Active
SPOT-101028,0,0.3356,Active
SPOT-101029,0,0.3952,Active
SPOT-101030,0,0.3272,Active
SPOT-101031,0,0.5201,Active
SPOT-101032,0,0.3288,Active
SPOT-101033,0,0.4267,Active
SPOT-101034,0,0.1614,Active
SPOT-101035,1,0.7105,Too Many Ads
SPOT-101036,1,0.7035,Switched to Competitor
SPOT-101037,0,0.1935,Active
SPOT-101038,1,0.5971,Switched to Competitor
SPOT-101039,0,0.3357,Active
SPOT-101040,0,0.4854,Active
SPOT-101041,0,0.3273,Active
SPOT-101042,0,0.2953,Active
SPOT-101043,0,0.2421,Active
SPOT-101044,1,0.6297,Too Many Ads
SPOT-101045,0,0.1888,Active
SPOT-101046,1,0.5831,Low Usage / No Time
SPOT-101047,1,0.6767,Too Many Ads
SPOT-101048,0,0.4492,Active
SPOT-101049,0,0.4145,Active
SPOT-101050,0,0.3954,Active
SPOT-101051,0,0.4181,Active
SPOT-101052,0,0.545,Active
SPOT-101053,1,0.5812,Low Usage / No Time
SPOT-101054,0,0.5648,Active
SPOT-101055,0,0.2244,Active
SPOT-101056,1,0.6294,Switched to Competitor
SPOT-101057,1,0.6413,Price / Cost
SPOT-101058,0,0.4561,Active
SPOT-101059,0,0.3443,Active
SPOT-101060,1,0.6013,Switched to Competitor
SPOT-101061,0,0.2913,Active
SPOT-101062,0,0.3202,Active
SPOT-101063,0,0.5097,Active
SPOT-101064,0,0.3286,Active
SPOT-101065,0,0.253,Active
SPOT-101066,0,0.5308,Active
SPOT-101067,0,0.235,Active
SPOT-101068,1,0.741,Price / Cost
SPOT-101069,0,0.5177,Active
SPOT-101070,1,0.6333,Low Usage / No Time
SPOT-101071,0,0.4515,Active
SPOT-101072,0,0.2235,Active
SPOT-101073,0,0.1668,Active
SPOT-101074,0,0.4789,Active
SPOT-101075,0,0.3934,Active
SPOT-101076,0,0.3444,Active
SPOT-101077,0,0.2545,Active
SPOT-101078,0,0.3778,Active
SPOT-101079,0,0.2186,Active
SPOT-101080,0,0.2409,Active
SPOT-101081,1,0.6182,Too Many Ads
SPOT-101082,0,0.4794,Active
SPOT-101083,0,0.3179,Active
SPOT-101084,0,0.3519,Active
SPOT-101085,0,0.4119,Active
SPOT-101086,0,0.2979,Active
SPOT-101087,0,0.4843,Active
SPOT-101088,1,0.6956,Low Usage / No Time
SPOT-101089,0,0.3214,Active
SPOT-101090,0,0.5636,Active
SPOT-101091,0,0.4213,Active
SPOT-101092,0,0.2667,Active
SPOT-101093,0,0.3423,Active
SPOT-101094,0,0.4278,Active
SPOT-101095,0,0.2647,Active
SPOT-101096,1,0.6498,Price / Cost
SPOT-101097,1,0.6091,Switched to Competitor
SPOT-101098,0,0.3413,Active
SPOT-101099,0,0.5549,Active
SPOT-101100,0,0.1635,Active
SPOT-101101,0,0.2994,Active
SPOT-101102,0,0.4381,Active
SPOT-101103,1,0.6875,Switched to Competitor
SPOT-101104,0,0.201,Active
SPOT-101105,0,0.4657,Active
SPOT-101106,0,0.2208,Active
SPOT-101107,0,0.382,Active
SPOT-101108,0,0.2459,Active
SPOT-101109,0,0.5404,Active
SPOT-101110,0,0.3374,Active
SPOT-101111,0,0.4796,Active
SPOT-101112,0,0.3814,Active
SPOT-101113,0,0.2449,Active
SPOT-101114,0,0.3102,Active
SPOT-101115,0,0.4312,Active
SPOT-101116,0,0.4422,Active
SPOT-101117,0,0.3934,Active
SPOT-101118,0,0.4937,Active
SPOT-101119,0,0.458,Active
SPOT-101120,1,0.5952,Price / Cost
SPOT-101121,0,0.5387,Active
SPOT-101122,1,0.7421,Price / Cost
SPOT-101123,0,0.2231,Active
SPOT-101124,1,0.6069,Too Many Ads
SPOT-101125,1,0.7181,Switched to Competitor
SPOT-101126,0,0.1547,Active
SPOT-101127,0,0.3797,Active
SPOT-101128,0,0.4395,Active
SPOT-101129,0,0.379,Active
SPOT-101130,0,0.5277,Active
SPOT-101131,0,0.5049,Active
SPOT-101132,1,0.5727,Too Many Ads
SPOT-101133,0,0.5119,Active
SPOT-101134,0,0.22,Active
SPOT-101135,0,0.2029,Active
SPOT-101136,0,0.1824,Active
SPOT-101137,0,0.3174,Active
SPOT-101138,0,0.5265,Active
SPOT-101139,0,0.2537,Active
SPOT-101140,0,0.4212,Active
SPOT-101141,1,0.615,Low Usage / No Time
SPOT-101142,0,0.2567,Active
SPOT-101143,0,0.5335,Active
SPOT-101144,1,0.6947,Too Many Ads
SPOT-101145,1,0.5685,Switched to Competitor
SPOT-101146,0,0.3264,Active
SPOT-101147,0,0.3831,Active
SPOT-101148,1,0.6884,Low Usage / No Time
SPOT-101149,0,0.4052,Active
SPOT-101150,0,0.4026,Active
SPOT-101151,0,0.4563,Active
SPOT-101152,0,0.3602,Active
SPOT-101153,0,0.1739,Active
SPOT-101154,0,0.1862,Active
SPOT-101155,0,0.1472,Active
SPOT-101156,0,0.2156,Active
SPOT-101157,0,0.5066,Active
SPOT-101158,0,0.5316,Active
SPOT-101159,0,0.3549,Active
SPOT-101160,0,0.2207,Active
SPOT-101161,0,0.5163,Active
SPOT-101162,0,0.2649,Active
SPOT-101163,1,0.5865,Too Many Ads
SPOT-101164,0,0.3265,Active
SPOT-101165,0,0.4524,Active
SPOT-101166,0,0.3051,Active
SPOT-101167,0,0.3092,Active
SPOT-101168,0,0.4109,Active
SPOT-101169,0,0.1336,Active
SPOT-101170,1,0.6493,Low Usage / No Time
SPOT-101171,1,0.6123,Switched to Competitor
SPOT-101172,0,0.3289,Active
SPOT-101173,0,0.2972,Active
SPOT-101174,0,0.4579,Active
SPOT-101175,0,0.2278,Active
SPOT-101176,0,0.4631,Active
SPOT-101177,0,0.384,Active
SPOT-101178,0,0.5649,Active
SPOT-101179,0,0.3872,Active
SPOT-101180,0,0.128,Active
SPOT-101181,0,0.3669,Active
SPOT-101182,1,0.6308,Technical Bugs
SPOT-101183,0,0.489,Active
SPOT-101184,0,0.32,Active
SPOT-101185,0,0.51,Active
SPOT-101186,0,0.4271,Active
SPOT-101187,0,0.4317,Active
SPOT-101188,0,0.5036,Active
SPOT-101189,0,0.2221,Active
SPOT-101190,0,0.5173,Active
SPOT-101191,0,0.4503,Active
SPOT-101192,0,0.5277,Active
SPOT-101193,0,0.4916,Active
SPOT-101194,0,0.2474,Active
SPOT-101195,0,0.3624,Active
SPOT-101196,0,0.2821,Active
SPOT-101197,0,0.4146,Active
SPOT-101198,0,0.3914,Active
SPOT-101199,0,0.1382,Active
SPOT-101200,0,0.3268,Active
SPOT-101201,1,0.788,Price / Cost
SPOT-101202,0,0.4602,Active
SPOT-101203,0,0.489,Active
SPOT-101204,1,0.6809,Low Usage / No Time
SPOT-101205,1,0.5817,Low Usage / No Time
SPOT-101206,0,0.5552,Active
SPOT-101207,0,0.446,Active
SPOT-101208,0,0.2723,Active
SPOT-101209,0,0.3344,Active
SPOT-101210,0,0.4883,Active
SPOT-101211,0,0.2054,Active
SPOT-101212,0,0.1138,Active
SPOT-101213,0,0.3053,Active
SPOT-101214,0,0.2274,Active
SPOT-101215,0,0.2936,Active
SPOT-101216,0,0.5505,Active
SPOT-101217,0,0.3469,Active
SPOT-101218,0,0.2908,Active
SPOT-101219,0,0.2279,Active
SPOT-101220,0,0.3627,Active
SPOT-101221,0,0.4035,Active
SPOT-101222,0,0.3398,Active
SPOT-101223,1,0.6724,Price / Cost
SPOT-101224,1,0.7331,Switched to Competitor
SPOT-101225,0,0.2246,Active
SPOT-101226,0,0.3567,Active
SPOT-101227,0,0.4249,Active
SPOT-101228,0,0.3639,Active
SPOT-101229,1,0.6724,Too Many Ads
SPOT-101230,0,0.3628,Active
SPOT-101231,0,0.3124,Active
SPOT-101232,1,0.583,Too Many Ads
SPOT-101233,0,0.2722,Active
SPOT-101234,0,0.5564,Active
SPOT-101235,0,0.211,Active
SPOT-101236,0,0.518,Active
SPOT-101237,0,0.4843,Active
SPOT-101238,0,0.1493,Active
SPOT-101239,0,0.5261,Active
SPOT-101240,0,0.3891,Active
SPOT-101241,0,0.4185,Active
SPOT-101242,1,0.6208,Price / Cost
SPOT-101243,0,0.3091,Active
SPOT-101244,0,0.5404,Active
SPOT-101245,0,0.5468,Active
SPOT-101246,0,0.0901,Active
SPOT-101247,0,0.4232,Active
SPOT-101248,0,0.3594,Active
SPOT-101249,0,0.2241,Active
SPOT-101250,0,0.5485,Active
SPOT-101251,0,0.4925,Active
SPOT-101252,1,0.7424,Switched to Competitor
SPOT-101253,0,0.4732,Active
SPOT-101254,0,0.4063,Active
SPOT-101255,0,0.4609,Active
SPOT-101256,0,0.4024,Active
SPOT-101257,1,0.5941,Price / Cost
SPOT-101258,0,0.3763,Active
SPOT-101259,1,0.6849,Too Many Ads
SPOT-101260,0,0.412,Active
SPOT-101261,0,0.1551,Active
SPOT-101262,0,0.4752,Active
SPOT-101263,0,0.2441,Active
SPOT-101264,0,0.2579,Active
SPOT-101265,0,0.1754,Active
SPOT-101266,0,0.5233,Active
SPOT-101267,0,0.1178,Active
SPOT-101268,0,0.3754,Active
SPOT-101269,0,0.3438,Active
SPOT-101270,0,0.5467,Active
SPOT-101271,0,0.2363,Active
SPOT-101272,0,0.3344,Active
SPOT-101273,0,0.4315,Active
SPOT-101274,0,0.5626,Active
SPOT-101275,0,0.1502,Active
SPOT-101276,0,0.3345,Active
SPOT-101277,0,0.3964,Active
SPOT-101278,1,0.5945,Switched to Competitor
SPOT-101279,1,0.5804,Price / Cost
SPOT-101280,0,0.2699,Active
SPOT-101281,0,0.4699,Active
SPOT-101282,0,0.2973,Active
SPOT-101283,0,0.5485,Active
SPOT-101284,0,0.398,Active
SPOT-101285,1,0.6253,Switched to Competitor
SPOT-101286,0,0.1945,Active
SPOT-101287,0,0.2632,Active
SPOT-101288,0,0.3348,Active
SPOT-101289,0,0.317,Active
SPOT-101290,0,0.4682,Active
SPOT-101291,0,0.4882,Active
SPOT-101292,0,0.2959,Active
SPOT-101293,0,0.4644,Active
SPOT-101294,0,0.3461,Active
SPOT-101295,0,0.3809,Active
SPOT-101296,0,0.5321,Active
SPOT-101297,0,0.3126,Active
SPOT-101298,1,0.5997,Low Usage / No Time
SPOT-101299,0,0.2833,Active
SPOT-101300,0,0.3995,Active
SPOT-101301,1,0.6196,Too Many Ads
SPOT-101302,0,0.0842,Active
SPOT-101303,0,0.4017,Active
SPOT-101304,1,0.6047,Price / Cost
SPOT-101305,0,0.5655,Active
SPOT-101306,0,0.5087,Active
SPOT-101307,0,0.2652,Active
SPOT-101308,0,0.4009,Active
SPOT-101309,0,0.1507,Active
SPOT-101310,0,0.4157,Active
SPOT-101311,0,0.4507,Active
SPOT-101312,0,0.292,Active
SPOT-101313,0,0.2365,Active
SPOT-101314,1,0.5712,Too Many Ads
SPOT-101315,1,0.5836,Technical Bugs
SPOT-101316,1,0.5854,Low Usage / No Time
SPOT-101317,1,0.5765,Price / Cost
SPOT-101318,1,0.6717,Switched to Competitor
SPOT-101319,0,0.4599,Active
SPOT-101320,0,0.3327,Active
SPOT-101321,0,0.2989,Active
SPOT-101322,0,0.4345,Active
SPOT-101323,0,0.3931,Active
SPOT-101324,1,0.6025,Price / Cost
SPOT-101325,0,0.3588,Active
SPOT-101326,1,0.7924,Switched to Competitor
SPOT-101327,0,0.5159,Active
SPOT-101328,0,0.5316,Active
SPOT-101329,0,0.3704,Active
SPOT-101330,0,0.2984,Active
SPOT-101331,1,0.7339,Switched to Competitor
SPOT-101332,0,0.3687,Active
SPOT-101333,0,0.2645,Active
SPOT-101334,0,0.2642,Active
SPOT-101335,1,0.7699,Switched to Competitor
SPOT-101336,0,0.3455,Active
SPOT-101337,0,0.2344,Active
SPOT-101338,0,0.3371,Active
SPOT-101339,1,0.5864,Price / Cost
SPOT-101340,0,0.5633,Active
SPOT-101341,0,0.3158,Active
SPOT-101342,1,0.6488,Switched to Competitor
SPOT-101343,0,0.2965,Active
SPOT-101344,0,0.2494,Active
SPOT-101345,0,0.5049,Active
SPOT-101346,0,0.4241,Active
SPOT-101347,0,0.5452,Active
SPOT-101348,0,0.0969,Active
SPOT-101349,1,0.5996,Too Many Ads
SPOT-101350,0,0.421,Active
SPOT-101351,0,0.4438,Active
SPOT-101352,0,0.4555,Active
SPOT-101353,0,0.333,Active
SPOT-101354,0,0.2261,Active
SPOT-101355,1,0.6147,Price / Cost
SPOT-101356,0,0.3806,Active
SPOT-101357,0,0.3411,Active
SPOT-101358,0,0.1494,Active
SPOT-101359,0,0.2846,Active
SPOT-101360,0,0.5156,Active
SPOT-101361,0,0.3534,Active
SPOT-101362,0,0.4902,Active
SPOT-101363,0,0.4282,Active
SPOT-101364,0,0.4677,Active
SPOT-101365,0,0.383,Active
SPOT-101366,0,0.2632,Active
SPOT-101367,0,0.2831,Active
SPOT-101368,0,0.4571,Active
SPOT-101369,0,0.4807,Active
SPOT-101370,0,0.5496,Active
SPOT-101371,0,0.4317,Active
SPOT-101372,0,0.4172,Active
SPOT-101373,0,0.4926,Active
SPOT-101374,0,0.4096,Active
SPOT-101375,0,0.5325,Active
SPOT-101376,0,0.1374,Active
SPOT-101377,0,0.403,Active
SPOT-101378,0,0.3853,Active
SPOT-101379,0,0.4625,Active
SPOT-101380,0,0.4754,Active
SPOT-101381,0,0.1083,Active
SPOT-101382,0,0.3122,Active
SPOT-101383,0,0.5474,Active
SPOT-101384,0,0.2206,Active
SPOT-101385,0,0.2613,Active
SPOT-101386,0,0.3742,Active
SPOT-101387,0,0.5408,Active
SPOT-101388,1,0.6808,Price / Cost
SPOT-101389,1,0.6391,Price / Cost
SPOT-101390,0,0.3902,Active
SPOT-101391,0,0.4402,Active
SPOT-101392,1,0.6393,Too Many Ads
SPOT-101393,0,0.345,Active
SPOT-101394,0,0.2009,Active
SPOT-101395,0,0.565,Active
SPOT-101396,1,0.5946,Too Many Ads
SPOT-101397,0,0.4832,Active
SPOT-101398,0,0.4316,Active
SPOT-101399,0,0.3333,Active
SPOT-101400,0,0.3094,Active
SPOT-101401,1,0.6973,Price / Cost
SPOT-101402,1,0.6151,Price / Cost
SPOT-101403,0,0.4681,Active
SPOT-101404,0,0.1886,Active
SPOT-101405,1,0.7467,Price / Cost
SPOT-101406,0,0.2746,Active
SPOT-101407,0,0.4974,Active
SPOT-101408,0,0.1171,Active
SPOT-101409,0,0.4468,Active
SPOT-101410,1,0.5711,Switched to Competitor
SPOT-101411,0,0.2428,Active
SPOT-101412,0,0.5276,Active
SPOT-101413,0,0.4716,Active
SPOT-101414,0,0.3116,Active
SPOT-101415,1,0.6231,Low Usage / No Time
SPOT-101416,1,0.6986,Price / Cost
SPOT-101417,0,0.5495,Active
SPOT-101418,0,0.3959,Active
SPOT-101419,0,0.2961,Active
SPOT-101420,0,0.4608,Active
SPOT-101421,0,0.4196,Active
SPOT-101422,0,0.3529,Active
SPOT-101423,0,0.2409,Active
SPOT-101424,0,0.4691,Active
SPOT-101425,1,0.6184,Too Many Ads
SPOT-101426,0,0.1272,Active
SPOT-101427,0,0.5581,Active
SPOT-101428,0,0.305,Active
SPOT-101429,0,0.5665,Active
SPOT-101430,0,0.359,Active
SPOT-101431,0,0.4238,Active
SPOT-101432,0,0.5303,Active
SPOT-101433,1,0.6589,Too Many Ads
SPOT-101434,1,0.7353,Too Many Ads
SPOT-101435,1,0.6656,Switched to Competitor
SPOT-101436,0,0.2975,Active
SPOT-101437,1,0.7078,Low Usage / No Time
SPOT-101438,1,0.6486,Switched to Competitor
SPOT-101439,1,0.6972,Price / Cost
SPOT-101440,0,0.2763,Active
SPOT-101441,0,0.3963,Active
SPOT-101442,0,0.2011,Active
SPOT-101443,0,0.4464,Active
SPOT-101444,0,0.4228,Active
SPOT-101445,0,0.5624,Active
SPOT-101446,0,0.2124,Active
SPOT-101447,1,0.6307,Price / Cost
SPOT-101448,1,0.6894,Price / Cost
SPOT-101449,0,0.4555,Active
SPOT-101450,0,0.4283,Active
SPOT-101451,0,0.2206,Active
SPOT-101452,0,0.3153,Active
SPOT-101453,0,0.2906,Active
SPOT-101454,0,0.4714,Active
SPOT-101455,0,0.4067,Active
SPOT-101456,0,0.2426,Active
SPOT-101457,1,0.6812,Price / Cost
SPOT-101458,0,0.5317,Active
SPOT-101459,0,0.3276,Active
SPOT-101460,0,0.4919,Active
SPOT-101461,0,0.5044,Active
SPOT-101462,0,0.4957,Active
SPOT-101463,0,0.5084,Active
SPOT-101464,0,0.309,Active
SPOT-101465,0,0.2856,Active
SPOT-101466,0,0.3869,Active
SPOT-101467,0,0.4253,Active
SPOT-101468,0,0.2876,Active
SPOT-101469,0,0.4391,Active
SPOT-101470,0,0.2328,Active
SPOT-101471,0,0.211,Active
SPOT-101472,0,0.5511,Active
SPOT-101473,0,0.2902,Active
SPOT-101474,1,0.6112,Price / Cost
SPOT-101475,0,0.5005,Active
SPOT-101476,0,0.4596,Active
SPOT-101477,0,0.2599,Active
SPOT-101478,0,0.2887,Active
SPOT-101479,0,0.2804,Active
SPOT-101480,0,0.0864,Active
SPOT-101481,0,0.4775,Active
SPOT-101482,0,0.3145,Active
SPOT-101483,0,0.5618,Active
SPOT-101484,0,0.5469,Active
SPOT-101485,0,0.2803,Active
SPOT-101486,0,0.4233,Active
SPOT-101487,0,0.4178,Active
SPOT-101488,0,0.4392,Active
SPOT-101489,1,0.7265,Price / Cost
SPOT-101490,0,0.5378,Active
SPOT-101491,0,0.3079,Active
SPOT-101492,0,0.3676,Active
SPOT-101493,0,0.1963,Active
SPOT-101494,0,0.2141,Active
SPOT-101495,0,0.5421,Active
SPOT-101496,1,0.5707,Too Many Ads
SPOT-101497,1,0.7199,Price / Cost
SPOT-101498,0,0.2778,Active
SPOT-101499,0,0.2354,Active
SPOT-101500,0,0.4613,Active
SPOT-101501,0,0.4173,Active
SPOT-101502,0,0.3289,Active
SPOT-101503,1,0.5833,Price / Cost
SPOT-101504,0,0.3576,Active
SPOT-101505,0,0.2253,Active
SPOT-101506,0,0.324,Active
SPOT-101507,0,0.5419,Active
SPOT-101508,0,0.458,Active
SPOT-101509,0,0.2203,Active
SPOT-101510,0,0.2817,Active
SPOT-101511,0,0.401,Active
SPOT-101512,1,0.6054,Switched to Competitor
SPOT-101513,1,0.646,Price / Cost
SPOT-101514,0,0.4371,Active
SPOT-101515,1,0.718,Switched to Competitor
SPOT-101516,1,0.6324,Price / Cost
SPOT-101517,0,0.5381,Active
SPOT-101518,0,0.2868,Active
SPOT-101519,0,0.5009,Active
SPOT-101520,0,0.3236,Active
SPOT-101521,0,0.4889,Active
SPOT-101522,0,0.4943,Active
SPOT-101523,0,0.5651,Active
SPOT-101524,1,0.6355,Too Many Ads
SPOT-101525,0,0.3751,Active
SPOT-101526,0,0.4952,Active
SPOT-101527,0,0.429,Active
SPOT-101528,0,0.2623,Active
SPOT-101529,0,0.3603,Active
SPOT-101530,1,0.6192,Too Many Ads
SPOT-101531,0,0.4476,Active
SPOT-101532,0,0.3188,Active
SPOT-101533,0,0.2689,Active
SPOT-101534,0,0.4935,Active
SPOT-101535,0,0.3462,Active
SPOT-101536,0,0.2069,Active
SPOT-101537,0,0.3562,Active
SPOT-101538,0,0.3655,Active
SPOT-101539,1,0.6895,Switched to Competitor
SPOT-101540,0,0.318,Active
SPOT-101541,0,0.429,Active
SPOT-101542,0,0.5268,Active
SPOT-101543,0,0.4219,Active
SPOT-101544,0,0.3666,Active
SPOT-101545,1,0.5707,Price / Cost
SPOT-101546,0,0.4502,Active
SPOT-101547,0,0.5592,Active
SPOT-101548,0,0.4071,Active
SPOT-101549,0,0.2642,Active
SPOT-101550,0,0.4251,Active
SPOT-101551,0,0.3368,Active
SPOT-101552,0,0.3277,Active
SPOT-101553,0,0.3356,Active
SPOT-101554,0,0.3205,Active
SPOT-101555,0,0.2482,Active
SPOT-101556,0,0.5122,Active
SPOT-101557,0,0.3768,Active
SPOT-101558,0,0.4239,Active
SPOT-101559,0,0.3272,Active
SPOT-101560,0,0.482,Active
SPOT-101561,1,0.6345,Too Many Ads
SPOT-101562,0,0.3793,Active
SPOT-101563,0,0.2529,Active
SPOT-101564,0,0.3725,Active
SPOT-101565,1,0.6838,Too Many Ads
SPOT-101566,0,0.2812,Active
SPOT-101567,0,0.5241,Active
SPOT-101568,0,0.4491,Active
SPOT-101569,0,0.3304,Active
SPOT-101570,0,0.4247,Active
SPOT-101571,0,0.3591,Active
SPOT-101572,1,0.5742,Too Many Ads
SPOT-101573,0,0.2023,Active
SPOT-101574,1,0.6544,Price / Cost
SPOT-101575,0,0.3251,Active
SPOT-101576,1,0.6097,Price / Cost
SPOT-101577,0,0.3954,Active
SPOT-101578,0,0.4976,Active
SPOT-101579,0,0.3154,Active
SPOT-101580,0,0.5113,Active
SPOT-101581,0,0.4793,Active
SPOT-101582,1,0.6779,Too Many Ads
SPOT-101583,0,0.4598,Active
SPOT-101584,0,0.3311,Active
SPOT-101585,0,0.3074,Active
SPOT-101586,0,0.2541,Active
SPOT-101587,0,0.5345,Active
SPOT-101588,0,0.3154,Active
SPOT-101589,0,0.1289,Active
SPOT-101590,0,0.5159,Active
SPOT-101591,0,0.2896,Active
SPOT-101592,0,0.2416,Active
SPOT-101593,0,0.2665,Active
SPOT-101594,0,0.4099,Active
SPOT-101595,0,0.4072,Active
SPOT-101596,0,0.3936,Active
SPOT-101597,1,0.6003,Price / Cost
SPOT-101598,0,0.1457,Active
SPOT-101599,0,0.2104,Active
SPOT-101600,0,0.3055,Active
SPOT-101601,0,0.1786,Active
SPOT-101602,0,0.1074,Active
SPOT-101603,0,0.2553,Active
SPOT-101604,0,0.2314,Active
SPOT-101605,0,0.4197,Active
SPOT-101606,0,0.2496,Active
SPOT-101607,0,0.4856,Active
SPOT-101608,0,0.5562,Active
SPOT-101609,0,0.1849,Active
SPOT-101610,0,0.1361,Active
SPOT-101611,0,0.1708,Active
SPOT-101612,0,0.4747,Active
SPOT-101613,0,0.2998,Active
SPOT-101614,0,0.2801,Active
SPOT-101615,0,0.2267,Active
SPOT-101616,0,0.5637,Active
SPOT-101617,0,0.423,Active
SPOT-101618,1,0.6152,Low Usage / No Time
SPOT-101619,0,0.2447,Active
SPOT-101620,0,0.1795,Active
SPOT-101621,0,0.5177,Active
SPOT-101622,0,0.2522,Active
SPOT-101623,1,0.6123,Low Usage / No Time
SPOT-101624,0,0.24,Active
SPOT-101625,0,0.2482,Active
SPOT-101626,0,0.3486,Active
SPOT-101627,1,0.6833,Switched to Competitor
SPOT-101628,0,0.5442,Active
SPOT-101629,0,0.2975,Active
SPOT-101630,0,0.4997,Active
SPOT-101631,0,0.343,Active
SPOT-101632,0,0.4952,Active
SPOT-101633,1,0.7168,Too Many Ads
SPOT-101634,0,0.5613,Active
SPOT-101635,0,0.3368,Active
SPOT-101636,0,0.5648,Active
SPOT-101637,0,0.4457,Active
SPOT-101638,0,0.3222,Active
SPOT-101639,0,0.523,Active
SPOT-101640,0,0.3686,Active
SPOT-101641,0,0.4597,Active
SPOT-101642,0,0.1493,Active
SPOT-101643,0,0.4576,Active
SPOT-101644,1,0.6664,Price / Cost
SPOT-101645,0,0.3604,Active
SPOT-101646,1,0.6334,Too Many Ads
SPOT-101647,0,0.3783,Active
SPOT-101648,0,0.4098,Active
SPOT-101649,1,0.5867,Technical Bugs
SPOT-101650,0,0.4695,Active
SPOT-101651,0,0.3093,Active
SPOT-101652,1,0.5722,Price / Cost
SPOT-101653,0,0.2129,Active
SPOT-101654,0,0.2358,Active
SPOT-101655,0,0.4334,Active
SPOT-101656,0,0.3681,Active
SPOT-101657,0,0.1942,Active
SPOT-101658,0,0.3752,Active
SPOT-101659,0,0.4608,Active
SPOT-101660,0,0.3292,Active
SPOT-101661,0,0.4275,Active
SPOT-101662,0,0.4147,Active
SPOT-101663,0,0.5563,Active
SPOT-101664,0,0.4039,Active
SPOT-101665,0,0.5673,Active
SPOT-101666,0,0.3489,Active
SPOT-101667,1,0.5802,Price / Cost
SPOT-101668,0,0.399,Active
SPOT-101669,1,0.5917,Low Usage / No Time
SPOT-101670,0,0.366,Active
SPOT-101671,1,0.6481,Switched to Competitor
SPOT-101672,0,0.2061,Active
SPOT-101673,0,0.3372,Active
SPOT-101674,0,0.4659,Active
SPOT-101675,0,0.4242,Active
SPOT-101676,0,0.4593,Active
SPOT-101677,0,0.3914,Active
SPOT-101678,1,0.5914,Low Usage / No Time
SPOT-101679,0,0.433,Active
SPOT-101680,1,0.6946,Too Many Ads
SPOT-101681,0,0.4921,Active
SPOT-101682,0,0.461,Active
SPOT-101683,1,0.7447,Switched to Competitor
SPOT-101684,1,0.6732,Price / Cost
SPOT-101685,0,0.388,Active
SPOT-101686,0,0.3936,Active
SPOT-101687,0,0.4984,Active
SPOT-101688,0,0.2673,Active
SPOT-101689,0,0.2587,Active
SPOT-101690,0,0.4448,Active
SPOT-101691,0,0.4072,Active
SPOT-101692,0,0.5092,Active
SPOT-101693,0,0.4386,Active
SPOT-101694,1,0.7039,Price / Cost
SPOT-101695,0,0.4206,Active
SPOT-101696,0,0.4386,Active
SPOT-101697,0,0.4707,Active
SPOT-101698,0,0.1936,Active
SPOT-101699,1,0.6963,Price / Cost
SPOT-101700,0,0.205,Active
SPOT-101701,1,0.6189,Low Usage / No Time
SPOT-101702,0,0.3558,Active
SPOT-101703,0,0.5471,Active
SPOT-101704,0,0.3699,Active
SPOT-101705,0,0.4327,Active
SPOT-101706,0,0.271,Active
SPOT-101707,0,0.3277,Active
SPOT-101708,0,0.3312,Active
SPOT-101709,0,0.4666,Active
SPOT-101710,0,0.2777,Active
SPOT-101711,0,0.3058,Active
SPOT-101712,0,0.1757,Active
SPOT-101713,0,0.5263,Active
SPOT-101714,0,0.4635,Active
SPOT-101715,0,0.2424,Active
SPOT-101716,0,0.2566,Active
SPOT-101717,0,0.2076,Active
SPOT-101718,0,0.2813,Active
SPOT-101719,0,0.25,Active
SPOT-101720,0,0.3205,Active
SPOT-101721,0,0.2253,Active
SPOT-101722,0,0.2937,Active
SPOT-101723,0,0.4862,Active
SPOT-101724,0,0.4076,Active
SPOT-101725,0,0.1512,Active
SPOT-101726,0,0.3433,Active
SPOT-101727,0,0.409,Active
SPOT-101728,0,0.1235,Active
SPOT-101729,0,0.5265,Active
SPOT-101730,0,0.3885,Active
SPOT-101731,1,0.599,Switched to Competitor
SPOT-101732,1,0.616,Price / Cost
SPOT-101733,0,0.449,Active
SPOT-101734,0,0.5472,Active
SPOT-101735,0,0.4879,Active
SPOT-101736,0,0.3917,Active
SPOT-101737,0,0.3774,Active
SPOT-101738,0,0.2923,Active
SPOT-101739,0,0.3527,Active
SPOT-101740,0,0.2536,Active
SPOT-101741,0,0.3414,Active
SPOT-101742,0,0.2641,Active
SPOT-101743,1,0.6567,Low Usage / No Time
SPOT-101744,0,0.3712,Active
SPOT-101745,1,0.6011,Too Many Ads
SPOT-101746,0,0.48,Active
SPOT-101747,0,0.5414,Active
SPOT-101748,0,0.5443,Active
SPOT-101749,0,0.4678,Active
SPOT-101750,0,0.5424,Active
SPOT-101751,0,0.4395,Active
SPOT-101752,0,0.1726,Active
SPOT-101753,0,0.1957,Active
SPOT-101754,0,0.1784,Active
SPOT-101755,0,0.2683,Active
SPOT-101756,0,0.3618,Active
SPOT-101757,0,0.4811,Active
SPOT-101758,0,0.1841,Active
SPOT-101759,1,0.6943,Too Many Ads
SPOT-101760,0,0.534,Active
SPOT-101761,0,0.4096,Active
SPOT-101762,0,0.3254,Active
SPOT-101763,1,0.703,Low Usage / No Time
SPOT-101764,0,0.4508,Active
SPOT-101765,0,0.278,Active
SPOT-101766,0,0.1923,Active
SPOT-101767,0,0.419,Active
SPOT-101768,0,0.2209,Active
SPOT-101769,1,0.6074,Too Many Ads
SPOT-101770,0,0.5353,Active
SPOT-101771,0,0.3295,Active
SPOT-101772,0,0.5262,Active
SPOT-101773,1,0.5944,Too Many Ads
SPOT-101774,0,0.5071,Active
SPOT-101775,0,0.4717,Active
SPOT-101776,0,0.373,Active
SPOT-101777,0,0.436,Active
SPOT-101778,0,0.5391,Active
SPOT-101779,1,0.5809,Price / Cost
SPOT-101780,0,0.4108,Active
SPOT-101781,0,0.3612,Active
SPOT-101782,0,0.3368,Active
SPOT-101783,0,0.2774,Active
SPOT-101784,0,0.3504,Active
SPOT-101785,0,0.3607,Active
SPOT-101786,1,0.5896,Switched to Competitor
SPOT-101787,0,0.4726,Active
SPOT-101788,1,0.6697,Price / Cost
SPOT-101789,1,0.5958,Too Many Ads
SPOT-101790,1,0.6278,Low Usage / No Time
SPOT-101791,1,0.6458,Switched to Competitor
SPOT-101792,0,0.168,Active
SPOT-101793,1,0.6981,Switched to Competitor
SPOT-101794,0,0.195,Active
SPOT-101795,1,0.7544,Too Many Ads
SPOT-101796,0,0.5124,Active
SPOT-101797,0,0.2917,Active
SPOT-101798,0,0.4789,Active
SPOT-101799,0,0.3825,Active
SPOT-101800,0,0.4819,Active
SPOT-101801,0,0.2633,Active
SPOT-101802,0,0.3604,Active
SPOT-101803,0,0.3182,Active
SPOT-101804,0,0.2833,Active
SPOT-101805,0,0.3206,Active
SPOT-101806,1,0.679,Too Many Ads
SPOT-101807,0,0.4614,Active
SPOT-101808,0,0.2574,Active
SPOT-101809,0,0.2421,Active
SPOT-101810,1,0.6422,Switched to Competitor
SPOT-101811,0,0.318,Active
SPOT-101812,0,0.1784,Active
SPOT-101813,0,0.3129,Active
SPOT-101814,0,0.5417,Active
SPOT-101815,0,0.4095,Active
SPOT-101816,0,0.2504,Active
SPOT-101817,0,0.2524,Active
SPOT-101818,1,0.5876,Switched to Competitor
SPOT-101819,0,0.2075,Active
SPOT-101820,1,0.5749,Too Many Ads
SPOT-101821,0,0.3859,Active
SPOT-101822,0,0.3539,Active
SPOT-101823,1,0.6614,Price / Cost
SPOT-101824,1,0.6823,Technical Bugs
SPOT-101825,0,0.2406,Active
SPOT-101826,0,0.5088,Active
SPOT-101827,0,0.562,Active
SPOT-101828,0,0.4669,Active
SPOT-101829,0,0.4867,Active
SPOT-101830,0,0.4153,Active
SPOT-101831,0,0.4396,Active
SPOT-101832,0,0.0808,Active
SPOT-101833,0,0.2629,Active
SPOT-101834,0,0.3443,Active
SPOT-101835,1,0.6659,Switched to Competitor
SPOT-101836,0,0.3006,Active
SPOT-101837,0,0.1895,Active
SPOT-101838,1,0.6139,Too Many Ads
SPOT-101839,0,0.4879,Active
SPOT-101840,0,0.2401,Active
SPOT-101841,0,0.1681,Active
SPOT-101842,0,0.5258,Active
SPOT-101843,0,0.5154,Active
SPOT-101844,0,0.5633,Active
SPOT-101845,0,0.4227,Active
SPOT-101846,0,0.2463,Active
SPOT-101847,0,0.4732,Active
SPOT-101848,0,0.4956,Active
SPOT-101849,0,0.2807,Active
SPOT-101850,0,0.4923,Active
SPOT-101851,0,0.2523,Active
SPOT-101852,0,0.4145,Active
SPOT-101853,0,0.3055,Active
SPOT-101854,0,0.5416,Active
SPOT-101855,0,0.2394,Active
SPOT-101856,0,0.2616,Active
SPOT-101857,1,0.6153,Too Many Ads
SPOT-101858,0,0.4155,Active
SPOT-101859,0,0.3644,Active
SPOT-101860,0,0.285,Active
SPOT-101861,1,0.6872,Switched to Competitor
SPOT-101862,0,0.4481,Active
SPOT-101863,0,0.4717,Active
SPOT-101864,1,0.5819,Switched to Competitor
SPOT-101865,1,0.5956,Price / Cost
SPOT-101866,1,0.6001,Price / Cost
SPOT-101867,1,0.6966,Too Many Ads
SPOT-101868,0,0.2937,Active
SPOT-101869,0,0.4287,Active
SPOT-101870,0,0.2947,Active
SPOT-101871,0,0.3417,Active
SPOT-101872,0,0.3964,Active
SPOT-101873,0,0.3856,Active
SPOT-101874,0,0.334,Active
SPOT-101875,0,0.3353,Active
SPOT-101876,0,0.4578,Active
SPOT-101877,0,0.4191,Active
SPOT-101878,0,0.2514,Active
SPOT-101879,0,0.565,Active
SPOT-101880,0,0.2834,Active
SPOT-101881,0,0.4138,Active
SPOT-101882,0,0.4307,Active
SPOT-101883,0,0.4167,Active
SPOT-101884,0,0.4435,Active
SPOT-101885,0,0.301,Active
SPOT-101886,0,0.3588,Active
SPOT-101887,0,0.3216,Active
SPOT-101888,0,0.4678,Active
SPOT-101889,0,0.4589,Active
SPOT-101890,1,0.6313,Price / Cost
SPOT-101891,0,0.3233,Active
SPOT-101892,0,0.4607,Active
SPOT-101893,1,0.6656,Switched to Competitor
SPOT-101894,0,0.558,Active
SPOT-101895,1,0.6668,Too Many Ads
SPOT-101896,0,0.4035,Active
SPOT-101897,0,0.5211,Active
SPOT-101898,0,0.4206,Active
SPOT-101899,0,0.218,Active
SPOT-101900,0,0.4182,Active
SPOT-101901,0,0.4782,Active
SPOT-101902,0,0.399,Active
SPOT-101903,0,0.3228,Active
SPOT-101904,0,0.4832,Active
SPOT-101905,0,0.2135,Active
SPOT-101906,1,0.6047,Price / Cost
SPOT-101907,0,0.4265,Active
SPOT-101908,0,0.3983,Active
SPOT-101909,0,0.4041,Active
SPOT-101910,0,0.2696,Active
SPOT-101911,0,0.2285,Active
SPOT-101912,0,0.4079,Active
SPOT-101913,0,0.2971,Active
SPOT-101914,0,0.2484,Active
SPOT-101915,1,0.616,Price / Cost
SPOT-101916,0,0.1606,Active
SPOT-101917,1,0.6139,Technical Bugs
SPOT-101918,0,0.188,Active
SPOT-101919,0,0.4389,Active
SPOT-101920,0,0.2467,Active
SPOT-101921,0,0.4273,Active
SPOT-101922,0,0.498,Active
SPOT-101923,0,0.3662,Active
SPOT-101924,1,0.5836,Price / Cost
SPOT-101925,1,0.6094,Technical Bugs
SPOT-101926,1,0.7196,Price / Cost
SPOT-101927,0,0.1906,Active
SPOT-101928,0,0.359,Active
SPOT-101929,0,0.2549,Active
SPOT-101930,1,0.7178,Too Many Ads
SPOT-101931,0,0.33,Active
SPOT-101932,0,0.361,Active
SPOT-101933,0,0.2661,Active
SPOT-101934,1,0.7341,Too Many Ads
SPOT-101935,0,0.1596,Active
SPOT-101936,0,0.4206,Active
SPOT-101937,0,0.5148,Active
SPOT-101938,0,0.3783,Active
SPOT-101939,0,0.2456,Active
SPOT-101940,0,0.3076,Active
SPOT-101941,1,0.6281,Low Usage / No Time
SPOT-101942,0,0.3722,Active
SPOT-101943,0,0.3696,Active
SPOT-101944,0,0.3148,Active
SPOT-101945,0,0.4894,Active
SPOT-101946,0,0.4382,Active
SPOT-101947,0,0.3461,Active
SPOT-101948,0,0.4287,Active
SPOT-101949,0,0.2147,Active
SPOT-101950,0,0.3215,Active
SPOT-101951,0,0.4939,Active
SPOT-101952,0,0.3463,Active
SPOT-101953,0,0.4471,Active
SPOT-101954,0,0.269,Active
SPOT-101955,0,0.3784,Active
SPOT-101956,0,0.3859,Active
SPOT-101957,1,0.7033,Switched to Competitor
SPOT-101958,0,0.2919,Active
SPOT-101959,0,0.4655,Active
SPOT-101960,0,0.3471,Active
SPOT-101961,0,0.288,Active
SPOT-101962,0,0.3305,Active
SPOT-101963,0,0.1856,Active
SPOT-101964,0,0.2921,Active
SPOT-101965,1,0.5697,Too Many Ads
SPOT-101966,0,0.2617,Active
SPOT-101967,0,0.3477,Active
SPOT-101968,0,0.3694,Active
SPOT-101969,1,0.5985,Low Usage / No Time
SPOT-101970,0,0.4493,Active
SPOT-101971,0,0.4331,Active
SPOT-101972,1,0.5811,Price / Cost
SPOT-101973,0,0.5024,Active
SPOT-101974,1,0.6467,Low Usage / No Time
SPOT-101975,0,0.2084,Active
SPOT-101976,1,0.6419,Too Many Ads
SPOT-101977,1,0.6184,Too Many Ads
SPOT-101978,0,0.2453,Active
SPOT-101979,0,0.3599,Active
SPOT-101980,1,0.6808,Price / Cost
SPOT-101981,0,0.3941,Active
SPOT-101982,0,0.556,Active
SPOT-101983,0,0.2809,Active
SPOT-101984,0,0.4555,Active
SPOT-101985,0,0.2961,Active
SPOT-101986,0,0.2113,Active
SPOT-101987,1,0.6713,Too Many Ads
SPOT-101988,0,0.4399,Active
SPOT-101989,0,0.5212,Active
SPOT-101990,0,0.4042,Active
SPOT-101991,1,0.5714,Price / Cost
SPOT-101992,0,0.4389,Active
SPOT-101993,1,0.6815,Technical Bugs
SPOT-101994,0,0.3586,Active
SPOT-101995,0,0.3276,Active
SPOT-101996,0,0.4441,Active
SPOT-101997,0,0.3678,Active
SPOT-101998,1,0.5719,Technical Bugs
SPOT-101999,0,0.0759,Active
SPOT-102000,0,0.3525,Active
SPOT-102001,0,0.1245,Active
SPOT-102002,0,0.2182,Active
SPOT-102003,1,0.7386,Price / Cost
SPOT-102004,0,0.1906,Active
SPOT-102005,0,0.4867,Active
SPOT-102006,0,0.5569,Active
SPOT-102007,1,0.5765,Switched to Competitor
SPOT-102008,0,0.2796,Active
SPOT-102009,0,0.3451,Active
SPOT-102010,0,0.4678,Active
SPOT-102011,1,0.678,Low Usage / No Time
SPOT-102012,0,0.5527,Active
SPOT-102013,0,0.292,Active
SPOT-102014,0,0.2619,Active
SPOT-102015,0,0.5439,Active
SPOT-102016,0,0.4067,Active
SPOT-102017,0,0.3984,Active
SPOT-102018,0,0.3674,Active
SPOT-102019,0,0.5145,Active
SPOT-102020,0,0.3749,Active
SPOT-102021,0,0.3502,Active
SPOT-102022,0,0.3637,Active
SPOT-102023,0,0.3602,Active
SPOT-102024,0,0.4175,Active
SPOT-102025,0,0.1675,Active
SPOT-102026,0,0.3263,Active
SPOT-102027,0,0.3717,Active
SPOT-102028,0,0.4188,Active
SPOT-102029,0,0.3248,Active
SPOT-102030,0,0.5335,Active
SPOT-102031,1,0.8081,Switched to Competitor
SPOT-102032,0,0.3415,Active
SPOT-102033,0,0.3553,Active
SPOT-102034,0,0.3544,Active
SPOT-102035,0,0.3064,Active
SPOT-102036,0,0.319,Active
SPOT-102037,0,0.3809,Active
SPOT-102038,1,0.6592,Price / Cost
SPOT-102039,1,0.5739,Price / Cost
SPOT-102040,0,0.3714,Active
SPOT-102041,0,0.2553,Active
SPOT-102042,0,0.3343,Active
SPOT-102043,0,0.3453,Active
SPOT-102044,0,0.3675,Active
SPOT-102045,0,0.4398,Active
SPOT-102046,1,0.6524,Switched to Competitor
SPOT-102047,1,0.6431,Price / Cost
SPOT-102048,0,0.3349,Active
SPOT-102049,0,0.2527,Active
SPOT-102050,0,0.0624,Active
SPOT-102051,0,0.3751,Active
SPOT-102052,0,0.2953,Active
SPOT-102053,0,0.1833,Active
SPOT-102054,0,0.4923,Active
SPOT-102055,0,0.3686,Active
SPOT-102056,1,0.7289,Switched to Competitor
SPOT-102057,0,0.3968,Active
SPOT-102058,0,0.3437,Active
SPOT-102059,0,0.4069,Active
SPOT-102060,0,0.2088,Active
SPOT-102061,0,0.1004,Active
SPOT-102062,1,0.632,Technical Bugs
SPOT-102063,0,0.3477,Active
SPOT-102064,0,0.2065,Active
SPOT-102065,0,0.3862,Active
SPOT-102066,0,0.3542,Active
SPOT-102067,0,0.234,Active
SPOT-102068,0,0.4356,Active
SPOT-102069,0,0.5673,Active
SPOT-102070,1,0.5785,Switched to Competitor
SPOT-102071,0,0.3206,Active
SPOT-102072,1,0.573,Price / Cost
SPOT-102073,0,0.4487,Active
SPOT-102074,0,0.186,Active
SPOT-102075,1,0.5895,Too Many Ads
SPOT-102076,0,0.2444,Active
SPOT-102077,0,0.4862,Active
SPOT-102078,0,0.2981,Active
SPOT-102079,0,0.5552,Active
SPOT-102080,0,0.2852,Active
SPOT-102081,0,0.2558,Active
SPOT-102082,1,0.6647,Price / Cost
SPOT-102083,0,0.3428,Active
SPOT-102084,0,0.2461,Active
SPOT-102085,0,0.4229,Active
SPOT-102086,0,0.5304,Active
SPOT-102087,0,0.3705,Active
SPOT-102088,0,0.3883,Active
SPOT-102089,1,0.6306,Too Many Ads
SPOT-102090,0,0.1992,Active
SPOT-102091,0,0.2513,Active
SPOT-102092,0,0.4918,Active
SPOT-102093,0,0.1405,Active
SPOT-102094,0,0.3883,Active
SPOT-102095,0,0.2355,Active
SPOT-102096,0,0.428,Active
SPOT-102097,0,0.4782,Active
SPOT-102098,0,0.5123,Active
SPOT-102099,0,0.5252,Active
SPOT-102100,0,0.2701,Active
SPOT-102101,0,0.2764,Active
SPOT-102102,0,0.2923,Active
SPOT-102103,1,0.7296,Low Usage / No Time
SPOT-102104,0,0.2998,Active
SPOT-102105,1,0.5691,Too Many Ads
SPOT-102106,0,0.5138,Active
SPOT-102107,0,0.4642,Active
SPOT-102108,0,0.5163,Active
SPOT-102109,0,0.2902,Active
SPOT-102110,0,0.4671,Active
SPOT-102111,0,0.3315,Active
SPOT-102112,0,0.5074,Active
SPOT-102113,0,0.2251,Active
SPOT-102114,0,0.5492,Active
SPOT-102115,1,0.6254,Low Usage / No Time
SPOT-102116,0,0.3452,Active
SPOT-102117,1,0.7072,Technical Bugs
SPOT-102118,0,0.291,Active
SPOT-102119,1,0.6966,Switched to Competitor
SPOT-102120,0,0.5295,Active
SPOT-102121,0,0.422,Active
SPOT-102122,0,0.5647,Active
SPOT-102123,0,0.2995,Active
SPOT-102124,0,0.3205,Active
SPOT-102125,0,0.182,Active
SPOT-102126,1,0.7747,Price / Cost
SPOT-102127,0,0.2546,Active
SPOT-102128,1,0.6392,Switched to Competitor
SPOT-102129,1,0.6446,Low Usage / No Time
SPOT-102130,0,0.5253,Active
SPOT-102131,1,0.5976,Too Many Ads
SPOT-102132,1,0.6934,Price / Cost
SPOT-102133,0,0.286,Active
SPOT-102134,0,0.2886,Active
SPOT-102135,0,0.157,Active
SPOT-102136,1,0.6352,Too Many Ads
SPOT-102137,0,0.4493,Active
SPOT-102138,0,0.3165,Active
SPOT-102139,0,0.5307,Active
SPOT-102140,0,0.4246,Active
SPOT-102141,0,0.4269,Active
SPOT-102142,0,0.3466,Active
SPOT-102143,0,0.2922,Active
SPOT-102144,0,0.4191,Active
SPOT-102145,0,0.4685,Active
SPOT-102146,0,0.4559,Active
SPOT-102147,0,0.3592,Active
SPOT-102148,0,0.4298,Active
SPOT-102149,0,0.3066,Active
SPOT-102150,0,0.3598,Active
SPOT-102151,0,0.4317,Active
SPOT-102152,0,0.3512,Active
SPOT-102153,1,0.5693,Price / Cost
SPOT-102154,0,0.2666,Active
SPOT-102155,0,0.4313,Active
SPOT-102156,0,0.1955,Active
SPOT-102157,0,0.4334,Active
SPOT-102158,0,0.2505,Active
SPOT-102159,0,0.4269,Active
SPOT-102160,0,0.4185,Active
SPOT-102161,0,0.4532,Active
SPOT-102162,0,0.4837,Active
SPOT-102163,0,0.4724,Active
SPOT-102164,0,0.1878,Active
SPOT-102165,1,0.6366,Too Many Ads
SPOT-102166,0,0.3168,Active
SPOT-102167,1,0.7489,Too Many Ads
SPOT-102168,0,0.2485,Active
SPOT-102169,0,0.1931,Active
SPOT-102170,0,0.4469,Active
SPOT-102171,0,0.5596,Active
SPOT-102172,0,0.3854,Active
SPOT-102173,0,0.3953,Active
SPOT-102174,0,0.2734,Active
SPOT-102175,0,0.3279,Active
SPOT-102176,0,0.5595,Active
SPOT-102177,0,0.3592,Active
SPOT-102178,0,0.4765,Active
SPOT-102179,0,0.5484,Active
SPOT-102180,0,0.4376,Active
SPOT-102181,0,0.3229,Active
SPOT-102182,0,0.2713,Active
SPOT-102183,0,0.5018,Active
SPOT-102184,0,0.3566,Active
SPOT-102185,0,0.5247,Active
SPOT-102186,1,0.5835,Price / Cost
SPOT-102187,0,0.2887,Active
SPOT-102188,0,0.261,Active
SPOT-102189,0,0.235,Active
SPOT-102190,0,0.3225,Active
SPOT-102191,0,0.5492,Active
SPOT-102192,0,0.2793,Active
SPOT-102193,0,0.3254,Active
SPOT-102194,0,0.0834,Active
SPOT-102195,0,0.1368,Active
SPOT-102196,0,0.1984,Active
SPOT-102197,0,0.2933,Active
SPOT-102198,0,0.4258,Active
SPOT-102199,0,0.3921,Active
SPOT-102200,0,0.297,Active
SPOT-102201,0,0.5241,Active
SPOT-102202,0,0.4037,Active
SPOT-102203,0,0.2607,Active
SPOT-102204,1,0.7352,Too Many Ads
SPOT-102205,0,0.5459,Active
SPOT-102206,1,0.7721,Price / Cost
SPOT-102207,0,0.3217,Active
SPOT-102208,1,0.5726,Switched to Competitor
SPOT-102209,0,0.2212,Active
SPOT-102210,0,0.3382,Active
SPOT-102211,0,0.5094,Active
SPOT-102212,0,0.5235,Active
SPOT-102213,1,0.6343,Price / Cost
SPOT-102214,0,0.388,Active
SPOT-102215,0,0.4068,Active
SPOT-102216,0,0.5214,Active
SPOT-102217,0,0.3985,Active
SPOT-102218,0,0.5458,Active
SPOT-102219,1,0.6146,Price / Cost
SPOT-102220,0,0.4495,Active
SPOT-102221,1,0.6633,Switched to Competitor
SPOT-102222,0,0.5575,Active
SPOT-102223,0,0.5583,Active
SPOT-102224,0,0.469,Active
SPOT-102225,0,0.3749,Active
SPOT-102226,0,0.2816,Active
SPOT-102227,1,0.6314,Price / Cost
SPOT-102228,0,0.1412,Active
SPOT-102229,0,0.4586,Active
SPOT-102230,0,0.5508,Active
SPOT-102231,1,0.6373,Price / Cost
SPOT-102232,0,0.2626,Active
SPOT-102233,0,0.3006,Active
SPOT-102234,1,0.6484,Price / Cost
SPOT-102235,0,0.3193,Active
SPOT-102236,1,0.6647,Price / Cost
SPOT-102237,0,0.4443,Active
SPOT-102238,0,0.3815,Active
SPOT-102239,1,0.5743,Low Usage / No Time
SPOT-102240,0,0.3671,Active
SPOT-102241,0,0.5547,Active
SPOT-102242,0,0.2129,Active
SPOT-102243,0,0.5342,Active
SPOT-102244,0,0.3562,Active
SPOT-102245,0,0.1856,Active
SPOT-102246,1,0.5992,Price / Cost
SPOT-102247,0,0.5176,Active
SPOT-102248,0,0.2457,Active
SPOT-102249,0,0.3412,Active
SPOT-102250,0,0.4357,Active
SPOT-102251,0,0.3667,Active
SPOT-102252,0,0.4295,Active
SPOT-102253,0,0.208,Active
SPOT-102254,0,0.2397,Active
SPOT-102255,0,0.1673,Active
SPOT-102256,0,0.4808,Active
SPOT-102257,1,0.5822,Too Many Ads
SPOT-102258,0,0.4894,Active
SPOT-102259,1,0.5691,Low Usage / No Time
SPOT-102260,0,0.2701,Active
SPOT-102261,0,0.3695,Active
SPOT-102262,0,0.5669,Active
SPOT-102263,0,0.2356,Active
SPOT-102264,0,0.5146,Active
SPOT-102265,0,0.4468,Active
SPOT-102266,0,0.3506,Active
SPOT-102267,1,0.726,Technical Bugs
SPOT-102268,1,0.6217,Price / Cost
SPOT-102269,0,0.3595,Active
SPOT-102270,1,0.6931,Too Many Ads
SPOT-102271,0,0.4222,Active
SPOT-102272,0,0.2934,Active
SPOT-102273,0,0.5088,Active
SPOT-102274,1,0.628,Low Usage / No Time
SPOT-102275,0,0.4302,Active
SPOT-102276,0,0.1632,Active
SPOT-102277,0,0.4985,Active
SPOT-102278,0,0.2097,Active
SPOT-102279,0,0.5504,Active
SPOT-102280,0,0.4761,Active
SPOT-102281,1,0.6254,Price / Cost
SPOT-102282,0,0.1212,Active
SPOT-102283,0,0.3599,Active
SPOT-102284,1,0.6205,Low Usage / No Time
SPOT-102285,0,0.235,Active
SPOT-102286,0,0.3065,Active
SPOT-102287,0,0.447,Active
SPOT-102288,0,0.414,Active
SPOT-102289,0,0.4507,Active
SPOT-102290,0,0.4482,Active
SPOT-102291,1,0.6511,Too Many Ads
SPOT-102292,0,0.3577,Active
SPOT-102293,0,0.3503,Active
SPOT-102294,0,0.3122,Active
SPOT-102295,0,0.4324,Active
SPOT-102296,0,0.5626,Active
SPOT-102297,0,0.2156,Active
SPOT-102298,1,0.7413,Too Many Ads
SPOT-102299,0,0.2768,Active
SPOT-102300,0,0.2401,Active
SPOT-102301,0,0.4013,Active
SPOT-102302,0,0.5489,Active
SPOT-102303,0,0.5321,Active
SPOT-102304,0,0.485,Active
SPOT-102305,0,0.2938,Active
SPOT-102306,0,0.304,Active
SPOT-102307,0,0.5538,Active
SPOT-102308,0,0.1568,Active
SPOT-102309,0,0.168,Active
SPOT-102310,0,0.4396,Active
SPOT-102311,0,0.519,Active
SPOT-102312,0,0.4487,Active
SPOT-102313,0,0.1657,Active
SPOT-102314,1,0.6098,Price / Cost
SPOT-102315,1,0.6515,Switched to Competitor
SPOT-102316,0,0.4423,Active
SPOT-102317,0,0.458,Active
SPOT-102318,0,0.513,Active
SPOT-102319,0,0.2321,Active
SPOT-102320,0,0.448,Active
SPOT-102321,0,0.5608,Active
SPOT-102322,0,0.3949,Active
SPOT-102323,0,0.3576,Active
SPOT-102324,0,0.3219,Active
SPOT-102325,1,0.6809,Low Usage / No Time
SPOT-102326,0,0.4792,Active
SPOT-102327,0,0.3148,Active
SPOT-102328,1,0.6077,Low Usage / No Time
SPOT-102329,0,0.3786,Active
SPOT-102330,0,0.4126,Active
SPOT-102331,0,0.3609,Active
SPOT-102332,0,0.4642,Active
SPOT-102333,0,0.4587,Active
SPOT-102334,0,0.5134,Active
SPOT-102335,0,0.1337,Active
SPOT-102336,0,0.1703,Active
SPOT-102337,0,0.4025,Active
SPOT-102338,0,0.2487,Active
SPOT-102339,0,0.3361,Active
SPOT-102340,0,0.5435,Active
SPOT-102341,0,0.2733,Active
SPOT-102342,0,0.3957,Active
SPOT-102343,1,0.5946,Low Usage / No Time
SPOT-102344,0,0.4981,Active
SPOT-102345,0,0.4383,Active
SPOT-102346,0,0.3777,Active
SPOT-102347,1,0.5856,Price / Cost
SPOT-102348,0,0.293,Active
SPOT-102349,0,0.2664,Active
SPOT-102350,0,0.4024,Active
SPOT-102351,0,0.2725,Active
SPOT-102352,0,0.2516,Active
SPOT-102353,0,0.3455,Active
SPOT-102354,0,0.2204,Active
SPOT-102355,0,0.2781,Active
SPOT-102356,0,0.5582,Active
SPOT-102357,0,0.278,Active
SPOT-102358,1,0.7093,Price / Cost
SPOT-102359,0,0.2154,Active
SPOT-102360,0,0.2941,Active
SPOT-102361,0,0.1002,Active
SPOT-102362,0,0.3979,Active
SPOT-102363,1,0.7516,Price / Cost
SPOT-102364,0,0.4285,Active
SPOT-102365,0,0.4182,Active
SPOT-102366,1,0.5912,Switched to Competitor
SPOT-102367,0,0.4529,Active
SPOT-102368,0,0.3812,Active
SPOT-102369,0,0.5241,Active
SPOT-102370,0,0.3392,Active
SPOT-102371,0,0.455,Active
SPOT-102372,0,0.1963,Active
SPOT-102373,1,0.704,Switched to Competitor
SPOT-102374,0,0.2109,Active
SPOT-102375,0,0.5027,Active
SPOT-102376,0,0.267,Active
SPOT-102377,0,0.3442,Active
SPOT-102378,1,0.6903,Switched to Competitor
SPOT-102379,1,0.6555,Too Many Ads
SPOT-102380,0,0.3123,Active
SPOT-102381,1,0.6556,Price / Cost
SPOT-102382,0,0.5055,Active
SPOT-102383,0,0.5341,Active
SPOT-102384,0,0.2622,Active
SPOT-102385,0,0.4733,Active
SPOT-102386,0,0.5587,Active
SPOT-102387,0,0.1896,Active
SPOT-102388,0,0.4362,Active
SPOT-102389,0,0.5127,Active
SPOT-102390,0,0.321,Active
SPOT-102391,0,0.4907,Active
SPOT-102392,0,0.4914,Active
SPOT-102393,0,0.1916,Active
SPOT-102394,0,0.3403,Active
SPOT-102395,0,0.424,Active
SPOT-102396,0,0.4628,Active
SPOT-102397,0,0.4001,Active
SPOT-102398,0,0.2905,Active
SPOT-102399,0,0.3188,Active
SPOT-102400,0,0.2624,Active
SPOT-102401,1,0.7454,Low Usage / No Time
SPOT-102402,0,0.4252,Active
SPOT-102403,0,0.2736,Active
SPOT-102404,0,0.321,Active
SPOT-102405,0,0.4867,Active
SPOT-102406,0,0.4657,Active
SPOT-102407,0,0.4036,Active
SPOT-102408,0,0.2494,Active
SPOT-102409,1,0.5848,Switched to Competitor
SPOT-102410,1,0.599,Price / Cost
SPOT-102411,0,0.4287,Active
SPOT-102412,0,0.495,Active
SPOT-102413,0,0.1835,Active
SPOT-102414,0,0.2422,Active
SPOT-102415,0,0.3767,Active
SPOT-102416,0,0.4141,Active
SPOT-102417,0,0.129,Active
SPOT-102418,0,0.2868,Active
SPOT-102419,1,0.6987,Too Many Ads
SPOT-102420,0,0.5663,Active
SPOT-102421,1,0.6147,Price / Cost
SPOT-102422,1,0.6594,Price / Cost
SPOT-102423,0,0.2115,Active
SPOT-102424,0,0.5633,Active
SPOT-102425,1,0.6083,Too Many Ads
SPOT-102426,0,0.391,Active
SPOT-102427,0,0.5146,Active
SPOT-102428,0,0.3449,Active
SPOT-102429,0,0.392,Active
SPOT-102430,1,0.6139,Price / Cost
SPOT-102431,0,0.1029,Active
SPOT-102432,0,0.2445,Active
SPOT-102433,0,0.4547,Active
SPOT-102434,0,0.1311,Active
SPOT-102435,0,0.3893,Active
SPOT-102436,0,0.5043,Active
SPOT-102437,0,0.2352,Active
SPOT-102438,0,0.3535,Active
SPOT-102439,1,0.5755,Price / Cost
SPOT-102440,0,0.399,Active
SPOT-102441,0,0.2426,Active
SPOT-102442,1,0.5928,Switched to Competitor
SPOT-102443,1,0.599,Price / Cost
SPOT-102444,0,0.3425,Active
SPOT-102445,0,0.4188,Active
SPOT-102446,1,0.6347,Switched to Competitor
SPOT-102447,0,0.347,Active
SPOT-102448,0,0.2452,Active
SPOT-102449,0,0.4698,Active
SPOT-102450,0,0.3874,Active
SPOT-102451,0,0.383,Active
SPOT-102452,0,0.4236,Active
SPOT-102453,0,0.4544,Active
SPOT-102454,0,0.2796,Active
SPOT-102455,0,0.4299,Active
SPOT-102456,1,0.6457,Switched to Competitor
SPOT-102457,0,0.3445,Active
SPOT-102458,0,0.4159,Active
SPOT-102459,1,0.7014,Too Many Ads
SPOT-102460,0,0.3379,Active
SPOT-102461,1,0.5708,Too Many Ads
SPOT-102462,0,0.4329,Active
SPOT-102463,1,0.5748,Switched to Competitor
SPOT-102464,0,0.5583,Active
SPOT-102465,0,0.2502,Active
SPOT-102466,0,0.3404,Active
SPOT-102467,0,0.51,Active
SPOT-102468,0,0.4578,Active
SPOT-102469,0,0.4052,Active
SPOT-102470,0,0.5109,Active
SPOT-102471,0,0.4503,Active
SPOT-102472,0,0.5243,Active
SPOT-102473,0,0.2449,Active
SPOT-102474,0,0.5368,Active
SPOT-102475,0,0.3777,Active
SPOT-102476,0,0.3726,Active
SPOT-102477,0,0.3234,Active
SPOT-102478,0,0.2418,Active
SPOT-102479,0,0.465,Active
SPOT-102480,1,0.5953,Too Many Ads
SPOT-102481,0,0.3023,Active
SPOT-102482,0,0.2376,Active
SPOT-102483,0,0.1503,Active
SPOT-102484,0,0.2848,Active
SPOT-102485,0,0.3576,Active
SPOT-102486,0,0.3921,Active
SPOT-102487,0,0.4072,Active
SPOT-102488,0,0.5403,Active
SPOT-102489,1,0.5924,Price / Cost
SPOT-102490,0,0.5505,Active
SPOT-102491,0,0.4612,Active
SPOT-102492,0,0.2788,Active
SPOT-102493,0,0.1818,Active
SPOT-102494,0,0.4056,Active
SPOT-102495,1,0.6959,Price / Cost
SPOT-102496,0,0.4768,Active
SPOT-102497,0,0.3602,Active
SPOT-102498,0,0.3335,Active
SPOT-102499,0,0.5269,Active
SPOT-102500,0,0.2815,Active
SPOT-102501,1,0.6689,Switched to Competitor
SPOT-102502,0,0.2012,Active
SPOT-102503,0,0.5,Active
SPOT-102504,1,0.62,Switched to Competitor
SPOT-102505,0,0.3927,Active
SPOT-102506,0,0.2754,Active
SPOT-102507,0,0.1389,Active
SPOT-102508,1,0.6724,Too Many Ads
SPOT-102509,0,0.358,Active
SPOT-102510,0,0.2658,Active
SPOT-102511,0,0.2034,Active
SPOT-102512,0,0.3938,Active
SPOT-102513,0,0.3699,Active
SPOT-102514,0,0.381,Active
SPOT-102515,0,0.4887,Active
SPOT-102516,0,0.4577,Active
SPOT-102517,0,0.174,Active
SPOT-102518,0,0.4143,Active
SPOT-102519,1,0.6559,Price / Cost
SPOT-102520,1,0.5821,Low Usage / No Time
SPOT-102521,0,0.5585,Active
SPOT-102522,1,0.666,Switched to Competitor
SPOT-102523,1,0.7093,Switched to Competitor
SPOT-102524,0,0.2649,Active
SPOT-102525,0,0.4315,Active
SPOT-102526,0,0.4432,Active
SPOT-102527,0,0.5201,Active
SPOT-102528,0,0.301,Active
SPOT-102529,1,0.6485,Too Many Ads
SPOT-102530,0,0.5655,Active
SPOT-102531,0,0.5337,Active
SPOT-102532,0,0.4314,Active
SPOT-102533,0,0.3463,Active
SPOT-102534,0,0.4447,Active
SPOT-102535,0,0.4407,Active
SPOT-102536,0,0.5613,Active
SPOT-102537,0,0.4138,Active
SPOT-102538,0,0.2712,Active
SPOT-102539,1,0.6823,Price / Cost
SPOT-102540,0,0.148,Active
SPOT-102541,1,0.5824,Switched to Competitor
SPOT-102542,0,0.3705,Active
SPOT-102543,1,0.7773,Low Usage / No Time
SPOT-102544,0,0.423,Active
SPOT-102545,0,0.5643,Active
SPOT-102546,1,0.7206,Too Many Ads
SPOT-102547,0,0.3909,Active
SPOT-102548,0,0.4189,Active
SPOT-102549,0,0.2982,Active
SPOT-102550,0,0.2752,Active
SPOT-102551,1,0.6639,Price / Cost
SPOT-102552,0,0.2752,Active
SPOT-102553,0,0.3226,Active
SPOT-102554,1,0.6506,Switched to Competitor
SPOT-102555,1,0.7097,Low Usage / No Time
SPOT-102556,0,0.4348,Active
SPOT-102557,0,0.2806,Active
SPOT-102558,0,0.433,Active
SPOT-102559,0,0.4677,Active
SPOT-102560,0,0.4069,Active
SPOT-102561,0,0.5601,Active
SPOT-102562,0,0.3749,Active
SPOT-102563,1,0.5899,Low Usage / No Time
SPOT-102564,1,0.695,Price / Cost
SPOT-102565,0,0.2606,Active
SPOT-102566,0,0.1341,Active
SPOT-102567,0,0.3236,Active
SPOT-102568,1,0.5761,Too Many Ads
SPOT-102569,0,0.13,Active
SPOT-102570,0,0.3556,Active
SPOT-102571,1,0.6333,Price / Cost
SPOT-102572,0,0.379,Active
SPOT-102573,0,0.31,Active
SPOT-102574,0,0.2559,Active
SPOT-102575,0,0.3183,Active
SPOT-102576,0,0.3206,Active
SPOT-102577,1,0.6213,Price / Cost
SPOT-102578,0,0.2891,Active
SPOT-102579,1,0.5867,Price / Cost
SPOT-102580,0,0.4075,Active
SPOT-102581,0,0.367,Active
SPOT-102582,1,0.6214,Switched to Competitor
SPOT-102583,0,0.4437,Active
SPOT-102584,0,0.381,Active
SPOT-102585,0,0.301,Active
SPOT-102586,0,0.2835,Active
SPOT-102587,0,0.5579,Active
SPOT-102588,0,0.2651,Active
SPOT-102589,0,0.329,Active
SPOT-102590,0,0.5298,Active
SPOT-102591,0,0.3946,Active
SPOT-102592,1,0.5943,Too Many Ads
SPOT-102593,0,0.4168,Active
SPOT-102594,1,0.806,Low Usage / No Time
SPOT-102595,0,0.3647,Active
SPOT-102596,0,0.3037,Active
SPOT-102597,0,0.2759,Active
SPOT-102598,0,0.5096,Active
SPOT-102599,0,0.3157,Active
SPOT-102600,0,0.4244,Active
SPOT-102601,0,0.2418,Active
SPOT-102602,0,0.2074,Active
SPOT-102603,0,0.4835,Active
SPOT-102604,0,0.276,Active
SPOT-102605,1,0.6367,Too Many Ads
SPOT-102606,1,0.6674,Price / Cost
SPOT-102607,1,0.5874,Switched to Competitor
SPOT-102608,0,0.4903,Active
SPOT-102609,0,0.4812,Active
SPOT-102610,0,0.2939,Active
SPOT-102611,0,0.2108,Active
SPOT-102612,0,0.4586,Active
SPOT-102613,1,0.6557,Switched to Competitor
SPOT-102614,0,0.173,Active
SPOT-102615,0,0.3208,Active
SPOT-102616,0,0.4442,Active
SPOT-102617,1,0.5882,Too Many Ads
SPOT-102618,0,0.1404,Active
SPOT-102619,1,0.5815,Switched to Competitor
SPOT-102620,0,0.3545,Active
SPOT-102621,0,0.2532,Active
SPOT-102622,1,0.714,Price / Cost
SPOT-102623,0,0.2912,Active
SPOT-102624,0,0.2441,Active
SPOT-102625,0,0.4429,Active
SPOT-102626,0,0.2029,Active
SPOT-102627,0,0.2608,Active
SPOT-102628,0,0.3102,Active
SPOT-102629,1,0.6111,Price / Cost
SPOT-102630,0,0.3298,Active
SPOT-102631,0,0.5585,Active
SPOT-102632,0,0.1594,Active
SPOT-102633,1,0.6729,Price / Cost
SPOT-102634,0,0.4351,Active
SPOT-102635,0,0.4527,Active
SPOT-102636,0,0.4497,Active
SPOT-102637,1,0.5874,Too Many Ads
SPOT-102638,0,0.2547,Active
SPOT-102639,0,0.1527,Active
SPOT-102640,0,0.3557,Active
SPOT-102641,0,0.4207,Active
SPOT-102642,0,0.5346,Active
SPOT-102643,0,0.4832,Active
SPOT-102644,0,0.5305,Active
SPOT-102645,0,0.3705,Active
SPOT-102646,1,0.5875,Price / Cost
SPOT-102647,0,0.5116,Active
SPOT-102648,0,0.3525,Active
SPOT-102649,1,0.6369,Switched to Competitor
SPOT-102650,0,0.3566,Active
SPOT-102651,0,0.3976,Active
SPOT-102652,0,0.2671,Active
SPOT-102653,0,0.2469,Active
SPOT-102654,1,0.6795,Price / Cost
SPOT-102655,0,0.2793,Active
SPOT-102656,0,0.2013,Active
SPOT-102657,0,0.5258,Active
SPOT-102658,0,0.4113,Active
SPOT-102659,0,0.3006,Active
SPOT-102660,0,0.5445,Active
SPOT-102661,0,0.5119,Active
SPOT-102662,0,0.4926,Active
SPOT-102663,0,0.1996,Active
SPOT-102664,1,0.6379,Too Many Ads
SPOT-102665,0,0.4274,Active
SPOT-102666,0,0.4403,Active
SPOT-102667,0,0.3341,Active
SPOT-102668,0,0.2883,Active
SPOT-102669,0,0.2889,Active
SPOT-102670,0,0.3894,Active
SPOT-102671,0,0.3259,Active
SPOT-102672,0,0.2911,Active
SPOT-102673,0,0.2625,Active
SPOT-102674,0,0.2725,Active
SPOT-102675,0,0.3216,Active
SPOT-102676,0,0.4725,Active
SPOT-102677,1,0.5929,Price / Cost
SPOT-102678,0,0.2279,Active
SPOT-102679,0,0.4502,Active
SPOT-102680,0,0.5401,Active
SPOT-102681,0,0.4724,Active
SPOT-102682,0,0.2647,Active
SPOT-102683,1,0.6221,Low Usage / No Time
SPOT-102684,0,0.4697,Active
SPOT-102685,0,0.4178,Active
SPOT-102686,1,0.6178,Too Many Ads
SPOT-102687,0,0.5077,Active
SPOT-102688,1,0.6526,Too Many Ads
SPOT-102689,1,0.6347,Price / Cost
SPOT-102690,0,0.5217,Active
SPOT-102691,1,0.5758,Price / Cost
SPOT-102692,0,0.3518,Active
SPOT-102693,0,0.1514,Active
SPOT-102694,1,0.5733,Too Many Ads
SPOT-102695,0,0.4651,Active
SPOT-102696,0,0.2459,Active
SPOT-102697,0,0.3389,Active
SPOT-102698,0,0.4825,Active
SPOT-102699,0,0.2768,Active
SPOT-102700,0,0.3965,Active
SPOT-102701,0,0.2739,Active
SPOT-102702,1,0.6298,Technical Bugs
SPOT-102703,0,0.4951,Active
SPOT-102704,1,0.658,Switched to Competitor
SPOT-102705,0,0.2552,Active
SPOT-102706,0,0.4332,Active
SPOT-102707,0,0.4451,Active
SPOT-102708,0,0.2384,Active
SPOT-102709,0,0.3471,Active
SPOT-102710,0,0.2268,Active
SPOT-102711,1,0.6604,Low Usage / No Time
SPOT-102712,0,0.4417,Active
SPOT-102713,0,0.2525,Active
SPOT-102714,0,0.4558,Active
SPOT-102715,0,0.2699,Active
SPOT-102716,1,0.606,Too Many Ads
SPOT-102717,0,0.0633,Active
SPOT-102718,0,0.4463,Active
SPOT-102719,1,0.7186,Price / Cost
SPOT-102720,0,0.4841,Active
SPOT-102721,0,0.3325,Active
SPOT-102722,0,0.5647,Active
SPOT-102723,0,0.1646,Active
SPOT-102724,1,0.5947,Too Many Ads
SPOT-102725,0,0.5286,Active
SPOT-102726,0,0.5032,Active
SPOT-102727,0,0.4815,Active
SPOT-102728,0,0.1648,Active
SPOT-102729,0,0.5305,Active
SPOT-102730,0,0.4542,Active
SPOT-102731,0,0.1962,Active
SPOT-102732,1,0.5968,Technical Bugs
SPOT-102733,0,0.36,Active
SPOT-102734,1,0.6148,Switched to Competitor
SPOT-102735,0,0.2456,Active
SPOT-102736,0,0.5651,Active
SPOT-102737,0,0.5434,Active
SPOT-102738,0,0.174,Active
SPOT-102739,0,0.4103,Active
SPOT-102740,0,0.533,Active
SPOT-102741,0,0.4599,Active
SPOT-102742,0,0.3746,Active
SPOT-102743,0,0.5516,Active
SPOT-102744,0,0.3027,Active
SPOT-102745,0,0.1995,Active
SPOT-102746,0,0.5176,Active
SPOT-102747,0,0.3734,Active
SPOT-102748,0,0.4909,Active
SPOT-102749,0,0.0962,Active
SPOT-102750,0,0.166,Active
SPOT-102751,1,0.5807,Price / Cost
SPOT-102752,0,0.3067,Active
SPOT-102753,0,0.504,Active
SPOT-102754,1,0.6848,Price / Cost
SPOT-102755,0,0.5471,Active
SPOT-102756,0,0.3706,Active
SPOT-102757,0,0.2048,Active
SPOT-102758,1,0.6618,Price / Cost
SPOT-102759,0,0.5136,Active
SPOT-102760,0,0.5546,Active
SPOT-102761,0,0.305,Active
SPOT-102762,0,0.2812,Active
SPOT-102763,0,0.5081,Active
SPOT-102764,0,0.3283,Active
SPOT-102765,0,0.4862,Active
SPOT-102766,1,0.6587,Technical Bugs
SPOT-102767,0,0.3831,Active
SPOT-102768,0,0.3656,Active
SPOT-102769,0,0.3656,Active
SPOT-102770,0,0.334,Active
SPOT-102771,0,0.3598,Active
SPOT-102772,0,0.2687,Active
SPOT-102773,0,0.3233,Active
SPOT-102774,0,0.4968,Active
SPOT-102775,0,0.534,Active
SPOT-102776,0,0.508,Active
SPOT-102777,0,0.5251,Active
SPOT-102778,1,0.6314,Too Many Ads
SPOT-102779,0,0.2851,Active
SPOT-102780,0,0.4017,Active
SPOT-102781,0,0.2648,Active
SPOT-102782,0,0.5147,Active
SPOT-102783,1,0.6337,Switched to Competitor
SPOT-102784,0,0.3579,Active
SPOT-102785,1,0.5928,Price / Cost
SPOT-102786,0,0.2303,Active
SPOT-102787,0,0.5373,Active
SPOT-102788,0,0.367,Active
SPOT-102789,1,0.6232,Price / Cost
SPOT-102790,1,0.5916,Too Many Ads
SPOT-102791,0,0.3474,Active
SPOT-102792,0,0.3044,Active
SPOT-102793,0,0.4768,Active
SPOT-102794,0,0.2982,Active
SPOT-102795,0,0.3734,Active
SPOT-102796,1,0.7131,Switched to Competitor
SPOT-102797,1,0.5705,Switched to Competitor
SPOT-102798,0,0.3809,Active
SPOT-102799,0,0.5438,Active
SPOT-102800,0,0.4018,Active
SPOT-102801,0,0.3255,Active
SPOT-102802,0,0.3418,Active
SPOT-102803,1,0.6258,Low Usage / No Time
SPOT-102804,0,0.4493,Active
SPOT-102805,1,0.7203,Too Many Ads
SPOT-102806,1,0.5741,Switched to Competitor
SPOT-102807,1,0.6954,Price / Cost
SPOT-102808,0,0.4714,Active
SPOT-102809,0,0.3109,Active
SPOT-102810,0,0.3038,Active
SPOT-102811,0,0.4377,Active
SPOT-102812,0,0.1676,Active
SPOT-102813,0,0.273,Active
SPOT-102814,0,0.4401,Active
SPOT-102815,1,0.5717,Price / Cost
SPOT-102816,0,0.5146,Active
SPOT-102817,0,0.4442,Active
SPOT-102818,0,0.2391,Active
SPOT-102819,0,0.1424,Active
SPOT-102820,0,0.1543,Active
SPOT-102821,1,0.6216,Switched to Competitor
SPOT-102822,0,0.5485,Active
SPOT-102823,0,0.2273,Active
SPOT-102824,0,0.2531,Active
SPOT-102825,1,0.583,Price / Cost
SPOT-102826,0,0.3099,Active
SPOT-102827,1,0.6489,Switched to Competitor
SPOT-102828,0,0.2914,Active
SPOT-102829,0,0.4476,Active
SPOT-102830,0,0.399,Active
SPOT-102831,0,0.4753,Active
SPOT-102832,0,0.2161,Active
SPOT-102833,0,0.3776,Active
SPOT-102834,0,0.4477,Active
SPOT-102835,0,0.4124,Active
SPOT-102836,0,0.5378,Active
SPOT-102837,0,0.5365,Active
SPOT-102838,0,0.4516,Active
SPOT-102839,0,0.4524,Active
SPOT-102840,0,0.2333,Active
SPOT-102841,0,0.234,Active
SPOT-102842,0,0.1451,Active
SPOT-102843,0,0.4334,Active
SPOT-102844,1,0.5927,Switched to Competitor
SPOT-102845,0,0.4087,Active
SPOT-102846,0,0.3817,Active
SPOT-102847,0,0.344,Active
SPOT-102848,1,0.6372,Too Many Ads
SPOT-102849,1,0.5974,Price / Cost
SPOT-102850,0,0.4213,Active
SPOT-102851,0,0.3056,Active
SPOT-102852,0,0.0828,Active
SPOT-102853,0,0.5335,Active
SPOT-102854,0,0.512,Active
SPOT-102855,1,0.6663,Price / Cost
SPOT-102856,1,0.5823,Switched to Competitor
SPOT-102857,0,0.5442,Active
SPOT-102858,1,0.6616,Switched to Competitor
SPOT-102859,0,0.3499,Active
SPOT-102860,1,0.6111,Too Many Ads
SPOT-102861,0,0.3997,Active
SPOT-102862,0,0.2355,Active
SPOT-102863,0,0.4269,Active
SPOT-102864,0,0.5007,Active
SPOT-102865,1,0.6965,Price / Cost
SPOT-102866,0,0.2685,Active
SPOT-102867,0,0.4075,Active
SPOT-102868,1,0.6614,Too Many Ads
SPOT-102869,0,0.4917,Active
SPOT-102870,0,0.3491,Active
SPOT-102871,1,0.609,Price / Cost
SPOT-102872,0,0.429,Active
SPOT-102873,0,0.2898,Active
SPOT-102874,0,0.2527,Active
SPOT-102875,0,0.4756,Active
SPOT-102876,0,0.3653,Active
SPOT-102877,0,0.5596,Active
SPOT-102878,1,0.6822,Price / Cost
SPOT-102879,0,0.3906,Active
SPOT-102880,0,0.4868,Active
SPOT-102881,0,0.3658,Active
SPOT-102882,0,0.5514,Active
SPOT-102883,1,0.6082,Too Many Ads
SPOT-102884,0,0.4699,Active
SPOT-102885,0,0.3846,Active
SPOT-102886,0,0.4359,Active
SPOT-102887,0,0.3396,Active
SPOT-102888,0,0.3033,Active
SPOT-102889,0,0.3956,Active
SPOT-102890,0,0.5273,Active
SPOT-102891,0,0.4797,Active
SPOT-102892,0,0.2594,Active
SPOT-102893,0,0.3944,Active
SPOT-102894,0,0.2717,Active
SPOT-102895,0,0.4533,Active
SPOT-102896,0,0.4039,Active
SPOT-102897,0,0.4275,Active
SPOT-102898,1,0.8137,Price / Cost
SPOT-102899,0,0.5154,Active
SPOT-102900,0,0.5062,Active
SPOT-102901,0,0.4706,Active
SPOT-102902,0,0.3715,Active
SPOT-102903,0,0.3422,Active
SPOT-102904,0,0.4541,Active
SPOT-102905,0,0.3626,Active
SPOT-102906,0,0.3287,Active
SPOT-102907,0,0.3331,Active
SPOT-102908,0,0.4252,Active
SPOT-102909,0,0.48,Active
SPOT-102910,0,0.4483,Active
SPOT-102911,0,0.3808,Active
SPOT-102912,0,0.5128,Active
SPOT-102913,0,0.3863,Active
SPOT-102914,0,0.3222,Active
SPOT-102915,0,0.3353,Active
SPOT-102916,0,0.4661,Active
SPOT-102917,0,0.2475,Active
SPOT-102918,0,0.3561,Active
SPOT-102919,0,0.2654,Active
SPOT-102920,0,0.4287,Active
SPOT-102921,0,0.3999,Active
SPOT-102922,0,0.4992,Active
SPOT-102923,0,0.3459,Active
SPOT-102924,0,0.406,Active
SPOT-102925,0,0.5067,Active
SPOT-102926,0,0.292,Active
SPOT-102927,0,0.5269,Active
SPOT-102928,0,0.3333,Active
SPOT-102929,0,0.309,Active
SPOT-102930,1,0.7193,Too Many Ads
SPOT-102931,0,0.2628,Active
SPOT-102932,0,0.4405,Active
SPOT-102933,0,0.5504,Active
SPOT-102934,0,0.3933,Active
SPOT-102935,0,0.4618,Active
SPOT-102936,1,0.6119,Switched to Competitor
SPOT-102937,0,0.2585,Active
SPOT-102938,0,0.2103,Active
SPOT-102939,0,0.2676,Active
SPOT-102940,0,0.5331,Active
SPOT-102941,0,0.1944,Active
SPOT-102942,0,0.2911,Active
SPOT-102943,0,0.2236,Active
SPOT-102944,0,0.2881,Active
SPOT-102945,0,0.5326,Active
SPOT-102946,0,0.5602,Active
SPOT-102947,0,0.1323,Active
SPOT-102948,0,0.1469,Active
SPOT-102949,0,0.2759,Active
SPOT-102950,0,0.1934,Active
SPOT-102951,1,0.7105,Switched to Competitor
SPOT-102952,0,0.3669,Active
SPOT-102953,0,0.356,Active
SPOT-102954,0,0.4641,Active
SPOT-102955,0,0.2896,Active
SPOT-102956,0,0.1666,Active
SPOT-102957,0,0.3878,Active
SPOT-102958,0,0.4155,Active
SPOT-102959,0,0.2461,Active
SPOT-102960,1,0.6643,Technical Bugs
SPOT-102961,0,0.4203,Active
SPOT-102962,0,0.2953,Active
SPOT-102963,0,0.3621,Active
SPOT-102964,0,0.3577,Active
SPOT-102965,0,0.3454,Active
SPOT-102966,0,0.1899,Active
SPOT-102967,1,0.7113,Low Usage / No Time
SPOT-102968,0,0.2839,Active
SPOT-102969,0,0.3472,Active
SPOT-102970,0,0.2985,Active
SPOT-102971,0,0.3247,Active
SPOT-102972,0,0.341,Active
SPOT-102973,0,0.4092,Active
SPOT-102974,0,0.3667,Active
SPOT-102975,0,0.4767,Active
SPOT-102976,0,0.1391,Active
SPOT-102977,0,0.522,Active
SPOT-102978,0,0.3765,Active
SPOT-102979,0,0.3657,Active
SPOT-102980,0,0.1901,Active
SPOT-102981,0,0.5257,Active
SPOT-102982,0,0.3351,Active
SPOT-102983,0,0.2024,Active
SPOT-102984,0,0.4332,Active
SPOT-102985,0,0.4302,Active
SPOT-102986,0,0.2287,Active
SPOT-102987,0,0.4482,Active
SPOT-102988,0,0.4468,Active
SPOT-102989,0,0.4866,Active
SPOT-102990,0,0.4508,Active
SPOT-102991,0,0.2456,Active
SPOT-102992,0,0.3992,Active
SPOT-102993,1,0.6238,Switched to Competitor
SPOT-102994,0,0.5055,Active
SPOT-102995,0,0.4182,Active
SPOT-102996,0,0.4381,Active
SPOT-102997,0,0.4286,Active
SPOT-102998,0,0.2676,Active
SPOT-102999,0,0.2559,Active
SPOT-103000,0,0.5325,Active
SPOT-103001,0,0.462,Active
SPOT-103002,0,0.1838,Active
SPOT-103003,0,0.1602,Active
SPOT-103004,0,0.2349,Active
SPOT-103005,1,0.579,Switched to Competitor
SPOT-103006,0,0.5013,Active
SPOT-103007,0,0.368,Active
SPOT-103008,0,0.1812,Active
SPOT-103009,0,0.2118,Active
SPOT-103010,0,0.552,Active
SPOT-103011,1,0.5908,Price / Cost
SPOT-103012,0,0.4557,Active
SPOT-103013,0,0.3632,Active
SPOT-103014,0,0.4935,Active
SPOT-103015,1,0.6933,Low Usage / No Time
SPOT-103016,0,0.3577,Active
SPOT-103017,1,0.5736,Price / Cost
SPOT-103018,0,0.4017,Active
SPOT-103019,0,0.1191,Active
SPOT-103020,0,0.4043,Active
SPOT-103021,0,0.4319,Active
SPOT-103022,0,0.5623,Active
SPOT-103023,0,0.2074,Active
SPOT-103024,0,0.409,Active
SPOT-103025,0,0.4791,Active
SPOT-103026,0,0.495,Active
SPOT-103027,0,0.2685,Active
SPOT-103028,0,0.4677,Active
SPOT-103029,0,0.1594,Active
SPOT-103030,1,0.7319,Price / Cost
SPOT-103031,0,0.3392,Active
SPOT-103032,1,0.6195,Low Usage / No Time
SPOT-103033,0,0.5251,Active
SPOT-103034,0,0.3394,Active
SPOT-103035,1,0.6118,Technical Bugs
SPOT-103036,0,0.3879,Active
SPOT-103037,0,0.5041,Active
SPOT-103038,0,0.2315,Active
SPOT-103039,0,0.3113,Active
SPOT-103040,0,0.4974,Active
SPOT-103041,0,0.2535,Active
SPOT-103042,0,0.4036,Active
SPOT-103043,0,0.1092,Active
SPOT-103044,0,0.3899,Active
SPOT-103045,0,0.2398,Active
SPOT-103046,0,0.4182,Active
SPOT-103047,0,0.1621,Active
SPOT-103048,0,0.1899,Active
SPOT-103049,0,0.3318,Active
SPOT-103050,0,0.4053,Active
SPOT-103051,1,0.6637,Technical Bugs
SPOT-103052,0,0.1423,Active
SPOT-103053,0,0.2293,Active
SPOT-103054,0,0.34,Active
SPOT-103055,0,0.4933,Active
SPOT-103056,0,0.2703,Active
SPOT-103057,0,0.5397,Active
SPOT-103058,0,0.4079,Active
SPOT-103059,0,0.28,Active
SPOT-103060,0,0.2597,Active
SPOT-103061,0,0.3613,Active
SPOT-103062,0,0.5356,Active
SPOT-103063,0,0.3251,Active
SPOT-103064,0,0.2754,Active
SPOT-103065,0,0.2529,Active
SPOT-103066,0,0.5646,Active
SPOT-103067,0,0.1639,Active
SPOT-103068,0,0.3417,Active
SPOT-103069,1,0.5814,Too Many Ads
SPOT-103070,0,0.487,Active
SPOT-103071,0,0.1495,Active
SPOT-103072,0,0.3155,Active
SPOT-103073,0,0.3239,Active
SPOT-103074,0,0.1982,Active
SPOT-103075,0,0.5478,Active
SPOT-103076,0,0.3324,Active
SPOT-103077,0,0.3919,Active
SPOT-103078,0,0.3368,Active
SPOT-103079,0,0.2679,Active
SPOT-103080,1,0.7092,Price / Cost
SPOT-103081,0,0.2559,Active
SPOT-103082,0,0.3343,Active
SPOT-103083,0,0.4559,Active
SPOT-103084,1,0.7721,Low Usage / No Time
SPOT-103085,0,0.3184,Active
SPOT-103086,0,0.1507,Active
SPOT-103087,1,0.6226,Price / Cost
SPOT-103088,0,0.3759,Active
SPOT-103089,1,0.6342,Technical Bugs
SPOT-103090,0,0.2789,Active
SPOT-103091,0,0.3022,Active
SPOT-103092,0,0.2532,Active
SPOT-103093,0,0.2419,Active
SPOT-103094,0,0.5075,Active
SPOT-103095,0,0.5033,Active
SPOT-103096,0,0.5666,Active
SPOT-103097,0,0.4166,Active
SPOT-103098,0,0.2669,Active
SPOT-103099,0,0.3371,Active
SPOT-103100,1,0.6488,Too Many Ads
SPOT-103101,0,0.3757,Active
SPOT-103102,1,0.5854,Too Many Ads
SPOT-103103,0,0.363,Active
SPOT-103104,0,0.198,Active
SPOT-103105,0,0.159,Active
SPOT-103106,0,0.3208,Active
SPOT-103107,0,0.4976,Active
SPOT-103108,0,0.3837,Active
SPOT-103109,0,0.5003,Active
SPOT-103110,0,0.2092,Active
SPOT-103111,0,0.2608,Active
SPOT-103112,0,0.1378,Active
SPOT-103113,0,0.2698,Active
SPOT-103114,0,0.5211,Active
SPOT-103115,1,0.6962,Too Many Ads
SPOT-103116,0,0.3482,Active
SPOT-103117,0,0.4921,Active
SPOT-103118,0,0.1629,Active
SPOT-103119,0,0.3987,Active
SPOT-103120,0,0.558,Active
SPOT-103121,1,0.5948,Switched to Competitor
SPOT-103122,1,0.5778,Price / Cost
SPOT-103123,0,0.5071,Active
SPOT-103124,0,0.4898,Active
SPOT-103125,0,0.1502,Active
SPOT-103126,0,0.3576,Active
SPOT-103127,0,0.3134,Active
SPOT-103128,1,0.8423,Low Usage / No Time
SPOT-103129,0,0.2046,Active
SPOT-103130,0,0.1728,Active
SPOT-103131,0,0.4021,Active
SPOT-103132,0,0.3227,Active
SPOT-103133,0,0.4216,Active
SPOT-103134,1,0.6215,Too Many Ads
SPOT-103135,0,0.5176,Active
SPOT-103136,0,0.2673,Active
SPOT-103137,0,0.3941,Active
SPOT-103138,0,0.5181,Active
SPOT-103139,0,0.3804,Active
SPOT-103140,0,0.3184,Active
SPOT-103141,1,0.6426,Technical Bugs
SPOT-103142,0,0.2879,Active
SPOT-103143,0,0.5255,Active
SPOT-103144,0,0.3163,Active
SPOT-103145,0,0.2473,Active
SPOT-103146,1,0.6859,Low Usage / No Time
SPOT-103147,0,0.2616,Active
SPOT-103148,0,0.3378,Active
SPOT-103149,0,0.1698,Active
SPOT-103150,1,0.674,Switched to Competitor
SPOT-103151,0,0.4544,Active
SPOT-103152,0,0.4166,Active
SPOT-103153,1,0.6264,Too Many Ads
SPOT-103154,0,0.3913,Active
SPOT-103155,0,0.1288,Active
SPOT-103156,0,0.2299,Active
SPOT-103157,0,0.4739,Active
SPOT-103158,1,0.6631,Price / Cost
SPOT-103159,0,0.3041,Active
SPOT-103160,0,0.3283,Active
SPOT-103161,0,0.2852,Active
SPOT-103162,0,0.4982,Active
SPOT-103163,0,0.2151,Active
SPOT-103164,0,0.5542,Active
SPOT-103165,1,0.613,Price / Cost
SPOT-103166,0,0.3274,Active
SPOT-103167,0,0.3634,Active
SPOT-103168,1,0.6222,Price / Cost
SPOT-103169,0,0.4435,Active
SPOT-103170,0,0.4345,Active
SPOT-103171,0,0.5553,Active
SPOT-103172,0,0.5392,Active
SPOT-103173,0,0.5017,Active
SPOT-103174,1,0.6138,Price / Cost
SPOT-103175,0,0.5558,Active
SPOT-103176,1,0.5951,Too Many Ads
SPOT-103177,0,0.3821,Active
SPOT-103178,0,0.3732,Active
SPOT-103179,0,0.5123,Active
SPOT-103180,0,0.4246,Active
SPOT-103181,1,0.6331,Price / Cost
SPOT-103182,1,0.572,Switched to Competitor
SPOT-103183,0,0.5388,Active
SPOT-103184,0,0.4554,Active
SPOT-103185,0,0.4782,Active
SPOT-103186,0,0.5181,Active
SPOT-103187,0,0.2266,Active
SPOT-103188,0,0.376,Active
SPOT-103189,0,0.2868,Active
SPOT-103190,0,0.3718,Active
SPOT-103191,0,0.4883,Active
SPOT-103192,1,0.6472,Too Many Ads
SPOT-103193,0,0.4858,Active
SPOT-103194,0,0.3552,Active
SPOT-103195,0,0.5259,Active
SPOT-103196,0,0.2697,Active
SPOT-103197,0,0.5294,Active
SPOT-103198,1,0.5881,Low Usage / No Time
SPOT-103199,0,0.3879,Active
SPOT-103200,0,0.3801,Active
SPOT-103201,0,0.296,Active
SPOT-103202,0,0.2441,Active
SPOT-103203,0,0.5608,Active
SPOT-103204,0,0.4689,Active
SPOT-103205,0,0.3577,Active
SPOT-103206,1,0.6389,Low Usage / No Time
SPOT-103207,1,0.573,Switched to Competitor
SPOT-103208,0,0.4983,Active
SPOT-103209,0,0.2979,Active
SPOT-103210,0,0.3057,Active
SPOT-103211,0,0.196,Active
SPOT-103212,0,0.5022,Active
SPOT-103213,0,0.2793,Active
SPOT-103214,0,0.3818,Active
SPOT-103215,0,0.3306,Active
SPOT-103216,0,0.1831,Active
SPOT-103217,1,0.621,Low Usage / No Time
SPOT-103218,0,0.0974,Active
SPOT-103219,0,0.4977,Active
SPOT-103220,1,0.5798,Too Many Ads
SPOT-103221,1,0.6168,Switched to Competitor
SPOT-103222,0,0.2796,Active
SPOT-103223,0,0.3594,Active
SPOT-103224,1,0.7458,Too Many Ads
SPOT-103225,0,0.3501,Active
SPOT-103226,0,0.4266,Active
SPOT-103227,0,0.5615,Active
SPOT-103228,0,0.2886,Active
SPOT-103229,1,0.5869,Low Usage / No Time
SPOT-103230,0,0.3699,Active
SPOT-103231,0,0.2669,Active
SPOT-103232,0,0.2396,Active
SPOT-103233,0,0.5163,Active
SPOT-103234,0,0.2972,Active
SPOT-103235,0,0.3505,Active
SPOT-103236,0,0.2238,Active
SPOT-103237,1,0.6662,Switched to Competitor
SPOT-103238,1,0.6407,Switched to Competitor
SPOT-103239,0,0.5129,Active
SPOT-103240,0,0.3248,Active
SPOT-103241,0,0.3714,Active
SPOT-103242,0,0.3303,Active
SPOT-103243,0,0.4781,Active
SPOT-103244,0,0.4198,Active
SPOT-103245,0,0.3004,Active
SPOT-103246,0,0.4003,Active
SPOT-103247,1,0.5973,Price / Cost
SPOT-103248,0,0.2986,Active
SPOT-103249,0,0.2004,Active
SPOT-103250,1,0.5925,Switched to Competitor
SPOT-103251,0,0.3046,Active
SPOT-103252,0,0.3034,Active
SPOT-103253,0,0.3753,Active
SPOT-103254,0,0.1133,Active
SPOT-103255,0,0.3063,Active
SPOT-103256,0,0.2967,Active
SPOT-103257,0,0.3754,Active
SPOT-103258,0,0.5538,Active
SPOT-103259,0,0.306,Active
SPOT-103260,0,0.5247,Active
SPOT-103261,0,0.5094,Active
SPOT-103262,0,0.3408,Active
SPOT-103263,0,0.462,Active
SPOT-103264,0,0.5256,Active
SPOT-103265,0,0.4957,Active
SPOT-103266,0,0.5309,Active
SPOT-103267,0,0.4865,Active
SPOT-103268,0,0.2786,Active
SPOT-103269,0,0.1377,Active
SPOT-103270,0,0.4926,Active
SPOT-103271,0,0.2187,Active
SPOT-103272,1,0.6769,Price / Cost
SPOT-103273,0,0.4765,Active
SPOT-103274,0,0.2513,Active
SPOT-103275,0,0.5158,Active
SPOT-103276,0,0.2695,Active
SPOT-103277,0,0.2627,Active
SPOT-103278,0,0.3376,Active
SPOT-103279,1,0.6018,Switched to Competitor
SPOT-103280,0,0.5532,Active
SPOT-103281,0,0.2574,Active
SPOT-103282,0,0.2438,Active
SPOT-103283,0,0.3504,Active
SPOT-103284,0,0.5131,Active
SPOT-103285,0,0.5392,Active
SPOT-103286,0,0.3503,Active
SPOT-103287,0,0.5529,Active
SPOT-103288,0,0.4028,Active
SPOT-103289,0,0.3633,Active
SPOT-103290,0,0.3267,Active
SPOT-103291,0,0.4044,Active
SPOT-103292,0,0.3411,Active
SPOT-103293,0,0.5088,Active
SPOT-103294,1,0.7635,Price / Cost
SPOT-103295,0,0.4329,Active
SPOT-103296,1,0.6839,Price / Cost
SPOT-103297,0,0.2821,Active
SPOT-103298,0,0.2518,Active
SPOT-103299,0,0.4375,Active
SPOT-103300,0,0.2324,Active
SPOT-103301,0,0.5437,Active
SPOT-103302,0,0.3979,Active
SPOT-103303,0,0.51,Active
SPOT-103304,0,0.437,Active
SPOT-103305,1,0.6951,Switched to Competitor
SPOT-103306,1,0.7166,Switched to Competitor
SPOT-103307,0,0.2266,Active
SPOT-103308,0,0.42,Active
SPOT-103309,1,0.7109,Price / Cost
SPOT-103310,0,0.257,Active
SPOT-103311,1,0.6622,Switched to Competitor
SPOT-103312,1,0.5714,Price / Cost
SPOT-103313,1,0.5882,Price / Cost
SPOT-103314,0,0.3029,Active
SPOT-103315,0,0.3066,Active
SPOT-103316,1,0.6492,Low Usage / No Time
SPOT-103317,0,0.4062,Active
SPOT-103318,0,0.3772,Active
SPOT-103319,0,0.3795,Active
SPOT-103320,0,0.3357,Active
SPOT-103321,1,0.5963,Price / Cost
SPOT-103322,1,0.6342,Price / Cost
SPOT-103323,0,0.3838,Active
SPOT-103324,0,0.2166,Active
SPOT-103325,0,0.2795,Active
SPOT-103326,0,0.1741,Active
SPOT-103327,1,0.6589,Price / Cost
SPOT-103328,0,0.4075,Active
SPOT-103329,0,0.2869,Active
SPOT-103330,0,0.5364,Active
SPOT-103331,0,0.4595,Active
SPOT-103332,0,0.2841,Active
SPOT-103333,1,0.7202,Switched to Competitor
SPOT-103334,0,0.4918,Active
SPOT-103335,1,0.6134,Technical Bugs
SPOT-103336,0,0.3401,Active
SPOT-103337,0,0.5602,Active
SPOT-103338,0,0.2606,Active
SPOT-103339,0,0.2649,Active
SPOT-103340,1,0.605,Price / Cost
SPOT-103341,0,0.4089,Active
SPOT-103342,0,0.5198,Active
SPOT-103343,0,0.3507,Active
SPOT-103344,1,0.7541,Price / Cost
SPOT-103345,0,0.5487,Active
SPOT-103346,0,0.4021,Active
SPOT-103347,0,0.4791,Active
SPOT-103348,0,0.2112,Active
SPOT-103349,0,0.3734,Active
SPOT-103350,0,0.1308,Active
SPOT-103351,0,0.3116,Active
SPOT-103352,1,0.6607,Low Usage / No Time
SPOT-103353,0,0.56,Active
SPOT-103354,0,0.2518,Active
SPOT-103355,0,0.4793,Active
SPOT-103356,0,0.521,Active
SPOT-103357,0,0.3963,Active
SPOT-103358,0,0.2224,Active
SPOT-103359,1,0.6674,Price / Cost
SPOT-103360,0,0.5296,Active
SPOT-103361,0,0.4804,Active
SPOT-103362,0,0.2911,Active
SPOT-103363,1,0.6752,Price / Cost
SPOT-103364,1,0.7279,Too Many Ads
SPOT-103365,0,0.4308,Active
SPOT-103366,1,0.7023,Price / Cost
SPOT-103367,0,0.5184,Active
SPOT-103368,0,0.472,Active
SPOT-103369,0,0.284,Active
SPOT-103370,0,0.5138,Active
SPOT-103371,0,0.3129,Active
SPOT-103372,0,0.2675,Active
SPOT-103373,0,0.4157,Active
SPOT-103374,0,0.3471,Active
SPOT-103375,0,0.2999,Active
SPOT-103376,0,0.2904,Active
SPOT-103377,1,0.6144,Too Many Ads
SPOT-103378,0,0.5497,Active
SPOT-103379,0,0.3919,Active
SPOT-103380,1,0.743,Too Many Ads
SPOT-103381,0,0.2507,Active
SPOT-103382,0,0.3925,Active
SPOT-103383,0,0.4295,Active
SPOT-103384,0,0.3997,Active
SPOT-103385,1,0.6389,Too Many Ads
SPOT-103386,0,0.4195,Active
SPOT-103387,1,0.5863,Price / Cost
SPOT-103388,0,0.3642,Active
SPOT-103389,0,0.3371,Active
SPOT-103390,0,0.2635,Active
SPOT-103391,0,0.3888,Active
SPOT-103392,0,0.4376,Active
SPOT-103393,1,0.6817,Switched to Competitor
SPOT-103394,0,0.5495,Active
SPOT-103395,0,0.4545,Active
SPOT-103396,0,0.1554,Active
SPOT-103397,0,0.4231,Active
SPOT-103398,0,0.3113,Active
SPOT-103399,0,0.2533,Active
SPOT-103400,1,0.6565,Low Usage / No Time
SPOT-103401,0,0.4656,Active
SPOT-103402,0,0.534,Active
SPOT-103403,1,0.6119,Price / Cost
SPOT-103404,0,0.3003,Active
SPOT-103405,0,0.4334,Active
SPOT-103406,0,0.3589,Active
SPOT-103407,0,0.2084,Active
SPOT-103408,0,0.4038,Active
SPOT-103409,1,0.5771,Price / Cost
SPOT-103410,0,0.2499,Active
SPOT-103411,0,0.2361,Active
SPOT-103412,0,0.4306,Active
SPOT-103413,1,0.6224,Price / Cost
SPOT-103414,0,0.2631,Active
SPOT-103415,1,0.6421,Too Many Ads
SPOT-103416,1,0.6659,Low Usage / No Time
SPOT-103417,0,0.252,Active
SPOT-103418,1,0.7492,Too Many Ads
SPOT-103419,0,0.3646,Active
SPOT-103420,1,0.5932,Low Usage / No Time
SPOT-103421,0,0.2906,Active
SPOT-103422,0,0.4593,Active
SPOT-103423,0,0.4462,Active
SPOT-103424,1,0.5955,Too Many Ads
SPOT-103425,0,0.4085,Active
SPOT-103426,0,0.3714,Active
SPOT-103427,1,0.5736,Too Many Ads
SPOT-103428,0,0.4734,Active
SPOT-103429,0,0.2679,Active
SPOT-103430,0,0.1782,Active
SPOT-103431,0,0.3232,Active
SPOT-103432,0,0.2614,Active
SPOT-103433,0,0.3965,Active
SPOT-103434,0,0.3221,Active
SPOT-103435,0,0.4217,Active
SPOT-103436,0,0.3547,Active
SPOT-103437,0,0.1389,Active
SPOT-103438,0,0.5167,Active
SPOT-103439,0,0.4444,Active
SPOT-103440,0,0.1053,Active
SPOT-103441,0,0.2266,Active
SPOT-103442,0,0.2143,Active
SPOT-103443,0,0.2001,Active
SPOT-103444,0,0.1998,Active
SPOT-103445,0,0.3903,Active
SPOT-103446,0,0.3683,Active
SPOT-103447,0,0.3164,Active
SPOT-103448,0,0.2912,Active
SPOT-103449,0,0.4947,Active
SPOT-103450,0,0.3776,Active
SPOT-103451,0,0.254,Active
SPOT-103452,0,0.2814,Active
SPOT-103453,0,0.4757,Active
SPOT-103454,0,0.5285,Active
SPOT-103455,0,0.5669,Active
SPOT-103456,0,0.2944,Active
SPOT-103457,0,0.2,Active
SPOT-103458,0,0.3024,Active
SPOT-103459,0,0.3995,Active
SPOT-103460,0,0.3175,Active
SPOT-103461,0,0.4966,Active
SPOT-103462,0,0.3154,Active
SPOT-103463,0,0.4498,Active
SPOT-103464,0,0.3966,Active
SPOT-103465,0,0.3618,Active
SPOT-103466,1,0.8419,Switched to Competitor
SPOT-103467,1,0.6322,Switched to Competitor
SPOT-103468,1,0.648,Too Many Ads
SPOT-103469,0,0.2775,Active
SPOT-103470,0,0.4463,Active
SPOT-103471,0,0.1664,Active
SPOT-103472,1,0.7081,Too Many Ads
SPOT-103473,1,0.5833,Too Many Ads
SPOT-103474,0,0.4579,Active
SPOT-103475,0,0.4568,Active
SPOT-103476,1,0.5824,Switched to Competitor
SPOT-103477,0,0.4896,Active
SPOT-103478,0,0.5325,Active
SPOT-103479,0,0.4754,Active
SPOT-103480,1,0.7242,Low Usage / No Time
SPOT-103481,0,0.3899,Active
SPOT-103482,0,0.3944,Active
SPOT-103483,0,0.397,Active
SPOT-103484,0,0.4816,Active
SPOT-103485,0,0.2454,Active
SPOT-103486,1,0.7082,Price / Cost
SPOT-103487,0,0.4488,Active
SPOT-103488,1,0.5833,Too Many Ads
SPOT-103489,1,0.6857,Low Usage / No Time
SPOT-103490,0,0.3205,Active
SPOT-103491,0,0.3354,Active
SPOT-103492,0,0.3339,Active
SPOT-103493,1,0.6647,Price / Cost
SPOT-103494,0,0.4241,Active
SPOT-103495,0,0.454,Active
SPOT-103496,1,0.7415,Price / Cost
SPOT-103497,1,0.6376,Too Many Ads
SPOT-103498,0,0.3401,Active
SPOT-103499,1,0.6488,Price / Cost
SPOT-103500,0,0.5088,Active
SPOT-103501,0,0.5594,Active
SPOT-103502,0,0.2861,Active
SPOT-103503,1,0.5934,Too Many Ads
SPOT-103504,0,0.3348,Active
SPOT-103505,0,0.2448,Active
SPOT-103506,0,0.2078,Active
SPOT-103507,0,0.3493,Active
SPOT-103508,0,0.317,Active
SPOT-103509,0,0.2532,Active
SPOT-103510,0,0.4997,Active
SPOT-103511,0,0.5177,Active
SPOT-103512,1,0.6703,Price / Cost
SPOT-103513,1,0.713,Price / Cost
SPOT-103514,1,0.6008,Low Usage / No Time
SPOT-103515,1,0.5811,Too Many Ads
SPOT-103516,1,0.5765,Too Many Ads
SPOT-103517,0,0.2141,Active
SPOT-103518,0,0.4269,Active
SPOT-103519,0,0.4163,Active
SPOT-103520,0,0.55,Active
SPOT-103521,0,0.3676,Active
SPOT-103522,0,0.3746,Active
SPOT-103523,0,0.3124,Active
SPOT-103524,0,0.4857,Active
SPOT-103525,0,0.321,Active
SPOT-103526,0,0.4373,Active
SPOT-103527,1,0.7038,Switched to Competitor
SPOT-103528,1,0.6921,Too Many Ads
SPOT-103529,0,0.5262,Active
SPOT-103530,0,0.2194,Active
SPOT-103531,1,0.5784,Price / Cost
SPOT-103532,0,0.3308,Active
SPOT-103533,0,0.4388,Active
SPOT-103534,0,0.5145,Active
SPOT-103535,1,0.6219,Low Usage / No Time
SPOT-103536,0,0.3536,Active
SPOT-103537,1,0.7272,Price / Cost
SPOT-103538,0,0.4952,Active
SPOT-103539,0,0.3488,Active
SPOT-103540,0,0.4639,Active
SPOT-103541,0,0.3994,Active
SPOT-103542,0,0.3269,Active
SPOT-103543,0,0.5651,Active
SPOT-103544,0,0.3103,Active
SPOT-103545,0,0.4453,Active
SPOT-103546,0,0.3647,Active
SPOT-103547,0,0.2895,Active
SPOT-103548,0,0.4298,Active
SPOT-103549,1,0.7183,Low Usage / No Time
SPOT-103550,0,0.4757,Active
SPOT-103551,0,0.4347,Active
SPOT-103552,0,0.2796,Active
SPOT-103553,0,0.3375,Active
SPOT-103554,1,0.588,Price / Cost
SPOT-103555,0,0.4078,Active
SPOT-103556,0,0.4725,Active
SPOT-103557,0,0.4463,Active
SPOT-103558,0,0.4185,Active
SPOT-103559,1,0.675,Technical Bugs
SPOT-103560,0,0.5397,Active
SPOT-103561,1,0.5704,Price / Cost
SPOT-103562,1,0.5932,Switched to Competitor
SPOT-103563,1,0.6012,Too Many Ads
SPOT-103564,0,0.5061,Active
SPOT-103565,0,0.0931,Active
SPOT-103566,1,0.6746,Too Many Ads
SPOT-103567,0,0.5355,Active
SPOT-103568,0,0.2709,Active
SPOT-103569,0,0.3638,Active
SPOT-103570,0,0.3536,Active
SPOT-103571,1,0.5889,Price / Cost
SPOT-103572,1,0.6582,Too Many Ads
SPOT-103573,0,0.2281,Active
SPOT-103574,0,0.3954,Active
SPOT-103575,0,0.2129,Active
SPOT-103576,0,0.4064,Active
SPOT-103577,0,0.5278,Active
SPOT-103578,0,0.4091,Active
SPOT-103579,0,0.4714,Active
SPOT-103580,0,0.225,Active
SPOT-103581,0,0.2964,Active
SPOT-103582,0,0.3617,Active
SPOT-103583,0,0.3621,Active
SPOT-103584,0,0.188,Active
SPOT-103585,0,0.5363,Active
SPOT-103586,0,0.3151,Active
SPOT-103587,0,0.4702,Active
SPOT-103588,0,0.5662,Active
SPOT-103589,0,0.2485,Active
SPOT-103590,1,0.5873,Price / Cost
SPOT-103591,0,0.4775,Active
SPOT-103592,0,0.519,Active
SPOT-103593,1,0.6432,Switched to Competitor
SPOT-103594,1,0.5818,Switched to Competitor
SPOT-103595,0,0.1711,Active
SPOT-103596,0,0.2705,Active
SPOT-103597,0,0.3663,Active
SPOT-103598,0,0.3677,Active
SPOT-103599,0,0.2271,Active
SPOT-103600,0,0.4002,Active
SPOT-103601,0,0.3227,Active
SPOT-103602,0,0.3571,Active
SPOT-103603,0,0.4867,Active
SPOT-103604,0,0.2294,Active
SPOT-103605,0,0.1056,Active
SPOT-103606,1,0.5784,Price / Cost
SPOT-103607,1,0.599,Too Many Ads
SPOT-103608,0,0.4257,Active
SPOT-103609,0,0.1409,Active
SPOT-103610,0,0.2913,Active
SPOT-103611,0,0.5406,Active
SPOT-103612,0,0.2688,Active
SPOT-103613,0,0.4651,Active
SPOT-103614,0,0.3202,Active
SPOT-103615,0,0.5386,Active
SPOT-103616,0,0.4826,Active
SPOT-103617,0,0.2435,Active
SPOT-103618,0,0.4135,Active
SPOT-103619,0,0.3757,Active
SPOT-103620,0,0.2298,Active
SPOT-103621,0,0.5068,Active
SPOT-103622,1,0.7452,Price / Cost
SPOT-103623,0,0.3827,Active
SPOT-103624,0,0.3427,Active
SPOT-103625,0,0.2173,Active
SPOT-103626,0,0.2724,Active
SPOT-103627,0,0.536,Active
SPOT-103628,0,0.2228,Active
SPOT-103629,0,0.2501,Active
SPOT-103630,1,0.6685,Price / Cost
SPOT-103631,0,0.4655,Active
SPOT-103632,0,0.4378,Active
SPOT-103633,1,0.7507,Low Usage / No Time
SPOT-103634,0,0.5162,Active
SPOT-103635,1,0.6857,Price / Cost
SPOT-103636,0,0.5262,Active
SPOT-103637,0,0.2433,Active
SPOT-103638,1,0.6134,Price / Cost
SPOT-103639,0,0.3412,Active
SPOT-103640,0,0.4206,Active
SPOT-103641,0,0.2843,Active
SPOT-103642,1,0.6035,Price / Cost
SPOT-103643,0,0.2818,Active
SPOT-103644,0,0.4887,Active
SPOT-103645,0,0.2643,Active
SPOT-103646,0,0.4379,Active
SPOT-103647,0,0.3522,Active
SPOT-103648,1,0.7179,Switched to Competitor
SPOT-103649,1,0.6798,Low Usage / No Time
SPOT-103650,0,0.4862,Active
SPOT-103651,0,0.4878,Active
SPOT-103652,0,0.2522,Active
SPOT-103653,0,0.4698,Active
SPOT-103654,1,0.6402,Low Usage / No Time
SPOT-103655,0,0.412,Active
SPOT-103656,0,0.409,Active
SPOT-103657,1,0.6174,Price / Cost
SPOT-103658,1,0.7208,Low Usage / No Time
SPOT-103659,0,0.3791,Active
SPOT-103660,0,0.4632,Active
SPOT-103661,0,0.233,Active
SPOT-103662,1,0.749,Technical Bugs
SPOT-103663,0,0.2338,Active
SPOT-103664,0,0.5557,Active
SPOT-103665,0,0.4259,Active
SPOT-103666,0,0.3901,Active
SPOT-103667,0,0.4699,Active
SPOT-103668,1,0.5829,Switched to Competitor
SPOT-103669,0,0.3311,Active
SPOT-103670,0,0.4287,Active
SPOT-103671,0,0.2107,Active
SPOT-103672,0,0.3203,Active
SPOT-103673,0,0.349,Active
SPOT-103674,0,0.3574,Active
SPOT-103675,0,0.1242,Active
SPOT-103676,0,0.3575,Active
SPOT-103677,0,0.3661,Active
SPOT-103678,0,0.4122,Active
SPOT-103679,0,0.5437,Active
SPOT-103680,0,0.4846,Active
SPOT-103681,0,0.3073,Active
SPOT-103682,0,0.3966,Active
SPOT-103683,0,0.3433,Active
SPOT-103684,0,0.5166,Active
SPOT-103685,0,0.3216,Active
SPOT-103686,0,0.31,Active
SPOT-103687,0,0.3907,Active
SPOT-103688,0,0.217,Active
SPOT-103689,0,0.434,Active
SPOT-103690,0,0.4183,Active
SPOT-103691,0,0.3693,Active
SPOT-103692,0,0.3802,Active
SPOT-103693,0,0.4045,Active
SPOT-103694,0,0.1738,Active
SPOT-103695,1,0.5786,Price / Cost
SPOT-103696,1,0.6398,Switched to Competitor
SPOT-103697,0,0.313,Active
SPOT-103698,0,0.4659,Active
SPOT-103699,0,0.2337,Active
SPOT-103700,0,0.3285,Active
SPOT-103701,0,0.4546,Active
SPOT-103702,0,0.5342,Active
SPOT-103703,0,0.4005,Active
SPOT-103704,0,0.387,Active
SPOT-103705,0,0.3089,Active
SPOT-103706,0,0.2476,Active
SPOT-103707,0,0.4702,Active
SPOT-103708,0,0.324,Active
SPOT-103709,1,0.5772,Price / Cost
SPOT-103710,0,0.3292,Active
SPOT-103711,0,0.2875,Active
SPOT-103712,0,0.172,Active
SPOT-103713,0,0.3228,Active
SPOT-103714,0,0.5443,Active
SPOT-103715,0,0.286,Active
SPOT-103716,0,0.3637,Active
SPOT-103717,0,0.4618,Active
SPOT-103718,0,0.3755,Active
SPOT-103719,1,0.6398,Low Usage / No Time
SPOT-103720,0,0.3708,Active
SPOT-103721,0,0.4107,Active
SPOT-103722,0,0.3922,Active
SPOT-103723,0,0.3743,Active
SPOT-103724,0,0.3586,Active
SPOT-103725,0,0.4903,Active
SPOT-103726,0,0.531,Active
SPOT-103727,0,0.3798,Active
SPOT-103728,0,0.1708,Active
SPOT-103729,1,0.6304,Low Usage / No Time
SPOT-103730,0,0.3278,Active
SPOT-103731,0,0.5315,Active
SPOT-103732,0,0.3175,Active
SPOT-103733,0,0.2191,Active
SPOT-103734,0,0.1228,Active
SPOT-103735,1,0.5973,Technical Bugs
SPOT-103736,0,0.4231,Active
SPOT-103737,0,0.3437,Active
SPOT-103738,0,0.425,Active
SPOT-103739,0,0.4023,Active
SPOT-103740,1,0.6747,Low Usage / No Time
SPOT-103741,0,0.5488,Active
SPOT-103742,1,0.7426,Price / Cost
SPOT-103743,0,0.5026,Active
SPOT-103744,0,0.4573,Active
SPOT-103745,0,0.5127,Active
SPOT-103746,0,0.2297,Active
SPOT-103747,0,0.4631,Active
SPOT-103748,1,0.6536,Too Many Ads
SPOT-103749,0,0.1068,Active
SPOT-103750,0,0.2385,Active
SPOT-103751,0,0.3553,Active
SPOT-103752,0,0.3742,Active
SPOT-103753,1,0.6182,Technical Bugs
SPOT-103754,1,0.5708,Price / Cost
SPOT-103755,0,0.0957,Active
SPOT-103756,0,0.3949,Active
SPOT-103757,0,0.3691,Active
SPOT-103758,0,0.3227,Active
SPOT-103759,0,0.3896,Active
SPOT-103760,0,0.2767,Active
SPOT-103761,0,0.4665,Active
SPOT-103762,0,0.3471,Active
SPOT-103763,0,0.5174,Active
SPOT-103764,0,0.3426,Active
SPOT-103765,1,0.6471,Low Usage / No Time
SPOT-103766,0,0.3627,Active
SPOT-103767,0,0.3619,Active
SPOT-103768,0,0.5087,Active
SPOT-103769,0,0.3207,Active
SPOT-103770,0,0.4336,Active
SPOT-103771,0,0.3307,Active
SPOT-103772,0,0.3632,Active
SPOT-103773,0,0.2337,Active
SPOT-103774,1,0.5915,Price / Cost
SPOT-103775,0,0.5084,Active
SPOT-103776,1,0.5956,Low Usage / No Time
SPOT-103777,0,0.2271,Active
SPOT-103778,0,0.1731,Active
SPOT-103779,1,0.7626,Price / Cost
SPOT-103780,0,0.4136,Active
SPOT-103781,0,0.4335,Active
SPOT-103782,0,0.3114,Active
SPOT-103783,0,0.1147,Active
SPOT-103784,0,0.3208,Active
SPOT-103785,0,0.5158,Active
SPOT-103786,0,0.2759,Active
SPOT-103787,0,0.2087,Active
SPOT-103788,0,0.26,Active
SPOT-103789,1,0.6721,Too Many Ads
SPOT-103790,0,0.5457,Active
SPOT-103791,0,0.3532,Active
SPOT-103792,0,0.2231,Active
SPOT-103793,1,0.6283,Price / Cost
SPOT-103794,0,0.101,Active
SPOT-103795,0,0.3802,Active
SPOT-103796,0,0.3927,Active
SPOT-103797,0,0.4873,Active
SPOT-103798,0,0.4098,Active
SPOT-103799,0,0.3671,Active
SPOT-103800,0,0.5559,Active
SPOT-103801,0,0.2749,Active
SPOT-103802,0,0.5558,Active
SPOT-103803,0,0.4854,Active
SPOT-103804,1,0.7688,Too Many Ads
SPOT-103805,0,0.4647,Active
SPOT-103806,0,0.2299,Active
SPOT-103807,1,0.5953,Low Usage / No Time
SPOT-103808,0,0.2805,Active
SPOT-103809,0,0.4888,Active
SPOT-103810,1,0.7242,Too Many Ads
SPOT-103811,0,0.394,Active
SPOT-103812,0,0.1221,Active
SPOT-103813,0,0.2056,Active
SPOT-103814,1,0.5769,Price / Cost
SPOT-103815,1,0.7638,Too Many Ads
SPOT-103816,0,0.2177,Active
SPOT-103817,0,0.4232,Active
SPOT-103818,0,0.2933,Active
SPOT-103819,0,0.5527,Active
SPOT-103820,0,0.2909,Active
SPOT-103821,0,0.1573,Active
SPOT-103822,0,0.249,Active
SPOT-103823,0,0.5057,Active
SPOT-103824,0,0.2458,Active
SPOT-103825,1,0.6386,Price / Cost
SPOT-103826,0,0.5447,Active
SPOT-103827,0,0.3319,Active
SPOT-103828,0,0.5504,Active
SPOT-103829,0,0.3551,Active
SPOT-103830,0,0.5508,Active
SPOT-103831,1,0.5775,Low Usage / No Time
SPOT-103832,0,0.4352,Active
SPOT-103833,1,0.711,Too Many Ads
SPOT-103834,0,0.1202,Active
SPOT-103835,0,0.1298,Active
SPOT-103836,0,0.4011,Active
SPOT-103837,0,0.3247,Active
SPOT-103838,0,0.1284,Active
SPOT-103839,0,0.336,Active
SPOT-103840,0,0.2614,Active
SPOT-103841,0,0.2413,Active
SPOT-103842,0,0.342,Active
SPOT-103843,1,0.6401,Low Usage / No Time
SPOT-103844,0,0.3655,Active
SPOT-103845,0,0.4143,Active
SPOT-103846,0,0.4999,Active
SPOT-103847,0,0.314,Active
SPOT-103848,0,0.188,Active
SPOT-103849,0,0.4191,Active
SPOT-103850,0,0.296,Active
SPOT-103851,0,0.2882,Active
SPOT-103852,0,0.2427,Active
SPOT-103853,0,0.1848,Active
SPOT-103854,0,0.4821,Active
SPOT-103855,1,0.6084,Price / Cost
SPOT-103856,0,0.241,Active
SPOT-103857,0,0.4109,Active
SPOT-103858,0,0.5528,Active
SPOT-103859,0,0.5658,Active
SPOT-103860,0,0.4457,Active
SPOT-103861,0,0.5098,Active
SPOT-103862,0,0.2134,Active
SPOT-103863,0,0.392,Active
SPOT-103864,0,0.4428,Active
SPOT-103865,0,0.512,Active
SPOT-103866,0,0.2989,Active
SPOT-103867,0,0.2903,Active
SPOT-103868,0,0.4063,Active
SPOT-103869,0,0.5019,Active
SPOT-103870,0,0.3576,Active
SPOT-103871,0,0.2965,Active
SPOT-103872,0,0.2801,Active
SPOT-103873,0,0.2289,Active
SPOT-103874,1,0.6952,Switched to Competitor
SPOT-103875,0,0.3105,Active
SPOT-103876,0,0.4897,Active
SPOT-103877,1,0.6075,Too Many Ads
SPOT-103878,0,0.2053,Active
SPOT-103879,0,0.3577,Active
SPOT-103880,0,0.4392,Active
SPOT-103881,0,0.3896,Active
SPOT-103882,0,0.3134,Active
SPOT-103883,1,0.6688,Price / Cost
SPOT-103884,1,0.6038,Price / Cost
SPOT-103885,0,0.4733,Active
SPOT-103886,0,0.2877,Active
SPOT-103887,0,0.3947,Active
SPOT-103888,0,0.2723,Active
SPOT-103889,1,0.6141,Price / Cost
SPOT-103890,0,0.4696,Active
SPOT-103891,0,0.4294,Active
SPOT-103892,1,0.6663,Switched to Competitor
SPOT-103893,0,0.3641,Active
SPOT-103894,0,0.3197,Active
SPOT-103895,0,0.421,Active
SPOT-103896,0,0.2591,Active
SPOT-103897,0,0.1951,Active
SPOT-103898,0,0.4342,Active
SPOT-103899,0,0.1673,Active
SPOT-103900,0,0.265,Active
SPOT-103901,0,0.3554,Active
SPOT-103902,0,0.2438,Active
SPOT-103903,0,0.3213,Active
SPOT-103904,0,0.3172,Active
SPOT-103905,0,0.3602,Active
SPOT-103906,0,0.422,Active
SPOT-103907,0,0.4019,Active
SPOT-103908,1,0.5715,Too Many Ads
SPOT-103909,0,0.484,Active
SPOT-103910,0,0.3979,Active
SPOT-103911,0,0.1656,Active
SPOT-103912,0,0.4461,Active
SPOT-103913,0,0.2065,Active
SPOT-103914,0,0.2517,Active
SPOT-103915,0,0.2895,Active
SPOT-103916,0,0.3561,Active
SPOT-103917,0,0.123,Active
SPOT-103918,0,0.3291,Active
SPOT-103919,0,0.3239,Active
SPOT-103920,0,0.4027,Active
SPOT-103921,0,0.5355,Active
SPOT-103922,0,0.564,Active
SPOT-103923,1,0.7251,Price / Cost
SPOT-103924,0,0.4264,Active
SPOT-103925,0,0.2296,Active
SPOT-103926,0,0.2878,Active
SPOT-103927,1,0.6292,Price / Cost
SPOT-103928,0,0.3754,Active
SPOT-103929,0,0.2206,Active
SPOT-103930,0,0.3696,Active
SPOT-103931,0,0.344,Active
SPOT-103932,0,0.2193,Active
SPOT-103933,0,0.2499,Active
SPOT-103934,0,0.3786,Active
SPOT-103935,0,0.377,Active
SPOT-103936,0,0.3323,Active
SPOT-103937,0,0.5262,Active
SPOT-103938,0,0.401,Active
SPOT-103939,0,0.2052,Active
SPOT-103940,1,0.6266,Price / Cost
SPOT-103941,0,0.3024,Active
SPOT-103942,0,0.2291,Active
SPOT-103943,0,0.5234,Active
SPOT-103944,0,0.389,Active
SPOT-103945,0,0.3315,Active
SPOT-103946,0,0.3863,Active
SPOT-103947,1,0.5881,Price / Cost
SPOT-103948,0,0.348,Active
SPOT-103949,0,0.3779,Active
SPOT-103950,0,0.3533,Active
SPOT-103951,1,0.6074,Switched to Competitor
SPOT-103952,0,0.2713,Active
SPOT-103953,0,0.2932,Active
SPOT-103954,0,0.3142,Active
SPOT-103955,0,0.3446,Active
SPOT-103956,0,0.3442,Active
SPOT-103957,1,0.5701,Price / Cost
SPOT-103958,0,0.5623,Active
SPOT-103959,0,0.3657,Active
SPOT-103960,0,0.4575,Active
SPOT-103961,0,0.5103,Active
SPOT-103962,0,0.2668,Active
SPOT-103963,0,0.3569,Active
SPOT-103964,0,0.2906,Active
SPOT-103965,1,0.7848,Switched to Competitor
SPOT-103966,0,0.3406,Active
SPOT-103967,1,0.6276,Too Many Ads
SPOT-103968,0,0.305,Active
SPOT-103969,0,0.222,Active
SPOT-103970,0,0.3705,Active
SPOT-103971,0,0.3867,Active
SPOT-103972,0,0.2642,Active
SPOT-103973,0,0.4829,Active
SPOT-103974,0,0.4635,Active
SPOT-103975,0,0.3012,Active
SPOT-103976,1,0.5687,Low Usage / No Time
SPOT-103977,1,0.6126,Price / Cost
SPOT-103978,0,0.5303,Active
SPOT-103979,0,0.4321,Active
SPOT-103980,0,0.2691,Active
SPOT-103981,0,0.4001,Active
SPOT-103982,0,0.359,Active
SPOT-103983,1,0.579,Low Usage / No Time
SPOT-103984,0,0.3144,Active
SPOT-103985,0,0.537,Active
SPOT-103986,0,0.3219,Active
SPOT-103987,0,0.5644,Active
SPOT-103988,0,0.4027,Active
SPOT-103989,0,0.3306,Active
SPOT-103990,0,0.2147,Active
SPOT-103991,0,0.4593,Active
SPOT-103992,0,0.2733,Active
SPOT-103993,0,0.2998,Active
SPOT-103994,1,0.6992,Low Usage / No Time
SPOT-103995,1,0.5823,Switched to Competitor
SPOT-103996,0,0.4076,Active
SPOT-103997,0,0.1927,Active
SPOT-103998,0,0.5266,Active
SPOT-103999,0,0.3445,Active
SPOT-104000,0,0.3609,Active
SPOT-104001,0,0.4054,Active
SPOT-104002,1,0.7463,Too Many Ads
SPOT-104003,0,0.4188,Active
SPOT-104004,0,0.4885,Active
SPOT-104005,0,0.2921,Active
SPOT-104006,0,0.1695,Active
SPOT-104007,0,0.472,Active
SPOT-104008,0,0.3327,Active
SPOT-104009,1,0.6865,Technical Bugs
SPOT-104010,0,0.3831,Active
SPOT-104011,1,0.6224,Price / Cost
SPOT-104012,0,0.3785,Active
SPOT-104013,0,0.5231,Active
SPOT-104014,0,0.3662,Active
SPOT-104015,0,0.3149,Active
SPOT-104016,1,0.7066,Price / Cost
SPOT-104017,0,0.4823,Active
SPOT-104018,0,0.3271,Active
SPOT-104019,0,0.1046,Active
SPOT-104020,0,0.2406,Active
SPOT-104021,0,0.4115,Active
SPOT-104022,0,0.4088,Active
SPOT-104023,0,0.2311,Active
SPOT-104024,0,0.3625,Active
SPOT-104025,0,0.3876,Active
SPOT-104026,0,0.2431,Active
SPOT-104027,0,0.2667,Active
SPOT-104028,0,0.3286,Active
SPOT-104029,0,0.3429,Active
SPOT-104030,0,0.5495,Active
SPOT-104031,0,0.1914,Active
SPOT-104032,0,0.4397,Active
SPOT-104033,0,0.3544,Active
SPOT-104034,0,0.2693,Active
SPOT-104035,0,0.2742,Active
SPOT-104036,0,0.3974,Active
SPOT-104037,1,0.6569,Switched to Competitor
SPOT-104038,0,0.5085,Active
SPOT-104039,0,0.2987,Active
SPOT-104040,0,0.2297,Active
SPOT-104041,1,0.583,Switched to Competitor
SPOT-104042,0,0.5018,Active
SPOT-104043,0,0.4379,Active
SPOT-104044,0,0.4761,Active
SPOT-104045,0,0.1719,Active
SPOT-104046,0,0.3895,Active
SPOT-104047,0,0.3239,Active
SPOT-104048,0,0.1746,Active
SPOT-104049,0,0.4571,Active
SPOT-104050,0,0.5478,Active
SPOT-104051,0,0.1173,Active
SPOT-104052,0,0.4153,Active
SPOT-104053,0,0.4062,Active
SPOT-104054,0,0.3049,Active
SPOT-104055,0,0.2719,Active
SPOT-104056,1,0.6098,Price / Cost
SPOT-104057,1,0.6962,Switched to Competitor
SPOT-104058,0,0.4113,Active
SPOT-104059,0,0.3947,Active
SPOT-104060,0,0.3784,Active
SPOT-104061,0,0.5405,Active
SPOT-104062,1,0.6013,Switched to Competitor
SPOT-104063,1,0.5886,Low Usage / No Time
SPOT-104064,0,0.5102,Active
SPOT-104065,0,0.4221,Active
SPOT-104066,0,0.1873,Active
SPOT-104067,0,0.2492,Active
SPOT-104068,0,0.4097,Active
SPOT-104069,0,0.2537,Active
SPOT-104070,1,0.6156,Price / Cost
SPOT-104071,0,0.4249,Active
SPOT-104072,0,0.4275,Active
SPOT-104073,1,0.6511,Switched to Competitor
SPOT-104074,0,0.4614,Active
SPOT-104075,1,0.6534,Low Usage / No Time
SPOT-104076,0,0.3697,Active
SPOT-104077,0,0.2051,Active
SPOT-104078,0,0.3116,Active
SPOT-104079,1,0.5873,Low Usage / No Time
SPOT-104080,0,0.3431,Active
SPOT-104081,0,0.4673,Active
SPOT-104082,0,0.5156,Active
SPOT-104083,0,0.379,Active
SPOT-104084,0,0.33,Active
SPOT-104085,0,0.5069,Active
SPOT-104086,0,0.5246,Active
SPOT-104087,0,0.4916,Active
SPOT-104088,0,0.4226,Active
SPOT-104089,0,0.2052,Active
SPOT-104090,0,0.2482,Active
SPOT-104091,0,0.2488,Active
SPOT-104092,0,0.4734,Active
SPOT-104093,0,0.0828,Active
SPOT-104094,1,0.6963,Price / Cost
SPOT-104095,0,0.4103,Active
SPOT-104096,0,0.1001,Active
SPOT-104097,0,0.4517,Active
SPOT-104098,0,0.3149,Active
SPOT-104099,1,0.7358,Switched to Competitor
SPOT-104100,0,0.2044,Active
SPOT-104101,1,0.5781,Technical Bugs
SPOT-104102,1,0.6554,Low Usage / No Time
SPOT-104103,0,0.353,Active
SPOT-104104,0,0.2111,Active
SPOT-104105,1,0.5689,Price / Cost
SPOT-104106,0,0.5031,Active
SPOT-104107,0,0.15,Active
SPOT-104108,0,0.4651,Active
SPOT-104109,0,0.3176,Active
SPOT-104110,0,0.3391,Active
SPOT-104111,1,0.6307,Switched to Competitor
SPOT-104112,1,0.6291,Price / Cost
SPOT-104113,0,0.3736,Active
SPOT-104114,0,0.3982,Active
SPOT-104115,0,0.4394,Active
SPOT-104116,1,0.6864,Price / Cost
SPOT-104117,1,0.5962,Too Many Ads
SPOT-104118,0,0.3115,Active
SPOT-104119,0,0.2006,Active
SPOT-104120,0,0.3718,Active
SPOT-104121,0,0.0956,Active
SPOT-104122,0,0.3608,Active
SPOT-104123,0,0.5441,Active
SPOT-104124,0,0.3534,Active
SPOT-104125,0,0.4982,Active
SPOT-104126,1,0.6054,Too Many Ads
SPOT-104127,0,0.3002,Active
SPOT-104128,0,0.1677,Active
SPOT-104129,0,0.3847,Active
SPOT-104130,1,0.6479,Too Many Ads
SPOT-104131,0,0.2638,Active
SPOT-104132,0,0.3672,Active
SPOT-104133,0,0.3332,Active
SPOT-104134,0,0.3931,Active
SPOT-104135,0,0.5368,Active
SPOT-104136,0,0.462,Active
SPOT-104137,0,0.4329,Active
SPOT-104138,0,0.3183,Active
SPOT-104139,0,0.2317,Active
SPOT-104140,0,0.1669,Active
SPOT-104141,0,0.4811,Active
SPOT-104142,0,0.4728,Active
SPOT-104143,0,0.5388,Active
SPOT-104144,0,0.5105,Active
SPOT-104145,0,0.2654,Active
SPOT-104146,0,0.1018,Active
SPOT-104147,1,0.5804,Price / Cost
SPOT-104148,0,0.3071,Active
SPOT-104149,0,0.5364,Active
SPOT-104150,0,0.5522,Active
SPOT-104151,0,0.3761,Active
SPOT-104152,0,0.1475,Active
SPOT-104153,0,0.296,Active
SPOT-104154,0,0.4653,Active
SPOT-104155,0,0.4026,Active
SPOT-104156,0,0.4357,Active
SPOT-104157,1,0.7096,Price / Cost
SPOT-104158,0,0.328,Active
SPOT-104159,0,0.5318,Active
SPOT-104160,0,0.2943,Active
SPOT-104161,0,0.2145,Active
SPOT-104162,0,0.1885,Active
SPOT-104163,0,0.218,Active
SPOT-104164,0,0.4787,Active
SPOT-104165,0,0.4133,Active
SPOT-104166,0,0.3285,Active
SPOT-104167,0,0.3704,Active
SPOT-104168,0,0.545,Active
SPOT-104169,0,0.2699,Active
SPOT-104170,0,0.339,Active
SPOT-104171,0,0.3346,Active
SPOT-104172,0,0.5385,Active
SPOT-104173,0,0.1658,Active
SPOT-104174,0,0.2954,Active
SPOT-104175,0,0.1654,Active
SPOT-104176,0,0.3186,Active
SPOT-104177,0,0.1899,Active
SPOT-104178,0,0.1954,Active
SPOT-104179,0,0.3101,Active
SPOT-104180,0,0.3841,Active
SPOT-104181,1,0.667,Price / Cost
SPOT-104182,0,0.3767,Active
SPOT-104183,0,0.4018,Active
SPOT-104184,0,0.3637,Active
SPOT-104185,0,0.2744,Active
SPOT-104186,0,0.4505,Active
SPOT-104187,0,0.2558,Active
SPOT-104188,0,0.3179,Active
SPOT-104189,0,0.2898,Active
SPOT-104190,0,0.5065,Active
SPOT-104191,1,0.6527,Switched to Competitor
SPOT-104192,0,0.4191,Active
SPOT-104193,0,0.3078,Active
SPOT-104194,0,0.2342,Active
SPOT-104195,0,0.3778,Active
SPOT-104196,0,0.5592,Active
SPOT-104197,0,0.3573,Active
SPOT-104198,1,0.5968,Too Many Ads
SPOT-104199,1,0.6767,Switched to Competitor
SPOT-104200,0,0.4896,Active
SPOT-104201,0,0.231,Active
SPOT-104202,0,0.4321,Active
SPOT-104203,0,0.1273,Active
SPOT-104204,1,0.5826,Too Many Ads
SPOT-104205,1,0.5787,Low Usage / No Time
SPOT-104206,0,0.4876,Active
SPOT-104207,1,0.6443,Price / Cost
SPOT-104208,0,0.4064,Active
SPOT-104209,0,0.2326,Active
SPOT-104210,0,0.3882,Active
SPOT-104211,0,0.3074,Active
SPOT-104212,0,0.2033,Active
SPOT-104213,0,0.5618,Active
SPOT-104214,0,0.0505,Active
SPOT-104215,1,0.6174,Low Usage / No Time
SPOT-104216,0,0.2489,Active
SPOT-104217,0,0.4314,Active
SPOT-104218,0,0.4782,Active
SPOT-104219,0,0.4896,Active
SPOT-104220,0,0.5198,Active
SPOT-104221,1,0.5871,Too Many Ads
SPOT-104222,1,0.6606,Too Many Ads
SPOT-104223,0,0.4908,Active
SPOT-104224,0,0.5581,Active
SPOT-104225,0,0.4165,Active
SPOT-104226,0,0.403,Active
SPOT-104227,0,0.2613,Active
SPOT-104228,0,0.4847,Active
SPOT-104229,1,0.6382,Too Many Ads
SPOT-104230,0,0.471,Active
SPOT-104231,0,0.4544,Active
SPOT-104232,0,0.5522,Active
SPOT-104233,1,0.7491,Low Usage / No Time
SPOT-104234,0,0.545,Active
SPOT-104235,0,0.1822,Active
SPOT-104236,0,0.3953,Active
SPOT-104237,1,0.7654,Price / Cost
SPOT-104238,0,0.3011,Active
SPOT-104239,0,0.5598,Active
SPOT-104240,0,0.5539,Active
SPOT-104241,0,0.5063,Active
SPOT-104242,0,0.4753,Active
SPOT-104243,0,0.3724,Active
SPOT-104244,0,0.1403,Active
SPOT-104245,0,0.327,Active
SPOT-104246,0,0.2125,Active
SPOT-104247,0,0.4955,Active
SPOT-104248,0,0.2029,Active
SPOT-104249,0,0.4514,Active
SPOT-104250,0,0.4146,Active
SPOT-104251,0,0.4255,Active
SPOT-104252,0,0.4244,Active
SPOT-104253,1,0.732,Price / Cost
SPOT-104254,0,0.485,Active
SPOT-104255,0,0.5582,Active
SPOT-104256,1,0.6191,Price / Cost
SPOT-104257,0,0.3039,Active
SPOT-104258,0,0.3703,Active
SPOT-104259,0,0.3124,Active
SPOT-104260,0,0.3223,Active
SPOT-104261,1,0.6706,Price / Cost
SPOT-104262,0,0.3793,Active
SPOT-104263,0,0.4877,Active
SPOT-104264,0,0.4786,Active
SPOT-104265,0,0.2049,Active
SPOT-104266,0,0.3721,Active
SPOT-104267,0,0.2753,Active
SPOT-104268,0,0.2076,Active
SPOT-104269,0,0.3534,Active
SPOT-104270,0,0.5511,Active
SPOT-104271,1,0.5873,Too Many Ads
SPOT-104272,1,0.6335,Switched to Competitor
SPOT-104273,0,0.5385,Active
SPOT-104274,0,0.435,Active
SPOT-104275,0,0.3079,Active
SPOT-104276,0,0.5475,Active
SPOT-104277,0,0.2009,Active
SPOT-104278,0,0.3189,Active
SPOT-104279,0,0.2696,Active
SPOT-104280,0,0.2277,Active
SPOT-104281,0,0.3085,Active
SPOT-104282,1,0.6862,Price / Cost
SPOT-104283,0,0.4595,Active
SPOT-104284,1,0.6266,Technical Bugs
SPOT-104285,0,0.4504,Active
SPOT-104286,0,0.3282,Active
SPOT-104287,0,0.5178,Active
SPOT-104288,0,0.2115,Active
SPOT-104289,0,0.5294,Active
SPOT-104290,0,0.4319,Active
SPOT-104291,0,0.3152,Active
SPOT-104292,0,0.2539,Active
SPOT-104293,0,0.4667,Active
SPOT-104294,0,0.3814,Active
SPOT-104295,0,0.3011,Active
SPOT-104296,0,0.3794,Active
SPOT-104297,0,0.3981,Active
SPOT-104298,0,0.3711,Active
SPOT-104299,0,0.5145,Active
SPOT-104300,1,0.6301,Price / Cost
SPOT-104301,0,0.3454,Active
SPOT-104302,0,0.2973,Active
SPOT-104303,0,0.4408,Active
SPOT-104304,1,0.6719,Low Usage / No Time
SPOT-104305,0,0.5389,Active
SPOT-104306,0,0.3127,Active
SPOT-104307,0,0.3489,Active
SPOT-104308,0,0.3896,Active
SPOT-104309,0,0.4623,Active
SPOT-104310,0,0.1981,Active
SPOT-104311,0,0.4434,Active
SPOT-104312,0,0.1706,Active
SPOT-104313,0,0.2893,Active
SPOT-104314,0,0.3071,Active
SPOT-104315,0,0.561,Active
SPOT-104316,0,0.421,Active
SPOT-104317,0,0.296,Active
SPOT-104318,1,0.586,Price / Cost
SPOT-104319,0,0.5034,Active
SPOT-104320,0,0.4333,Active
SPOT-104321,0,0.5073,Active
SPOT-104322,0,0.1873,Active
SPOT-104323,0,0.3261,Active
SPOT-104324,0,0.3555,Active
SPOT-104325,0,0.5098,Active
SPOT-104326,0,0.2066,Active
SPOT-104327,0,0.2214,Active
SPOT-104328,0,0.2011,Active
SPOT-104329,0,0.2198,Active
SPOT-104330,0,0.3483,Active
SPOT-104331,0,0.2284,Active
SPOT-104332,1,0.6053,Low Usage / No Time
SPOT-104333,0,0.3374,Active
SPOT-104334,0,0.3516,Active
SPOT-104335,0,0.4795,Active
SPOT-104336,0,0.2627,Active
SPOT-104337,0,0.2434,Active
SPOT-104338,0,0.3261,Active
SPOT-104339,0,0.248,Active
SPOT-104340,0,0.4,Active
SPOT-104341,0,0.4239,Active
SPOT-104342,0,0.4016,Active
SPOT-104343,1,0.6239,Low Usage / No Time
SPOT-104344,0,0.2932,Active
SPOT-104345,0,0.3084,Active
SPOT-104346,0,0.4194,Active
SPOT-104347,0,0.2281,Active
SPOT-104348,0,0.3865,Active
SPOT-104349,0,0.4134,Active
SPOT-104350,1,0.7096,Too Many Ads
SPOT-104351,0,0.367,Active
SPOT-104352,0,0.3875,Active
SPOT-104353,0,0.3427,Active
SPOT-104354,0,0.3623,Active
SPOT-104355,0,0.219,Active
SPOT-104356,0,0.5022,Active
SPOT-104357,0,0.2453,Active
SPOT-104358,0,0.2508,Active
SPOT-104359,0,0.2256,Active
SPOT-104360,1,0.7081,Switched to Competitor
SPOT-104361,0,0.5631,Active
SPOT-104362,0,0.4201,Active
SPOT-104363,0,0.4087,Active
SPOT-104364,1,0.7093,Price / Cost
SPOT-104365,0,0.5501,Active
SPOT-104366,0,0.2834,Active
SPOT-104367,0,0.4688,Active
SPOT-104368,0,0.3833,Active
SPOT-104369,0,0.3615,Active
SPOT-104370,0,0.2134,Active
SPOT-104371,0,0.5247,Active
SPOT-104372,0,0.346,Active
SPOT-104373,0,0.2968,Active
SPOT-104374,0,0.1628,Active
SPOT-104375,0,0.4737,Active
SPOT-104376,0,0.4537,Active
SPOT-104377,0,0.4348,Active
SPOT-104378,1,0.6289,Too Many Ads
SPOT-104379,0,0.3976,Active
SPOT-104380,1,0.6534,Price / Cost
SPOT-104381,0,0.4322,Active
SPOT-104382,0,0.4302,Active
SPOT-104383,0,0.2434,Active
SPOT-104384,0,0.3408,Active
SPOT-104385,0,0.2732,Active
SPOT-104386,0,0.2764,Active
SPOT-104387,0,0.2135,Active
SPOT-104388,1,0.7629,Too Many Ads
SPOT-104389,0,0.4233,Active
SPOT-104390,0,0.4861,Active
SPOT-104391,0,0.4601,Active
SPOT-104392,1,0.6465,Price / Cost
SPOT-104393,0,0.5601,Active
SPOT-104394,1,0.6445,Price / Cost
SPOT-104395,0,0.5181,Active
SPOT-104396,0,0.4442,Active
SPOT-104397,1,0.6876,Price / Cost
SPOT-104398,0,0.3665,Active
SPOT-104399,1,0.6041,Price / Cost
SPOT-104400,0,0.5463,Active
SPOT-104401,0,0.5524,Active
SPOT-104402,0,0.4081,Active
SPOT-104403,0,0.2307,Active
SPOT-104404,1,0.6793,Too Many Ads
SPOT-104405,1,0.6576,Price / Cost
SPOT-104406,0,0.39,Active
SPOT-104407,0,0.358,Active
SPOT-104408,0,0.4375,Active
SPOT-104409,1,0.6077,Price / Cost
SPOT-104410,0,0.5636,Active
SPOT-104411,0,0.5198,Active
SPOT-104412,0,0.297,Active
SPOT-104413,0,0.5653,Active
SPOT-104414,0,0.3703,Active
SPOT-104415,0,0.1654,Active
SPOT-104416,0,0.3486,Active
SPOT-104417,0,0.4564,Active
SPOT-104418,0,0.3024,Active
SPOT-104419,1,0.6704,Switched to Competitor
SPOT-104420,0,0.445,Active
SPOT-104421,0,0.4585,Active
SPOT-104422,0,0.1036,Active
SPOT-104423,0,0.2732,Active
SPOT-104424,0,0.4187,Active
SPOT-104425,0,0.4018,Active
SPOT-104426,0,0.2727,Active
SPOT-104427,0,0.2828,Active
SPOT-104428,0,0.5252,Active
SPOT-104429,0,0.4341,Active
SPOT-104430,0,0.3336,Active
SPOT-104431,1,0.7101,Switched to Competitor
SPOT-104432,0,0.5207,Active
SPOT-104433,0,0.4915,Active
SPOT-104434,0,0.2013,Active
SPOT-104435,0,0.1432,Active
SPOT-104436,0,0.3179,Active
SPOT-104437,0,0.398,Active
SPOT-104438,0,0.3608,Active
SPOT-104439,0,0.2538,Active
SPOT-104440,0,0.1989,Active
SPOT-104441,0,0.4917,Active
SPOT-104442,0,0.3099,Active
SPOT-104443,0,0.308,Active
SPOT-104444,0,0.1566,Active
SPOT-104445,1,0.6848,Too Many Ads
SPOT-104446,0,0.3465,Active
SPOT-104447,0,0.381,Active
SPOT-104448,0,0.4153,Active
SPOT-104449,0,0.4495,Active
SPOT-104450,0,0.544,Active
SPOT-104451,0,0.3435,Active
SPOT-104452,0,0.2174,Active
SPOT-104453,0,0.2075,Active
SPOT-104454,0,0.49,Active
SPOT-104455,0,0.2492,Active
SPOT-104456,0,0.4668,Active
SPOT-104457,1,0.5683,Too Many Ads
SPOT-104458,1,0.6771,Too Many Ads
SPOT-104459,0,0.4503,Active
SPOT-104460,0,0.1945,Active
SPOT-104461,0,0.1772,Active
SPOT-104462,1,0.7367,Price / Cost
SPOT-104463,0,0.2625,Active
SPOT-104464,1,0.5762,Too Many Ads
SPOT-104465,0,0.4781,Active
SPOT-104466,0,0.3273,Active
SPOT-104467,0,0.3967,Active
SPOT-104468,0,0.4584,Active
SPOT-104469,1,0.5711,Switched to Competitor
SPOT-104470,1,0.593,Too Many Ads
SPOT-104471,0,0.2265,Active
SPOT-104472,0,0.3813,Active
SPOT-104473,0,0.2665,Active
SPOT-104474,0,0.1836,Active
SPOT-104475,1,0.5943,Too Many Ads
SPOT-104476,1,0.6881,Switched to Competitor
SPOT-104477,1,0.7573,Switched to Competitor
SPOT-104478,1,0.6417,Price / Cost
SPOT-104479,0,0.4503,Active
SPOT-104480,0,0.4166,Active
SPOT-104481,0,0.3242,Active
SPOT-104482,0,0.4068,Active
SPOT-104483,0,0.182,Active
SPOT-104484,0,0.5593,Active
SPOT-104485,0,0.1607,Active
SPOT-104486,0,0.445,Active
SPOT-104487,0,0.3821,Active
SPOT-104488,0,0.1009,Active
SPOT-104489,0,0.3046,Active
SPOT-104490,0,0.2219,Active
SPOT-104491,0,0.2044,Active
SPOT-104492,0,0.4168,Active
SPOT-104493,0,0.4632,Active
SPOT-104494,0,0.2425,Active
SPOT-104495,0,0.4075,Active
SPOT-104496,0,0.5092,Active
SPOT-104497,0,0.2154,Active
SPOT-104498,0,0.2888,Active
SPOT-104499,0,0.3687,Active
SPOT-104500,0,0.3134,Active
SPOT-104501,0,0.2833,Active
SPOT-104502,0,0.5231,Active
SPOT-104503,0,0.5217,Active
SPOT-104504,0,0.3712,Active
SPOT-104505,1,0.6139,Too Many Ads
SPOT-104506,0,0.2359,Active
SPOT-104507,0,0.3639,Active
SPOT-104508,0,0.5451,Active
SPOT-104509,0,0.5242,Active
SPOT-104510,0,0.1631,Active
SPOT-104511,0,0.2406,Active
SPOT-104512,0,0.4643,Active
SPOT-104513,0,0.2851,Active
SPOT-104514,0,0.5595,Active
SPOT-104515,0,0.5076,Active
SPOT-104516,0,0.3574,Active
SPOT-104517,0,0.4176,Active
SPOT-104518,0,0.0888,Active
SPOT-104519,0,0.394,Active
SPOT-104520,1,0.6727,Too Many Ads
SPOT-104521,0,0.5354,Active
SPOT-104522,0,0.1925,Active
SPOT-104523,0,0.4278,Active
SPOT-104524,0,0.4536,Active
SPOT-104525,0,0.3782,Active
SPOT-104526,0,0.2027,Active
SPOT-104527,0,0.3022,Active
SPOT-104528,0,0.2435,Active
SPOT-104529,1,0.6712,Too Many Ads
SPOT-104530,0,0.5299,Active
SPOT-104531,0,0.338,Active
SPOT-104532,0,0.4048,Active
SPOT-104533,0,0.5247,Active
SPOT-104534,0,0.3322,Active
SPOT-104535,0,0.443,Active
SPOT-104536,0,0.4396,Active
SPOT-104537,1,0.6169,Switched to Competitor
SPOT-104538,1,0.6013,Too Many Ads
SPOT-104539,0,0.4011,Active
SPOT-104540,0,0.4484,Active
SPOT-104541,0,0.5294,Active
SPOT-104542,0,0.3189,Active
SPOT-104543,0,0.3149,Active
SPOT-104544,1,0.7075,Switched to Competitor
SPOT-104545,0,0.3925,Active
SPOT-104546,0,0.4073,Active
SPOT-104547,0,0.2795,Active
SPOT-104548,0,0.2112,Active
SPOT-104549,0,0.4429,Active
SPOT-104550,0,0.4743,Active
SPOT-104551,0,0.557,Active
SPOT-104552,0,0.3422,Active
SPOT-104553,0,0.3963,Active
SPOT-104554,0,0.5473,Active
SPOT-104555,0,0.5596,Active
SPOT-104556,0,0.2138,Active
SPOT-104557,1,0.6465,Switched to Competitor
SPOT-104558,0,0.481,Active
SPOT-104559,0,0.277,Active
SPOT-104560,0,0.4211,Active
SPOT-104561,0,0.4576,Active
SPOT-104562,1,0.5825,Too Many Ads
SPOT-104563,0,0.4865,Active
SPOT-104564,0,0.559,Active
SPOT-104565,0,0.5318,Active
SPOT-104566,0,0.5244,Active
SPOT-104567,0,0.2426,Active
SPOT-104568,0,0.4049,Active
SPOT-104569,1,0.5737,Technical Bugs
SPOT-104570,1,0.6566,Price / Cost
SPOT-104571,0,0.4856,Active
SPOT-104572,0,0.4733,Active
SPOT-104573,1,0.6723,Too Many Ads
SPOT-104574,0,0.2967,Active
SPOT-104575,0,0.3768,Active
SPOT-104576,1,0.6408,Price / Cost
SPOT-104577,0,0.3754,Active
SPOT-104578,0,0.4633,Active
SPOT-104579,0,0.4448,Active
SPOT-104580,0,0.3449,Active
SPOT-104581,0,0.4955,Active
SPOT-104582,1,0.6327,Switched to Competitor
SPOT-104583,0,0.3693,Active
SPOT-104584,0,0.2712,Active
SPOT-104585,1,0.7602,Switched to Competitor
SPOT-104586,0,0.3727,Active
SPOT-104587,0,0.2749,Active
SPOT-104588,0,0.4724,Active
SPOT-104589,0,0.5475,Active
SPOT-104590,0,0.2714,Active
SPOT-104591,0,0.4743,Active
SPOT-104592,0,0.2569,Active
SPOT-104593,0,0.4876,Active
SPOT-104594,0,0.2414,Active
SPOT-104595,0,0.4885,Active
SPOT-104596,0,0.1544,Active
SPOT-104597,1,0.6187,Too Many Ads
SPOT-104598,0,0.4899,Active
SPOT-104599,0,0.4272,Active
SPOT-104600,0,0.4794,Active
SPOT-104601,0,0.352,Active
SPOT-104602,0,0.4432,Active
SPOT-104603,0,0.2201,Active
SPOT-104604,1,0.6285,Switched to Competitor
SPOT-104605,0,0.4396,Active
SPOT-104606,1,0.6675,Price / Cost
SPOT-104607,0,0.515,Active
SPOT-104608,0,0.5335,Active
SPOT-104609,0,0.4855,Active
SPOT-104610,0,0.3243,Active
SPOT-104611,0,0.089,Active
SPOT-104612,0,0.4857,Active
SPOT-104613,0,0.409,Active
SPOT-104614,0,0.1726,Active
SPOT-104615,0,0.3041,Active
SPOT-104616,0,0.2757,Active
SPOT-104617,0,0.5362,Active
SPOT-104618,0,0.5482,Active
SPOT-104619,0,0.338,Active
SPOT-104620,0,0.486,Active
SPOT-104621,0,0.229,Active
SPOT-104622,0,0.391,Active
SPOT-104623,0,0.3263,Active
SPOT-104624,0,0.3312,Active
SPOT-104625,0,0.5017,Active
SPOT-104626,1,0.587,Price / Cost
SPOT-104627,0,0.2908,Active
SPOT-104628,0,0.3366,Active
SPOT-104629,0,0.5339,Active
SPOT-104630,1,0.6698,Switched to Competitor
SPOT-104631,0,0.5251,Active
SPOT-104632,0,0.5285,Active
SPOT-104633,0,0.3445,Active
SPOT-104634,0,0.2625,Active
SPOT-104635,0,0.3748,Active
SPOT-104636,0,0.5237,Active
SPOT-104637,0,0.4542,Active
SPOT-104638,0,0.3486,Active
SPOT-104639,1,0.7243,Price / Cost
SPOT-104640,0,0.5066,Active
SPOT-104641,0,0.5576,Active
SPOT-104642,0,0.5403,Active
SPOT-104643,0,0.4786,Active
SPOT-104644,0,0.2754,Active
SPOT-104645,0,0.3564,Active
SPOT-104646,0,0.459,Active
SPOT-104647,0,0.5645,Active
SPOT-104648,0,0.5157,Active
SPOT-104649,0,0.3544,Active
SPOT-104650,0,0.4258,Active
SPOT-104651,0,0.3583,Active
SPOT-104652,0,0.3726,Active
SPOT-104653,0,0.3722,Active
SPOT-104654,0,0.1144,Active
SPOT-104655,0,0.2314,Active
SPOT-104656,0,0.5332,Active
SPOT-104657,0,0.3217,Active
SPOT-104658,0,0.4141,Active
SPOT-104659,1,0.6506,Price / Cost
SPOT-104660,1,0.6588,Price / Cost
SPOT-104661,0,0.374,Active
SPOT-104662,0,0.412,Active
SPOT-104663,1,0.6227,Too Many Ads
SPOT-104664,0,0.1594,Active
SPOT-104665,0,0.3482,Active
SPOT-104666,0,0.3307,Active
SPOT-104667,0,0.3909,Active
SPOT-104668,1,0.6634,Price / Cost
SPOT-104669,0,0.2226,Active
SPOT-104670,0,0.2777,Active
SPOT-104671,0,0.3045,Active
SPOT-104672,0,0.4986,Active
SPOT-104673,0,0.3534,Active
SPOT-104674,1,0.6111,Too Many Ads
SPOT-104675,0,0.2045,Active
SPOT-104676,0,0.1317,Active
SPOT-104677,0,0.4852,Active
SPOT-104678,1,0.5837,Too Many Ads
SPOT-104679,0,0.3806,Active
SPOT-104680,0,0.3746,Active
SPOT-104681,0,0.3468,Active
SPOT-104682,0,0.2242,Active
SPOT-104683,0,0.1647,Active
SPOT-104684,1,0.6426,Too Many Ads
SPOT-104685,1,0.7014,Price / Cost
SPOT-104686,0,0.3689,Active
SPOT-104687,0,0.305,Active
SPOT-104688,0,0.5017,Active
SPOT-104689,0,0.1672,Active
SPOT-104690,0,0.3492,Active
SPOT-104691,0,0.323,Active
SPOT-104692,0,0.1719,Active
SPOT-104693,1,0.672,Too Many Ads
SPOT-104694,0,0.3257,Active
SPOT-104695,1,0.613,Price / Cost
SPOT-104696,0,0.2858,Active
SPOT-104697,0,0.1159,Active
SPOT-104698,0,0.4022,Active
SPOT-104699,0,0.4162,Active
SPOT-104700,0,0.1678,Active
SPOT-104701,0,0.2495,Active
SPOT-104702,0,0.2171,Active
SPOT-104703,0,0.3407,Active
SPOT-104704,1,0.5713,Too Many Ads
SPOT-104705,0,0.542,Active
SPOT-104706,0,0.413,Active
SPOT-104707,0,0.1987,Active
SPOT-104708,1,0.576,Switched to Competitor
SPOT-104709,0,0.3798,Active
SPOT-104710,0,0.2783,Active
SPOT-104711,0,0.3921,Active
SPOT-104712,0,0.3453,Active
SPOT-104713,1,0.6364,Too Many Ads
SPOT-104714,1,0.6386,Too Many Ads
SPOT-104715,1,0.5875,Too Many Ads
SPOT-104716,1,0.6088,Switched to Competitor
SPOT-104717,0,0.5532,Active
SPOT-104718,0,0.4668,Active
SPOT-104719,0,0.3976,Active
SPOT-104720,0,0.2521,Active
SPOT-104721,0,0.3645,Active
SPOT-104722,0,0.1475,Active
SPOT-104723,0,0.3864,Active
SPOT-104724,0,0.518,Active
SPOT-104725,0,0.3919,Active
SPOT-104726,0,0.3317,Active
SPOT-104727,0,0.507,Active
SPOT-104728,0,0.3295,Active
SPOT-104729,0,0.5397,Active
SPOT-104730,0,0.4791,Active
SPOT-104731,1,0.6556,Too Many Ads
SPOT-104732,0,0.3245,Active
SPOT-104733,0,0.3921,Active
SPOT-104734,0,0.3746,Active
SPOT-104735,0,0.3412,Active
SPOT-104736,1,0.6867,Price / Cost
SPOT-104737,0,0.3186,Active
SPOT-104738,1,0.6785,Too Many Ads
SPOT-104739,1,0.7066,Low Usage / No Time
SPOT-104740,1,0.6243,Too Many Ads
SPOT-104741,0,0.2081,Active
SPOT-104742,1,0.652,Too Many Ads
SPOT-104743,0,0.2578,Active
SPOT-104744,0,0.5281,Active
SPOT-104745,0,0.4496,Active
SPOT-104746,0,0.3832,Active
SPOT-104747,0,0.3142,Active
SPOT-104748,0,0.2907,Active
SPOT-104749,0,0.5304,Active
SPOT-104750,0,0.1866,Active
SPOT-104751,0,0.5432,Active
SPOT-104752,0,0.5159,Active
SPOT-104753,0,0.567,Active
SPOT-104754,0,0.3041,Active
SPOT-104755,0,0.2156,Active
SPOT-104756,0,0.4433,Active
SPOT-104757,0,0.3464,Active
SPOT-104758,1,0.6038,Too Many Ads
SPOT-104759,0,0.4242,Active
SPOT-104760,0,0.3908,Active
SPOT-104761,0,0.4358,Active
SPOT-104762,1,0.6214,Switched to Competitor
SPOT-104763,1,0.5961,Too Many Ads
SPOT-104764,0,0.1347,Active
SPOT-104765,0,0.1181,Active
SPOT-104766,0,0.5461,Active
SPOT-104767,0,0.4796,Active
SPOT-104768,1,0.6867,Too Many Ads
SPOT-104769,1,0.6488,Too Many Ads
SPOT-104770,1,0.7392,Switched to Competitor
SPOT-104771,0,0.3649,Active
SPOT-104772,0,0.3034,Active
SPOT-104773,0,0.3731,Active
SPOT-104774,0,0.3517,Active
SPOT-104775,0,0.3786,Active
SPOT-104776,1,0.6375,Switched to Competitor
SPOT-104777,1,0.6182,Price / Cost
SPOT-104778,0,0.3952,Active
SPOT-104779,0,0.2478,Active
SPOT-104780,0,0.3856,Active
SPOT-104781,0,0.4788,Active
SPOT-104782,0,0.4229,Active
SPOT-104783,1,0.5865,Low Usage / No Time
SPOT-104784,0,0.4579,Active
SPOT-104785,0,0.319,Active
SPOT-104786,0,0.4442,Active
SPOT-104787,0,0.4078,Active
SPOT-104788,0,0.3883,Active
SPOT-104789,1,0.5832,Price / Cost
SPOT-104790,1,0.5683,Price / Cost
SPOT-104791,0,0.5283,Active
SPOT-104792,0,0.3358,Active
SPOT-104793,0,0.5522,Active
SPOT-104794,0,0.4775,Active
SPOT-104795,0,0.3033,Active
SPOT-104796,0,0.378,Active
SPOT-104797,0,0.2675,Active
SPOT-104798,1,0.66,Price / Cost
SPOT-104799,0,0.247,Active
SPOT-104800,0,0.3383,Active
SPOT-104801,1,0.5842,Price / Cost
SPOT-104802,0,0.4263,Active
SPOT-104803,0,0.1699,Active
SPOT-104804,0,0.2615,Active
SPOT-104805,0,0.2265,Active
SPOT-104806,0,0.4813,Active
SPOT-104807,0,0.2897,Active
SPOT-104808,0,0.1981,Active
SPOT-104809,0,0.4093,Active
SPOT-104810,0,0.5223,Active
SPOT-104811,0,0.1728,Active
SPOT-104812,0,0.1505,Active
SPOT-104813,0,0.3884,Active
SPOT-104814,0,0.3807,Active
SPOT-104815,0,0.4567,Active
SPOT-104816,0,0.4798,Active
SPOT-104817,1,0.5912,Price / Cost
SPOT-104818,0,0.5285,Active
SPOT-104819,0,0.3123,Active
SPOT-104820,0,0.2084,Active
SPOT-104821,0,0.4868,Active
SPOT-104822,0,0.2887,Active
SPOT-104823,1,0.6485,Price / Cost
SPOT-104824,0,0.1604,Active
SPOT-104825,0,0.2291,Active
SPOT-104826,0,0.3068,Active
SPOT-104827,0,0.3067,Active
SPOT-104828,0,0.3491,Active
SPOT-104829,0,0.375,Active
SPOT-104830,0,0.2443,Active
SPOT-104831,0,0.5159,Active
SPOT-104832,0,0.4838,Active
SPOT-104833,0,0.4061,Active
SPOT-104834,0,0.2429,Active
SPOT-104835,0,0.3706,Active
SPOT-104836,1,0.5716,Price / Cost
SPOT-104837,0,0.3911,Active
SPOT-104838,0,0.3253,Active
SPOT-104839,0,0.499,Active
SPOT-104840,0,0.4385,Active
SPOT-104841,0,0.4012,Active
SPOT-104842,0,0.4594,Active
SPOT-104843,1,0.5768,Switched to Competitor
SPOT-104844,1,0.5696,Switched to Competitor
SPOT-104845,0,0.3174,Active
SPOT-104846,0,0.2649,Active
SPOT-104847,0,0.3027,Active
SPOT-104848,0,0.3559,Active
SPOT-104849,0,0.388,Active
SPOT-104850,0,0.4928,Active
SPOT-104851,0,0.3871,Active
SPOT-104852,0,0.3694,Active
SPOT-104853,0,0.5564,Active
SPOT-104854,0,0.4086,Active
SPOT-104855,1,0.658,Too Many Ads
SPOT-104856,0,0.5231,Active
SPOT-104857,0,0.2584,Active
SPOT-104858,0,0.2365,Active
SPOT-104859,0,0.3956,Active
SPOT-104860,0,0.3546,Active
SPOT-104861,0,0.3477,Active
SPOT-104862,0,0.5479,Active
SPOT-104863,0,0.5401,Active
SPOT-104864,1,0.6218,Price / Cost
SPOT-104865,1,0.6537,Low Usage / No Time
SPOT-104866,0,0.2963,Active
SPOT-104867,0,0.4828,Active
SPOT-104868,0,0.3342,Active
SPOT-104869,0,0.5551,Active
SPOT-104870,0,0.4654,Active
SPOT-104871,1,0.6041,Low Usage / No Time
SPOT-104872,0,0.5497,Active
SPOT-104873,0,0.462,Active
SPOT-104874,1,0.6948,Price / Cost
SPOT-104875,0,0.3298,Active
SPOT-104876,0,0.2465,Active
SPOT-104877,0,0.2101,Active
SPOT-104878,0,0.2708,Active
SPOT-104879,0,0.512,Active
SPOT-104880,0,0.5563,Active
SPOT-104881,0,0.3333,Active
SPOT-104882,0,0.1385,Active
SPOT-104883,1,0.6276,Technical Bugs
SPOT-104884,0,0.1773,Active
SPOT-104885,0,0.5149,Active
SPOT-104886,0,0.4512,Active
SPOT-104887,0,0.3337,Active
SPOT-104888,0,0.2226,Active
SPOT-104889,0,0.3626,Active
SPOT-104890,0,0.2736,Active
SPOT-104891,0,0.5663,Active
SPOT-104892,1,0.6474,Switched to Competitor
SPOT-104893,0,0.471,Active
SPOT-104894,0,0.5675,Active
SPOT-104895,0,0.369,Active
SPOT-104896,0,0.1721,Active
SPOT-104897,0,0.1922,Active
SPOT-104898,0,0.4801,Active
SPOT-104899,0,0.5134,Active
SPOT-104900,0,0.2126,Active
SPOT-104901,1,0.6137,Price / Cost
SPOT-104902,0,0.46,Active
SPOT-104903,0,0.3561,Active
SPOT-104904,0,0.5328,Active
SPOT-104905,1,0.7576,Too Many Ads
SPOT-104906,0,0.1355,Active
SPOT-104907,1,0.6425,Low Usage / No Time
SPOT-104908,0,0.3549,Active
SPOT-104909,0,0.5531,Active
SPOT-104910,0,0.3137,Active
SPOT-104911,1,0.6001,Too Many Ads
SPOT-104912,0,0.5292,Active
SPOT-104913,1,0.5931,Too Many Ads
SPOT-104914,0,0.2457,Active
SPOT-104915,0,0.461,Active
SPOT-104916,0,0.5332,Active
SPOT-104917,0,0.4785,Active
SPOT-104918,1,0.7831,Price / Cost
SPOT-104919,1,0.6265,Too Many Ads
SPOT-104920,0,0.4328,Active
SPOT-104921,0,0.5037,Active
SPOT-104922,1,0.5989,Switched to Competitor
SPOT-104923,1,0.7354,Price / Cost
SPOT-104924,1,0.5901,Too Many Ads
SPOT-104925,0,0.3295,Active
SPOT-104926,0,0.5585,Active
SPOT-104927,0,0.1923,Active
SPOT-104928,0,0.5476,Active
SPOT-104929,1,0.6163,Price / Cost
SPOT-104930,0,0.5555,Active
SPOT-104931,0,0.1878,Active
SPOT-104932,0,0.4848,Active
SPOT-104933,1,0.6138,Switched to Competitor
SPOT-104934,0,0.271,Active
SPOT-104935,0,0.4982,Active
SPOT-104936,0,0.4159,Active
SPOT-104937,0,0.519,Active
SPOT-104938,0,0.39,Active
SPOT-104939,0,0.2382,Active
SPOT-104940,0,0.4821,Active
SPOT-104941,0,0.2959,Active
SPOT-104942,1,0.6352,Switched to Competitor
SPOT-104943,0,0.5254,Active
SPOT-104944,0,0.257,Active
SPOT-104945,0,0.4285,Active
SPOT-104946,0,0.3461,Active
SPOT-104947,0,0.392,Active
SPOT-104948,1,0.7185,Switched to Competitor
SPOT-104949,0,0.2102,Active
SPOT-104950,0,0.4425,Active
SPOT-104951,1,0.6422,Switched to Competitor
SPOT-104952,0,0.2296,Active
SPOT-104953,1,0.5698,Technical Bugs
SPOT-104954,0,0.1924,Active
SPOT-104955,0,0.3126,Active
SPOT-104956,0,0.4825,Active
SPOT-104957,0,0.5586,Active
SPOT-104958,0,0.5578,Active
SPOT-104959,1,0.6112,Price / Cost
SPOT-104960,0,0.3378,Active
SPOT-104961,0,0.3191,Active
SPOT-104962,0,0.5341,Active
SPOT-104963,0,0.3511,Active
SPOT-104964,0,0.1664,Active
SPOT-104965,0,0.2213,Active
SPOT-104966,0,0.1736,Active
SPOT-104967,0,0.315,Active
SPOT-104968,0,0.4762,Active
SPOT-104969,0,0.3703,Active
SPOT-104970,1,0.5999,Price / Cost
SPOT-104971,0,0.5143,Active
SPOT-104972,1,0.6344,Switched to Competitor
SPOT-104973,0,0.4399,Active
SPOT-104974,0,0.4711,Active
SPOT-104975,1,0.6423,Too Many Ads
SPOT-104976,0,0.4658,Active
SPOT-104977,0,0.479,Active
SPOT-104978,0,0.3427,Active
SPOT-104979,0,0.4081,Active
SPOT-104980,0,0.4744,Active
SPOT-104981,0,0.4218,Active
SPOT-104982,1,0.6842,Too Many Ads
SPOT-104983,0,0.5152,Active
SPOT-104984,0,0.2481,Active
SPOT-104985,0,0.4875,Active
SPOT-104986,0,0.4148,Active
SPOT-104987,0,0.5473,Active
SPOT-104988,0,0.4271,Active
SPOT-104989,0,0.2966,Active
SPOT-104990,0,0.2643,Active
SPOT-104991,0,0.3753,Active
SPOT-104992,0,0.2037,Active
SPOT-104993,0,0.3693,Active
SPOT-104994,0,0.1958,Active
SPOT-104995,0,0.4577,Active
SPOT-104996,0,0.134,Active
SPOT-104997,0,0.3904,Active
SPOT-104998,1,0.7162,Switched to Competitor
SPOT-104999,0,0.3914,Active
SPOT-105000,0,0.5681,Active
SPOT-105001,0,0.2192,Active
SPOT-105002,0,0.3931,Active
SPOT-105003,0,0.3537,Active
SPOT-105004,0,0.5067,Active
SPOT-105005,0,0.2717,Active
SPOT-105006,0,0.2877,Active
SPOT-105007,1,0.8045,Price / Cost
SPOT-105008,0,0.3243,Active
SPOT-105009,0,0.3787,Active
SPOT-105010,0,0.2598,Active
SPOT-105011,0,0.543,Active
SPOT-105012,1,0.6609,Price / Cost
SPOT-105013,0,0.476,Active
SPOT-105014,0,0.2388,Active
SPOT-105015,0,0.5059,Active
SPOT-105016,0,0.3398,Active
SPOT-105017,0,0.5178,Active
SPOT-105018,0,0.3184,Active
SPOT-105019,0,0.4468,Active
SPOT-105020,0,0.4927,Active
SPOT-105021,0,0.1833,Active
SPOT-105022,0,0.4312,Active
SPOT-105023,0,0.1945,Active
SPOT-105024,1,0.588,Price / Cost
SPOT-105025,0,0.5421,Active
SPOT-105026,0,0.1903,Active
SPOT-105027,0,0.3816,Active
SPOT-105028,0,0.4472,Active
SPOT-105029,0,0.2582,Active
SPOT-105030,0,0.4652,Active
SPOT-105031,1,0.7376,Switched to Competitor
SPOT-105032,0,0.4191,Active
SPOT-105033,0,0.5624,Active
SPOT-105034,0,0.2783,Active
SPOT-105035,0,0.4348,Active
SPOT-105036,0,0.5527,Active
SPOT-105037,0,0.3104,Active
SPOT-105038,0,0.4388,Active
SPOT-105039,0,0.4487,Active
SPOT-105040,0,0.4301,Active
SPOT-105041,0,0.3382,Active
SPOT-105042,0,0.496,Active
SPOT-105043,0,0.2328,Active
SPOT-105044,0,0.5146,Active
SPOT-105045,0,0.2075,Active
SPOT-105046,0,0.309,Active
SPOT-105047,0,0.4851,Active
SPOT-105048,0,0.1708,Active
SPOT-105049,0,0.5472,Active
SPOT-105050,0,0.2586,Active
SPOT-105051,0,0.5672,Active
SPOT-105052,0,0.4188,Active
SPOT-105053,1,0.6843,Price / Cost
SPOT-105054,0,0.3743,Active
SPOT-105055,0,0.3104,Active
SPOT-105056,1,0.6423,Price / Cost
SPOT-105057,0,0.56,Active
SPOT-105058,1,0.6597,Too Many Ads
SPOT-105059,0,0.5157,Active
SPOT-105060,0,0.4822,Active
SPOT-105061,0,0.558,Active
SPOT-105062,1,0.6335,Switched to Competitor
SPOT-105063,0,0.4565,Active
SPOT-105064,0,0.2546,Active
SPOT-105065,0,0.5058,Active
SPOT-105066,0,0.2593,Active
SPOT-105067,1,0.7003,Technical Bugs
SPOT-105068,1,0.5976,Too Many Ads
SPOT-105069,0,0.5531,Active
SPOT-105070,1,0.6284,Price / Cost
SPOT-105071,0,0.48,Active
SPOT-105072,0,0.2231,Active
SPOT-105073,1,0.6344,Too Many Ads
SPOT-105074,0,0.4933,Active
SPOT-105075,0,0.2774,Active
SPOT-105076,0,0.1062,Active
SPOT-105077,0,0.4582,Active
SPOT-105078,0,0.4951,Active
SPOT-105079,0,0.2198,Active
SPOT-105080,0,0.3721,Active
SPOT-105081,1,0.6194,Too Many Ads
SPOT-105082,0,0.386,Active
SPOT-105083,0,0.3228,Active
SPOT-105084,1,0.7579,Price / Cost
SPOT-105085,0,0.5176,Active
SPOT-105086,0,0.3,Active
SPOT-105087,0,0.4018,Active
SPOT-105088,0,0.4396,Active
SPOT-105089,0,0.1518,Active
SPOT-105090,0,0.5206,Active
SPOT-105091,1,0.5794,Price / Cost
SPOT-105092,0,0.496,Active
SPOT-105093,0,0.5064,Active
SPOT-105094,0,0.4287,Active
SPOT-105095,0,0.3563,Active
SPOT-105096,1,0.5962,Price / Cost
SPOT-105097,0,0.4171,Active
SPOT-105098,1,0.6518,Too Many Ads
SPOT-105099,0,0.4507,Active
SPOT-105100,0,0.1139,Active
SPOT-105101,0,0.5311,Active
SPOT-105102,1,0.6927,Switched to Competitor
SPOT-105103,1,0.7373,Low Usage / No Time
SPOT-105104,0,0.2072,Active
SPOT-105105,1,0.6676,Switched to Competitor
SPOT-105106,0,0.3119,Active
SPOT-105107,1,0.5716,Price / Cost
SPOT-105108,0,0.1989,Active
SPOT-105109,0,0.3436,Active
SPOT-105110,0,0.2253,Active
SPOT-105111,0,0.5126,Active
SPOT-105112,1,0.6598,Low Usage / No Time
SPOT-105113,0,0.2449,Active
SPOT-105114,0,0.3243,Active
SPOT-105115,0,0.4951,Active
SPOT-105116,0,0.4389,Active
SPOT-105117,0,0.399,Active
SPOT-105118,0,0.1708,Active
SPOT-105119,1,0.6153,Price / Cost
SPOT-105120,0,0.3042,Active
SPOT-105121,0,0.3817,Active
SPOT-105122,0,0.2926,Active
SPOT-105123,0,0.4473,Active
SPOT-105124,0,0.5566,Active
SPOT-105125,0,0.3704,Active
SPOT-105126,0,0.1077,Active
SPOT-105127,0,0.4135,Active
SPOT-105128,0,0.4302,Active
SPOT-105129,0,0.4605,Active
SPOT-105130,1,0.7454,Too Many Ads
SPOT-105131,0,0.5347,Active
SPOT-105132,0,0.362,Active
SPOT-105133,0,0.5651,Active
SPOT-105134,0,0.4472,Active
SPOT-105135,0,0.1874,Active
SPOT-105136,1,0.5741,Too Many Ads
SPOT-105137,0,0.5445,Active
SPOT-105138,0,0.3864,Active
SPOT-105139,0,0.3465,Active
SPOT-105140,0,0.4972,Active
SPOT-105141,0,0.4766,Active
SPOT-105142,0,0.1936,Active
SPOT-105143,0,0.4267,Active
SPOT-105144,1,0.6372,Price / Cost
SPOT-105145,1,0.5815,Price / Cost
SPOT-105146,0,0.2426,Active
SPOT-105147,1,0.5767,Price / Cost
SPOT-105148,0,0.3408,Active
SPOT-105149,0,0.5609,Active
SPOT-105150,0,0.2599,Active
SPOT-105151,0,0.4797,Active
SPOT-105152,1,0.6778,Too Many Ads
SPOT-105153,0,0.4951,Active
SPOT-105154,0,0.4229,Active
SPOT-105155,1,0.6279,Too Many Ads
SPOT-105156,1,0.6904,Price / Cost
SPOT-105157,0,0.3623,Active
SPOT-105158,1,0.6712,Technical Bugs
SPOT-105159,0,0.5322,Active
SPOT-105160,0,0.3932,Active
SPOT-105161,0,0.478,Active
SPOT-105162,0,0.3941,Active
SPOT-105163,0,0.4406,Active
SPOT-105164,1,0.6052,Low Usage / No Time
SPOT-105165,0,0.2489,Active
SPOT-105166,0,0.2592,Active
SPOT-105167,0,0.1604,Active
SPOT-105168,1,0.6848,Technical Bugs
SPOT-105169,0,0.554,Active
SPOT-105170,0,0.4082,Active
SPOT-105171,1,0.6477,Price / Cost
SPOT-105172,0,0.5325,Active
SPOT-105173,1,0.6588,Price / Cost
SPOT-105174,0,0.4232,Active
SPOT-105175,0,0.399,Active
SPOT-105176,0,0.4182,Active
SPOT-105177,0,0.4278,Active
SPOT-105178,0,0.2294,Active
SPOT-105179,1,0.6493,Low Usage / No Time
SPOT-105180,0,0.2518,Active
SPOT-105181,0,0.4866,Active
SPOT-105182,1,0.7052,Price / Cost
SPOT-105183,0,0.1438,Active
SPOT-105184,0,0.2778,Active
SPOT-105185,0,0.1979,Active
SPOT-105186,1,0.6865,Price / Cost
SPOT-105187,1,0.7435,Switched to Competitor
SPOT-105188,1,0.5711,Low Usage / No Time
SPOT-105189,0,0.5571,Active
SPOT-105190,0,0.3786,Active
SPOT-105191,1,0.6216,Price / Cost
SPOT-105192,0,0.2133,Active
SPOT-105193,0,0.5433,Active
SPOT-105194,1,0.5789,Too Many Ads
SPOT-105195,0,0.41,Active
SPOT-105196,0,0.1268,Active
SPOT-105197,0,0.2471,Active
SPOT-105198,0,0.5214,Active
SPOT-105199,0,0.2594,Active
SPOT-105200,1,0.5773,Low Usage / No Time
SPOT-105201,0,0.4411,Active
SPOT-105202,0,0.4751,Active
SPOT-105203,0,0.2131,Active
SPOT-105204,0,0.4925,Active
SPOT-105205,0,0.3749,Active
SPOT-105206,0,0.2873,Active
SPOT-105207,0,0.3868,Active
SPOT-105208,1,0.5936,Price / Cost
SPOT-105209,0,0.2124,Active
SPOT-105210,0,0.5085,Active
SPOT-105211,0,0.3379,Active
SPOT-105212,0,0.3461,Active
SPOT-105213,0,0.2759,Active
SPOT-105214,1,0.5725,Switched to Competitor
SPOT-105215,0,0.4611,Active
SPOT-105216,0,0.3481,Active
SPOT-105217,1,0.604,Price / Cost
SPOT-105218,0,0.3581,Active
SPOT-105219,1,0.8087,Price / Cost
SPOT-105220,1,0.6481,Switched to Competitor
SPOT-105221,0,0.2439,Active
SPOT-105222,0,0.4877,Active
SPOT-105223,0,0.406,Active
SPOT-105224,0,0.4499,Active
SPOT-105225,0,0.4528,Active
SPOT-105226,0,0.3012,Active
SPOT-105227,0,0.4178,Active
SPOT-105228,0,0.2319,Active
SPOT-105229,1,0.6169,Price / Cost
SPOT-105230,1,0.6184,Price / Cost
SPOT-105231,0,0.315,Active
SPOT-105232,0,0.4533,Active
SPOT-105233,0,0.4264,Active
SPOT-105234,1,0.596,Price / Cost
SPOT-105235,0,0.3683,Active
SPOT-105236,0,0.3901,Active
SPOT-105237,0,0.2867,Active
SPOT-105238,0,0.1785,Active
SPOT-105239,0,0.4657,Active
SPOT-105240,0,0.5216,Active
SPOT-105241,0,0.4307,Active
SPOT-105242,0,0.4048,Active
SPOT-105243,0,0.4677,Active
SPOT-105244,0,0.3134,Active
SPOT-105245,0,0.478,Active
SPOT-105246,0,0.4509,Active
SPOT-105247,0,0.1135,Active
SPOT-105248,1,0.5746,Technical Bugs
SPOT-105249,0,0.4831,Active
SPOT-105250,0,0.4832,Active
SPOT-105251,0,0.3954,Active
SPOT-105252,0,0.242,Active
SPOT-105253,0,0.284,Active
SPOT-105254,0,0.2628,Active
SPOT-105255,0,0.2888,Active
SPOT-105256,0,0.1098,Active
SPOT-105257,0,0.5411,Active
SPOT-105258,0,0.3946,Active
SPOT-105259,0,0.3084,Active
SPOT-105260,0,0.3227,Active
SPOT-105261,0,0.4219,Active
SPOT-105262,1,0.5728,Low Usage / No Time
SPOT-105263,0,0.5109,Active
SPOT-105264,0,0.3411,Active
SPOT-105265,1,0.5716,Price / Cost
SPOT-105266,0,0.3283,Active
SPOT-105267,0,0.2154,Active
SPOT-105268,0,0.2557,Active
SPOT-105269,0,0.3908,Active
SPOT-105270,0,0.4123,Active
SPOT-105271,0,0.4416,Active
SPOT-105272,0,0.2005,Active
SPOT-105273,0,0.308,Active
SPOT-105274,1,0.5718,Low Usage / No Time
SPOT-105275,0,0.2454,Active
SPOT-105276,0,0.5652,Active
SPOT-105277,0,0.226,Active
SPOT-105278,0,0.2757,Active
SPOT-105279,0,0.4202,Active
SPOT-105280,0,0.268,Active
SPOT-105281,0,0.4216,Active
SPOT-105282,0,0.0699,Active
SPOT-105283,0,0.2265,Active
SPOT-105284,0,0.461,Active
SPOT-105285,0,0.2799,Active
SPOT-105286,0,0.4352,Active
SPOT-105287,0,0.5383,Active
SPOT-105288,0,0.1808,Active
SPOT-105289,0,0.4284,Active
SPOT-105290,1,0.5761,Low Usage / No Time
SPOT-105291,0,0.3107,Active
SPOT-105292,0,0.1893,Active
SPOT-105293,0,0.1839,Active
SPOT-105294,0,0.3394,Active
SPOT-105295,0,0.4016,Active
SPOT-105296,0,0.5528,Active
SPOT-105297,0,0.4108,Active
SPOT-105298,0,0.3103,Active
SPOT-105299,0,0.3614,Active
SPOT-105300,0,0.1627,Active
SPOT-105301,1,0.5862,Price / Cost
SPOT-105302,1,0.5779,Price / Cost
SPOT-105303,1,0.6941,Low Usage / No Time
SPOT-105304,0,0.4336,Active
SPOT-105305,1,0.737,Too Many Ads
SPOT-105306,0,0.2483,Active
SPOT-105307,0,0.3968,Active
SPOT-105308,0,0.4967,Active
SPOT-105309,0,0.3687,Active
SPOT-105310,0,0.3615,Active
SPOT-105311,0,0.3427,Active
SPOT-105312,0,0.5194,Active
SPOT-105313,0,0.5015,Active
SPOT-105314,0,0.221,Active
SPOT-105315,0,0.0908,Active
SPOT-105316,0,0.4397,Active
SPOT-105317,1,0.5808,Switched to Competitor
SPOT-105318,1,0.6043,Low Usage / No Time
SPOT-105319,1,0.601,Technical Bugs
SPOT-105320,0,0.2252,Active
SPOT-105321,1,0.6393,Price / Cost
SPOT-105322,0,0.5006,Active
SPOT-105323,0,0.4195,Active
SPOT-105324,0,0.4187,Active
SPOT-105325,0,0.3545,Active
SPOT-105326,1,0.588,Switched to Competitor
SPOT-105327,0,0.3362,Active
SPOT-105328,0,0.3204,Active
SPOT-105329,0,0.3254,Active
SPOT-105330,1,0.689,Too Many Ads
SPOT-105331,1,0.6221,Too Many Ads
SPOT-105332,0,0.5313,Active
SPOT-105333,0,0.4013,Active
SPOT-105334,0,0.5394,Active
SPOT-105335,0,0.2113,Active
SPOT-105336,0,0.286,Active
SPOT-105337,0,0.3633,Active
SPOT-105338,1,0.6637,Too Many Ads
SPOT-105339,1,0.6705,Price / Cost
SPOT-105340,0,0.4512,Active
SPOT-105341,0,0.508,Active
SPOT-105342,1,0.6024,Price / Cost
SPOT-105343,0,0.3182,Active
SPOT-105344,0,0.217,Active
SPOT-105345,0,0.187,Active
SPOT-105346,0,0.2391,Active
SPOT-105347,1,0.5837,Price / Cost
SPOT-105348,1,0.6517,Price / Cost
SPOT-105349,0,0.4789,Active
SPOT-105350,0,0.4486,Active
SPOT-105351,1,0.7035,Too Many Ads
SPOT-105352,0,0.2557,Active
SPOT-105353,0,0.3977,Active
SPOT-105354,1,0.6352,Too Many Ads
SPOT-105355,0,0.308,Active
SPOT-105356,0,0.5479,Active
SPOT-105357,0,0.1179,Active
SPOT-105358,0,0.4468,Active
SPOT-105359,1,0.6122,Too Many Ads
SPOT-105360,0,0.4896,Active
SPOT-105361,0,0.4672,Active
SPOT-105362,0,0.3089,Active
SPOT-105363,0,0.4711,Active
SPOT-105364,0,0.5265,Active
SPOT-105365,1,0.6165,Price / Cost
SPOT-105366,0,0.1934,Active
SPOT-105367,0,0.4365,Active
SPOT-105368,0,0.2476,Active
SPOT-105369,0,0.4058,Active
SPOT-105370,0,0.4728,Active
SPOT-105371,1,0.6275,Switched to Competitor
SPOT-105372,0,0.553,Active
SPOT-105373,0,0.3629,Active
SPOT-105374,0,0.3305,Active
SPOT-105375,0,0.356,Active
SPOT-105376,1,0.6741,Price / Cost
SPOT-105377,1,0.5934,Switched to Competitor
SPOT-105378,0,0.09,Active
SPOT-105379,0,0.3451,Active
SPOT-105380,0,0.2447,Active
SPOT-105381,0,0.3005,Active
SPOT-105382,1,0.7696,Technical Bugs
SPOT-105383,0,0.4536,Active
SPOT-105384,1,0.5937,Too Many Ads
SPOT-105385,0,0.473,Active
SPOT-105386,0,0.5022,Active
SPOT-105387,0,0.4544,Active
SPOT-105388,0,0.5031,Active
SPOT-105389,0,0.1003,Active
SPOT-105390,0,0.2266,Active
SPOT-105391,0,0.3308,Active
SPOT-105392,1,0.6166,Switched to Competitor
SPOT-105393,0,0.183,Active
SPOT-105394,0,0.3171,Active
SPOT-105395,0,0.1494,Active
SPOT-105396,0,0.2847,Active
SPOT-105397,0,0.251,Active
SPOT-105398,0,0.3662,Active
SPOT-105399,0,0.412,Active
SPOT-105400,0,0.4408,Active
SPOT-105401,1,0.6877,Too Many Ads
SPOT-105402,0,0.3715,Active
SPOT-105403,0,0.5551,Active
SPOT-105404,0,0.2954,Active
SPOT-105405,0,0.2102,Active
SPOT-105406,0,0.3715,Active
SPOT-105407,0,0.358,Active
SPOT-105408,0,0.5166,Active
SPOT-105409,0,0.2071,Active
SPOT-105410,0,0.2197,Active
SPOT-105411,0,0.4048,Active
SPOT-105412,0,0.359,Active
SPOT-105413,0,0.2797,Active
SPOT-105414,1,0.5816,Switched to Competitor
SPOT-105415,0,0.5263,Active
SPOT-105416,0,0.4956,Active
SPOT-105417,0,0.1304,Active
SPOT-105418,0,0.5348,Active
SPOT-105419,1,0.633,Too Many Ads
SPOT-105420,0,0.4833,Active
SPOT-105421,0,0.2185,Active
SPOT-105422,0,0.2698,Active
SPOT-105423,0,0.4874,Active
SPOT-105424,0,0.2786,Active
SPOT-105425,0,0.4964,Active
SPOT-105426,0,0.1917,Active
SPOT-105427,1,0.6336,Low Usage / No Time
SPOT-105428,0,0.1723,Active
SPOT-105429,0,0.3578,Active
SPOT-105430,1,0.5805,Technical Bugs
SPOT-105431,0,0.209,Active
SPOT-105432,0,0.2926,Active
SPOT-105433,0,0.5591,Active
SPOT-105434,0,0.3741,Active
SPOT-105435,0,0.5164,Active
SPOT-105436,0,0.5182,Active
SPOT-105437,0,0.3881,Active
SPOT-105438,1,0.7316,Price / Cost
SPOT-105439,0,0.1429,Active
SPOT-105440,0,0.3747,Active
SPOT-105441,0,0.3182,Active
SPOT-105442,0,0.1374,Active
SPOT-105443,1,0.6625,Too Many Ads
SPOT-105444,0,0.2874,Active
SPOT-105445,0,0.222,Active
SPOT-105446,0,0.42,Active
SPOT-105447,0,0.5192,Active
SPOT-105448,0,0.3901,Active
SPOT-105449,0,0.2768,Active
SPOT-105450,0,0.532,Active
SPOT-105451,0,0.2473,Active
SPOT-105452,0,0.4319,Active
SPOT-105453,0,0.3295,Active
SPOT-105454,0,0.3344,Active
SPOT-105455,0,0.5666,Active
SPOT-105456,0,0.3098,Active
SPOT-105457,0,0.2162,Active
SPOT-105458,1,0.6481,Price / Cost
SPOT-105459,0,0.2243,Active
SPOT-105460,0,0.4245,Active
SPOT-105461,1,0.6002,Too Many Ads
SPOT-105462,1,0.5738,Price / Cost
SPOT-105463,0,0.1775,Active
SPOT-105464,0,0.3822,Active
SPOT-105465,0,0.3503,Active
SPOT-105466,0,0.2311,Active
SPOT-105467,0,0.1957,Active
SPOT-105468,1,0.6024,Low Usage / No Time
SPOT-105469,0,0.4792,Active
SPOT-105470,0,0.4334,Active
SPOT-105471,0,0.2377,Active
SPOT-105472,0,0.3047,Active
SPOT-105473,0,0.2942,Active
SPOT-105474,0,0.4628,Active
SPOT-105475,0,0.4448,Active
SPOT-105476,0,0.5599,Active
SPOT-105477,0,0.5592,Active
SPOT-105478,0,0.2561,Active
SPOT-105479,0,0.5079,Active
SPOT-105480,1,0.7326,Too Many Ads
SPOT-105481,0,0.1205,Active
SPOT-105482,1,0.5929,Price / Cost
SPOT-105483,1,0.6115,Too Many Ads
SPOT-105484,0,0.485,Active
SPOT-105485,0,0.3377,Active
SPOT-105486,1,0.5776,Price / Cost
SPOT-105487,0,0.4872,Active
SPOT-105488,0,0.2645,Active
SPOT-105489,0,0.4531,Active
SPOT-105490,0,0.3455,Active
SPOT-105491,0,0.3681,Active
SPOT-105492,0,0.397,Active
SPOT-105493,1,0.6613,Price / Cost
SPOT-105494,0,0.322,Active
SPOT-105495,1,0.5933,Switched to Competitor
SPOT-105496,1,0.6197,Price / Cost
SPOT-105497,0,0.3008,Active
SPOT-105498,0,0.4822,Active
SPOT-105499,1,0.6332,Switched to Competitor
SPOT-105500,0,0.4647,Active
SPOT-105501,0,0.2569,Active
SPOT-105502,0,0.4828,Active
SPOT-105503,0,0.5469,Active
SPOT-105504,0,0.1876,Active
SPOT-105505,0,0.3486,Active
SPOT-105506,0,0.531,Active
SPOT-105507,0,0.498,Active
SPOT-105508,0,0.5055,Active
SPOT-105509,0,0.4166,Active
SPOT-105510,0,0.5391,Active
SPOT-105511,0,0.4569,Active
SPOT-105512,0,0.4743,Active
SPOT-105513,0,0.3899,Active
SPOT-105514,1,0.6386,Price / Cost
SPOT-105515,0,0.2884,Active
SPOT-105516,0,0.4794,Active
SPOT-105517,1,0.6389,Low Usage / No Time
SPOT-105518,0,0.3353,Active
SPOT-105519,0,0.3289,Active
SPOT-105520,0,0.5487,Active
SPOT-105521,0,0.5637,Active
SPOT-105522,0,0.2131,Active
SPOT-105523,1,0.5707,Price / Cost
SPOT-105524,0,0.4502,Active
SPOT-105525,0,0.4044,Active
SPOT-105526,0,0.5465,Active
SPOT-105527,0,0.4726,Active
SPOT-105528,0,0.5029,Active
SPOT-105529,0,0.5242,Active
SPOT-105530,0,0.559,Active
SPOT-105531,0,0.2629,Active
SPOT-105532,0,0.3576,Active
SPOT-105533,0,0.387,Active
SPOT-105534,0,0.4484,Active
SPOT-105535,0,0.3486,Active
SPOT-105536,1,0.6153,Technical Bugs
SPOT-105537,0,0.4956,Active
SPOT-105538,0,0.5674,Active
SPOT-105539,0,0.2691,Active
SPOT-105540,1,0.7192,Low Usage / No Time
SPOT-105541,0,0.4955,Active
SPOT-105542,1,0.6129,Too Many Ads
SPOT-105543,0,0.4451,Active
SPOT-105544,0,0.2656,Active
SPOT-105545,1,0.5718,Too Many Ads
SPOT-105546,0,0.3868,Active
SPOT-105547,1,0.6734,Price / Cost
SPOT-105548,0,0.3011,Active
SPOT-105549,0,0.3675,Active
SPOT-105550,0,0.3606,Active
SPOT-105551,0,0.1785,Active
SPOT-105552,1,0.6314,Too Many Ads
SPOT-105553,1,0.7108,Price / Cost
SPOT-105554,0,0.3538,Active
SPOT-105555,1,0.6353,Low Usage / No Time
SPOT-105556,0,0.3848,Active
SPOT-105557,0,0.348,Active
SPOT-105558,0,0.43,Active
SPOT-105559,1,0.667,Price / Cost
SPOT-105560,0,0.1883,Active
SPOT-105561,0,0.2546,Active
SPOT-105562,1,0.6853,Technical Bugs
SPOT-105563,0,0.366,Active
SPOT-105564,0,0.3576,Active
SPOT-105565,0,0.4358,Active
SPOT-105566,0,0.4758,Active
SPOT-105567,1,0.7239,Low Usage / No Time
SPOT-105568,0,0.2947,Active
SPOT-105569,1,0.738,Too Many Ads
SPOT-105570,0,0.1294,Active
SPOT-105571,0,0.429,Active
SPOT-105572,1,0.5685,Low Usage / No Time
SPOT-105573,0,0.1499,Active
SPOT-105574,0,0.2923,Active
SPOT-105575,0,0.3028,Active
SPOT-105576,0,0.3674,Active
SPOT-105577,1,0.5897,Too Many Ads
SPOT-105578,0,0.3297,Active
SPOT-105579,0,0.5639,Active
SPOT-105580,0,0.0939,Active
SPOT-105581,0,0.3846,Active
SPOT-105582,0,0.4611,Active
SPOT-105583,0,0.2799,Active
SPOT-105584,0,0.4487,Active
SPOT-105585,0,0.4885,Active
SPOT-105586,0,0.2091,Active
SPOT-105587,1,0.6143,Switched to Competitor
SPOT-105588,0,0.523,Active
SPOT-105589,1,0.679,Switched to Competitor
SPOT-105590,0,0.3363,Active
SPOT-105591,0,0.2851,Active
SPOT-105592,0,0.4659,Active
SPOT-105593,0,0.5555,Active
SPOT-105594,1,0.6971,Too Many Ads
SPOT-105595,0,0.5252,Active
SPOT-105596,0,0.303,Active
SPOT-105597,1,0.5767,Too Many Ads
SPOT-105598,0,0.2458,Active
SPOT-105599,0,0.275,Active
SPOT-105600,0,0.2165,Active
SPOT-105601,0,0.4283,Active
SPOT-105602,1,0.6619,Low Usage / No Time
SPOT-105603,0,0.4309,Active
SPOT-105604,0,0.4105,Active
SPOT-105605,0,0.3172,Active
SPOT-105606,0,0.3666,Active
SPOT-105607,0,0.4211,Active
SPOT-105608,0,0.3069,Active
SPOT-105609,0,0.5435,Active
SPOT-105610,0,0.3836,Active
SPOT-105611,1,0.6035,Switched to Competitor
SPOT-105612,0,0.3971,Active
SPOT-105613,0,0.2291,Active
SPOT-105614,1,0.702,Too Many Ads
SPOT-105615,0,0.5103,Active
SPOT-105616,0,0.4512,Active
SPOT-105617,0,0.2345,Active
SPOT-105618,0,0.2736,Active
SPOT-105619,0,0.5434,Active
SPOT-105620,0,0.4072,Active
SPOT-105621,0,0.3737,Active
SPOT-105622,0,0.4645,Active
SPOT-105623,0,0.4166,Active
SPOT-105624,0,0.4878,Active
SPOT-105625,0,0.1718,Active
SPOT-105626,0,0.3522,Active
SPOT-105627,1,0.6484,Price / Cost
SPOT-105628,0,0.4831,Active
SPOT-105629,0,0.3403,Active
SPOT-105630,0,0.2725,Active
SPOT-105631,0,0.3936,Active
SPOT-105632,0,0.3355,Active
SPOT-105633,0,0.4833,Active
SPOT-105634,0,0.5008,Active
SPOT-105635,0,0.4447,Active
SPOT-105636,0,0.3052,Active
SPOT-105637,0,0.4291,Active
SPOT-105638,1,0.5816,Low Usage / No Time
SPOT-105639,0,0.3791,Active
SPOT-105640,0,0.4708,Active
SPOT-105641,0,0.265,Active
SPOT-105642,0,0.3166,Active
SPOT-105643,0,0.1936,Active
SPOT-105644,0,0.4883,Active
SPOT-105645,1,0.6349,Low Usage / No Time
SPOT-105646,0,0.3897,Active
SPOT-105647,1,0.5826,Low Usage / No Time
SPOT-105648,0,0.2201,Active
SPOT-105649,0,0.4967,Active
SPOT-105650,0,0.2189,Active
SPOT-105651,0,0.5598,Active
SPOT-105652,0,0.2164,Active
SPOT-105653,0,0.438,Active
SPOT-105654,0,0.3612,Active
SPOT-105655,0,0.3456,Active
SPOT-105656,0,0.361,Active
SPOT-105657,1,0.5926,Switched to Competitor
SPOT-105658,0,0.4129,Active
SPOT-105659,0,0.3412,Active
SPOT-105660,0,0.3176,Active
SPOT-105661,0,0.5605,Active
SPOT-105662,0,0.3099,Active
SPOT-105663,0,0.5036,Active
SPOT-105664,0,0.5136,Active
SPOT-105665,1,0.6347,Low Usage / No Time
SPOT-105666,0,0.2914,Active
SPOT-105667,1,0.6049,Price / Cost
SPOT-105668,0,0.3319,Active
SPOT-105669,1,0.6078,Switched to Competitor
SPOT-105670,1,0.6498,Low Usage / No Time
SPOT-105671,0,0.1852,Active
SPOT-105672,0,0.5078,Active
SPOT-105673,0,0.4054,Active
SPOT-105674,0,0.3819,Active
SPOT-105675,0,0.5069,Active
SPOT-105676,0,0.3466,Active
SPOT-105677,0,0.2617,Active
SPOT-105678,0,0.4306,Active
SPOT-105679,0,0.5061,Active
SPOT-105680,0,0.2867,Active
SPOT-105681,0,0.153,Active
SPOT-105682,0,0.2399,Active
SPOT-105683,1,0.5972,Low Usage / No Time
SPOT-105684,1,0.5824,Price / Cost
SPOT-105685,1,0.6043,Too Many Ads
SPOT-105686,0,0.4051,Active
SPOT-105687,0,0.4533,Active
SPOT-105688,0,0.188,Active
SPOT-105689,1,0.6146,Too Many Ads
SPOT-105690,1,0.6071,Too Many Ads
SPOT-105691,0,0.5149,Active
SPOT-105692,0,0.2744,Active
SPOT-105693,0,0.0509,Active
SPOT-105694,1,0.5848,Switched to Competitor
SPOT-105695,0,0.5096,Active
SPOT-105696,0,0.2646,Active
SPOT-105697,0,0.4021,Active
SPOT-105698,0,0.4578,Active
SPOT-105699,0,0.4258,Active
SPOT-105700,0,0.5253,Active
SPOT-105701,1,0.5724,Price / Cost
SPOT-105702,0,0.4242,Active
SPOT-105703,0,0.3377,Active
SPOT-105704,0,0.5311,Active
SPOT-105705,0,0.3711,Active
SPOT-105706,0,0.295,Active
SPOT-105707,0,0.3337,Active
SPOT-105708,0,0.3749,Active
SPOT-105709,0,0.1781,Active
SPOT-105710,1,0.5796,Price / Cost
SPOT-105711,0,0.4284,Active
SPOT-105712,0,0.4924,Active
SPOT-105713,0,0.1885,Active
SPOT-105714,1,0.8033,Low Usage / No Time
SPOT-105715,0,0.2863,Active
SPOT-105716,0,0.2514,Active
SPOT-105717,0,0.3382,Active
SPOT-105718,0,0.2658,Active
SPOT-105719,0,0.414,Active
SPOT-105720,0,0.276,Active
SPOT-105721,1,0.5783,Too Many Ads
SPOT-105722,0,0.3064,Active
SPOT-105723,0,0.4509,Active
SPOT-105724,1,0.6178,Low Usage / No Time
SPOT-105725,1,0.6949,Too Many Ads
SPOT-105726,0,0.2683,Active
SPOT-105727,0,0.4427,Active
SPOT-105728,0,0.3025,Active
SPOT-105729,0,0.2109,Active
SPOT-105730,0,0.5604,Active
SPOT-105731,0,0.2518,Active
SPOT-105732,0,0.331,Active
SPOT-105733,0,0.2148,Active
SPOT-105734,1,0.7501,Price / Cost
SPOT-105735,0,0.426,Active
SPOT-105736,0,0.2035,Active
SPOT-105737,0,0.3189,Active
SPOT-105738,0,0.3465,Active
SPOT-105739,0,0.3786,Active
SPOT-105740,0,0.4042,Active
SPOT-105741,0,0.2487,Active
SPOT-105742,0,0.5502,Active
SPOT-105743,1,0.7468,Too Many Ads
SPOT-105744,0,0.2911,Active
SPOT-105745,0,0.3542,Active
SPOT-105746,0,0.3489,Active
SPOT-105747,1,0.5993,Too Many Ads
SPOT-105748,0,0.3694,Active
SPOT-105749,0,0.2244,Active
SPOT-105750,1,0.6666,Too Many Ads
SPOT-105751,0,0.336,Active
SPOT-105752,0,0.5205,Active
SPOT-105753,0,0.3404,Active
SPOT-105754,0,0.4684,Active
SPOT-105755,0,0.4641,Active
SPOT-105756,1,0.7265,Low Usage / No Time
SPOT-105757,0,0.3452,Active
SPOT-105758,1,0.6343,Price / Cost
SPOT-105759,0,0.4415,Active
SPOT-105760,0,0.3181,Active
SPOT-105761,0,0.2554,Active
SPOT-105762,0,0.374,Active
SPOT-105763,0,0.2819,Active
SPOT-105764,0,0.5062,Active
SPOT-105765,1,0.6149,Too Many Ads
SPOT-105766,0,0.4835,Active
SPOT-105767,0,0.5178,Active
SPOT-105768,0,0.4102,Active
SPOT-105769,0,0.2196,Active
SPOT-105770,0,0.4608,Active
SPOT-105771,0,0.5251,Active
SPOT-105772,0,0.5198,Active
SPOT-105773,0,0.124,Active
SPOT-105774,0,0.1214,Active
SPOT-105775,0,0.3828,Active
SPOT-105776,0,0.4686,Active
SPOT-105777,0,0.441,Active
SPOT-105778,0,0.31,Active
SPOT-105779,0,0.4225,Active
SPOT-105780,0,0.1462,Active
SPOT-105781,0,0.2519,Active
SPOT-105782,0,0.3924,Active
SPOT-105783,0,0.4092,Active
SPOT-105784,1,0.6108,Price / Cost
SPOT-105785,0,0.4545,Active
SPOT-105786,0,0.2667,Active
SPOT-105787,0,0.4819,Active
SPOT-105788,1,0.6448,Low Usage / No Time
SPOT-105789,0,0.1448,Active
SPOT-105790,0,0.4606,Active
SPOT-105791,0,0.273,Active
SPOT-105792,0,0.3667,Active
SPOT-105793,1,0.6457,Switched to Competitor
SPOT-105794,1,0.7575,Low Usage / No Time
SPOT-105795,0,0.4119,Active
SPOT-105796,0,0.3543,Active
SPOT-105797,0,0.3022,Active
SPOT-105798,0,0.2747,Active
SPOT-105799,0,0.2133,Active
SPOT-105800,0,0.3814,Active
SPOT-105801,1,0.5691,Price / Cost
SPOT-105802,0,0.5622,Active
SPOT-105803,0,0.2026,Active
SPOT-105804,1,0.6119,Switched to Competitor
SPOT-105805,0,0.3576,Active
SPOT-105806,0,0.3095,Active
SPOT-105807,1,0.5995,Low Usage / No Time
SPOT-105808,0,0.3429,Active
SPOT-105809,0,0.3155,Active
SPOT-105810,1,0.6152,Too Many Ads
SPOT-105811,0,0.3477,Active
SPOT-105812,0,0.2458,Active
SPOT-105813,0,0.5407,Active
SPOT-105814,0,0.4004,Active
SPOT-105815,1,0.571,Switched to Competitor
SPOT-105816,0,0.2867,Active
SPOT-105817,1,0.6638,Low Usage / No Time
SPOT-105818,0,0.4397,Active
SPOT-105819,1,0.576,Price / Cost
SPOT-105820,1,0.5884,Low Usage / No Time
SPOT-105821,0,0.4336,Active
SPOT-105822,0,0.4193,Active
SPOT-105823,0,0.3277,Active
SPOT-105824,0,0.4853,Active
SPOT-105825,0,0.224,Active
SPOT-105826,1,0.6539,Too Many Ads
SPOT-105827,0,0.3978,Active
SPOT-105828,1,0.7112,Price / Cost
SPOT-105829,1,0.6199,Price / Cost
SPOT-105830,0,0.295,Active
SPOT-105831,0,0.2742,Active
SPOT-105832,0,0.2318,Active
SPOT-105833,0,0.3524,Active
SPOT-105834,0,0.3665,Active
SPOT-105835,0,0.533,Active
SPOT-105836,0,0.3276,Active
SPOT-105837,1,0.6815,Low Usage / No Time
SPOT-105838,0,0.5271,Active
SPOT-105839,0,0.2395,Active
SPOT-105840,0,0.3491,Active
SPOT-105841,0,0.4281,Active
SPOT-105842,1,0.5714,Low Usage / No Time
SPOT-105843,0,0.1821,Active
SPOT-105844,0,0.4108,Active
SPOT-105845,0,0.3857,Active
SPOT-105846,0,0.3637,Active
SPOT-105847,0,0.4184,Active
SPOT-105848,0,0.4149,Active
SPOT-105849,0,0.3677,Active
SPOT-105850,0,0.1964,Active
SPOT-105851,1,0.6121,Low Usage / No Time
SPOT-105852,0,0.1991,Active
SPOT-105853,1,0.6906,Too Many Ads
SPOT-105854,0,0.39,Active
SPOT-105855,0,0.5155,Active
SPOT-105856,1,0.5733,Price / Cost
SPOT-105857,0,0.3885,Active
SPOT-105858,0,0.3955,Active
SPOT-105859,1,0.7218,Too Many Ads
SPOT-105860,0,0.4031,Active
SPOT-105861,1,0.7486,Too Many Ads
SPOT-105862,0,0.0964,Active
SPOT-105863,0,0.4018,Active
SPOT-105864,1,0.6322,Switched to Competitor
SPOT-105865,0,0.4693,Active
SPOT-105866,0,0.2954,Active
SPOT-105867,0,0.3878,Active
SPOT-105868,0,0.3739,Active
SPOT-105869,0,0.2582,Active
SPOT-105870,1,0.6106,Too Many Ads
SPOT-105871,1,0.5836,Low Usage / No Time
SPOT-105872,1,0.6217,Too Many Ads
SPOT-105873,0,0.4456,Active
SPOT-105874,0,0.2755,Active
SPOT-105875,0,0.5487,Active
SPOT-105876,0,0.3207,Active
SPOT-105877,0,0.4837,Active
SPOT-105878,0,0.2656,Active
SPOT-105879,1,0.5963,Switched to Competitor
SPOT-105880,0,0.1978,Active
SPOT-105881,0,0.2634,Active
SPOT-105882,1,0.5967,Too Many Ads
SPOT-105883,0,0.1535,Active
SPOT-105884,0,0.339,Active
SPOT-105885,0,0.4467,Active
SPOT-105886,0,0.0616,Active
SPOT-105887,0,0.4832,Active
SPOT-105888,1,0.6414,Price / Cost
SPOT-105889,0,0.5413,Active
SPOT-105890,0,0.4227,Active
SPOT-105891,0,0.4509,Active
SPOT-105892,0,0.3118,Active
SPOT-105893,0,0.3697,Active
SPOT-105894,0,0.3901,Active
SPOT-105895,0,0.5551,Active
SPOT-105896,1,0.7019,Too Many Ads
SPOT-105897,0,0.3356,Active
SPOT-105898,0,0.4707,Active
SPOT-105899,0,0.2447,Active
SPOT-105900,0,0.4429,Active
SPOT-105901,0,0.3257,Active
SPOT-105902,0,0.2405,Active
SPOT-105903,0,0.5644,Active
SPOT-105904,1,0.5787,Switched to Competitor
SPOT-105905,0,0.4604,Active
SPOT-105906,0,0.3874,Active
SPOT-105907,0,0.2793,Active
SPOT-105908,0,0.5457,Active
SPOT-105909,0,0.5354,Active
SPOT-105910,0,0.47,Active
SPOT-105911,0,0.3267,Active
SPOT-105912,0,0.5128,Active
SPOT-105913,1,0.6103,Price / Cost
SPOT-105914,0,0.5392,Active
SPOT-105915,0,0.5564,Active
SPOT-105916,0,0.212,Active
SPOT-105917,1,0.672,Price / Cost
SPOT-105918,1,0.7149,Switched to Competitor
SPOT-105919,0,0.2318,Active
SPOT-105920,0,0.2287,Active
SPOT-105921,0,0.3989,Active
SPOT-105922,0,0.2173,Active
SPOT-105923,0,0.4217,Active
SPOT-105924,1,0.7105,Too Many Ads
SPOT-105925,0,0.5253,Active
SPOT-105926,0,0.2679,Active
SPOT-105927,0,0.1623,Active
SPOT-105928,0,0.3721,Active
SPOT-105929,0,0.5227,Active
SPOT-105930,0,0.4782,Active
SPOT-105931,0,0.3179,Active
SPOT-105932,0,0.1971,Active
SPOT-105933,0,0.3066,Active
SPOT-105934,0,0.3197,Active
SPOT-105935,0,0.4291,Active
SPOT-105936,0,0.2967,Active
SPOT-105937,0,0.4754,Active
SPOT-105938,1,0.6014,Switched to Competitor
SPOT-105939,0,0.3549,Active
SPOT-105940,0,0.3795,Active
SPOT-105941,0,0.4752,Active
SPOT-105942,0,0.2229,Active
SPOT-105943,0,0.3671,Active
SPOT-105944,0,0.4021,Active
SPOT-105945,0,0.5092,Active
SPOT-105946,1,0.6162,Price / Cost
SPOT-105947,0,0.2426,Active
SPOT-105948,0,0.201,Active
SPOT-105949,0,0.3132,Active
SPOT-105950,0,0.5525,Active
SPOT-105951,0,0.1934,Active
SPOT-105952,0,0.2025,Active
SPOT-105953,0,0.3692,Active
SPOT-105954,0,0.4846,Active
SPOT-105955,0,0.1537,Active
SPOT-105956,0,0.4665,Active
SPOT-105957,0,0.4697,Active
SPOT-105958,1,0.5799,Too Many Ads
SPOT-105959,0,0.4701,Active
SPOT-105960,0,0.3046,Active
SPOT-105961,0,0.197,Active
SPOT-105962,0,0.5637,Active
SPOT-105963,0,0.5377,Active
SPOT-105964,0,0.3409,Active
SPOT-105965,0,0.36,Active
SPOT-105966,0,0.4608,Active
SPOT-105967,0,0.4227,Active
SPOT-105968,0,0.2167,Active
SPOT-105969,1,0.6447,Price / Cost
SPOT-105970,0,0.402,Active
SPOT-105971,0,0.4854,Active
SPOT-105972,1,0.5801,Price / Cost
SPOT-105973,1,0.5966,Low Usage / No Time
SPOT-105974,0,0.2367,Active
SPOT-105975,0,0.3374,Active
SPOT-105976,0,0.2072,Active
SPOT-105977,0,0.2993,Active
SPOT-105978,0,0.4854,Active
SPOT-105979,0,0.2194,Active
SPOT-105980,0,0.4529,Active
SPOT-105981,0,0.4907,Active
SPOT-105982,0,0.2375,Active
SPOT-105983,0,0.3736,Active
SPOT-105984,0,0.5476,Active
SPOT-105985,0,0.2158,Active
SPOT-105986,0,0.2012,Active
SPOT-105987,0,0.4969,Active
SPOT-105988,0,0.2529,Active
SPOT-105989,0,0.2668,Active
SPOT-105990,0,0.3343,Active
SPOT-105991,0,0.1231,Active
SPOT-105992,1,0.7228,Too Many Ads
SPOT-105993,0,0.5357,Active
SPOT-105994,0,0.4967,Active
SPOT-105995,0,0.1359,Active
SPOT-105996,0,0.4305,Active
SPOT-105997,0,0.221,Active
SPOT-105998,0,0.3295,Active
SPOT-105999,0,0.481,Active
SPOT-106000,0,0.3266,Active
SPOT-106001,0,0.3345,Active
SPOT-106002,0,0.1199,Active
SPOT-106003,1,0.6491,Switched to Competitor
SPOT-106004,0,0.3566,Active
SPOT-106005,1,0.6311,Price / Cost
SPOT-106006,0,0.4356,Active
SPOT-106007,0,0.5256,Active
SPOT-106008,0,0.2201,Active
SPOT-106009,0,0.4968,Active
SPOT-106010,0,0.1916,Active
SPOT-106011,0,0.3832,Active
SPOT-106012,1,0.5958,Too Many Ads
SPOT-106013,0,0.3509,Active
SPOT-106014,0,0.4556,Active
SPOT-106015,0,0.4027,Active
SPOT-106016,1,0.7541,Too Many Ads
SPOT-106017,0,0.3462,Active
SPOT-106018,0,0.4158,Active
SPOT-106019,1,0.6046,Switched to Competitor
SPOT-106020,0,0.1374,Active
SPOT-106021,1,0.6558,Price / Cost
SPOT-106022,0,0.4171,Active
SPOT-106023,0,0.5075,Active
SPOT-106024,0,0.4581,Active
SPOT-106025,0,0.3407,Active
SPOT-106026,0,0.3059,Active
SPOT-106027,1,0.7139,Price / Cost
SPOT-106028,0,0.4278,Active
SPOT-106029,0,0.2574,Active
SPOT-106030,0,0.4546,Active
SPOT-106031,0,0.1128,Active
SPOT-106032,1,0.6965,Too Many Ads
SPOT-106033,0,0.4396,Active
SPOT-106034,1,0.5844,Too Many Ads
SPOT-106035,0,0.3546,Active
SPOT-106036,0,0.4327,Active
SPOT-106037,0,0.3759,Active
SPOT-106038,0,0.2394,Active
SPOT-106039,0,0.4922,Active
SPOT-106040,0,0.3595,Active
SPOT-106041,0,0.5438,Active
SPOT-106042,0,0.3311,Active
SPOT-106043,0,0.3915,Active
SPOT-106044,0,0.3272,Active
SPOT-106045,1,0.6069,Too Many Ads
SPOT-106046,0,0.3071,Active
SPOT-106047,1,0.5856,Low Usage / No Time
SPOT-106048,0,0.3919,Active
SPOT-106049,0,0.4966,Active
SPOT-106050,0,0.2997,Active
SPOT-106051,0,0.3075,Active
SPOT-106052,0,0.2651,Active
SPOT-106053,1,0.6746,Price / Cost
SPOT-106054,0,0.2189,Active
SPOT-106055,0,0.4077,Active
SPOT-106056,1,0.6386,Price / Cost
SPOT-106057,0,0.5681,Active
SPOT-106058,0,0.5401,Active
SPOT-106059,0,0.2213,Active
SPOT-106060,0,0.552,Active
SPOT-106061,0,0.2073,Active
SPOT-106062,0,0.413,Active
SPOT-106063,0,0.3959,Active
SPOT-106064,0,0.3838,Active
SPOT-106065,1,0.697,Too Many Ads
SPOT-106066,0,0.478,Active
SPOT-106067,0,0.3563,Active
SPOT-106068,1,0.5815,Switched to Competitor
SPOT-106069,0,0.2339,Active
SPOT-106070,0,0.4095,Active
SPOT-106071,0,0.4814,Active
SPOT-106072,0,0.2971,Active
SPOT-106073,0,0.2536,Active
SPOT-106074,0,0.2077,Active
SPOT-106075,0,0.3281,Active
SPOT-106076,1,0.6823,Too Many Ads
SPOT-106077,0,0.5065,Active
SPOT-106078,0,0.566,Active
SPOT-106079,0,0.171,Active
SPOT-106080,1,0.6215,Switched to Competitor
SPOT-106081,0,0.3785,Active
SPOT-106082,0,0.4577,Active
SPOT-106083,0,0.4701,Active
SPOT-106084,1,0.6379,Low Usage / No Time
SPOT-106085,0,0.2464,Active
SPOT-106086,0,0.4658,Active
SPOT-106087,0,0.3128,Active
SPOT-106088,0,0.3723,Active
SPOT-106089,0,0.308,Active
SPOT-106090,0,0.391,Active
SPOT-106091,1,0.6214,Too Many Ads
SPOT-106092,0,0.3559,Active
SPOT-106093,1,0.6073,Switched to Competitor
SPOT-106094,0,0.2336,Active
SPOT-106095,1,0.7041,Too Many Ads
SPOT-106096,1,0.5727,Low Usage / No Time
SPOT-106097,0,0.389,Active
SPOT-106098,0,0.1183,Active
SPOT-106099,0,0.3828,Active
SPOT-106100,0,0.2207,Active
SPOT-106101,0,0.3933,Active
SPOT-106102,0,0.4798,Active
SPOT-106103,0,0.4862,Active
SPOT-106104,0,0.5175,Active
SPOT-106105,0,0.4151,Active
SPOT-106106,1,0.6433,Price / Cost
SPOT-106107,0,0.4065,Active
SPOT-106108,0,0.3835,Active
SPOT-106109,0,0.2117,Active
SPOT-106110,0,0.4087,Active
SPOT-106111,0,0.3671,Active
SPOT-106112,0,0.5033,Active
SPOT-106113,0,0.3683,Active
SPOT-106114,0,0.4119,Active
SPOT-106115,0,0.5292,Active
SPOT-106116,0,0.4527,Active
SPOT-106117,0,0.4117,Active
SPOT-106118,0,0.2353,Active
SPOT-106119,0,0.1563,Active
SPOT-106120,0,0.3384,Active
SPOT-106121,0,0.3687,Active
SPOT-106122,0,0.2756,Active
SPOT-106123,0,0.5321,Active
SPOT-106124,0,0.428,Active
SPOT-106125,0,0.372,Active
SPOT-106126,1,0.7817,Switched to Competitor
SPOT-106127,1,0.6593,Switched to Competitor
SPOT-106128,0,0.4669,Active
SPOT-106129,0,0.4077,Active
SPOT-106130,0,0.4591,Active
SPOT-106131,1,0.6864,Too Many Ads
SPOT-106132,0,0.1219,Active
SPOT-106133,0,0.2223,Active
SPOT-106134,0,0.2505,Active
SPOT-106135,1,0.6442,Low Usage / No Time
SPOT-106136,1,0.6299,Low Usage / No Time
SPOT-106137,0,0.1799,Active
SPOT-106138,1,0.6918,Technical Bugs
SPOT-106139,0,0.3136,Active
SPOT-106140,0,0.4887,Active
SPOT-106141,0,0.33,Active
SPOT-106142,0,0.4395,Active
SPOT-106143,0,0.1461,Active
SPOT-106144,0,0.0978,Active
SPOT-106145,0,0.5006,Active
SPOT-106146,1,0.5687,Price / Cost
SPOT-106147,0,0.4994,Active
SPOT-106148,0,0.1978,Active
SPOT-106149,1,0.7784,Price / Cost
SPOT-106150,0,0.3695,Active
SPOT-106151,0,0.4194,Active
SPOT-106152,0,0.5039,Active
SPOT-106153,0,0.3076,Active
SPOT-106154,0,0.3849,Active
SPOT-106155,0,0.194,Active
SPOT-106156,0,0.3186,Active
SPOT-106157,0,0.0605,Active
SPOT-106158,0,0.1897,Active
SPOT-106159,0,0.2095,Active
SPOT-106160,0,0.2208,Active
SPOT-106161,0,0.4004,Active
SPOT-106162,0,0.3786,Active
SPOT-106163,0,0.422,Active
SPOT-106164,0,0.2502,Active
SPOT-106165,0,0.3075,Active
SPOT-106166,0,0.3983,Active
SPOT-106167,0,0.2206,Active
SPOT-106168,1,0.7523,Price / Cost
SPOT-106169,0,0.5265,Active
SPOT-106170,1,0.5955,Too Many Ads
SPOT-106171,1,0.6028,Switched to Competitor
SPOT-106172,0,0.3063,Active
SPOT-106173,0,0.3656,Active
SPOT-106174,0,0.3788,Active
SPOT-106175,1,0.6283,Low Usage / No Time
SPOT-106176,1,0.618,Switched to Competitor
SPOT-106177,1,0.6935,Low Usage / No Time
SPOT-106178,0,0.5627,Active
SPOT-106179,0,0.4962,Active
SPOT-106180,0,0.1739,Active
SPOT-106181,0,0.2347,Active
SPOT-106182,0,0.4419,Active
SPOT-106183,1,0.5936,Low Usage / No Time
SPOT-106184,0,0.5503,Active
SPOT-106185,0,0.265,Active
SPOT-106186,0,0.4394,Active
SPOT-106187,0,0.1993,Active
SPOT-106188,0,0.2107,Active
SPOT-106189,0,0.4474,Active
SPOT-106190,0,0.3095,Active
SPOT-106191,0,0.4421,Active
SPOT-106192,0,0.3308,Active
SPOT-106193,1,0.6089,Price / Cost
SPOT-106194,0,0.4737,Active
SPOT-106195,0,0.452,Active
SPOT-106196,0,0.4057,Active
SPOT-106197,1,0.7014,Price / Cost
SPOT-106198,0,0.2352,Active
SPOT-106199,0,0.163,Active
SPOT-106200,1,0.5722,Low Usage / No Time
SPOT-106201,0,0.308,Active
SPOT-106202,0,0.3017,Active
SPOT-106203,1,0.6087,Too Many Ads
SPOT-106204,0,0.1801,Active
SPOT-106205,1,0.6648,Low Usage / No Time
SPOT-106206,0,0.4146,Active
SPOT-106207,0,0.185,Active
SPOT-106208,0,0.5509,Active
SPOT-106209,1,0.7591,Low Usage / No Time
SPOT-106210,0,0.2516,Active
SPOT-106211,0,0.4874,Active
SPOT-106212,1,0.5777,Low Usage / No Time
SPOT-106213,1,0.6239,Too Many Ads
SPOT-106214,1,0.6939,Price / Cost
SPOT-106215,0,0.4862,Active
SPOT-106216,0,0.4948,Active
SPOT-106217,0,0.3469,Active
SPOT-106218,0,0.3212,Active
SPOT-106219,0,0.3847,Active
SPOT-106220,0,0.4589,Active
SPOT-106221,1,0.6374,Switched to Competitor
SPOT-106222,0,0.3199,Active
SPOT-106223,0,0.1665,Active
SPOT-106224,0,0.4431,Active
SPOT-106225,0,0.4399,Active
SPOT-106226,1,0.6516,Price / Cost
SPOT-106227,0,0.2671,Active
SPOT-106228,1,0.5769,Price / Cost
SPOT-106229,0,0.4671,Active
SPOT-106230,0,0.3137,Active
SPOT-106231,1,0.6608,Price / Cost
SPOT-106232,0,0.5209,Active
SPOT-106233,1,0.6842,Price / Cost
SPOT-106234,0,0.4188,Active
SPOT-106235,0,0.3255,Active
SPOT-106236,0,0.5401,Active
SPOT-106237,0,0.5186,Active
SPOT-106238,0,0.3995,Active
SPOT-106239,0,0.4228,Active
SPOT-106240,1,0.6355,Switched to Competitor
SPOT-106241,0,0.3155,Active
SPOT-106242,0,0.2815,Active
SPOT-106243,0,0.3922,Active
SPOT-106244,1,0.6837,Price / Cost
SPOT-106245,1,0.6246,Switched to Competitor
SPOT-106246,0,0.335,Active
SPOT-106247,0,0.4805,Active
SPOT-106248,0,0.1886,Active
SPOT-106249,1,0.6098,Low Usage / No Time
SPOT-106250,0,0.1947,Active
SPOT-106251,0,0.4616,Active
SPOT-106252,0,0.2852,Active
SPOT-106253,0,0.2706,Active
SPOT-106254,0,0.5539,Active
SPOT-106255,0,0.425,Active
SPOT-106256,1,0.6909,Too Many Ads
SPOT-106257,0,0.4322,Active
SPOT-106258,0,0.137,Active
SPOT-106259,0,0.2869,Active
SPOT-106260,0,0.1436,Active
SPOT-106261,0,0.473,Active
SPOT-106262,0,0.5614,Active
SPOT-106263,1,0.6266,Price / Cost
SPOT-106264,0,0.4634,Active
SPOT-106265,0,0.5598,Active
SPOT-106266,0,0.538,Active
SPOT-106267,0,0.1858,Active
SPOT-106268,1,0.5756,Technical Bugs
SPOT-106269,0,0.1966,Active
SPOT-106270,0,0.4588,Active
SPOT-106271,0,0.4566,Active
SPOT-106272,1,0.594,Technical Bugs
SPOT-106273,1,0.6309,Price / Cost
SPOT-106274,0,0.2726,Active
SPOT-106275,1,0.6802,Price / Cost
SPOT-106276,1,0.6207,Switched to Competitor
SPOT-106277,0,0.5428,Active
SPOT-106278,0,0.53,Active
SPOT-106279,0,0.5235,Active
SPOT-106280,1,0.6451,Switched to Competitor
SPOT-106281,0,0.5649,Active
SPOT-106282,0,0.1135,Active
SPOT-106283,1,0.5946,Too Many Ads
SPOT-106284,0,0.4774,Active
SPOT-106285,0,0.4782,Active
SPOT-106286,0,0.2594,Active
SPOT-106287,1,0.6628,Technical Bugs
SPOT-106288,0,0.1492,Active
SPOT-106289,0,0.2671,Active
SPOT-106290,0,0.501,Active
SPOT-106291,1,0.7133,Price / Cost
SPOT-106292,0,0.1554,Active
SPOT-106293,0,0.5549,Active
SPOT-106294,0,0.3811,Active
SPOT-106295,0,0.2086,Active
SPOT-106296,1,0.5978,Price / Cost
SPOT-106297,0,0.5225,Active
SPOT-106298,0,0.5371,Active
SPOT-106299,0,0.4701,Active
SPOT-106300,1,0.7701,Switched to Competitor
SPOT-106301,0,0.5269,Active
SPOT-106302,0,0.369,Active
SPOT-106303,0,0.2363,Active
SPOT-106304,0,0.3564,Active
SPOT-106305,1,0.6053,Technical Bugs
SPOT-106306,0,0.136,Active
SPOT-106307,1,0.5794,Price / Cost
SPOT-106308,0,0.452,Active
SPOT-106309,0,0.3058,Active
SPOT-106310,0,0.4031,Active
SPOT-106311,0,0.3523,Active
SPOT-106312,1,0.5899,Low Usage / No Time
SPOT-106313,0,0.5067,Active
SPOT-106314,0,0.5081,Active
SPOT-106315,0,0.3889,Active
SPOT-106316,0,0.4484,Active
SPOT-106317,0,0.5312,Active
SPOT-106318,0,0.5608,Active
SPOT-106319,0,0.3688,Active
SPOT-106320,0,0.4244,Active
SPOT-106321,0,0.4795,Active
SPOT-106322,0,0.3389,Active
SPOT-106323,1,0.6985,Low Usage / No Time
SPOT-106324,0,0.3275,Active
SPOT-106325,0,0.412,Active
SPOT-106326,0,0.4725,Active
SPOT-106327,0,0.525,Active
SPOT-106328,0,0.2474,Active
SPOT-106329,0,0.5323,Active
SPOT-106330,0,0.4489,Active
SPOT-106331,0,0.1812,Active
SPOT-106332,1,0.6937,Too Many Ads
SPOT-106333,0,0.3938,Active
SPOT-106334,0,0.2634,Active
SPOT-106335,0,0.167,Active
SPOT-106336,0,0.463,Active
SPOT-106337,0,0.234,Active
SPOT-106338,0,0.4683,Active
SPOT-106339,0,0.3313,Active
SPOT-106340,0,0.263,Active
SPOT-106341,0,0.2562,Active
SPOT-106342,0,0.2556,Active
SPOT-106343,0,0.2923,Active
SPOT-106344,0,0.5637,Active
SPOT-106345,0,0.3468,Active
SPOT-106346,1,0.6099,Too Many Ads
SPOT-106347,1,0.5847,Low Usage / No Time
SPOT-106348,0,0.2562,Active
SPOT-106349,0,0.5134,Active
SPOT-106350,0,0.4623,Active
SPOT-106351,0,0.3514,Active
SPOT-106352,0,0.1279,Active
SPOT-106353,1,0.7279,Too Many Ads
SPOT-106354,0,0.2182,Active
SPOT-106355,0,0.3916,Active
SPOT-106356,1,0.5879,Switched to Competitor
SPOT-106357,0,0.4786,Active
SPOT-106358,0,0.2879,Active
SPOT-106359,0,0.3238,Active
SPOT-106360,0,0.4017,Active
SPOT-106361,0,0.2362,Active
SPOT-106362,0,0.3317,Active
SPOT-106363,0,0.4666,Active
SPOT-106364,0,0.3896,Active
SPOT-106365,0,0.353,Active
SPOT-106366,1,0.5751,Price / Cost
SPOT-106367,0,0.3628,Active
SPOT-106368,0,0.3824,Active
SPOT-106369,0,0.2603,Active
SPOT-106370,0,0.1666,Active
SPOT-106371,0,0.3437,Active
SPOT-106372,0,0.2335,Active
SPOT-106373,1,0.6869,Too Many Ads
SPOT-106374,0,0.5078,Active
SPOT-106375,0,0.4039,Active
SPOT-106376,0,0.4259,Active
SPOT-106377,1,0.6322,Too Many Ads
SPOT-106378,1,0.6628,Price / Cost
SPOT-106379,1,0.6451,Technical Bugs
SPOT-106380,0,0.2642,Active
SPOT-106381,0,0.504,Active
SPOT-106382,0,0.4949,Active
SPOT-106383,0,0.5608,Active
SPOT-106384,0,0.2219,Active
SPOT-106385,0,0.3593,Active
SPOT-106386,0,0.5142,Active
SPOT-106387,0,0.2317,Active
SPOT-106388,0,0.255,Active
SPOT-106389,1,0.5733,Price / Cost
SPOT-106390,0,0.3088,Active
SPOT-106391,0,0.4223,Active
SPOT-106392,0,0.2338,Active
SPOT-106393,0,0.4319,Active
SPOT-106394,0,0.3827,Active
SPOT-106395,0,0.5291,Active
SPOT-106396,0,0.5131,Active
SPOT-106397,1,0.6412,Price / Cost
SPOT-106398,0,0.3375,Active
SPOT-106399,0,0.1274,Active
SPOT-106400,1,0.5806,Too Many Ads
SPOT-106401,1,0.6587,Too Many Ads
SPOT-106402,0,0.4179,Active
SPOT-106403,0,0.5261,Active
SPOT-106404,0,0.1683,Active
SPOT-106405,0,0.5105,Active
SPOT-106406,0,0.5177,Active
SPOT-106407,0,0.33,Active
SPOT-106408,0,0.3519,Active
SPOT-106409,0,0.5626,Active
SPOT-106410,0,0.3735,Active
SPOT-106411,0,0.3505,Active
SPOT-106412,0,0.5092,Active
SPOT-106413,1,0.5683,Switched to Competitor
SPOT-106414,0,0.4054,Active
SPOT-106415,0,0.5499,Active
SPOT-106416,0,0.4391,Active
SPOT-106417,0,0.1482,Active
SPOT-106418,0,0.2893,Active
SPOT-106419,1,0.5826,Too Many Ads
SPOT-106420,0,0.4733,Active
SPOT-106421,0,0.2634,Active
SPOT-106422,0,0.499,Active
SPOT-106423,0,0.2972,Active
SPOT-106424,0,0.5374,Active
SPOT-106425,0,0.4496,Active
SPOT-106426,0,0.2232,Active
SPOT-106427,0,0.4552,Active
SPOT-106428,0,0.2466,Active
SPOT-106429,0,0.3849,Active
SPOT-106430,1,0.6145,Too Many Ads
SPOT-106431,0,0.3348,Active
SPOT-106432,0,0.463,Active
SPOT-106433,0,0.3299,Active
SPOT-106434,0,0.4534,Active
SPOT-106435,0,0.4835,Active
SPOT-106436,0,0.302,Active
SPOT-106437,0,0.3844,Active
SPOT-106438,0,0.5394,Active
SPOT-106439,0,0.546,Active
SPOT-106440,0,0.2775,Active
SPOT-106441,0,0.4754,Active
SPOT-106442,1,0.5984,Switched to Competitor
SPOT-106443,0,0.2937,Active
SPOT-106444,0,0.4416,Active
SPOT-106445,0,0.4641,Active
SPOT-106446,0,0.3439,Active
SPOT-106447,0,0.4622,Active
SPOT-106448,0,0.4046,Active
SPOT-106449,0,0.4812,Active
SPOT-106450,0,0.2937,Active
SPOT-106451,0,0.3987,Active
SPOT-106452,1,0.609,Price / Cost
SPOT-106453,0,0.5123,Active
SPOT-106454,1,0.6268,Switched to Competitor
SPOT-106455,0,0.3365,Active
SPOT-106456,0,0.3887,Active
SPOT-106457,0,0.1999,Active
SPOT-106458,0,0.1232,Active
SPOT-106459,0,0.4078,Active
SPOT-106460,0,0.4627,Active
SPOT-106461,0,0.2756,Active
SPOT-106462,0,0.3835,Active
SPOT-106463,0,0.53,Active
SPOT-106464,0,0.1217,Active
SPOT-106465,0,0.3497,Active
SPOT-106466,0,0.55,Active
SPOT-106467,0,0.4588,Active
SPOT-106468,0,0.4036,Active
SPOT-106469,0,0.2592,Active
SPOT-106470,0,0.2566,Active
SPOT-106471,1,0.6152,Technical Bugs
SPOT-106472,0,0.1014,Active
SPOT-106473,1,0.5969,Price / Cost
SPOT-106474,1,0.6496,Low Usage / No Time
SPOT-106475,0,0.3494,Active
SPOT-106476,0,0.308,Active
SPOT-106477,0,0.438,Active
SPOT-106478,0,0.4564,Active
SPOT-106479,1,0.6299,Too Many Ads
SPOT-106480,0,0.27,Active
SPOT-106481,0,0.341,Active
SPOT-106482,0,0.2212,Active
SPOT-106483,0,0.4008,Active
SPOT-106484,0,0.3457,Active
SPOT-106485,0,0.5609,Active
SPOT-106486,1,0.5944,Switched to Competitor
SPOT-106487,0,0.2306,Active
SPOT-106488,0,0.1742,Active
SPOT-106489,0,0.4449,Active
SPOT-106490,0,0.5651,Active
SPOT-106491,0,0.3341,Active
SPOT-106492,0,0.1105,Active
SPOT-106493,0,0.3484,Active
SPOT-106494,1,0.6011,Too Many Ads
SPOT-106495,0,0.4819,Active
SPOT-106496,0,0.2819,Active
SPOT-106497,0,0.2639,Active
SPOT-106498,0,0.4007,Active
SPOT-106499,0,0.4848,Active
SPOT-106500,0,0.5231,Active
SPOT-106501,0,0.446,Active
SPOT-106502,0,0.315,Active
SPOT-106503,0,0.4232,Active
SPOT-106504,0,0.4585,Active
SPOT-106505,0,0.3658,Active
SPOT-106506,0,0.5554,Active
SPOT-106507,0,0.1948,Active
SPOT-106508,1,0.5822,Price / Cost
SPOT-106509,0,0.52,Active
SPOT-106510,0,0.5591,Active
SPOT-106511,0,0.258,Active
SPOT-106512,0,0.3192,Active
SPOT-106513,0,0.3157,Active
SPOT-106514,1,0.569,Too Many Ads
SPOT-106515,0,0.3865,Active
SPOT-106516,0,0.147,Active
SPOT-106517,0,0.4614,Active
SPOT-106518,0,0.2808,Active
SPOT-106519,0,0.5189,Active
SPOT-106520,0,0.4254,Active
SPOT-106521,0,0.5138,Active
SPOT-106522,0,0.3751,Active
SPOT-106523,0,0.451,Active
SPOT-106524,0,0.2162,Active
SPOT-106525,0,0.0498,Active
SPOT-106526,1,0.7013,Price / Cost
SPOT-106527,1,0.6212,Too Many Ads
SPOT-106528,0,0.437,Active
SPOT-106529,0,0.5463,Active
SPOT-106530,0,0.4905,Active
SPOT-106531,0,0.2757,Active
SPOT-106532,1,0.5912,Price / Cost
SPOT-106533,0,0.4425,Active
SPOT-106534,1,0.6167,Price / Cost
SPOT-106535,0,0.4895,Active
SPOT-106536,0,0.5547,Active
SPOT-106537,0,0.194,Active
SPOT-106538,0,0.1818,Active
SPOT-106539,0,0.383,Active
SPOT-106540,0,0.5525,Active
SPOT-106541,0,0.4631,Active
SPOT-106542,0,0.4366,Active
SPOT-106543,0,0.2054,Active
SPOT-106544,0,0.4712,Active
SPOT-106545,1,0.7267,Low Usage / No Time
SPOT-106546,0,0.5132,Active
SPOT-106547,0,0.3298,Active
SPOT-106548,0,0.3125,Active
SPOT-106549,0,0.4012,Active
SPOT-106550,0,0.2128,Active
SPOT-106551,1,0.6751,Too Many Ads
SPOT-106552,1,0.7865,Switched to Competitor
SPOT-106553,0,0.5042,Active
SPOT-106554,0,0.2606,Active
SPOT-106555,0,0.5083,Active
SPOT-106556,1,0.5944,Technical Bugs
SPOT-106557,0,0.3313,Active
SPOT-106558,0,0.4363,Active
SPOT-106559,0,0.4259,Active
SPOT-106560,1,0.6248,Price / Cost
SPOT-106561,1,0.575,Switched to Competitor
SPOT-106562,0,0.3959,Active
SPOT-106563,0,0.2442,Active
SPOT-106564,1,0.6931,Switched to Competitor
SPOT-106565,0,0.3634,Active
SPOT-106566,0,0.5216,Active
SPOT-106567,0,0.2402,Active
SPOT-106568,0,0.4611,Active
SPOT-106569,0,0.264,Active
SPOT-106570,0,0.2894,Active
SPOT-106571,0,0.4718,Active
SPOT-106572,0,0.3708,Active
SPOT-106573,0,0.3973,Active
SPOT-106574,0,0.3728,Active
SPOT-106575,0,0.2561,Active
SPOT-106576,0,0.3775,Active
SPOT-106577,1,0.5862,Price / Cost
SPOT-106578,0,0.4313,Active
SPOT-106579,0,0.3624,Active
SPOT-106580,0,0.4506,Active
SPOT-106581,1,0.6084,Too Many Ads
SPOT-106582,0,0.1694,Active
SPOT-106583,0,0.3285,Active
SPOT-106584,0,0.2627,Active
SPOT-106585,0,0.3499,Active
SPOT-106586,0,0.5124,Active
SPOT-106587,0,0.2684,Active
SPOT-106588,1,0.6627,Price / Cost
SPOT-106589,0,0.2721,Active
SPOT-106590,0,0.3939,Active
SPOT-106591,0,0.5664,Active
SPOT-106592,1,0.5755,Switched to Competitor
SPOT-106593,0,0.3595,Active
SPOT-106594,0,0.3223,Active
SPOT-106595,0,0.2096,Active
SPOT-106596,0,0.1914,Active
SPOT-106597,0,0.1213,Active
SPOT-106598,0,0.4695,Active
SPOT-106599,0,0.3771,Active
SPOT-106600,0,0.3881,Active
SPOT-106601,1,0.6385,Switched to Competitor
SPOT-106602,1,0.6724,Switched to Competitor
SPOT-106603,1,0.6663,Switched to Competitor
SPOT-106604,0,0.2106,Active
SPOT-106605,1,0.597,Too Many Ads
SPOT-106606,1,0.6044,Technical Bugs
SPOT-106607,1,0.5845,Low Usage / No Time
SPOT-106608,0,0.3968,Active
SPOT-106609,1,0.6382,Price / Cost
SPOT-106610,0,0.4229,Active
SPOT-106611,0,0.4008,Active
SPOT-106612,0,0.4719,Active
SPOT-106613,0,0.3874,Active
SPOT-106614,1,0.6246,Price / Cost
SPOT-106615,0,0.4695,Active
SPOT-106616,1,0.5835,Too Many Ads
SPOT-106617,0,0.2231,Active
SPOT-106618,0,0.3487,Active
SPOT-106619,0,0.1488,Active
SPOT-106620,0,0.2534,Active
SPOT-106621,1,0.7656,Price / Cost
SPOT-106622,1,0.6022,Too Many Ads
SPOT-106623,0,0.3677,Active
SPOT-106624,0,0.3154,Active
SPOT-106625,0,0.1449,Active
SPOT-106626,1,0.6411,Switched to Competitor
SPOT-106627,0,0.3307,Active
SPOT-106628,0,0.3626,Active
SPOT-106629,0,0.2691,Active
SPOT-106630,0,0.1012,Active
SPOT-106631,0,0.2371,Active
SPOT-106632,0,0.2175,Active
SPOT-106633,0,0.5174,Active
SPOT-106634,0,0.2499,Active
SPOT-106635,1,0.5693,Price / Cost
SPOT-106636,0,0.2203,Active
SPOT-106637,0,0.3811,Active
SPOT-106638,0,0.4518,Active
SPOT-106639,0,0.3748,Active
SPOT-106640,1,0.7356,Price / Cost
SPOT-106641,1,0.6175,Too Many Ads
SPOT-106642,0,0.2545,Active
SPOT-106643,0,0.3205,Active
SPOT-106644,0,0.5123,Active
SPOT-106645,0,0.4007,Active
SPOT-106646,0,0.2797,Active
SPOT-106647,0,0.2839,Active
SPOT-106648,1,0.7028,Too Many Ads
SPOT-106649,0,0.4432,Active
SPOT-106650,0,0.5482,Active
SPOT-106651,0,0.32,Active
SPOT-106652,0,0.28,Active
SPOT-106653,0,0.5602,Active
SPOT-106654,0,0.523,Active
SPOT-106655,0,0.3859,Active
SPOT-106656,0,0.473,Active
SPOT-106657,1,0.5862,Price / Cost
SPOT-106658,0,0.1327,Active
SPOT-106659,0,0.2933,Active
SPOT-106660,0,0.5277,Active
SPOT-106661,1,0.6243,Price / Cost
SPOT-106662,1,0.6869,Low Usage / No Time
SPOT-106663,1,0.5758,Price / Cost
SPOT-106664,0,0.2731,Active
SPOT-106665,0,0.496,Active
SPOT-106666,0,0.5124,Active
SPOT-106667,1,0.6142,Price / Cost
SPOT-106668,0,0.4955,Active
SPOT-106669,1,0.6773,Switched to Competitor
SPOT-106670,1,0.6232,Too Many Ads
SPOT-106671,0,0.2423,Active
SPOT-106672,0,0.2717,Active
SPOT-106673,1,0.6282,Switched to Competitor
SPOT-106674,0,0.3419,Active
SPOT-106675,0,0.5676,Active
SPOT-106676,0,0.2113,Active
SPOT-106677,1,0.6255,Low Usage / No Time
SPOT-106678,1,0.7499,Too Many Ads
SPOT-106679,0,0.3841,Active
SPOT-106680,1,0.5945,Too Many Ads
SPOT-106681,1,0.627,Price / Cost
SPOT-106682,1,0.7273,Too Many Ads
SPOT-106683,0,0.3843,Active
SPOT-106684,0,0.3316,Active
SPOT-106685,0,0.3815,Active
SPOT-106686,0,0.3041,Active
SPOT-106687,1,0.5898,Price / Cost
SPOT-106688,1,0.6327,Price / Cost
SPOT-106689,0,0.4153,Active
SPOT-106690,0,0.2301,Active
SPOT-106691,0,0.408,Active
SPOT-106692,0,0.3199,Active
SPOT-106693,0,0.1981,Active
SPOT-106694,0,0.3307,Active
SPOT-106695,0,0.3318,Active
SPOT-106696,0,0.5186,Active
SPOT-106697,0,0.2329,Active
SPOT-106698,0,0.4548,Active
SPOT-106699,0,0.3147,Active
SPOT-106700,0,0.3556,Active
SPOT-106701,0,0.1394,Active
SPOT-106702,0,0.3126,Active
SPOT-106703,0,0.4399,Active
SPOT-106704,0,0.528,Active
SPOT-106705,0,0.2486,Active
SPOT-106706,0,0.4012,Active
SPOT-106707,0,0.2204,Active
SPOT-106708,0,0.1693,Active
SPOT-106709,0,0.4616,Active
SPOT-106710,0,0.177,Active
SPOT-106711,1,0.588,Price / Cost
SPOT-106712,0,0.4477,Active
SPOT-106713,0,0.2793,Active
SPOT-106714,0,0.5088,Active
SPOT-106715,0,0.233,Active
SPOT-106716,0,0.2783,Active
SPOT-106717,1,0.7049,Switched to Competitor
SPOT-106718,0,0.4087,Active
SPOT-106719,0,0.4389,Active
SPOT-106720,0,0.2922,Active
SPOT-106721,0,0.2804,Active
SPOT-106722,1,0.5868,Too Many Ads
SPOT-106723,0,0.4869,Active
SPOT-106724,1,0.6819,Too Many Ads
SPOT-106725,0,0.4625,Active
SPOT-106726,1,0.586,Low Usage / No Time
SPOT-106727,0,0.2154,Active
SPOT-106728,0,0.3758,Active
SPOT-106729,0,0.5252,Active
SPOT-106730,0,0.3588,Active
SPOT-106731,1,0.6498,Too Many Ads
SPOT-106732,1,0.5848,Price / Cost
SPOT-106733,0,0.285,Active
SPOT-106734,0,0.3499,Active
SPOT-106735,0,0.465,Active
SPOT-106736,0,0.2723,Active
SPOT-106737,0,0.3492,Active
SPOT-106738,1,0.6006,Too Many Ads
SPOT-106739,1,0.5754,Too Many Ads
SPOT-106740,0,0.2943,Active
SPOT-106741,0,0.2139,Active
SPOT-106742,0,0.4871,Active
SPOT-106743,1,0.627,Switched to Competitor
SPOT-106744,1,0.6298,Too Many Ads
SPOT-106745,0,0.4436,Active
SPOT-106746,0,0.3585,Active
SPOT-106747,1,0.5867,Price / Cost
SPOT-106748,0,0.4821,Active
SPOT-106749,0,0.4367,Active
SPOT-106750,1,0.5791,Technical Bugs
SPOT-106751,0,0.2279,Active
SPOT-106752,0,0.3325,Active
SPOT-106753,0,0.4486,Active
SPOT-106754,0,0.4739,Active
SPOT-106755,0,0.2481,Active
SPOT-106756,0,0.4485,Active
SPOT-106757,0,0.3712,Active
SPOT-106758,0,0.3619,Active
SPOT-106759,1,0.5886,Price / Cost
SPOT-106760,0,0.345,Active
SPOT-106761,0,0.3811,Active
SPOT-106762,1,0.5828,Low Usage / No Time
SPOT-106763,0,0.1742,Active
SPOT-106764,0,0.4582,Active
SPOT-106765,0,0.3771,Active
SPOT-106766,0,0.5054,Active
SPOT-106767,0,0.3268,Active
SPOT-106768,1,0.6208,Too Many Ads
SPOT-106769,0,0.3856,Active
SPOT-106770,0,0.488,Active
SPOT-106771,0,0.3391,Active
SPOT-106772,0,0.4324,Active
SPOT-106773,0,0.3953,Active
SPOT-106774,1,0.6368,Price / Cost
SPOT-106775,0,0.4573,Active
SPOT-106776,0,0.2237,Active
SPOT-106777,0,0.1354,Active
SPOT-106778,0,0.4586,Active
SPOT-106779,0,0.3996,Active
SPOT-106780,0,0.5614,Active
SPOT-106781,0,0.3029,Active
SPOT-106782,0,0.2547,Active
SPOT-106783,0,0.4413,Active
SPOT-106784,0,0.232,Active
SPOT-106785,0,0.5459,Active
SPOT-106786,1,0.604,Too Many Ads
SPOT-106787,0,0.4626,Active
SPOT-106788,0,0.445,Active
SPOT-106789,0,0.4385,Active
SPOT-106790,0,0.4872,Active
SPOT-106791,0,0.343,Active
SPOT-106792,1,0.6209,Too Many Ads
SPOT-106793,0,0.556,Active
SPOT-106794,0,0.3588,Active
SPOT-106795,0,0.324,Active
SPOT-106796,0,0.2911,Active
SPOT-106797,0,0.5004,Active
SPOT-106798,0,0.5327,Active
SPOT-106799,0,0.3288,Active
SPOT-106800,1,0.6473,Too Many Ads
SPOT-106801,1,0.8026,Too Many Ads
SPOT-106802,0,0.4612,Active
SPOT-106803,0,0.3538,Active
SPOT-106804,0,0.3543,Active
SPOT-106805,0,0.4913,Active
SPOT-106806,0,0.4446,Active
SPOT-106807,0,0.2287,Active
SPOT-106808,0,0.2118,Active
SPOT-106809,0,0.5587,Active
SPOT-106810,0,0.4612,Active
SPOT-106811,1,0.6092,Price / Cost
SPOT-106812,0,0.3935,Active
SPOT-106813,0,0.3728,Active
SPOT-106814,0,0.2977,Active
SPOT-106815,0,0.4275,Active
SPOT-106816,1,0.7249,Price / Cost
SPOT-106817,0,0.5678,Active
SPOT-106818,0,0.483,Active
SPOT-106819,1,0.7277,Too Many Ads
SPOT-106820,0,0.3988,Active
SPOT-106821,0,0.3796,Active
SPOT-106822,0,0.4422,Active
SPOT-106823,0,0.534,Active
SPOT-106824,0,0.4612,Active
SPOT-106825,1,0.6392,Low Usage / No Time
SPOT-106826,0,0.424,Active
SPOT-106827,0,0.2993,Active
SPOT-106828,1,0.7486,Too Many Ads
SPOT-106829,1,0.6127,Price / Cost
SPOT-106830,0,0.4823,Active
SPOT-106831,1,0.7467,Switched to Competitor
SPOT-106832,0,0.5012,Active
SPOT-106833,1,0.6302,Switched to Competitor
SPOT-106834,0,0.3762,Active
SPOT-106835,0,0.3054,Active
SPOT-106836,0,0.212,Active
SPOT-106837,0,0.1574,Active
SPOT-106838,0,0.3671,Active
SPOT-106839,0,0.2945,Active
SPOT-106840,1,0.6211,Switched to Competitor
SPOT-106841,0,0.3971,Active
SPOT-106842,0,0.5095,Active
SPOT-106843,0,0.3875,Active
SPOT-106844,0,0.4624,Active
SPOT-106845,0,0.5625,Active
SPOT-106846,0,0.34,Active
SPOT-106847,0,0.4662,Active
SPOT-106848,0,0.4219,Active
SPOT-106849,0,0.3526,Active
SPOT-106850,1,0.7297,Too Many Ads
SPOT-106851,0,0.1294,Active
SPOT-106852,0,0.2211,Active
SPOT-106853,0,0.4023,Active
SPOT-106854,0,0.3498,Active
SPOT-106855,0,0.3639,Active
SPOT-106856,0,0.4457,Active
SPOT-106857,0,0.2041,Active
SPOT-106858,0,0.5037,Active
SPOT-106859,1,0.6625,Price / Cost
SPOT-106860,0,0.215,Active
SPOT-106861,0,0.2874,Active
SPOT-106862,0,0.2492,Active
SPOT-106863,0,0.2377,Active
SPOT-106864,0,0.3962,Active
SPOT-106865,1,0.6632,Switched to Competitor
SPOT-106866,0,0.3586,Active
SPOT-106867,0,0.4038,Active
SPOT-106868,1,0.6945,Too Many Ads
SPOT-106869,1,0.599,Too Many Ads
SPOT-106870,0,0.2609,Active
SPOT-106871,0,0.3927,Active
SPOT-106872,1,0.6093,Switched to Competitor
SPOT-106873,0,0.5371,Active
SPOT-106874,0,0.4153,Active
SPOT-106875,0,0.3489,Active
SPOT-106876,0,0.3955,Active
SPOT-106877,0,0.4051,Active
SPOT-106878,0,0.3941,Active
SPOT-106879,1,0.6413,Low Usage / No Time
SPOT-106880,0,0.3307,Active
SPOT-106881,1,0.6329,Price / Cost
SPOT-106882,0,0.5087,Active
SPOT-106883,0,0.3683,Active
SPOT-106884,0,0.278,Active
SPOT-106885,0,0.4385,Active
SPOT-106886,0,0.2987,Active
SPOT-106887,0,0.3464,Active
SPOT-106888,1,0.7337,Price / Cost
SPOT-106889,0,0.284,Active
SPOT-106890,0,0.2382,Active
SPOT-106891,0,0.4279,Active
SPOT-106892,0,0.4287,Active
SPOT-106893,0,0.4646,Active
SPOT-106894,0,0.372,Active
SPOT-106895,0,0.2422,Active
SPOT-106896,0,0.3143,Active
SPOT-106897,0,0.3278,Active
SPOT-106898,0,0.2835,Active
SPOT-106899,0,0.247,Active
SPOT-106900,0,0.2718,Active
SPOT-106901,1,0.8378,Switched to Competitor
SPOT-106902,1,0.6013,Low Usage / No Time
SPOT-106903,0,0.3528,Active
SPOT-106904,0,0.2246,Active
SPOT-106905,0,0.4897,Active
SPOT-106906,0,0.3324,Active
SPOT-106907,0,0.2599,Active
SPOT-106908,1,0.595,Price / Cost
SPOT-106909,0,0.1671,Active
SPOT-106910,0,0.1279,Active
SPOT-106911,1,0.6643,Switched to Competitor
SPOT-106912,1,0.574,Technical Bugs
SPOT-106913,0,0.3312,Active
SPOT-106914,0,0.1934,Active
SPOT-106915,1,0.6371,Price / Cost
SPOT-106916,1,0.6288,Low Usage / No Time
SPOT-106917,0,0.2881,Active
SPOT-106918,0,0.468,Active
SPOT-106919,0,0.3857,Active
SPOT-106920,1,0.6946,Price / Cost
SPOT-106921,0,0.4053,Active
SPOT-106922,0,0.5216,Active
SPOT-106923,0,0.5428,Active
SPOT-106924,0,0.4027,Active
SPOT-106925,1,0.7637,Switched to Competitor
SPOT-106926,0,0.3084,Active
SPOT-106927,0,0.2352,Active
SPOT-106928,0,0.4941,Active
SPOT-106929,1,0.6891,Too Many Ads
SPOT-106930,0,0.2649,Active
SPOT-106931,0,0.5497,Active
SPOT-106932,0,0.4964,Active
SPOT-106933,0,0.3778,Active
SPOT-106934,0,0.2343,Active
SPOT-106935,0,0.3642,Active
SPOT-106936,0,0.2089,Active
SPOT-106937,0,0.3756,Active
SPOT-106938,0,0.4225,Active
SPOT-106939,1,0.6935,Too Many Ads
SPOT-106940,1,0.6527,Too Many Ads
SPOT-106941,0,0.3396,Active
SPOT-106942,0,0.2797,Active
SPOT-106943,0,0.4933,Active
SPOT-106944,0,0.3515,Active
SPOT-106945,0,0.2411,Active
SPOT-106946,0,0.3673,Active
SPOT-106947,0,0.5116,Active
SPOT-106948,0,0.3629,Active
SPOT-106949,1,0.6586,Price / Cost
SPOT-106950,0,0.2639,Active
SPOT-106951,0,0.3043,Active
SPOT-106952,0,0.5292,Active
SPOT-106953,0,0.304,Active
SPOT-106954,0,0.1195,Active
SPOT-106955,1,0.6431,Switched to Competitor
SPOT-106956,0,0.5643,Active
SPOT-106957,0,0.3433,Active
SPOT-106958,0,0.3266,Active
SPOT-106959,0,0.4275,Active
SPOT-106960,0,0.5256,Active
SPOT-106961,0,0.5044,Active
SPOT-106962,0,0.2243,Active
SPOT-106963,0,0.4048,Active
SPOT-106964,0,0.5358,Active
SPOT-106965,0,0.3021,Active
SPOT-106966,1,0.6328,Price / Cost
SPOT-106967,0,0.2626,Active
SPOT-106968,1,0.6236,Price / Cost
SPOT-106969,0,0.433,Active
SPOT-106970,0,0.3252,Active
SPOT-106971,0,0.3406,Active
SPOT-106972,0,0.5075,Active
SPOT-106973,0,0.494,Active
SPOT-106974,1,0.7754,Technical Bugs
SPOT-106975,0,0.1291,Active
SPOT-106976,0,0.5667,Active
SPOT-106977,0,0.4813,Active
SPOT-106978,0,0.4958,Active
SPOT-106979,0,0.2951,Active
SPOT-106980,0,0.352,Active
SPOT-106981,0,0.273,Active
SPOT-106982,0,0.3433,Active
SPOT-106983,0,0.2874,Active
SPOT-106984,0,0.3844,Active
SPOT-106985,0,0.2906,Active
SPOT-106986,0,0.56,Active
SPOT-106987,0,0.5107,Active
SPOT-106988,1,0.6054,Price / Cost
SPOT-106989,1,0.5734,Too Many Ads
SPOT-106990,0,0.2359,Active
SPOT-106991,0,0.2404,Active
SPOT-106992,0,0.311,Active
SPOT-106993,0,0.2005,Active
SPOT-106994,0,0.3763,Active
SPOT-106995,0,0.5369,Active
SPOT-106996,1,0.5911,Switched to Competitor
SPOT-106997,0,0.282,Active
SPOT-106998,0,0.4736,Active
SPOT-106999,0,0.1892,Active
SPOT-107000,0,0.4643,Active
SPOT-107001,0,0.5456,Active
SPOT-107002,1,0.67,Too Many Ads
SPOT-107003,0,0.4783,Active
SPOT-107004,0,0.323,Active
SPOT-107005,0,0.3636,Active
SPOT-107006,1,0.577,Too Many Ads
SPOT-107007,1,0.6598,Switched to Competitor
SPOT-107008,0,0.2525,Active
SPOT-107009,0,0.3868,Active
SPOT-107010,0,0.2844,Active
SPOT-107011,0,0.2463,Active
SPOT-107012,0,0.3086,Active
SPOT-107013,0,0.4973,Active
SPOT-107014,0,0.1333,Active
SPOT-107015,0,0.3908,Active
SPOT-107016,0,0.4943,Active
SPOT-107017,1,0.5984,Technical Bugs
SPOT-107018,0,0.3943,Active
SPOT-107019,0,0.3168,Active
SPOT-107020,0,0.2473,Active
SPOT-107021,0,0.1517,Active
SPOT-107022,0,0.4573,Active
SPOT-107023,0,0.5337,Active
SPOT-107024,0,0.5149,Active
SPOT-107025,0,0.2292,Active
SPOT-107026,0,0.4999,Active
SPOT-107027,0,0.1706,Active
SPOT-107028,0,0.5258,Active
SPOT-107029,0,0.3349,Active
SPOT-107030,0,0.5301,Active
SPOT-107031,0,0.4624,Active
SPOT-107032,0,0.4232,Active
SPOT-107033,0,0.5399,Active
SPOT-107034,0,0.4168,Active
SPOT-107035,0,0.5519,Active
SPOT-107036,1,0.6351,Price / Cost
SPOT-107037,0,0.5134,Active
SPOT-107038,0,0.2863,Active
SPOT-107039,1,0.5713,Low Usage / No Time
SPOT-107040,0,0.4312,Active
SPOT-107041,0,0.5307,Active
SPOT-107042,0,0.2522,Active
SPOT-107043,1,0.5953,Switched to Competitor
SPOT-107044,1,0.6843,Too Many Ads
SPOT-107045,0,0.3457,Active
SPOT-107046,0,0.4794,Active
SPOT-107047,0,0.5159,Active
SPOT-107048,0,0.4645,Active
SPOT-107049,0,0.4237,Active
SPOT-107050,0,0.2675,Active
SPOT-107051,0,0.3607,Active
SPOT-107052,1,0.7438,Too Many Ads
SPOT-107053,0,0.3265,Active
SPOT-107054,0,0.3087,Active
SPOT-107055,0,0.5102,Active
SPOT-107056,0,0.2597,Active
SPOT-107057,0,0.1864,Active
SPOT-107058,0,0.2239,Active
SPOT-107059,0,0.3649,Active
SPOT-107060,0,0.2759,Active
SPOT-107061,0,0.4028,Active
SPOT-107062,1,0.6145,Price / Cost
SPOT-107063,0,0.4052,Active
SPOT-107064,0,0.2853,Active
SPOT-107065,0,0.2034,Active
SPOT-107066,0,0.4456,Active
SPOT-107067,0,0.5418,Active
SPOT-107068,0,0.3156,Active
SPOT-107069,0,0.4435,Active
SPOT-107070,0,0.2031,Active
SPOT-107071,0,0.3607,Active
SPOT-107072,0,0.4399,Active
SPOT-107073,0,0.4295,Active
SPOT-107074,0,0.1727,Active
SPOT-107075,0,0.5087,Active
SPOT-107076,0,0.4928,Active
SPOT-107077,0,0.1499,Active
SPOT-107078,0,0.5485,Active
SPOT-107079,1,0.572,Technical Bugs
SPOT-107080,0,0.3505,Active
SPOT-107081,0,0.372,Active
SPOT-107082,0,0.31,Active
SPOT-107083,0,0.1612,Active
SPOT-107084,0,0.1641,Active
SPOT-107085,0,0.2504,Active
SPOT-107086,0,0.485,Active
SPOT-107087,1,0.5739,Price / Cost
SPOT-107088,1,0.592,Too Many Ads
SPOT-107089,1,0.6043,Too Many Ads
SPOT-107090,1,0.6469,Price / Cost
SPOT-107091,0,0.401,Active
SPOT-107092,0,0.4321,Active
SPOT-107093,0,0.5451,Active
SPOT-107094,0,0.3727,Active
SPOT-107095,0,0.1516,Active
SPOT-107096,0,0.1981,Active
SPOT-107097,1,0.6268,Technical Bugs
SPOT-107098,0,0.1859,Active
SPOT-107099,1,0.6094,Switched to Competitor
SPOT-107100,0,0.2117,Active
SPOT-107101,0,0.49,Active
SPOT-107102,0,0.4728,Active
SPOT-107103,0,0.4086,Active
SPOT-107104,0,0.2898,Active
SPOT-107105,0,0.2665,Active
SPOT-107106,0,0.2396,Active
SPOT-107107,0,0.4138,Active
SPOT-107108,1,0.6421,Price / Cost
SPOT-107109,0,0.4015,Active
SPOT-107110,0,0.2544,Active
SPOT-107111,0,0.5078,Active
SPOT-107112,0,0.3792,Active
SPOT-107113,0,0.3426,Active
SPOT-107114,0,0.1731,Active
SPOT-107115,0,0.5404,Active
SPOT-107116,0,0.5607,Active
SPOT-107117,0,0.2753,Active
SPOT-107118,1,0.6219,Low Usage / No Time
SPOT-107119,0,0.1895,Active
SPOT-107120,1,0.6478,Price / Cost
SPOT-107121,0,0.2239,Active
SPOT-107122,0,0.4461,Active
SPOT-107123,0,0.3074,Active
SPOT-107124,1,0.705,Price / Cost
SPOT-107125,0,0.4388,Active
SPOT-107126,0,0.1171,Active
SPOT-107127,0,0.3188,Active
SPOT-107128,0,0.4869,Active
SPOT-107129,1,0.6784,Price / Cost
SPOT-107130,1,0.6146,Too Many Ads
SPOT-107131,0,0.2143,Active
SPOT-107132,0,0.3518,Active
SPOT-107133,1,0.7015,Too Many Ads
SPOT-107134,1,0.7141,Too Many Ads
SPOT-107135,0,0.2752,Active
SPOT-107136,0,0.5202,Active
SPOT-107137,0,0.2507,Active
SPOT-107138,0,0.4423,Active
SPOT-107139,0,0.5676,Active
SPOT-107140,0,0.4814,Active
SPOT-107141,0,0.1677,Active
SPOT-107142,0,0.4302,Active
SPOT-107143,1,0.5864,Low Usage / No Time
SPOT-107144,0,0.326,Active
SPOT-107145,0,0.2628,Active
SPOT-107146,0,0.4321,Active
SPOT-107147,0,0.4555,Active
SPOT-107148,0,0.5632,Active
SPOT-107149,1,0.6538,Price / Cost
SPOT-107150,0,0.1182,Active
SPOT-107151,0,0.2484,Active
SPOT-107152,0,0.2182,Active
SPOT-107153,1,0.6253,Switched to Competitor
SPOT-107154,0,0.3558,Active
SPOT-107155,0,0.4414,Active
SPOT-107156,0,0.1916,Active
SPOT-107157,1,0.6854,Too Many Ads
SPOT-107158,0,0.4095,Active
SPOT-107159,1,0.6682,Too Many Ads
SPOT-107160,0,0.3788,Active
SPOT-107161,1,0.6616,Too Many Ads
SPOT-107162,0,0.4838,Active
SPOT-107163,0,0.4535,Active
SPOT-107164,1,0.6192,Price / Cost
SPOT-107165,0,0.3325,Active
SPOT-107166,0,0.2952,Active
SPOT-107167,0,0.3085,Active
SPOT-107168,1,0.5824,Switched to Competitor
SPOT-107169,0,0.5557,Active
SPOT-107170,0,0.3872,Active
SPOT-107171,0,0.3729,Active
SPOT-107172,0,0.5576,Active
SPOT-107173,0,0.3395,Active
SPOT-107174,0,0.2262,Active
SPOT-107175,0,0.4501,Active
SPOT-107176,0,0.3246,Active
SPOT-107177,0,0.4474,Active
SPOT-107178,1,0.6387,Too Many Ads
SPOT-107179,0,0.3808,Active
SPOT-107180,0,0.442,Active
SPOT-107181,0,0.4805,Active
SPOT-107182,0,0.3066,Active
SPOT-107183,0,0.2036,Active
SPOT-107184,1,0.6677,Technical Bugs
SPOT-107185,0,0.463,Active
SPOT-107186,0,0.5554,Active
SPOT-107187,1,0.69,Too Many Ads
SPOT-107188,1,0.6253,Price / Cost
SPOT-107189,1,0.6516,Switched to Competitor
SPOT-107190,0,0.3737,Active
SPOT-107191,0,0.3559,Active
SPOT-107192,0,0.2284,Active
SPOT-107193,0,0.3345,Active
SPOT-107194,0,0.5562,Active
SPOT-107195,0,0.5364,Active
SPOT-107196,0,0.5545,Active
SPOT-107197,0,0.4149,Active
SPOT-107198,0,0.383,Active
SPOT-107199,0,0.3901,Active
SPOT-107200,0,0.4071,Active
SPOT-107201,0,0.4892,Active
SPOT-107202,0,0.2088,Active
SPOT-107203,0,0.5167,Active
SPOT-107204,0,0.3526,Active
SPOT-107205,0,0.2279,Active
SPOT-107206,0,0.318,Active
SPOT-107207,0,0.4339,Active
SPOT-107208,0,0.221,Active
SPOT-107209,0,0.3226,Active
SPOT-107210,0,0.5444,Active
SPOT-107211,0,0.4845,Active
SPOT-107212,1,0.6312,Switched to Competitor
SPOT-107213,0,0.3251,Active
SPOT-107214,1,0.5748,Technical Bugs
SPOT-107215,1,0.7267,Price / Cost
SPOT-107216,0,0.349,Active
SPOT-107217,0,0.2158,Active
SPOT-107218,0,0.4409,Active
SPOT-107219,0,0.4593,Active
SPOT-107220,0,0.1037,Active
SPOT-107221,0,0.2173,Active
SPOT-107222,0,0.3687,Active
SPOT-107223,0,0.2822,Active
SPOT-107224,0,0.3226,Active
SPOT-107225,0,0.327,Active
SPOT-107226,0,0.4389,Active
SPOT-107227,0,0.3326,Active
SPOT-107228,0,0.2086,Active
SPOT-107229,1,0.6862,Low Usage / No Time
SPOT-107230,0,0.2733,Active
SPOT-107231,0,0.3982,Active
SPOT-107232,0,0.3068,Active
SPOT-107233,1,0.617,Price / Cost
SPOT-107234,1,0.6201,Price / Cost
SPOT-107235,0,0.4987,Active
SPOT-107236,0,0.3703,Active
SPOT-107237,1,0.5876,Too Many Ads
SPOT-107238,0,0.1972,Active
SPOT-107239,0,0.2609,Active
SPOT-107240,0,0.3362,Active
SPOT-107241,0,0.5186,Active
SPOT-107242,0,0.2778,Active
SPOT-107243,1,0.6678,Too Many Ads
SPOT-107244,0,0.4043,Active
SPOT-107245,0,0.3171,Active
SPOT-107246,0,0.4264,Active
SPOT-107247,0,0.3183,Active
SPOT-107248,0,0.3411,Active
SPOT-107249,0,0.4713,Active
SPOT-107250,0,0.209,Active
SPOT-107251,0,0.233,Active
SPOT-107252,0,0.5003,Active
SPOT-107253,1,0.6406,Low Usage / No Time
SPOT-107254,0,0.3117,Active
SPOT-107255,0,0.3035,Active
SPOT-107256,0,0.3992,Active
SPOT-107257,0,0.359,Active
SPOT-107258,0,0.168,Active
SPOT-107259,0,0.4781,Active
SPOT-107260,0,0.5368,Active
SPOT-107261,0,0.4669,Active
SPOT-107262,0,0.3365,Active
SPOT-107263,0,0.4362,Active
SPOT-107264,1,0.6265,Switched to Competitor
SPOT-107265,0,0.5381,Active
SPOT-107266,1,0.6885,Price / Cost
SPOT-107267,0,0.5206,Active
SPOT-107268,0,0.3409,Active
SPOT-107269,0,0.4324,Active
SPOT-107270,0,0.5145,Active
SPOT-107271,0,0.1878,Active
SPOT-107272,0,0.366,Active
SPOT-107273,0,0.4633,Active
SPOT-107274,0,0.3941,Active
SPOT-107275,0,0.3635,Active
SPOT-107276,0,0.296,Active
SPOT-107277,0,0.5245,Active
SPOT-107278,0,0.3454,Active
SPOT-107279,0,0.3521,Active
SPOT-107280,0,0.1347,Active
SPOT-107281,0,0.1142,Active
SPOT-107282,0,0.5061,Active
SPOT-107283,0,0.5531,Active
SPOT-107284,0,0.3186,Active
SPOT-107285,0,0.2863,Active
SPOT-107286,0,0.207,Active
SPOT-107287,0,0.4783,Active
SPOT-107288,0,0.5287,Active
SPOT-107289,1,0.5808,Price / Cost
SPOT-107290,0,0.3779,Active
SPOT-107291,0,0.3687,Active
SPOT-107292,0,0.1558,Active
SPOT-107293,1,0.6546,Price / Cost
SPOT-107294,0,0.3433,Active
SPOT-107295,0,0.2748,Active
SPOT-107296,0,0.3064,Active
SPOT-107297,0,0.4913,Active
SPOT-107298,0,0.3741,Active
SPOT-107299,0,0.5377,Active
SPOT-107300,0,0.4794,Active
SPOT-107301,0,0.4928,Active
SPOT-107302,0,0.4679,Active
SPOT-107303,1,0.6655,Too Many Ads
SPOT-107304,0,0.3452,Active
SPOT-107305,0,0.5182,Active
SPOT-107306,0,0.3507,Active
SPOT-107307,0,0.2218,Active
SPOT-107308,1,0.6056,Price / Cost
SPOT-107309,0,0.5363,Active
SPOT-107310,0,0.2506,Active
SPOT-107311,1,0.6038,Too Many Ads
SPOT-107312,1,0.586,Switched to Competitor
SPOT-107313,0,0.444,Active
SPOT-107314,0,0.3159,Active
SPOT-107315,1,0.6087,Too Many Ads
SPOT-107316,0,0.502,Active
SPOT-107317,0,0.2391,Active
SPOT-107318,0,0.4979,Active
SPOT-107319,0,0.2609,Active
SPOT-107320,0,0.5648,Active
SPOT-107321,0,0.4757,Active
SPOT-107322,0,0.4159,Active
SPOT-107323,0,0.2968,Active
SPOT-107324,0,0.4743,Active
SPOT-107325,0,0.441,Active
SPOT-107326,1,0.5963,Low Usage / No Time
SPOT-107327,0,0.4278,Active
SPOT-107328,0,0.5645,Active
SPOT-107329,0,0.2423,Active
SPOT-107330,0,0.5232,Active
SPOT-107331,1,0.6489,Price / Cost
SPOT-107332,0,0.3295,Active
SPOT-107333,0,0.3887,Active
SPOT-107334,1,0.649,Low Usage / No Time
SPOT-107335,0,0.5197,Active
SPOT-107336,0,0.4821,Active
SPOT-107337,0,0.5226,Active
SPOT-107338,0,0.4881,Active
SPOT-107339,0,0.3229,Active
SPOT-107340,0,0.3421,Active
SPOT-107341,0,0.3803,Active
SPOT-107342,0,0.4612,Active
SPOT-107343,0,0.3894,Active
SPOT-107344,0,0.3597,Active
SPOT-107345,1,0.6171,Price / Cost
SPOT-107346,0,0.2705,Active
SPOT-107347,0,0.2885,Active
SPOT-107348,1,0.6726,Price / Cost
SPOT-107349,0,0.1771,Active
SPOT-107350,0,0.2953,Active
SPOT-107351,0,0.2993,Active
SPOT-107352,0,0.4847,Active
SPOT-107353,0,0.2918,Active
SPOT-107354,1,0.6762,Too Many Ads
SPOT-107355,0,0.3566,Active
SPOT-107356,0,0.379,Active
SPOT-107357,0,0.2638,Active
SPOT-107358,1,0.6294,Technical Bugs
SPOT-107359,0,0.4779,Active
SPOT-107360,0,0.472,Active
SPOT-107361,0,0.2847,Active
SPOT-107362,0,0.5375,Active
SPOT-107363,0,0.3878,Active
SPOT-107364,0,0.415,Active
SPOT-107365,0,0.4464,Active
SPOT-107366,1,0.6036,Switched to Competitor
SPOT-107367,0,0.2328,Active
SPOT-107368,0,0.5488,Active
SPOT-107369,0,0.3135,Active
SPOT-107370,0,0.5258,Active
SPOT-107371,0,0.5652,Active
SPOT-107372,0,0.2019,Active
SPOT-107373,0,0.5345,Active
SPOT-107374,0,0.233,Active
SPOT-107375,0,0.1898,Active
SPOT-107376,0,0.2189,Active
SPOT-107377,0,0.3883,Active
SPOT-107378,0,0.5391,Active
SPOT-107379,0,0.4204,Active
SPOT-107380,1,0.6738,Too Many Ads
SPOT-107381,1,0.5846,Too Many Ads
SPOT-107382,0,0.2141,Active
SPOT-107383,0,0.2961,Active
SPOT-107384,1,0.6008,Price / Cost
SPOT-107385,0,0.4564,Active
SPOT-107386,0,0.2956,Active
SPOT-107387,0,0.2653,Active
SPOT-107388,0,0.2738,Active
SPOT-107389,1,0.6436,Price / Cost
SPOT-107390,0,0.2358,Active
SPOT-107391,1,0.6178,Low Usage / No Time
SPOT-107392,0,0.3504,Active
SPOT-107393,0,0.1586,Active
SPOT-107394,0,0.4225,Active
SPOT-107395,0,0.1906,Active
SPOT-107396,0,0.4489,Active
SPOT-107397,1,0.649,Low Usage / No Time
SPOT-107398,0,0.298,Active
SPOT-107399,0,0.3601,Active
SPOT-107400,0,0.2107,Active
SPOT-107401,0,0.4447,Active
SPOT-107402,0,0.365,Active
SPOT-107403,0,0.5496,Active
SPOT-107404,0,0.387,Active
SPOT-107405,0,0.1605,Active
SPOT-107406,0,0.3133,Active
SPOT-107407,0,0.3909,Active
SPOT-107408,0,0.3633,Active
SPOT-107409,0,0.5568,Active
SPOT-107410,0,0.4406,Active
SPOT-107411,0,0.3804,Active
SPOT-107412,1,0.6064,Too Many Ads
SPOT-107413,0,0.5592,Active
SPOT-107414,0,0.3129,Active
SPOT-107415,0,0.1373,Active
SPOT-107416,0,0.3229,Active
SPOT-107417,0,0.3535,Active
SPOT-107418,0,0.3394,Active
SPOT-107419,0,0.5588,Active
SPOT-107420,0,0.235,Active
SPOT-107421,0,0.5412,Active
SPOT-107422,1,0.6847,Price / Cost
SPOT-107423,0,0.3247,Active
SPOT-107424,0,0.3003,Active
SPOT-107425,0,0.3508,Active
SPOT-107426,1,0.6078,Switched to Competitor
SPOT-107427,0,0.4387,Active
SPOT-107428,0,0.427,Active
SPOT-107429,0,0.5388,Active
SPOT-107430,0,0.3705,Active
SPOT-107431,0,0.2372,Active
SPOT-107432,0,0.566,Active
SPOT-107433,1,0.5954,Low Usage / No Time
SPOT-107434,0,0.458,Active
SPOT-107435,0,0.2194,Active
SPOT-107436,0,0.2373,Active
SPOT-107437,1,0.692,Switched to Competitor
SPOT-107438,0,0.4647,Active
SPOT-107439,0,0.1203,Active
SPOT-107440,0,0.4786,Active
SPOT-107441,1,0.6177,Price / Cost
SPOT-107442,0,0.3382,Active
SPOT-107443,0,0.356,Active
SPOT-107444,0,0.5343,Active
SPOT-107445,0,0.4556,Active
SPOT-107446,0,0.3571,Active
SPOT-107447,0,0.5641,Active
SPOT-107448,0,0.5279,Active
SPOT-107449,0,0.1665,Active
SPOT-107450,0,0.3898,Active
SPOT-107451,0,0.1425,Active
SPOT-107452,0,0.4559,Active
SPOT-107453,0,0.4719,Active
SPOT-107454,1,0.6021,Price / Cost
SPOT-107455,0,0.3541,Active
SPOT-107456,1,0.5959,Price / Cost
SPOT-107457,0,0.3613,Active
SPOT-107458,0,0.477,Active
SPOT-107459,0,0.4503,Active
SPOT-107460,0,0.2537,Active
SPOT-107461,0,0.2067,Active
SPOT-107462,0,0.5118,Active
SPOT-107463,0,0.3455,Active
SPOT-107464,0,0.306,Active
SPOT-107465,0,0.527,Active
SPOT-107466,0,0.5202,Active
SPOT-107467,1,0.8122,Too Many Ads
SPOT-107468,1,0.7626,Switched to Competitor
SPOT-107469,1,0.573,Switched to Competitor
SPOT-107470,0,0.3735,Active
SPOT-107471,0,0.245,Active
SPOT-107472,0,0.2253,Active
SPOT-107473,0,0.2108,Active
SPOT-107474,1,0.6413,Switched to Competitor
SPOT-107475,0,0.5144,Active
SPOT-107476,0,0.1546,Active
SPOT-107477,1,0.5728,Switched to Competitor
SPOT-107478,1,0.6276,Too Many Ads
SPOT-107479,0,0.1179,Active
SPOT-107480,0,0.2381,Active
SPOT-107481,0,0.3663,Active
SPOT-107482,1,0.5718,Price / Cost
SPOT-107483,0,0.2426,Active
SPOT-107484,0,0.2003,Active
SPOT-107485,0,0.5529,Active
SPOT-107486,0,0.1956,Active
SPOT-107487,0,0.3316,Active
SPOT-107488,0,0.5409,Active
SPOT-107489,0,0.3149,Active
SPOT-107490,0,0.5229,Active
SPOT-107491,0,0.5382,Active
SPOT-107492,0,0.4026,Active
SPOT-107493,1,0.6812,Price / Cost
SPOT-107494,0,0.3678,Active
SPOT-107495,0,0.284,Active
SPOT-107496,0,0.5265,Active
SPOT-107497,0,0.1885,Active
SPOT-107498,1,0.7492,Price / Cost
SPOT-107499,0,0.1611,Active
SPOT-107500,0,0.4243,Active
SPOT-107501,0,0.3872,Active
SPOT-107502,1,0.6123,Price / Cost
SPOT-107503,0,0.2732,Active
SPOT-107504,1,0.6298,Price / Cost
SPOT-107505,0,0.4456,Active
SPOT-107506,0,0.5628,Active
SPOT-107507,0,0.3247,Active
SPOT-107508,0,0.3633,Active
SPOT-107509,0,0.2634,Active
SPOT-107510,1,0.6935,Switched to Competitor
SPOT-107511,0,0.0632,Active
SPOT-107512,0,0.4568,Active
SPOT-107513,1,0.7702,Switched to Competitor
SPOT-107514,0,0.5531,Active
SPOT-107515,0,0.5249,Active
SPOT-107516,0,0.4181,Active
SPOT-107517,0,0.2688,Active
SPOT-107518,0,0.555,Active
SPOT-107519,0,0.238,Active
SPOT-107520,0,0.3935,Active
SPOT-107521,0,0.3191,Active
SPOT-107522,0,0.1996,Active
SPOT-107523,0,0.3037,Active
SPOT-107524,1,0.5962,Price / Cost
SPOT-107525,1,0.6812,Too Many Ads
SPOT-107526,0,0.4819,Active
SPOT-107527,0,0.5464,Active
SPOT-107528,0,0.3575,Active
SPOT-107529,0,0.5346,Active
SPOT-107530,0,0.2906,Active
SPOT-107531,0,0.1091,Active
SPOT-107532,0,0.2377,Active
SPOT-107533,0,0.3018,Active
SPOT-107534,1,0.6532,Price / Cost
SPOT-107535,0,0.4318,Active
SPOT-107536,1,0.5897,Price / Cost
SPOT-107537,0,0.533,Active
SPOT-107538,0,0.2363,Active
SPOT-107539,0,0.2626,Active
SPOT-107540,0,0.293,Active
SPOT-107541,0,0.2023,Active
SPOT-107542,0,0.1264,Active
SPOT-107543,0,0.3595,Active
SPOT-107544,0,0.2382,Active
SPOT-107545,0,0.4049,Active
SPOT-107546,1,0.6978,Too Many Ads
SPOT-107547,0,0.5091,Active
SPOT-107548,0,0.5147,Active
SPOT-107549,0,0.2898,Active
SPOT-107550,0,0.3459,Active
SPOT-107551,0,0.5585,Active
SPOT-107552,1,0.6066,Switched to Competitor
SPOT-107553,0,0.3218,Active
SPOT-107554,0,0.4752,Active
SPOT-107555,0,0.4199,Active
SPOT-107556,0,0.171,Active
SPOT-107557,1,0.5865,Too Many Ads
SPOT-107558,0,0.2915,Active
SPOT-107559,0,0.4166,Active
SPOT-107560,0,0.3652,Active
SPOT-107561,0,0.3595,Active
SPOT-107562,0,0.4054,Active
SPOT-107563,0,0.2124,Active
SPOT-107564,0,0.2749,Active
SPOT-107565,0,0.4313,Active
SPOT-107566,0,0.4412,Active
SPOT-107567,0,0.5623,Active
SPOT-107568,0,0.2089,Active
SPOT-107569,0,0.2357,Active
SPOT-107570,0,0.3811,Active
SPOT-107571,1,0.6141,Too Many Ads
SPOT-107572,0,0.4118,Active
SPOT-107573,0,0.2666,Active
SPOT-107574,0,0.4119,Active
SPOT-107575,0,0.3028,Active
SPOT-107576,0,0.4353,Active
SPOT-107577,0,0.3625,Active
SPOT-107578,0,0.2651,Active
SPOT-107579,1,0.6065,Too Many Ads
SPOT-107580,0,0.3621,Active
SPOT-107581,0,0.4778,Active
SPOT-107582,1,0.6504,Low Usage / No Time
SPOT-107583,0,0.2516,Active
SPOT-107584,1,0.6236,Too Many Ads
SPOT-107585,0,0.5661,Active
SPOT-107586,0,0.4855,Active
SPOT-107587,0,0.3823,Active
SPOT-107588,0,0.3897,Active
SPOT-107589,0,0.2015,Active
SPOT-107590,0,0.0871,Active
SPOT-107591,0,0.5009,Active
SPOT-107592,0,0.4223,Active
SPOT-107593,0,0.2242,Active
SPOT-107594,0,0.2433,Active
SPOT-107595,0,0.296,Active
SPOT-107596,0,0.21,Active
SPOT-107597,0,0.1595,Active
SPOT-107598,0,0.356,Active
SPOT-107599,1,0.6332,Price / Cost
SPOT-107600,0,0.2665,Active
SPOT-107601,0,0.4287,Active
SPOT-107602,1,0.6027,Too Many Ads
SPOT-107603,0,0.2863,Active
SPOT-107604,0,0.1769,Active
SPOT-107605,0,0.489,Active
SPOT-107606,1,0.7222,Switched to Competitor
SPOT-107607,0,0.4824,Active
SPOT-107608,0,0.2355,Active
SPOT-107609,1,0.6796,Low Usage / No Time
SPOT-107610,0,0.2987,Active
SPOT-107611,0,0.4608,Active
SPOT-107612,1,0.5983,Too Many Ads
SPOT-107613,0,0.4538,Active
SPOT-107614,0,0.2917,Active
SPOT-107615,0,0.387,Active
SPOT-107616,0,0.3077,Active
SPOT-107617,1,0.6729,Too Many Ads
SPOT-107618,0,0.5246,Active
SPOT-107619,0,0.211,Active
SPOT-107620,0,0.3325,Active
SPOT-107621,1,0.6406,Switched to Competitor
SPOT-107622,1,0.8207,Switched to Competitor
SPOT-107623,0,0.1655,Active
SPOT-107624,0,0.456,Active
SPOT-107625,0,0.4116,Active
SPOT-107626,0,0.2166,Active
SPOT-107627,0,0.5275,Active
SPOT-107628,0,0.429,Active
SPOT-107629,0,0.5044,Active
SPOT-107630,0,0.3602,Active
SPOT-107631,1,0.6782,Switched to Competitor
SPOT-107632,0,0.2118,Active
SPOT-107633,0,0.1947,Active
SPOT-107634,0,0.4739,Active
SPOT-107635,0,0.4271,Active
SPOT-107636,0,0.5656,Active
SPOT-107637,0,0.5633,Active
SPOT-107638,0,0.3173,Active
SPOT-107639,0,0.1203,Active
SPOT-107640,0,0.4077,Active
SPOT-107641,1,0.6657,Too Many Ads
SPOT-107642,0,0.3883,Active
SPOT-107643,0,0.4161,Active
SPOT-107644,0,0.187,Active
SPOT-107645,0,0.1775,Active
SPOT-107646,1,0.6257,Low Usage / No Time
SPOT-107647,1,0.5943,Price / Cost
SPOT-107648,0,0.2826,Active
SPOT-107649,0,0.2798,Active
SPOT-107650,0,0.4544,Active
SPOT-107651,0,0.5593,Active
SPOT-107652,0,0.2691,Active
SPOT-107653,0,0.1656,Active
SPOT-107654,0,0.3416,Active
SPOT-107655,1,0.595,Price / Cost
SPOT-107656,0,0.3093,Active
SPOT-107657,1,0.6802,Price / Cost
SPOT-107658,0,0.2451,Active
SPOT-107659,0,0.1178,Active
SPOT-107660,0,0.2663,Active
SPOT-107661,0,0.2523,Active
SPOT-107662,0,0.5515,Active
SPOT-107663,1,0.6358,Too Many Ads
SPOT-107664,0,0.5468,Active
SPOT-107665,0,0.4129,Active
SPOT-107666,0,0.3129,Active
SPOT-107667,0,0.4767,Active
SPOT-107668,0,0.2946,Active
SPOT-107669,0,0.2106,Active
SPOT-107670,0,0.2714,Active
SPOT-107671,0,0.3347,Active
SPOT-107672,0,0.4612,Active
SPOT-107673,0,0.3813,Active
SPOT-107674,0,0.4441,Active
SPOT-107675,0,0.3047,Active
SPOT-107676,0,0.3279,Active
SPOT-107677,1,0.7105,Too Many Ads
SPOT-107678,0,0.2617,Active
SPOT-107679,1,0.6054,Switched to Competitor
SPOT-107680,0,0.3526,Active
SPOT-107681,0,0.2958,Active
SPOT-107682,1,0.6107,Price / Cost
SPOT-107683,1,0.6339,Price / Cost
SPOT-107684,0,0.5352,Active
SPOT-107685,0,0.3753,Active
SPOT-107686,0,0.4751,Active
SPOT-107687,1,0.6603,Price / Cost
SPOT-107688,0,0.2883,Active
SPOT-107689,1,0.6664,Price / Cost
SPOT-107690,0,0.3646,Active
SPOT-107691,0,0.1405,Active
SPOT-107692,1,0.6723,Price / Cost
SPOT-107693,0,0.223,Active
SPOT-107694,0,0.3489,Active
SPOT-107695,0,0.1879,Active
SPOT-107696,1,0.6274,Price / Cost
SPOT-107697,0,0.3718,Active
SPOT-107698,1,0.6456,Too Many Ads
SPOT-107699,1,0.6229,Price / Cost
SPOT-107700,0,0.2562,Active
SPOT-107701,0,0.4347,Active
SPOT-107702,1,0.607,Price / Cost
SPOT-107703,0,0.2988,Active
SPOT-107704,0,0.3481,Active
SPOT-107705,0,0.3983,Active
SPOT-107706,0,0.3812,Active
SPOT-107707,0,0.5545,Active
SPOT-107708,0,0.4788,Active
SPOT-107709,0,0.3163,Active
SPOT-107710,0,0.1595,Active
SPOT-107711,0,0.3854,Active
SPOT-107712,1,0.57,Price / Cost
SPOT-107713,0,0.3668,Active
SPOT-107714,0,0.4744,Active
SPOT-107715,0,0.1865,Active
SPOT-107716,1,0.592,Low Usage / No Time
SPOT-107717,0,0.416,Active
SPOT-107718,0,0.452,Active
SPOT-107719,0,0.3947,Active
SPOT-107720,0,0.4314,Active
SPOT-107721,1,0.7177,Price / Cost
SPOT-107722,1,0.6698,Switched to Competitor
SPOT-107723,1,0.6113,Switched to Competitor
SPOT-107724,0,0.1252,Active
SPOT-107725,1,0.6312,Price / Cost
SPOT-107726,0,0.4719,Active
SPOT-107727,0,0.5181,Active
SPOT-107728,0,0.4698,Active
SPOT-107729,0,0.3357,Active
SPOT-107730,0,0.4806,Active
SPOT-107731,1,0.6375,Low Usage / No Time
SPOT-107732,0,0.4635,Active
SPOT-107733,1,0.5738,Too Many Ads
SPOT-107734,0,0.3053,Active
SPOT-107735,0,0.2395,Active
SPOT-107736,0,0.3646,Active
SPOT-107737,0,0.4367,Active
SPOT-107738,0,0.4363,Active
SPOT-107739,0,0.3768,Active
SPOT-107740,0,0.5128,Active
SPOT-107741,0,0.1128,Active
SPOT-107742,0,0.3017,Active
SPOT-107743,0,0.3425,Active
SPOT-107744,0,0.1641,Active
SPOT-107745,0,0.3582,Active
SPOT-107746,0,0.3887,Active
SPOT-107747,0,0.3691,Active
SPOT-107748,0,0.3786,Active
SPOT-107749,0,0.3936,Active
SPOT-107750,0,0.3679,Active
SPOT-107751,0,0.5107,Active
SPOT-107752,0,0.5603,Active
SPOT-107753,0,0.4447,Active
SPOT-107754,0,0.2576,Active
SPOT-107755,0,0.184,Active
SPOT-107756,0,0.3969,Active
SPOT-107757,1,0.6012,Price / Cost
SPOT-107758,1,0.5932,Low Usage / No Time
SPOT-107759,1,0.6061,Price / Cost
SPOT-107760,0,0.3687,Active
SPOT-107761,0,0.2935,Active
SPOT-107762,0,0.5453,Active
SPOT-107763,0,0.5641,Active
SPOT-107764,0,0.4433,Active
SPOT-107765,0,0.1047,Active
SPOT-107766,0,0.3516,Active
SPOT-107767,0,0.5555,Active
SPOT-107768,0,0.1427,Active
SPOT-107769,0,0.2644,Active
SPOT-107770,1,0.6006,Too Many Ads
SPOT-107771,0,0.4973,Active
SPOT-107772,0,0.2723,Active
SPOT-107773,0,0.5476,Active
SPOT-107774,0,0.2354,Active
SPOT-107775,1,0.5856,Switched to Competitor
SPOT-107776,0,0.4124,Active
SPOT-107777,0,0.4514,Active
SPOT-107778,0,0.3686,Active
SPOT-107779,0,0.1515,Active
SPOT-107780,0,0.3446,Active
SPOT-107781,0,0.5398,Active
SPOT-107782,0,0.2798,Active
SPOT-107783,0,0.1723,Active
SPOT-107784,0,0.3753,Active
SPOT-107785,0,0.255,Active
SPOT-107786,0,0.3023,Active
SPOT-107787,0,0.494,Active
SPOT-107788,0,0.5139,Active
SPOT-107789,0,0.1741,Active
SPOT-107790,0,0.479,Active
SPOT-107791,0,0.359,Active
SPOT-107792,0,0.3702,Active
SPOT-107793,0,0.2973,Active
SPOT-107794,0,0.3925,Active
SPOT-107795,0,0.4364,Active
SPOT-107796,0,0.4689,Active
SPOT-107797,0,0.3175,Active
SPOT-107798,0,0.1771,Active
SPOT-107799,0,0.3008,Active
SPOT-107800,1,0.6595,Price / Cost
SPOT-107801,0,0.3369,Active
SPOT-107802,1,0.5725,Switched to Competitor
SPOT-107803,0,0.2782,Active
SPOT-107804,0,0.1817,Active
SPOT-107805,0,0.3179,Active
SPOT-107806,1,0.6791,Price / Cost
SPOT-107807,0,0.1763,Active
SPOT-107808,0,0.3156,Active
SPOT-107809,0,0.1297,Active
SPOT-107810,0,0.3142,Active
SPOT-107811,0,0.1856,Active
SPOT-107812,0,0.3114,Active
SPOT-107813,0,0.3866,Active
SPOT-107814,0,0.4514,Active
SPOT-107815,0,0.2896,Active
SPOT-107816,0,0.4615,Active
SPOT-107817,0,0.2403,Active
SPOT-107818,0,0.3819,Active
SPOT-107819,0,0.2904,Active
SPOT-107820,0,0.4619,Active
SPOT-107821,0,0.178,Active
SPOT-107822,0,0.5394,Active
SPOT-107823,1,0.6212,Switched to Competitor
SPOT-107824,0,0.3336,Active
SPOT-107825,0,0.4695,Active
SPOT-107826,1,0.7324,Switched to Competitor
SPOT-107827,0,0.3213,Active
SPOT-107828,0,0.2312,Active
SPOT-107829,0,0.4187,Active
SPOT-107830,0,0.2777,Active
SPOT-107831,0,0.2547,Active
SPOT-107832,0,0.4053,Active
SPOT-107833,0,0.5604,Active
SPOT-107834,0,0.2657,Active
SPOT-107835,0,0.1527,Active
SPOT-107836,0,0.4306,Active
SPOT-107837,0,0.516,Active
SPOT-107838,0,0.2076,Active
SPOT-107839,0,0.3955,Active
SPOT-107840,0,0.3457,Active
SPOT-107841,0,0.463,Active
SPOT-107842,1,0.5945,Price / Cost
SPOT-107843,0,0.4805,Active
SPOT-107844,0,0.1012,Active
SPOT-107845,0,0.2069,Active
SPOT-107846,0,0.1755,Active
SPOT-107847,0,0.427,Active
SPOT-107848,0,0.3918,Active
SPOT-107849,0,0.5537,Active
SPOT-107850,1,0.5705,Price / Cost
SPOT-107851,0,0.552,Active
SPOT-107852,0,0.5638,Active
SPOT-107853,0,0.1877,Active
SPOT-107854,0,0.5474,Active
SPOT-107855,1,0.7586,Too Many Ads
SPOT-107856,0,0.3828,Active
SPOT-107857,0,0.5257,Active
SPOT-107858,0,0.1426,Active
SPOT-107859,0,0.4059,Active
SPOT-107860,1,0.6757,Price / Cost
SPOT-107861,0,0.4286,Active
SPOT-107862,1,0.6008,Too Many Ads
SPOT-107863,0,0.481,Active
SPOT-107864,0,0.5517,Active
SPOT-107865,0,0.5232,Active
SPOT-107866,1,0.6073,Price / Cost
SPOT-107867,0,0.3726,Active
SPOT-107868,0,0.4144,Active
SPOT-107869,0,0.472,Active
SPOT-107870,0,0.1119,Active
SPOT-107871,1,0.5938,Technical Bugs
SPOT-107872,1,0.5914,Switched to Competitor
SPOT-107873,0,0.4804,Active
SPOT-107874,0,0.5539,Active
SPOT-107875,0,0.2246,Active
SPOT-107876,0,0.2307,Active
SPOT-107877,1,0.6713,Too Many Ads
SPOT-107878,0,0.2499,Active
SPOT-107879,0,0.362,Active
SPOT-107880,1,0.6117,Price / Cost
SPOT-107881,1,0.705,Too Many Ads
SPOT-107882,0,0.27,Active
SPOT-107883,0,0.2947,Active
SPOT-107884,0,0.2271,Active
SPOT-107885,0,0.1971,Active
SPOT-107886,0,0.388,Active
SPOT-107887,0,0.3779,Active
SPOT-107888,0,0.3009,Active
SPOT-107889,0,0.2668,Active
SPOT-107890,1,0.6067,Switched to Competitor
SPOT-107891,0,0.2841,Active
SPOT-107892,0,0.3094,Active
SPOT-107893,0,0.5263,Active
SPOT-107894,0,0.4132,Active
SPOT-107895,0,0.478,Active
SPOT-107896,0,0.3984,Active
SPOT-107897,0,0.4203,Active
SPOT-107898,0,0.5353,Active
SPOT-107899,0,0.4448,Active
SPOT-107900,0,0.3775,Active
SPOT-107901,0,0.4051,Active
SPOT-107902,0,0.4667,Active
SPOT-107903,0,0.3907,Active
SPOT-107904,0,0.3238,Active
SPOT-107905,0,0.4527,Active
SPOT-107906,0,0.4306,Active
SPOT-107907,0,0.3662,Active
SPOT-107908,1,0.5955,Low Usage / No Time
SPOT-107909,1,0.6245,Price / Cost
SPOT-107910,1,0.706,Switched to Competitor
SPOT-107911,0,0.2693,Active
SPOT-107912,0,0.3205,Active
SPOT-107913,0,0.2049,Active
SPOT-107914,0,0.183,Active
SPOT-107915,0,0.0858,Active
SPOT-107916,1,0.7047,Too Many Ads
SPOT-107917,0,0.3367,Active
SPOT-107918,0,0.2517,Active
SPOT-107919,0,0.4878,Active
SPOT-107920,0,0.3263,Active
SPOT-107921,0,0.4094,Active
SPOT-107922,1,0.5891,Too Many Ads
SPOT-107923,0,0.56,Active
SPOT-107924,0,0.4424,Active
SPOT-107925,0,0.5067,Active
SPOT-107926,0,0.0832,Active
SPOT-107927,0,0.3608,Active
SPOT-107928,1,0.6017,Low Usage / No Time
SPOT-107929,0,0.3679,Active
SPOT-107930,0,0.3255,Active
SPOT-107931,0,0.3815,Active
SPOT-107932,1,0.6587,Switched to Competitor
SPOT-107933,0,0.461,Active
SPOT-107934,0,0.4057,Active
SPOT-107935,0,0.2927,Active
SPOT-107936,0,0.3546,Active
SPOT-107937,0,0.3433,Active
SPOT-107938,0,0.517,Active
SPOT-107939,0,0.4858,Active
SPOT-107940,0,0.1662,Active
SPOT-107941,0,0.2843,Active
SPOT-107942,0,0.3434,Active
SPOT-107943,1,0.6381,Low Usage / No Time
SPOT-107944,0,0.4422,Active
SPOT-107945,0,0.5489,Active
SPOT-107946,1,0.6684,Price / Cost
SPOT-107947,0,0.1635,Active
SPOT-107948,1,0.6399,Price / Cost
SPOT-107949,0,0.3368,Active
SPOT-107950,0,0.475,Active
SPOT-107951,0,0.4252,Active
SPOT-107952,0,0.3006,Active
SPOT-107953,0,0.4434,Active
SPOT-107954,0,0.5257,Active
SPOT-107955,0,0.5204,Active
SPOT-107956,0,0.444,Active
SPOT-107957,1,0.5812,Low Usage / No Time
SPOT-107958,0,0.3286,Active
SPOT-107959,0,0.3856,Active
SPOT-107960,0,0.5322,Active
SPOT-107961,0,0.5626,Active
SPOT-107962,0,0.364,Active
SPOT-107963,0,0.4602,Active
SPOT-107964,0,0.5012,Active
SPOT-107965,0,0.2995,Active
SPOT-107966,0,0.2046,Active
SPOT-107967,0,0.3469,Active
SPOT-107968,0,0.1187,Active
SPOT-107969,0,0.3391,Active
SPOT-107970,0,0.4181,Active
SPOT-107971,0,0.4909,Active
SPOT-107972,0,0.3518,Active
SPOT-107973,0,0.5118,Active
SPOT-107974,0,0.421,Active
SPOT-107975,0,0.3112,Active
SPOT-107976,0,0.5008,Active
SPOT-107977,1,0.5858,Switched to Competitor
SPOT-107978,0,0.3713,Active
SPOT-107979,0,0.4603,Active
SPOT-107980,0,0.4269,Active
SPOT-107981,0,0.3005,Active
SPOT-107982,0,0.3519,Active
SPOT-107983,0,0.3131,Active
SPOT-107984,0,0.2326,Active
SPOT-107985,1,0.6314,Price / Cost
SPOT-107986,0,0.4833,Active
SPOT-107987,0,0.3991,Active
SPOT-107988,0,0.2151,Active
SPOT-107989,0,0.3254,Active
SPOT-107990,1,0.5874,Price / Cost
SPOT-107991,0,0.2953,Active
SPOT-107992,0,0.294,Active
SPOT-107993,0,0.3299,Active
SPOT-107994,1,0.5811,Technical Bugs
SPOT-107995,0,0.2769,Active
SPOT-107996,0,0.3563,Active
SPOT-107997,0,0.3321,Active
SPOT-107998,0,0.3801,Active
SPOT-107999,0,0.4385,Active
SPOT-108000,0,0.3437,Active
SPOT-108001,0,0.2135,Active
SPOT-108002,0,0.3969,Active
SPOT-108003,0,0.3327,Active
SPOT-108004,0,0.3307,Active
SPOT-108005,0,0.4986,Active
SPOT-108006,0,0.1487,Active
SPOT-108007,0,0.245,Active
SPOT-108008,0,0.2948,Active
SPOT-108009,0,0.4027,Active
SPOT-108010,0,0.3724,Active
SPOT-108011,0,0.5355,Active
SPOT-108012,1,0.6433,Price / Cost
SPOT-108013,0,0.2453,Active
SPOT-108014,1,0.6386,Price / Cost
SPOT-108015,0,0.3428,Active
SPOT-108016,0,0.3312,Active
SPOT-108017,0,0.4297,Active
SPOT-108018,0,0.4448,Active
SPOT-108019,0,0.3051,Active
SPOT-108020,0,0.3945,Active
SPOT-108021,0,0.3918,Active
SPOT-108022,0,0.5427,Active
SPOT-108023,0,0.3148,Active
SPOT-108024,0,0.2875,Active
SPOT-108025,1,0.73,Technical Bugs
SPOT-108026,0,0.3042,Active
SPOT-108027,0,0.352,Active
SPOT-108028,1,0.6043,Switched to Competitor
SPOT-108029,1,0.6324,Too Many Ads
SPOT-108030,0,0.4599,Active
SPOT-108031,0,0.1955,Active
SPOT-108032,1,0.5725,Switched to Competitor
SPOT-108033,0,0.3853,Active
SPOT-108034,0,0.5162,Active
SPOT-108035,1,0.6405,Price / Cost
SPOT-108036,0,0.3843,Active
SPOT-108037,0,0.4293,Active
SPOT-108038,0,0.5563,Active
SPOT-108039,1,0.7321,Too Many Ads
SPOT-108040,0,0.4433,Active
SPOT-108041,0,0.3747,Active
SPOT-108042,0,0.2099,Active
SPOT-108043,0,0.3088,Active
SPOT-108044,0,0.3331,Active
SPOT-108045,0,0.2879,Active
SPOT-108046,1,0.618,Low Usage / No Time
SPOT-108047,0,0.1993,Active
SPOT-108048,0,0.4111,Active
SPOT-108049,0,0.3715,Active
SPOT-108050,0,0.1873,Active
SPOT-108051,1,0.5913,Price / Cost
SPOT-108052,0,0.2256,Active
SPOT-108053,0,0.2139,Active
SPOT-108054,0,0.3946,Active
SPOT-108055,1,0.6972,Low Usage / No Time
SPOT-108056,0,0.3465,Active
SPOT-108057,1,0.6543,Price / Cost
SPOT-108058,1,0.7019,Switched to Competitor
SPOT-108059,0,0.3445,Active
SPOT-108060,0,0.4377,Active
SPOT-108061,0,0.2498,Active
SPOT-108062,0,0.5048,Active
SPOT-108063,1,0.5743,Switched to Competitor
SPOT-108064,1,0.5954,Switched to Competitor
SPOT-108065,0,0.4137,Active
SPOT-108066,0,0.4747,Active
SPOT-108067,0,0.3119,Active
SPOT-108068,0,0.415,Active
SPOT-108069,0,0.3264,Active
SPOT-108070,0,0.401,Active
SPOT-108071,0,0.2009,Active
SPOT-108072,0,0.3692,Active
SPOT-108073,1,0.5995,Switched to Competitor
SPOT-108074,0,0.3491,Active
SPOT-108075,0,0.4923,Active
SPOT-108076,0,0.2021,Active
SPOT-108077,0,0.5572,Active
SPOT-108078,1,0.5693,Price / Cost
SPOT-108079,0,0.3718,Active
SPOT-108080,1,0.7058,Price / Cost
SPOT-108081,1,0.7326,Switched to Competitor
SPOT-108082,0,0.3415,Active
SPOT-108083,1,0.5736,Switched to Competitor
SPOT-108084,0,0.1809,Active
SPOT-108085,0,0.4979,Active
SPOT-108086,0,0.4416,Active
SPOT-108087,1,0.5877,Too Many Ads
SPOT-108088,0,0.4544,Active
SPOT-108089,0,0.2359,Active
SPOT-108090,0,0.496,Active
SPOT-108091,0,0.3613,Active
SPOT-108092,0,0.4045,Active
SPOT-108093,0,0.4435,Active
SPOT-108094,0,0.268,Active
SPOT-108095,0,0.2228,Active
SPOT-108096,0,0.2975,Active
SPOT-108097,0,0.3717,Active
SPOT-108098,0,0.3156,Active
SPOT-108099,0,0.5448,Active
SPOT-108100,0,0.5102,Active
SPOT-108101,0,0.4405,Active
SPOT-108102,0,0.5387,Active
SPOT-108103,0,0.3213,Active
SPOT-108104,0,0.4955,Active
SPOT-108105,0,0.3326,Active
SPOT-108106,0,0.1531,Active
SPOT-108107,0,0.2108,Active
SPOT-108108,0,0.2772,Active
SPOT-108109,0,0.4868,Active
SPOT-108110,0,0.5013,Active
SPOT-108111,0,0.4227,Active
SPOT-108112,0,0.4213,Active
SPOT-108113,0,0.499,Active
SPOT-108114,1,0.6612,Too Many Ads
SPOT-108115,0,0.5117,Active
SPOT-108116,0,0.5059,Active
SPOT-108117,0,0.2749,Active
SPOT-108118,0,0.2258,Active
SPOT-108119,0,0.2873,Active
SPOT-108120,0,0.4089,Active
SPOT-108121,0,0.5395,Active
SPOT-108122,0,0.4449,Active
SPOT-108123,0,0.4244,Active
SPOT-108124,0,0.271,Active
SPOT-108125,0,0.2388,Active
SPOT-108126,0,0.397,Active
SPOT-108127,0,0.5414,Active
SPOT-108128,0,0.4642,Active
SPOT-108129,0,0.3348,Active
SPOT-108130,0,0.4421,Active
SPOT-108131,0,0.5579,Active
SPOT-108132,1,0.5941,Price / Cost
SPOT-108133,0,0.4462,Active
SPOT-108134,1,0.5825,Price / Cost
SPOT-108135,0,0.1348,Active
SPOT-108136,0,0.2247,Active
SPOT-108137,0,0.1614,Active
SPOT-108138,0,0.551,Active
SPOT-108139,0,0.248,Active
SPOT-108140,0,0.3297,Active
SPOT-108141,0,0.4222,Active
SPOT-108142,0,0.3345,Active
SPOT-108143,0,0.2872,Active
SPOT-108144,0,0.1723,Active
SPOT-108145,0,0.1613,Active
SPOT-108146,0,0.4749,Active
SPOT-108147,0,0.2079,Active
SPOT-108148,0,0.4983,Active
SPOT-108149,1,0.5958,Switched to Competitor
SPOT-108150,0,0.3339,Active
SPOT-108151,0,0.2887,Active
SPOT-108152,0,0.432,Active
SPOT-108153,1,0.5961,Too Many Ads
SPOT-108154,0,0.2467,Active
SPOT-108155,0,0.0844,Active
SPOT-108156,0,0.2939,Active
SPOT-108157,0,0.5054,Active
SPOT-108158,0,0.4093,Active
SPOT-108159,0,0.544,Active
SPOT-108160,1,0.659,Price / Cost
SPOT-108161,0,0.3966,Active
SPOT-108162,0,0.4511,Active
SPOT-108163,0,0.3452,Active
SPOT-108164,0,0.2621,Active
SPOT-108165,0,0.4667,Active
SPOT-108166,0,0.4742,Active
SPOT-108167,1,0.6954,Price / Cost
SPOT-108168,0,0.389,Active
SPOT-108169,0,0.5396,Active
SPOT-108170,1,0.6757,Too Many Ads
SPOT-108171,0,0.5501,Active
SPOT-108172,0,0.3142,Active
SPOT-108173,0,0.3241,Active
SPOT-108174,0,0.1031,Active
SPOT-108175,0,0.5256,Active
SPOT-108176,0,0.2082,Active
SPOT-108177,0,0.368,Active
SPOT-108178,0,0.2935,Active
SPOT-108179,1,0.6732,Too Many Ads
SPOT-108180,0,0.3755,Active
SPOT-108181,0,0.3808,Active
SPOT-108182,0,0.265,Active
SPOT-108183,0,0.2812,Active
SPOT-108184,0,0.2654,Active
SPOT-108185,0,0.4114,Active
SPOT-108186,0,0.2219,Active
SPOT-108187,0,0.3338,Active
SPOT-108188,0,0.468,Active
SPOT-108189,0,0.4687,Active
SPOT-108190,0,0.2124,Active
SPOT-108191,0,0.3078,Active
SPOT-108192,0,0.3437,Active
SPOT-108193,1,0.7746,Too Many Ads
SPOT-108194,0,0.4568,Active
SPOT-108195,0,0.3921,Active
SPOT-108196,0,0.302,Active
SPOT-108197,0,0.2133,Active
SPOT-108198,1,0.7338,Switched to Competitor
SPOT-108199,1,0.5842,Price / Cost
SPOT-108200,0,0.3434,Active
SPOT-108201,0,0.4092,Active
SPOT-108202,0,0.2453,Active
SPOT-108203,0,0.5277,Active
SPOT-108204,0,0.5471,Active
SPOT-108205,0,0.3088,Active
SPOT-108206,0,0.2622,Active
SPOT-108207,1,0.708,Low Usage / No Time
SPOT-108208,0,0.2717,Active
SPOT-108209,0,0.4057,Active
SPOT-108210,0,0.3887,Active
SPOT-108211,0,0.4766,Active
SPOT-108212,1,0.6078,Switched to Competitor
SPOT-108213,1,0.6618,Too Many Ads
SPOT-108214,1,0.7274,Low Usage / No Time
SPOT-108215,1,0.6312,Technical Bugs
SPOT-108216,0,0.5375,Active
SPOT-108217,0,0.4629,Active
SPOT-108218,1,0.6291,Price / Cost
SPOT-108219,0,0.4596,Active
SPOT-108220,1,0.5963,Too Many Ads
SPOT-108221,0,0.247,Active
SPOT-108222,0,0.2637,Active
SPOT-108223,0,0.1709,Active
SPOT-108224,0,0.5618,Active
SPOT-108225,0,0.2921,Active
SPOT-108226,0,0.1972,Active
SPOT-108227,0,0.3409,Active
SPOT-108228,0,0.2942,Active
SPOT-108229,0,0.5402,Active
SPOT-108230,0,0.3357,Active
SPOT-108231,0,0.383,Active
SPOT-108232,0,0.3111,Active
SPOT-108233,0,0.5367,Active
SPOT-108234,0,0.5138,Active
SPOT-108235,0,0.1605,Active
SPOT-108236,0,0.5557,Active
SPOT-108237,0,0.1417,Active
SPOT-108238,0,0.1427,Active
SPOT-108239,0,0.2699,Active
SPOT-108240,1,0.5891,Low Usage / No Time
SPOT-108241,0,0.1415,Active
SPOT-108242,1,0.5736,Too Many Ads
SPOT-108243,0,0.1205,Active
SPOT-108244,0,0.2569,Active
SPOT-108245,1,0.6192,Too Many Ads
SPOT-108246,0,0.2248,Active
SPOT-108247,0,0.4783,Active
SPOT-108248,0,0.3247,Active
SPOT-108249,0,0.2251,Active
SPOT-108250,0,0.3115,Active
SPOT-108251,1,0.6307,Price / Cost
SPOT-108252,0,0.561,Active
SPOT-108253,0,0.2993,Active
SPOT-108254,0,0.4393,Active
SPOT-108255,0,0.2806,Active
SPOT-108256,0,0.2974,Active
SPOT-108257,0,0.3982,Active
SPOT-108258,0,0.2135,Active
SPOT-108259,0,0.5259,Active
SPOT-108260,0,0.5315,Active
SPOT-108261,0,0.1449,Active
SPOT-108262,1,0.6173,Technical Bugs
SPOT-108263,0,0.5411,Active
SPOT-108264,0,0.3336,Active
SPOT-108265,0,0.4871,Active
SPOT-108266,1,0.6968,Price / Cost
SPOT-108267,0,0.3747,Active
SPOT-108268,0,0.472,Active
SPOT-108269,0,0.4579,Active
SPOT-108270,1,0.5717,Too Many Ads
SPOT-108271,1,0.6185,Price / Cost
SPOT-108272,0,0.4307,Active
SPOT-108273,0,0.3893,Active
SPOT-108274,0,0.4408,Active
SPOT-108275,0,0.379,Active
SPOT-108276,0,0.225,Active
SPOT-108277,0,0.2824,Active
SPOT-108278,0,0.5259,Active
SPOT-108279,1,0.5731,Price / Cost
SPOT-108280,0,0.3279,Active
SPOT-108281,1,0.6396,Price / Cost
SPOT-108282,0,0.2441,Active
SPOT-108283,1,0.6167,Switched to Competitor
SPOT-108284,0,0.4391,Active
SPOT-108285,1,0.6627,Price / Cost
SPOT-108286,0,0.4326,Active
SPOT-108287,0,0.3795,Active
SPOT-108288,0,0.3917,Active
SPOT-108289,0,0.2111,Active
SPOT-108290,1,0.574,Low Usage / No Time
SPOT-108291,0,0.4033,Active
SPOT-108292,0,0.4067,Active
SPOT-108293,1,0.6011,Low Usage / No Time
SPOT-108294,0,0.5031,Active
SPOT-108295,0,0.2868,Active
SPOT-108296,0,0.3122,Active
SPOT-108297,1,0.5762,Too Many Ads
SPOT-108298,0,0.4004,Active
SPOT-108299,0,0.4111,Active
SPOT-108300,0,0.3533,Active
SPOT-108301,0,0.2328,Active
SPOT-108302,0,0.5611,Active
SPOT-108303,1,0.5941,Switched to Competitor
SPOT-108304,1,0.648,Too Many Ads
SPOT-108305,1,0.7204,Price / Cost
SPOT-108306,0,0.468,Active
SPOT-108307,0,0.5038,Active
SPOT-108308,0,0.5173,Active
SPOT-108309,1,0.6646,Price / Cost
SPOT-108310,0,0.4594,Active
SPOT-108311,0,0.46,Active
SPOT-108312,0,0.3126,Active
SPOT-108313,0,0.185,Active
SPOT-108314,0,0.2744,Active
SPOT-108315,0,0.4478,Active
SPOT-108316,1,0.5966,Too Many Ads
SPOT-108317,0,0.401,Active
SPOT-108318,0,0.5036,Active
SPOT-108319,0,0.5092,Active
SPOT-108320,0,0.4233,Active
SPOT-108321,0,0.1445,Active
SPOT-108322,0,0.2738,Active
SPOT-108323,1,0.6361,Switched to Competitor
SPOT-108324,0,0.4307,Active
SPOT-108325,0,0.314,Active
SPOT-108326,0,0.2457,Active
SPOT-108327,1,0.6532,Switched to Competitor
SPOT-108328,0,0.468,Active
SPOT-108329,0,0.51,Active
SPOT-108330,0,0.4768,Active
SPOT-108331,0,0.3856,Active
SPOT-108332,0,0.4451,Active
SPOT-108333,0,0.5595,Active
SPOT-108334,0,0.1403,Active
SPOT-108335,0,0.1552,Active
SPOT-108336,0,0.5307,Active
SPOT-108337,0,0.4484,Active
SPOT-108338,0,0.2077,Active
SPOT-108339,0,0.3932,Active
SPOT-108340,0,0.411,Active
SPOT-108341,0,0.2948,Active
SPOT-108342,0,0.4638,Active
SPOT-108343,0,0.2923,Active
SPOT-108344,0,0.4321,Active
SPOT-108345,0,0.276,Active
SPOT-108346,0,0.3181,Active
SPOT-108347,0,0.3491,Active
SPOT-108348,1,0.5935,Low Usage / No Time
SPOT-108349,0,0.2697,Active
SPOT-108350,0,0.493,Active
SPOT-108351,0,0.1836,Active
SPOT-108352,0,0.4364,Active
SPOT-108353,0,0.3629,Active
SPOT-108354,0,0.3187,Active
SPOT-108355,0,0.5311,Active
SPOT-108356,1,0.7097,Switched to Competitor
SPOT-108357,0,0.3954,Active
SPOT-108358,1,0.5814,Price / Cost
SPOT-108359,0,0.2989,Active
SPOT-108360,0,0.3314,Active
SPOT-108361,0,0.4042,Active
SPOT-108362,0,0.5057,Active
SPOT-108363,0,0.4854,Active
SPOT-108364,0,0.3929,Active
SPOT-108365,0,0.2237,Active
SPOT-108366,0,0.4675,Active
SPOT-108367,0,0.3211,Active
SPOT-108368,0,0.4401,Active
SPOT-108369,0,0.1774,Active
SPOT-108370,0,0.4994,Active
SPOT-108371,0,0.3131,Active
SPOT-108372,0,0.4915,Active
SPOT-108373,0,0.412,Active
SPOT-108374,0,0.3727,Active
SPOT-108375,0,0.3844,Active
SPOT-108376,0,0.2676,Active
SPOT-108377,0,0.2531,Active
SPOT-108378,0,0.144,Active
SPOT-108379,0,0.4486,Active
SPOT-108380,1,0.5952,Low Usage / No Time
SPOT-108381,0,0.3506,Active
SPOT-108382,0,0.3771,Active
SPOT-108383,0,0.5534,Active
SPOT-108384,0,0.5646,Active
SPOT-108385,0,0.5484,Active
SPOT-108386,0,0.1408,Active
SPOT-108387,0,0.2834,Active
SPOT-108388,0,0.1815,Active
SPOT-108389,0,0.3547,Active
SPOT-108390,0,0.0862,Active
SPOT-108391,0,0.3198,Active
SPOT-108392,1,0.5715,Switched to Competitor
SPOT-108393,0,0.3887,Active
SPOT-108394,0,0.4254,Active
SPOT-108395,0,0.4055,Active
SPOT-108396,0,0.4884,Active
SPOT-108397,0,0.2306,Active
SPOT-108398,0,0.3564,Active
SPOT-108399,0,0.2296,Active
SPOT-108400,0,0.1888,Active
SPOT-108401,0,0.2748,Active
SPOT-108402,0,0.4297,Active
SPOT-108403,1,0.6165,Price / Cost
SPOT-108404,0,0.4726,Active
SPOT-108405,1,0.6225,Low Usage / No Time
SPOT-108406,1,0.6012,Switched to Competitor
SPOT-108407,0,0.3952,Active
SPOT-108408,0,0.293,Active
SPOT-108409,0,0.5429,Active
SPOT-108410,0,0.3834,Active
SPOT-108411,0,0.5029,Active
SPOT-108412,1,0.637,Too Many Ads
SPOT-108413,0,0.5664,Active
SPOT-108414,0,0.4878,Active
SPOT-108415,0,0.2652,Active
SPOT-108416,0,0.4403,Active
SPOT-108417,0,0.4131,Active
SPOT-108418,0,0.3743,Active
SPOT-108419,0,0.4678,Active
SPOT-108420,0,0.2766,Active
SPOT-108421,0,0.438,Active
SPOT-108422,0,0.4232,Active
SPOT-108423,0,0.4176,Active
SPOT-108424,0,0.4426,Active
SPOT-108425,0,0.2285,Active
SPOT-108426,0,0.5636,Active
SPOT-108427,0,0.2997,Active
SPOT-108428,0,0.4086,Active
SPOT-108429,0,0.3141,Active
SPOT-108430,0,0.4662,Active
SPOT-108431,0,0.2783,Active
SPOT-108432,0,0.2155,Active
SPOT-108433,0,0.4492,Active
SPOT-108434,0,0.3593,Active
SPOT-108435,0,0.398,Active
SPOT-108436,1,0.8154,Too Many Ads
SPOT-108437,0,0.4252,Active
SPOT-108438,0,0.5257,Active
SPOT-108439,0,0.38,Active
SPOT-108440,1,0.7282,Technical Bugs
SPOT-108441,0,0.2883,Active
SPOT-108442,0,0.4232,Active
SPOT-108443,0,0.4308,Active
SPOT-108444,1,0.5883,Price / Cost
SPOT-108445,0,0.1875,Active
SPOT-108446,0,0.2158,Active
SPOT-108447,0,0.4795,Active
SPOT-108448,0,0.4695,Active
SPOT-108449,1,0.7751,Too Many Ads
SPOT-108450,0,0.4376,Active
SPOT-108451,1,0.655,Price / Cost
SPOT-108452,0,0.1815,Active
SPOT-108453,0,0.4998,Active
SPOT-108454,0,0.3857,Active
SPOT-108455,0,0.4429,Active
SPOT-108456,0,0.4323,Active
SPOT-108457,0,0.3718,Active
SPOT-108458,0,0.2829,Active
SPOT-108459,0,0.3276,Active
SPOT-108460,1,0.6857,Too Many Ads
SPOT-108461,0,0.3942,Active
SPOT-108462,0,0.4097,Active
SPOT-108463,0,0.5213,Active
SPOT-108464,1,0.6468,Switched to Competitor
SPOT-108465,0,0.2251,Active
SPOT-108466,0,0.4326,Active
SPOT-108467,0,0.3028,Active
SPOT-108468,0,0.3651,Active
SPOT-108469,0,0.4412,Active
SPOT-108470,0,0.3439,Active
SPOT-108471,0,0.3624,Active
SPOT-108472,1,0.6326,Price / Cost
SPOT-108473,0,0.5192,Active
SPOT-108474,0,0.3807,Active
SPOT-108475,1,0.6261,Too Many Ads
SPOT-108476,0,0.5423,Active
SPOT-108477,0,0.4803,Active
SPOT-108478,0,0.3239,Active
SPOT-108479,0,0.3386,Active
SPOT-108480,0,0.2343,Active
SPOT-108481,0,0.4801,Active
SPOT-108482,0,0.5563,Active
SPOT-108483,0,0.4687,Active
SPOT-108484,1,0.5886,Price / Cost
SPOT-108485,0,0.2274,Active
SPOT-108486,0,0.2463,Active
SPOT-108487,0,0.3513,Active
SPOT-108488,1,0.5746,Price / Cost
SPOT-108489,1,0.7632,Low Usage / No Time
SPOT-108490,0,0.3317,Active
SPOT-108491,0,0.1725,Active
SPOT-108492,0,0.3213,Active
SPOT-108493,0,0.2321,Active
SPOT-108494,0,0.3265,Active
SPOT-108495,0,0.5547,Active
SPOT-108496,0,0.2636,Active
SPOT-108497,1,0.5736,Price / Cost
SPOT-108498,0,0.2769,Active
SPOT-108499,0,0.2048,Active
SPOT-108500,1,0.5748,Switched to Competitor
SPOT-108501,1,0.5757,Price / Cost
SPOT-108502,0,0.3758,Active
SPOT-108503,0,0.3573,Active
SPOT-108504,0,0.3943,Active
SPOT-108505,0,0.3592,Active
SPOT-108506,0,0.2505,Active
SPOT-108507,0,0.5091,Active
SPOT-108508,1,0.5889,Too Many Ads
SPOT-108509,0,0.306,Active
SPOT-108510,1,0.6612,Too Many Ads
SPOT-108511,1,0.6108,Low Usage / No Time
SPOT-108512,0,0.3098,Active
SPOT-108513,1,0.6261,Price / Cost
SPOT-108514,0,0.2355,Active
SPOT-108515,1,0.783,Price / Cost
SPOT-108516,1,0.6825,Low Usage / No Time
SPOT-108517,1,0.5698,Low Usage / No Time
SPOT-108518,0,0.2373,Active
SPOT-108519,0,0.228,Active
SPOT-108520,0,0.4543,Active
SPOT-108521,1,0.6236,Price / Cost
SPOT-108522,0,0.4449,Active
SPOT-108523,1,0.6231,Too Many Ads
SPOT-108524,0,0.4937,Active
SPOT-108525,0,0.2707,Active
SPOT-108526,1,0.6098,Too Many Ads
SPOT-108527,0,0.3257,Active
SPOT-108528,0,0.4848,Active
SPOT-108529,0,0.3012,Active
SPOT-108530,0,0.3454,Active
SPOT-108531,0,0.2695,Active
SPOT-108532,0,0.3549,Active
SPOT-108533,0,0.2122,Active
SPOT-108534,0,0.4726,Active
SPOT-108535,0,0.3485,Active
SPOT-108536,1,0.6136,Low Usage / No Time
SPOT-108537,0,0.4009,Active
SPOT-108538,0,0.1862,Active
SPOT-108539,0,0.511,Active
SPOT-108540,0,0.3905,Active
SPOT-108541,0,0.394,Active
SPOT-108542,0,0.4745,Active
SPOT-108543,0,0.177,Active
SPOT-108544,0,0.3072,Active
SPOT-108545,0,0.5411,Active
SPOT-108546,0,0.5608,Active
SPOT-108547,0,0.4533,Active
SPOT-108548,1,0.5872,Too Many Ads
SPOT-108549,0,0.5081,Active
SPOT-108550,0,0.1195,Active
SPOT-108551,0,0.5657,Active
SPOT-108552,0,0.5615,Active
SPOT-108553,0,0.1962,Active
SPOT-108554,0,0.3562,Active
SPOT-108555,1,0.6425,Too Many Ads
SPOT-108556,0,0.466,Active
SPOT-108557,0,0.2115,Active
SPOT-108558,0,0.1605,Active
SPOT-108559,1,0.7037,Switched to Competitor
SPOT-108560,1,0.7001,Price / Cost
SPOT-108561,0,0.4765,Active
SPOT-108562,1,0.6066,Technical Bugs
SPOT-108563,0,0.3881,Active
SPOT-108564,0,0.1223,Active
SPOT-108565,0,0.2903,Active
SPOT-108566,0,0.554,Active
SPOT-108567,0,0.525,Active
SPOT-108568,1,0.6849,Price / Cost
SPOT-108569,0,0.3777,Active
SPOT-108570,0,0.2292,Active
SPOT-108571,1,0.6253,Low Usage / No Time
SPOT-108572,1,0.6654,Switched to Competitor
SPOT-108573,1,0.5805,Too Many Ads
SPOT-108574,1,0.7411,Too Many Ads
SPOT-108575,0,0.4638,Active
SPOT-108576,0,0.1685,Active
SPOT-108577,0,0.3632,Active
SPOT-108578,0,0.5145,Active
SPOT-108579,0,0.5343,Active
SPOT-108580,0,0.3188,Active
SPOT-108581,0,0.5421,Active
SPOT-108582,1,0.597,Price / Cost
SPOT-108583,0,0.4805,Active
SPOT-108584,1,0.7257,Too Many Ads
SPOT-108585,0,0.2821,Active
SPOT-108586,0,0.338,Active
SPOT-108587,0,0.3239,Active
SPOT-108588,0,0.3658,Active
SPOT-108589,0,0.5567,Active
SPOT-108590,0,0.3,Active
SPOT-108591,0,0.3483,Active
SPOT-108592,0,0.418,Active
SPOT-108593,0,0.4671,Active
SPOT-108594,0,0.1507,Active
SPOT-108595,0,0.2995,Active
SPOT-108596,0,0.4425,Active
SPOT-108597,0,0.507,Active
SPOT-108598,0,0.4203,Active
SPOT-108599,0,0.4453,Active
SPOT-108600,0,0.3888,Active
SPOT-108601,0,0.2764,Active
SPOT-108602,0,0.4518,Active
SPOT-108603,0,0.1731,Active
SPOT-108604,1,0.5938,Price / Cost
SPOT-108605,0,0.3423,Active
SPOT-108606,0,0.3448,Active
SPOT-108607,1,0.688,Price / Cost
SPOT-108608,0,0.3985,Active
SPOT-108609,0,0.3649,Active
SPOT-108610,0,0.432,Active
SPOT-108611,0,0.3066,Active
SPOT-108612,0,0.3241,Active
SPOT-108613,0,0.4885,Active
SPOT-108614,0,0.3688,Active
SPOT-108615,0,0.5277,Active
SPOT-108616,0,0.3422,Active
SPOT-108617,0,0.1645,Active
SPOT-108618,0,0.4785,Active
SPOT-108619,0,0.3593,Active
SPOT-108620,0,0.3451,Active
SPOT-108621,0,0.4565,Active
SPOT-108622,0,0.5356,Active
SPOT-108623,1,0.5778,Price / Cost
SPOT-108624,0,0.2284,Active
SPOT-108625,1,0.6392,Switched to Competitor
SPOT-108626,0,0.2041,Active
SPOT-108627,0,0.3041,Active
SPOT-108628,1,0.6763,Price / Cost
SPOT-108629,1,0.6134,Too Many Ads
SPOT-108630,0,0.453,Active
SPOT-108631,0,0.4236,Active
SPOT-108632,0,0.2683,Active
SPOT-108633,0,0.4274,Active
SPOT-108634,0,0.5012,Active
SPOT-108635,0,0.3118,Active
SPOT-108636,1,0.6019,Switched to Competitor
SPOT-108637,0,0.452,Active
SPOT-108638,1,0.5812,Switched to Competitor
SPOT-108639,0,0.5031,Active
SPOT-108640,0,0.4277,Active
SPOT-108641,0,0.4791,Active
SPOT-108642,1,0.7301,Too Many Ads
SPOT-108643,1,0.6092,Price / Cost
SPOT-108644,1,0.5806,Technical Bugs
SPOT-108645,0,0.41,Active
SPOT-108646,0,0.4492,Active
SPOT-108647,0,0.5213,Active
SPOT-108648,0,0.3444,Active
SPOT-108649,1,0.5735,Price / Cost
SPOT-108650,0,0.1727,Active
SPOT-108651,0,0.2923,Active
SPOT-108652,0,0.2906,Active
SPOT-108653,0,0.4538,Active
SPOT-108654,0,0.3549,Active
SPOT-108655,0,0.2234,Active
SPOT-108656,0,0.3947,Active
SPOT-108657,1,0.7225,Too Many Ads
SPOT-108658,0,0.2812,Active
SPOT-108659,1,0.7009,Switched to Competitor
SPOT-108660,0,0.1479,Active
SPOT-108661,0,0.4622,Active
SPOT-108662,0,0.2762,Active
SPOT-108663,1,0.6637,Switched to Competitor
SPOT-108664,0,0.3938,Active
SPOT-108665,0,0.4634,Active
SPOT-108666,0,0.2447,Active
SPOT-108667,0,0.319,Active
SPOT-108668,0,0.3695,Active
SPOT-108669,0,0.4005,Active
SPOT-108670,1,0.6573,Price / Cost
SPOT-108671,0,0.2579,Active
SPOT-108672,1,0.6231,Price / Cost
SPOT-108673,0,0.5506,Active
SPOT-108674,0,0.5317,Active
SPOT-108675,0,0.462,Active
SPOT-108676,1,0.5754,Low Usage / No Time
SPOT-108677,0,0.4948,Active
SPOT-108678,0,0.4926,Active
SPOT-108679,0,0.2642,Active
SPOT-108680,1,0.5827,Price / Cost
SPOT-108681,0,0.3522,Active
SPOT-108682,0,0.4244,Active
SPOT-108683,0,0.4363,Active
SPOT-108684,0,0.4721,Active
SPOT-108685,0,0.5139,Active
SPOT-108686,1,0.5838,Too Many Ads
SPOT-108687,0,0.3297,Active
SPOT-108688,0,0.3464,Active
SPOT-108689,0,0.3502,Active
SPOT-108690,0,0.4262,Active
SPOT-108691,0,0.4369,Active
SPOT-108692,1,0.6201,Price / Cost
SPOT-108693,0,0.2789,Active
SPOT-108694,0,0.1443,Active
SPOT-108695,0,0.2603,Active
SPOT-108696,1,0.6468,Switched to Competitor
SPOT-108697,0,0.5564,Active
SPOT-108698,0,0.2408,Active
SPOT-108699,0,0.1763,Active
SPOT-108700,1,0.705,Too Many Ads
SPOT-108701,0,0.2763,Active
SPOT-108702,1,0.5952,Price / Cost
SPOT-108703,0,0.3578,Active
SPOT-108704,0,0.3883,Active
SPOT-108705,0,0.2807,Active
SPOT-108706,0,0.2526,Active
SPOT-108707,0,0.2617,Active
SPOT-108708,1,0.7008,Price / Cost
SPOT-108709,0,0.3633,Active
SPOT-108710,0,0.4122,Active
SPOT-108711,0,0.2382,Active
SPOT-108712,0,0.5169,Active
SPOT-108713,0,0.3854,Active
SPOT-108714,0,0.5568,Active
SPOT-108715,1,0.6586,Too Many Ads
SPOT-108716,0,0.3576,Active
SPOT-108717,0,0.067,Active
SPOT-108718,0,0.5418,Active
SPOT-108719,0,0.3321,Active
SPOT-108720,0,0.4065,Active
SPOT-108721,0,0.2651,Active
SPOT-108722,0,0.4527,Active
SPOT-108723,0,0.3699,Active
SPOT-108724,0,0.1591,Active
SPOT-108725,0,0.4335,Active
SPOT-108726,1,0.582,Switched to Competitor
SPOT-108727,0,0.3968,Active
SPOT-108728,0,0.4671,Active
SPOT-108729,0,0.4181,Active
SPOT-108730,1,0.6557,Low Usage / No Time
SPOT-108731,0,0.2383,Active
SPOT-108732,0,0.5349,Active
SPOT-108733,1,0.7606,Too Many Ads
SPOT-108734,1,0.602,Price / Cost
SPOT-108735,0,0.2186,Active
SPOT-108736,0,0.535,Active
SPOT-108737,0,0.281,Active
SPOT-108738,0,0.5139,Active
SPOT-108739,0,0.4321,Active
SPOT-108740,0,0.3548,Active
SPOT-108741,1,0.6894,Switched to Competitor
SPOT-108742,0,0.2861,Active
SPOT-108743,0,0.5129,Active
SPOT-108744,0,0.2798,Active
SPOT-108745,1,0.6725,Low Usage / No Time
SPOT-108746,0,0.5036,Active
SPOT-108747,0,0.2594,Active
SPOT-108748,0,0.3008,Active
SPOT-108749,0,0.3127,Active
SPOT-108750,0,0.4091,Active
SPOT-108751,0,0.3127,Active
SPOT-108752,0,0.2217,Active
SPOT-108753,1,0.6435,Price / Cost
SPOT-108754,1,0.6362,Switched to Competitor
SPOT-108755,0,0.4818,Active
SPOT-108756,0,0.3939,Active
SPOT-108757,0,0.1925,Active
SPOT-108758,0,0.4553,Active
SPOT-108759,0,0.2254,Active
SPOT-108760,0,0.2138,Active
SPOT-108761,0,0.4231,Active
SPOT-108762,0,0.1591,Active
SPOT-108763,0,0.4503,Active
SPOT-108764,0,0.3486,Active
SPOT-108765,0,0.4199,Active
SPOT-108766,1,0.5873,Price / Cost
SPOT-108767,0,0.5512,Active
SPOT-108768,0,0.3464,Active
SPOT-108769,0,0.1327,Active
SPOT-108770,0,0.3771,Active
SPOT-108771,1,0.5683,Low Usage / No Time
SPOT-108772,0,0.2152,Active
SPOT-108773,0,0.2762,Active
SPOT-108774,0,0.451,Active
SPOT-108775,0,0.3203,Active
SPOT-108776,0,0.4686,Active
SPOT-108777,0,0.2868,Active
SPOT-108778,0,0.4289,Active
SPOT-108779,1,0.6704,Price / Cost
SPOT-108780,0,0.087,Active
SPOT-108781,1,0.6163,Switched to Competitor
SPOT-108782,0,0.2329,Active
SPOT-108783,0,0.3316,Active
SPOT-108784,0,0.1906,Active
SPOT-108785,0,0.4569,Active
SPOT-108786,0,0.3568,Active
SPOT-108787,1,0.6957,Too Many Ads
SPOT-108788,0,0.5108,Active
SPOT-108789,0,0.5022,Active
SPOT-108790,0,0.5234,Active
SPOT-108791,1,0.5761,Too Many Ads
SPOT-108792,0,0.2749,Active
SPOT-108793,0,0.1738,Active
SPOT-108794,0,0.268,Active
SPOT-108795,0,0.4986,Active
SPOT-108796,1,0.6506,Too Many Ads
SPOT-108797,0,0.2259,Active
SPOT-108798,0,0.2314,Active
SPOT-108799,0,0.2888,Active
SPOT-108800,0,0.1403,Active
SPOT-108801,0,0.5121,Active
SPOT-108802,0,0.3194,Active
SPOT-108803,1,0.6161,Price / Cost
SPOT-108804,1,0.584,Too Many Ads
SPOT-108805,0,0.1583,Active
SPOT-108806,1,0.5847,Too Many Ads
SPOT-108807,1,0.6457,Switched to Competitor
SPOT-108808,0,0.2532,Active
SPOT-108809,0,0.3414,Active
SPOT-108810,0,0.1788,Active
SPOT-108811,0,0.2285,Active
SPOT-108812,0,0.2818,Active
SPOT-108813,0,0.3716,Active
SPOT-108814,0,0.5249,Active
SPOT-108815,0,0.4054,Active
SPOT-108816,0,0.2504,Active
SPOT-108817,0,0.2961,Active
SPOT-108818,0,0.2304,Active
SPOT-108819,0,0.3805,Active
SPOT-108820,1,0.6106,Too Many Ads
SPOT-108821,0,0.174,Active
SPOT-108822,0,0.2909,Active
SPOT-108823,0,0.1903,Active
SPOT-108824,0,0.1837,Active
SPOT-108825,0,0.5099,Active
SPOT-108826,1,0.7047,Price / Cost
SPOT-108827,1,0.6922,Price / Cost
SPOT-108828,0,0.3858,Active
SPOT-108829,1,0.5807,Too Many Ads
SPOT-108830,1,0.6903,Price / Cost
SPOT-108831,0,0.3385,Active
SPOT-108832,0,0.2875,Active
SPOT-108833,0,0.3226,Active
SPOT-108834,1,0.5962,Low Usage / No Time
SPOT-108835,0,0.5552,Active
SPOT-108836,0,0.4484,Active
SPOT-108837,0,0.2704,Active
SPOT-108838,0,0.3765,Active
SPOT-108839,0,0.4828,Active
SPOT-108840,0,0.454,Active
SPOT-108841,0,0.2205,Active
SPOT-108842,0,0.3439,Active
SPOT-108843,0,0.3076,Active
SPOT-108844,0,0.285,Active
SPOT-108845,0,0.1576,Active
SPOT-108846,1,0.5863,Technical Bugs
SPOT-108847,0,0.4411,Active
SPOT-108848,0,0.2649,Active
SPOT-108849,0,0.3031,Active
SPOT-108850,1,0.6093,Switched to Competitor
SPOT-108851,1,0.5844,Price / Cost
SPOT-108852,0,0.4024,Active
SPOT-108853,0,0.5326,Active
SPOT-108854,0,0.5328,Active
SPOT-108855,0,0.3117,Active
SPOT-108856,1,0.6345,Too Many Ads
SPOT-108857,0,0.5662,Active
SPOT-108858,0,0.3773,Active
SPOT-108859,0,0.2089,Active
SPOT-108860,0,0.3021,Active
SPOT-108861,0,0.3617,Active
SPOT-108862,0,0.5268,Active
SPOT-108863,0,0.3885,Active
SPOT-108864,0,0.128,Active
SPOT-108865,0,0.5212,Active
SPOT-108866,1,0.66,Low Usage / No Time
SPOT-108867,0,0.2375,Active
SPOT-108868,0,0.1926,Active
SPOT-108869,0,0.4836,Active
SPOT-108870,0,0.2278,Active
SPOT-108871,0,0.3534,Active
SPOT-108872,1,0.6496,Price / Cost
SPOT-108873,0,0.4557,Active
SPOT-108874,0,0.2931,Active
SPOT-108875,0,0.5185,Active
SPOT-108876,0,0.2642,Active
SPOT-108877,1,0.6084,Price / Cost
SPOT-108878,0,0.1919,Active
SPOT-108879,0,0.3677,Active
SPOT-108880,1,0.6333,Switched to Competitor
SPOT-108881,0,0.5499,Active
SPOT-108882,0,0.5599,Active
SPOT-108883,1,0.6172,Too Many Ads
SPOT-108884,1,0.579,Switched to Competitor
SPOT-108885,1,0.5969,Too Many Ads
SPOT-108886,0,0.1897,Active
SPOT-108887,0,0.2215,Active
SPOT-108888,0,0.5439,Active
SPOT-108889,0,0.5524,Active
SPOT-108890,0,0.2276,Active
SPOT-108891,0,0.4631,Active
SPOT-108892,0,0.3185,Active
SPOT-108893,0,0.2235,Active
SPOT-108894,0,0.2473,Active
SPOT-108895,0,0.5107,Active
SPOT-108896,0,0.558,Active
SPOT-108897,0,0.4075,Active
SPOT-108898,0,0.3871,Active
SPOT-108899,0,0.5368,Active
SPOT-108900,1,0.587,Price / Cost
SPOT-108901,0,0.3601,Active
SPOT-108902,0,0.3727,Active
SPOT-108903,0,0.2235,Active
SPOT-108904,0,0.459,Active
SPOT-108905,0,0.4993,Active
SPOT-108906,0,0.4683,Active
SPOT-108907,0,0.3134,Active
SPOT-108908,0,0.525,Active
SPOT-108909,0,0.4095,Active
SPOT-108910,0,0.2046,Active
SPOT-108911,0,0.4647,Active
SPOT-108912,0,0.1981,Active
SPOT-108913,0,0.528,Active
SPOT-108914,0,0.542,Active
SPOT-108915,0,0.4734,Active
SPOT-108916,0,0.2294,Active
SPOT-108917,0,0.3538,Active
SPOT-108918,0,0.3424,Active
SPOT-108919,0,0.3412,Active
SPOT-108920,0,0.3524,Active
SPOT-108921,0,0.2432,Active
SPOT-108922,0,0.5645,Active
SPOT-108923,0,0.324,Active
SPOT-108924,0,0.5466,Active
SPOT-108925,0,0.4909,Active
SPOT-108926,0,0.2213,Active
SPOT-108927,0,0.1865,Active
SPOT-108928,0,0.2648,Active
SPOT-108929,0,0.2858,Active
SPOT-108930,0,0.3401,Active
SPOT-108931,1,0.6953,Too Many Ads
SPOT-108932,1,0.6575,Price / Cost
SPOT-108933,0,0.4464,Active
SPOT-108934,0,0.4663,Active
SPOT-108935,0,0.5116,Active
SPOT-108936,0,0.4654,Active
SPOT-108937,0,0.3922,Active
SPOT-108938,0,0.3322,Active
SPOT-108939,0,0.3728,Active
SPOT-108940,0,0.3791,Active
SPOT-108941,0,0.4652,Active
SPOT-108942,0,0.4307,Active
SPOT-108943,0,0.3562,Active
SPOT-108944,0,0.3876,Active
SPOT-108945,0,0.4119,Active
SPOT-108946,0,0.3547,Active
SPOT-108947,0,0.1972,Active
SPOT-108948,0,0.3814,Active
SPOT-108949,0,0.3457,Active
SPOT-108950,0,0.4693,Active
SPOT-108951,0,0.473,Active
SPOT-108952,1,0.7228,Switched to Competitor
SPOT-108953,0,0.3376,Active
SPOT-108954,0,0.4469,Active
SPOT-108955,0,0.3845,Active
SPOT-108956,0,0.2955,Active
SPOT-108957,0,0.4376,Active
SPOT-108958,1,0.704,Price / Cost
SPOT-108959,0,0.2921,Active
SPOT-108960,1,0.6428,Price / Cost
SPOT-108961,0,0.2896,Active
SPOT-108962,1,0.6975,Switched to Competitor
SPOT-108963,0,0.1458,Active
SPOT-108964,0,0.3817,Active
SPOT-108965,0,0.4586,Active
SPOT-108966,1,0.6187,Low Usage / No Time
SPOT-108967,0,0.4567,Active
SPOT-108968,1,0.6149,Switched to Competitor
SPOT-108969,0,0.5566,Active
SPOT-108970,0,0.2921,Active
SPOT-108971,0,0.2738,Active
SPOT-108972,0,0.391,Active
SPOT-108973,1,0.5855,Price / Cost
SPOT-108974,0,0.1496,Active
SPOT-108975,0,0.1857,Active
SPOT-108976,1,0.6131,Price / Cost
SPOT-108977,1,0.6639,Too Many Ads
SPOT-108978,0,0.3981,Active
SPOT-108979,1,0.5847,Too Many Ads
SPOT-108980,1,0.6632,Price / Cost
SPOT-108981,1,0.5872,Low Usage / No Time
SPOT-108982,0,0.4327,Active
SPOT-108983,1,0.6563,Low Usage / No Time
SPOT-108984,0,0.4572,Active
SPOT-108985,0,0.4961,Active
SPOT-108986,0,0.5562,Active
SPOT-108987,0,0.5121,Active
SPOT-108988,0,0.1394,Active
SPOT-108989,1,0.5886,Switched to Competitor
SPOT-108990,1,0.6953,Price / Cost
SPOT-108991,0,0.293,Active
SPOT-108992,1,0.5956,Switched to Competitor
SPOT-108993,0,0.4913,Active
SPOT-108994,0,0.222,Active
SPOT-108995,0,0.2557,Active
SPOT-108996,0,0.3746,Active
SPOT-108997,0,0.5317,Active
SPOT-108998,0,0.3479,Active
SPOT-108999,0,0.2855,Active
SPOT-109000,0,0.4843,Active
SPOT-109001,0,0.2708,Active
SPOT-109002,0,0.4261,Active
SPOT-109003,0,0.3269,Active
SPOT-109004,0,0.4617,Active
SPOT-109005,0,0.5224,Active
SPOT-109006,0,0.5676,Active
SPOT-109007,0,0.2165,Active
SPOT-109008,1,0.717,Low Usage / No Time
SPOT-109009,0,0.5232,Active
SPOT-109010,1,0.5721,Switched to Competitor
SPOT-109011,1,0.5794,Too Many Ads
SPOT-109012,0,0.248,Active
SPOT-109013,0,0.507,Active
SPOT-109014,1,0.5712,Switched to Competitor
SPOT-109015,0,0.5494,Active
SPOT-109016,0,0.38,Active
SPOT-109017,0,0.2998,Active
SPOT-109018,0,0.3032,Active
SPOT-109019,0,0.4814,Active
SPOT-109020,0,0.519,Active
SPOT-109021,0,0.1008,Active
SPOT-109022,0,0.2491,Active
SPOT-109023,0,0.4586,Active
SPOT-109024,0,0.5356,Active
SPOT-109025,0,0.2949,Active
SPOT-109026,0,0.2329,Active
SPOT-109027,0,0.3862,Active
SPOT-109028,0,0.2392,Active
SPOT-109029,0,0.0957,Active
SPOT-109030,0,0.1543,Active
SPOT-109031,0,0.5425,Active
SPOT-109032,0,0.3565,Active
SPOT-109033,0,0.4189,Active
SPOT-109034,0,0.4018,Active
SPOT-109035,1,0.5922,Too Many Ads
SPOT-109036,0,0.4777,Active
SPOT-109037,0,0.1764,Active
SPOT-109038,0,0.4226,Active
SPOT-109039,1,0.6431,Price / Cost
SPOT-109040,0,0.2722,Active
SPOT-109041,0,0.1168,Active
SPOT-109042,0,0.2832,Active
SPOT-109043,0,0.3971,Active
SPOT-109044,0,0.2885,Active
SPOT-109045,0,0.473,Active
SPOT-109046,0,0.3946,Active
SPOT-109047,0,0.3172,Active
SPOT-109048,0,0.4282,Active
SPOT-109049,0,0.426,Active
SPOT-109050,0,0.3984,Active
SPOT-109051,0,0.236,Active
SPOT-109052,1,0.8316,Price / Cost
SPOT-109053,0,0.5255,Active
SPOT-109054,0,0.429,Active
SPOT-109055,0,0.1907,Active
SPOT-109056,0,0.5026,Active
SPOT-109057,0,0.5275,Active
SPOT-109058,0,0.1281,Active
SPOT-109059,0,0.4299,Active
SPOT-109060,0,0.4705,Active
SPOT-109061,1,0.5999,Price / Cost
SPOT-109062,1,0.7385,Too Many Ads
SPOT-109063,0,0.2266,Active
SPOT-109064,0,0.3636,Active
SPOT-109065,0,0.4155,Active
SPOT-109066,0,0.214,Active
SPOT-109067,0,0.1568,Active
SPOT-109068,0,0.3331,Active
SPOT-109069,0,0.2113,Active
SPOT-109070,0,0.3176,Active
SPOT-109071,0,0.557,Active
SPOT-109072,0,0.2387,Active
SPOT-109073,1,0.6214,Switched to Competitor
SPOT-109074,0,0.5106,Active
SPOT-109075,0,0.4411,Active
SPOT-109076,0,0.3455,Active
SPOT-109077,0,0.1956,Active
SPOT-109078,1,0.7131,Low Usage / No Time
SPOT-109079,0,0.4021,Active
SPOT-109080,0,0.3571,Active
SPOT-109081,0,0.37,Active
SPOT-109082,0,0.353,Active
SPOT-109083,0,0.4343,Active
SPOT-109084,0,0.2668,Active
SPOT-109085,0,0.4922,Active
SPOT-109086,0,0.3342,Active
SPOT-109087,0,0.4177,Active
SPOT-109088,0,0.5003,Active
SPOT-109089,0,0.267,Active
SPOT-109090,0,0.3911,Active
SPOT-109091,0,0.497,Active
SPOT-109092,0,0.419,Active
SPOT-109093,0,0.2389,Active
SPOT-109094,0,0.3906,Active
SPOT-109095,1,0.8166,Switched to Competitor
SPOT-109096,0,0.3359,Active
SPOT-109097,0,0.3389,Active
SPOT-109098,0,0.2644,Active
SPOT-109099,0,0.4788,Active
SPOT-109100,0,0.1472,Active
SPOT-109101,0,0.4325,Active
SPOT-109102,0,0.4718,Active
SPOT-109103,0,0.2271,Active
SPOT-109104,0,0.5058,Active
SPOT-109105,0,0.3917,Active
SPOT-109106,0,0.2606,Active
SPOT-109107,0,0.3247,Active
SPOT-109108,1,0.5702,Price / Cost
SPOT-109109,0,0.5359,Active
SPOT-109110,1,0.5905,Price / Cost
SPOT-109111,0,0.5352,Active
SPOT-109112,0,0.2884,Active
SPOT-109113,0,0.4462,Active
SPOT-109114,0,0.4537,Active
SPOT-109115,0,0.5144,Active
SPOT-109116,0,0.2125,Active
SPOT-109117,1,0.597,Switched to Competitor
SPOT-109118,0,0.405,Active
SPOT-109119,0,0.2768,Active
SPOT-109120,1,0.6603,Price / Cost
SPOT-109121,0,0.3515,Active
SPOT-109122,0,0.4396,Active
SPOT-109123,1,0.5942,Price / Cost
SPOT-109124,0,0.2149,Active
SPOT-109125,1,0.5893,Price / Cost
SPOT-109126,1,0.5973,Price / Cost
SPOT-109127,0,0.2147,Active
SPOT-109128,0,0.2173,Active
SPOT-109129,0,0.5044,Active
SPOT-109130,0,0.5581,Active
SPOT-109131,0,0.5137,Active
SPOT-109132,0,0.5478,Active
SPOT-109133,0,0.3617,Active
SPOT-109134,1,0.6506,Low Usage / No Time
SPOT-109135,0,0.5125,Active
SPOT-109136,1,0.606,Switched to Competitor
SPOT-109137,0,0.4686,Active
SPOT-109138,0,0.5129,Active
SPOT-109139,0,0.4633,Active
SPOT-109140,0,0.3142,Active
SPOT-109141,1,0.6468,Price / Cost
SPOT-109142,0,0.3467,Active
SPOT-109143,0,0.0461,Active
SPOT-109144,1,0.6357,Price / Cost
SPOT-109145,0,0.5666,Active
SPOT-109146,0,0.284,Active
SPOT-109147,0,0.4677,Active
SPOT-109148,1,0.6302,Low Usage / No Time
SPOT-109149,0,0.2742,Active
SPOT-109150,0,0.5381,Active
SPOT-109151,1,0.6144,Price / Cost
SPOT-109152,0,0.5057,Active
SPOT-109153,0,0.3468,Active
SPOT-109154,0,0.1917,Active
SPOT-109155,0,0.4131,Active
SPOT-109156,0,0.4008,Active
SPOT-109157,0,0.4488,Active
SPOT-109158,0,0.3471,Active
SPOT-109159,0,0.4717,Active
SPOT-109160,0,0.2653,Active
SPOT-109161,0,0.3969,Active
SPOT-109162,0,0.3901,Active
SPOT-109163,1,0.7754,Low Usage / No Time
SPOT-109164,0,0.4226,Active
SPOT-109165,0,0.5339,Active
SPOT-109166,1,0.5745,Switched to Competitor
SPOT-109167,0,0.1838,Active
SPOT-109168,0,0.4047,Active
SPOT-109169,0,0.3153,Active
SPOT-109170,0,0.4633,Active
SPOT-109171,0,0.3663,Active
SPOT-109172,0,0.4136,Active
SPOT-109173,0,0.2456,Active
SPOT-109174,0,0.4879,Active
SPOT-109175,0,0.2345,Active
SPOT-109176,0,0.3255,Active
SPOT-109177,1,0.6141,Price / Cost
SPOT-109178,0,0.2766,Active
SPOT-109179,0,0.4258,Active
SPOT-109180,1,0.6014,Low Usage / No Time
SPOT-109181,0,0.5131,Active
SPOT-109182,0,0.4148,Active
SPOT-109183,1,0.6265,Too Many Ads
SPOT-109184,0,0.4702,Active
SPOT-109185,0,0.3357,Active
SPOT-109186,0,0.5424,Active
SPOT-109187,0,0.4819,Active
SPOT-109188,0,0.5044,Active
SPOT-109189,0,0.1674,Active
SPOT-109190,0,0.3854,Active
SPOT-109191,0,0.2432,Active
SPOT-109192,1,0.5831,Low Usage / No Time
SPOT-109193,0,0.3647,Active
SPOT-109194,0,0.3694,Active
SPOT-109195,0,0.3751,Active
SPOT-109196,0,0.2387,Active
SPOT-109197,1,0.6163,Price / Cost
SPOT-109198,0,0.2643,Active
SPOT-109199,1,0.5684,Price / Cost
SPOT-109200,0,0.5209,Active
SPOT-109201,0,0.3968,Active
SPOT-109202,0,0.5469,Active
SPOT-109203,0,0.3802,Active
SPOT-109204,1,0.7036,Price / Cost
SPOT-109205,0,0.3524,Active
SPOT-109206,0,0.2402,Active
SPOT-109207,0,0.5076,Active
SPOT-109208,1,0.8061,Price / Cost
SPOT-109209,0,0.3943,Active
SPOT-109210,0,0.1957,Active
SPOT-109211,1,0.6396,Switched to Competitor
SPOT-109212,0,0.3071,Active
SPOT-109213,0,0.5494,Active
SPOT-109214,0,0.4199,Active
SPOT-109215,1,0.6727,Price / Cost
SPOT-109216,0,0.2545,Active
SPOT-109217,0,0.2953,Active
SPOT-109218,0,0.2498,Active
SPOT-109219,0,0.1921,Active
SPOT-109220,0,0.2033,Active
SPOT-109221,0,0.1862,Active
SPOT-109222,1,0.575,Too Many Ads
SPOT-109223,0,0.5576,Active
SPOT-109224,0,0.2388,Active
SPOT-109225,0,0.3618,Active
SPOT-109226,0,0.3809,Active
SPOT-109227,1,0.7811,Price / Cost
SPOT-109228,1,0.6529,Price / Cost
SPOT-109229,0,0.2438,Active
SPOT-109230,0,0.5141,Active
SPOT-109231,0,0.3745,Active
SPOT-109232,1,0.5768,Low Usage / No Time
SPOT-109233,1,0.6574,Too Many Ads
SPOT-109234,0,0.3814,Active
SPOT-109235,1,0.6284,Low Usage / No Time
SPOT-109236,0,0.258,Active
SPOT-109237,0,0.4997,Active
SPOT-109238,0,0.2371,Active
SPOT-109239,0,0.5649,Active
SPOT-109240,1,0.6037,Low Usage / No Time
SPOT-109241,0,0.2715,Active
SPOT-109242,0,0.3507,Active
SPOT-109243,1,0.6631,Low Usage / No Time
SPOT-109244,0,0.375,Active
SPOT-109245,1,0.6675,Price / Cost
SPOT-109246,0,0.3073,Active
SPOT-109247,0,0.1709,Active
SPOT-109248,0,0.4526,Active
SPOT-109249,0,0.3255,Active
SPOT-109250,0,0.4328,Active
SPOT-109251,0,0.2228,Active
SPOT-109252,0,0.4951,Active
SPOT-109253,0,0.3191,Active
SPOT-109254,0,0.2253,Active
SPOT-109255,0,0.1989,Active
SPOT-109256,0,0.4158,Active
SPOT-109257,1,0.6556,Too Many Ads
SPOT-109258,0,0.4608,Active
SPOT-109259,0,0.3538,Active
SPOT-109260,0,0.4759,Active
SPOT-109261,0,0.343,Active
SPOT-109262,0,0.3398,Active
SPOT-109263,0,0.3712,Active
SPOT-109264,0,0.4259,Active
SPOT-109265,0,0.1783,Active
SPOT-109266,0,0.2674,Active
SPOT-109267,0,0.4724,Active
SPOT-109268,0,0.493,Active
SPOT-109269,1,0.5975,Price / Cost
SPOT-109270,0,0.3207,Active
SPOT-109271,0,0.4583,Active
SPOT-109272,0,0.2753,Active
SPOT-109273,0,0.2462,Active
SPOT-109274,0,0.5604,Active
SPOT-109275,0,0.5589,Active
SPOT-109276,0,0.0658,Active
SPOT-109277,1,0.6071,Price / Cost
SPOT-109278,0,0.5679,Active
SPOT-109279,1,0.5963,Switched to Competitor
SPOT-109280,0,0.4191,Active
SPOT-109281,0,0.2131,Active
SPOT-109282,0,0.3811,Active
SPOT-109283,0,0.2877,Active
SPOT-109284,0,0.3079,Active
SPOT-109285,0,0.3259,Active
SPOT-109286,0,0.5412,Active
SPOT-109287,0,0.4983,Active
SPOT-109288,0,0.5419,Active
SPOT-109289,0,0.3362,Active
SPOT-109290,0,0.2628,Active
SPOT-109291,0,0.4363,Active
SPOT-109292,0,0.1762,Active
SPOT-109293,0,0.3395,Active
SPOT-109294,0,0.2879,Active
SPOT-109295,0,0.2506,Active
SPOT-109296,0,0.2651,Active
SPOT-109297,0,0.371,Active
SPOT-109298,0,0.4545,Active
SPOT-109299,0,0.2753,Active
SPOT-109300,0,0.4321,Active
SPOT-109301,0,0.1795,Active
SPOT-109302,1,0.613,Price / Cost
SPOT-109303,0,0.2416,Active
SPOT-109304,0,0.4907,Active
SPOT-109305,0,0.21,Active
SPOT-109306,0,0.4944,Active
SPOT-109307,0,0.5394,Active
SPOT-109308,0,0.5483,Active
SPOT-109309,0,0.3713,Active
SPOT-109310,0,0.2259,Active
SPOT-109311,0,0.4704,Active
SPOT-109312,0,0.4084,Active
SPOT-109313,1,0.6154,Price / Cost
SPOT-109314,0,0.2479,Active
SPOT-109315,0,0.4091,Active
SPOT-109316,0,0.483,Active
SPOT-109317,0,0.2727,Active
SPOT-109318,0,0.2669,Active
SPOT-109319,0,0.2233,Active
SPOT-109320,0,0.3976,Active
SPOT-109321,0,0.208,Active
SPOT-109322,0,0.295,Active
SPOT-109323,0,0.4172,Active
SPOT-109324,0,0.448,Active
SPOT-109325,0,0.2698,Active
SPOT-109326,0,0.3129,Active
SPOT-109327,0,0.437,Active
SPOT-109328,0,0.2819,Active
SPOT-109329,0,0.0805,Active
SPOT-109330,0,0.4678,Active
SPOT-109331,1,0.5792,Switched to Competitor
SPOT-109332,1,0.6348,Low Usage / No Time
SPOT-109333,1,0.6097,Too Many Ads
SPOT-109334,0,0.5326,Active
SPOT-109335,0,0.2532,Active
SPOT-109336,0,0.1532,Active
SPOT-109337,0,0.4497,Active
SPOT-109338,0,0.3171,Active
SPOT-109339,1,0.6348,Too Many Ads
SPOT-109340,0,0.3628,Active
SPOT-109341,1,0.5951,Price / Cost
SPOT-109342,0,0.2404,Active
SPOT-109343,0,0.2447,Active
SPOT-109344,0,0.2273,Active
SPOT-109345,1,0.6295,Too Many Ads
SPOT-109346,1,0.6742,Too Many Ads
SPOT-109347,1,0.7632,Price / Cost
SPOT-109348,0,0.3146,Active
SPOT-109349,0,0.4979,Active
SPOT-109350,0,0.4786,Active
SPOT-109351,0,0.4285,Active
SPOT-109352,1,0.6259,Price / Cost
SPOT-109353,0,0.3876,Active
SPOT-109354,0,0.4192,Active
SPOT-109355,0,0.3809,Active
SPOT-109356,0,0.4392,Active
SPOT-109357,1,0.5721,Low Usage / No Time
SPOT-109358,0,0.5293,Active
SPOT-109359,0,0.5339,Active
SPOT-109360,0,0.4944,Active
SPOT-109361,0,0.4656,Active
SPOT-109362,1,0.6521,Low Usage / No Time
SPOT-109363,0,0.3628,Active
SPOT-109364,0,0.3784,Active
SPOT-109365,0,0.2099,Active
SPOT-109366,0,0.4576,Active
SPOT-109367,0,0.2033,Active
SPOT-109368,0,0.3111,Active
SPOT-109369,0,0.3462,Active
SPOT-109370,0,0.2676,Active
SPOT-109371,0,0.2852,Active
SPOT-109372,0,0.2322,Active
SPOT-109373,0,0.3884,Active
SPOT-109374,0,0.3014,Active
SPOT-109375,1,0.6899,Too Many Ads
SPOT-109376,0,0.2667,Active
SPOT-109377,0,0.3262,Active
SPOT-109378,1,0.7712,Price / Cost
SPOT-109379,0,0.2201,Active
SPOT-109380,0,0.3357,Active
SPOT-109381,0,0.2735,Active
SPOT-109382,1,0.5776,Technical Bugs
SPOT-109383,0,0.4408,Active
SPOT-109384,0,0.4362,Active
SPOT-109385,0,0.3443,Active
SPOT-109386,0,0.4391,Active
SPOT-109387,0,0.3479,Active
SPOT-109388,0,0.5194,Active
SPOT-109389,0,0.2453,Active
SPOT-109390,0,0.5104,Active
SPOT-109391,1,0.5774,Too Many Ads
SPOT-109392,0,0.2777,Active
SPOT-109393,0,0.5371,Active
SPOT-109394,0,0.389,Active
SPOT-109395,0,0.2637,Active
SPOT-109396,0,0.3015,Active
SPOT-109397,0,0.4872,Active
SPOT-109398,0,0.4501,Active
SPOT-109399,1,0.6043,Switched to Competitor
SPOT-109400,0,0.4134,Active
SPOT-109401,0,0.2573,Active
SPOT-109402,0,0.2974,Active
SPOT-109403,0,0.5097,Active
SPOT-109404,0,0.5421,Active
SPOT-109405,0,0.5546,Active
SPOT-109406,0,0.2504,Active
SPOT-109407,0,0.3745,Active
SPOT-109408,0,0.5031,Active
SPOT-109409,0,0.3517,Active
SPOT-109410,0,0.5607,Active
SPOT-109411,0,0.5061,Active
SPOT-109412,0,0.3413,Active
SPOT-109413,0,0.4543,Active
SPOT-109414,1,0.5809,Too Many Ads
SPOT-109415,0,0.4426,Active
SPOT-109416,1,0.6224,Too Many Ads
SPOT-109417,0,0.3786,Active
SPOT-109418,1,0.6514,Too Many Ads
SPOT-109419,0,0.3291,Active
SPOT-109420,1,0.6399,Technical Bugs
SPOT-109421,0,0.254,Active
SPOT-109422,0,0.3329,Active
SPOT-109423,0,0.4231,Active
SPOT-109424,0,0.4088,Active
SPOT-109425,0,0.3885,Active
SPOT-109426,0,0.3015,Active
SPOT-109427,0,0.4128,Active
SPOT-109428,1,0.5837,Too Many Ads
SPOT-109429,0,0.2574,Active
SPOT-109430,0,0.4896,Active
SPOT-109431,1,0.7042,Low Usage / No Time
SPOT-109432,1,0.5983,Price / Cost
SPOT-109433,0,0.2286,Active
SPOT-109434,0,0.3436,Active
SPOT-109435,0,0.3485,Active
SPOT-109436,0,0.4567,Active
SPOT-109437,0,0.5222,Active
SPOT-109438,0,0.2548,Active
SPOT-109439,0,0.2351,Active
SPOT-109440,0,0.1686,Active
SPOT-109441,0,0.2584,Active
SPOT-109442,0,0.4407,Active
SPOT-109443,0,0.4391,Active
SPOT-109444,0,0.367,Active
SPOT-109445,0,0.2471,Active
SPOT-109446,0,0.3038,Active
SPOT-109447,0,0.4375,Active
SPOT-109448,0,0.1744,Active
SPOT-109449,0,0.1919,Active
SPOT-109450,0,0.4236,Active
SPOT-109451,0,0.4711,Active
SPOT-109452,0,0.1089,Active
SPOT-109453,1,0.6683,Price / Cost
SPOT-109454,0,0.2077,Active
SPOT-109455,0,0.2861,Active
SPOT-109456,0,0.3977,Active
SPOT-109457,0,0.3036,Active
SPOT-109458,0,0.4493,Active
SPOT-109459,1,0.6471,Price / Cost
SPOT-109460,0,0.3885,Active
SPOT-109461,0,0.3692,Active
SPOT-109462,0,0.4159,Active
SPOT-109463,0,0.3447,Active
SPOT-109464,0,0.2462,Active
SPOT-109465,0,0.3191,Active
SPOT-109466,0,0.5435,Active
SPOT-109467,0,0.2294,Active
SPOT-109468,1,0.6065,Switched to Competitor
SPOT-109469,0,0.4361,Active
SPOT-109470,0,0.2823,Active
SPOT-109471,0,0.309,Active
SPOT-109472,0,0.2928,Active
SPOT-109473,0,0.3523,Active
SPOT-109474,0,0.3721,Active
SPOT-109475,0,0.4796,Active
SPOT-109476,0,0.3164,Active
SPOT-109477,0,0.5409,Active
SPOT-109478,0,0.3506,Active
SPOT-109479,0,0.5423,Active
SPOT-109480,0,0.3259,Active
SPOT-109481,0,0.3357,Active
SPOT-109482,0,0.49,Active
SPOT-109483,1,0.6992,Switched to Competitor
SPOT-109484,0,0.279,Active
SPOT-109485,0,0.385,Active
SPOT-109486,0,0.425,Active
SPOT-109487,0,0.4449,Active
SPOT-109488,1,0.5801,Technical Bugs
SPOT-109489,0,0.2839,Active
SPOT-109490,0,0.3575,Active
SPOT-109491,0,0.1624,Active
SPOT-109492,0,0.3851,Active
SPOT-109493,0,0.2231,Active
SPOT-109494,0,0.3278,Active
SPOT-109495,0,0.4866,Active
SPOT-109496,0,0.3016,Active
SPOT-109497,0,0.2047,Active
SPOT-109498,0,0.3646,Active
SPOT-109499,0,0.4307,Active
SPOT-109500,0,0.2732,Active
SPOT-109501,0,0.4828,Active
SPOT-109502,0,0.4458,Active
SPOT-109503,0,0.2069,Active
SPOT-109504,0,0.4878,Active
SPOT-109505,0,0.3711,Active
SPOT-109506,0,0.5657,Active
SPOT-109507,1,0.6026,Switched to Competitor
SPOT-109508,0,0.2866,Active
SPOT-109509,0,0.1266,Active
SPOT-109510,0,0.563,Active
SPOT-109511,0,0.2539,Active
SPOT-109512,0,0.4583,Active
SPOT-109513,0,0.5252,Active
SPOT-109514,1,0.5975,Too Many Ads
SPOT-109515,1,0.6625,Too Many Ads
SPOT-109516,0,0.0976,Active
SPOT-109517,0,0.4543,Active
SPOT-109518,0,0.3502,Active
SPOT-109519,0,0.4688,Active
SPOT-109520,0,0.3354,Active
SPOT-109521,0,0.4418,Active
SPOT-109522,0,0.3125,Active
SPOT-109523,0,0.4184,Active
SPOT-109524,0,0.3101,Active
SPOT-109525,0,0.2674,Active
SPOT-109526,0,0.2942,Active
SPOT-109527,0,0.5047,Active
SPOT-109528,0,0.4379,Active
SPOT-109529,0,0.2806,Active
SPOT-109530,0,0.2871,Active
SPOT-109531,1,0.6727,Too Many Ads
SPOT-109532,0,0.526,Active
SPOT-109533,0,0.4128,Active
SPOT-109534,0,0.222,Active
SPOT-109535,0,0.3303,Active
SPOT-109536,0,0.4079,Active
SPOT-109537,0,0.4821,Active
SPOT-109538,0,0.5012,Active
SPOT-109539,0,0.4454,Active
SPOT-109540,0,0.1439,Active
SPOT-109541,0,0.1791,Active
SPOT-109542,0,0.166,Active
SPOT-109543,0,0.376,Active
SPOT-109544,0,0.5103,Active
SPOT-109545,0,0.2046,Active
SPOT-109546,0,0.2591,Active
SPOT-109547,1,0.6046,Price / Cost
SPOT-109548,1,0.6163,Switched to Competitor
SPOT-109549,0,0.4929,Active
SPOT-109550,0,0.0759,Active
SPOT-109551,0,0.2281,Active
SPOT-109552,1,0.5991,Too Many Ads
SPOT-109553,0,0.4177,Active
SPOT-109554,0,0.5071,Active
SPOT-109555,0,0.5677,Active
SPOT-109556,0,0.5008,Active
SPOT-109557,0,0.2951,Active
SPOT-109558,0,0.4122,Active
SPOT-109559,1,0.7355,Price / Cost
SPOT-109560,0,0.5004,Active
SPOT-109561,0,0.4568,Active
SPOT-109562,0,0.5197,Active
SPOT-109563,0,0.5147,Active
SPOT-109564,0,0.299,Active
SPOT-109565,1,0.6687,Price / Cost
SPOT-109566,0,0.4097,Active
SPOT-109567,0,0.1608,Active
SPOT-109568,1,0.6096,Price / Cost
SPOT-109569,0,0.2356,Active
SPOT-109570,0,0.3985,Active
SPOT-109571,1,0.5953,Too Many Ads
SPOT-109572,0,0.2711,Active
SPOT-109573,1,0.6168,Price / Cost
SPOT-109574,1,0.5827,Price / Cost
SPOT-109575,0,0.5427,Active
SPOT-109576,0,0.4022,Active
SPOT-109577,0,0.1889,Active
SPOT-109578,1,0.5796,Too Many Ads
SPOT-109579,0,0.3208,Active
SPOT-109580,0,0.5195,Active
SPOT-109581,0,0.3214,Active
SPOT-109582,0,0.2832,Active
SPOT-109583,0,0.3055,Active
SPOT-109584,0,0.2672,Active
SPOT-109585,0,0.5476,Active
SPOT-109586,0,0.5402,Active
SPOT-109587,0,0.4728,Active
SPOT-109588,0,0.3759,Active
SPOT-109589,0,0.5604,Active
SPOT-109590,1,0.6328,Low Usage / No Time
SPOT-109591,1,0.7594,Too Many Ads
SPOT-109592,0,0.4862,Active
SPOT-109593,1,0.6271,Too Many Ads
SPOT-109594,0,0.5473,Active
SPOT-109595,0,0.5088,Active
SPOT-109596,0,0.3847,Active
SPOT-109597,0,0.434,Active
SPOT-109598,0,0.4847,Active
SPOT-109599,1,0.7017,Low Usage / No Time
SPOT-109600,0,0.5568,Active
SPOT-109601,0,0.285,Active
SPOT-109602,1,0.6472,Low Usage / No Time
SPOT-109603,1,0.6025,Switched to Competitor
SPOT-109604,1,0.6132,Price / Cost
SPOT-109605,1,0.6791,Switched to Competitor
SPOT-109606,0,0.4508,Active
SPOT-109607,1,0.58,Price / Cost
SPOT-109608,0,0.253,Active
SPOT-109609,1,0.6235,Low Usage / No Time
SPOT-109610,1,0.7061,Low Usage / No Time
SPOT-109611,0,0.47,Active
SPOT-109612,1,0.5822,Too Many Ads
SPOT-109613,0,0.5166,Active
SPOT-109614,1,0.7256,Switched to Competitor
SPOT-109615,0,0.2176,Active
SPOT-109616,0,0.3471,Active
SPOT-109617,0,0.5645,Active
SPOT-109618,0,0.1698,Active
SPOT-109619,0,0.4575,Active
SPOT-109620,0,0.3304,Active
SPOT-109621,0,0.5254,Active
SPOT-109622,0,0.1455,Active
SPOT-109623,0,0.4985,Active
SPOT-109624,1,0.7757,Price / Cost
SPOT-109625,0,0.3106,Active
SPOT-109626,0,0.4883,Active
SPOT-109627,0,0.3639,Active
SPOT-109628,0,0.3126,Active
SPOT-109629,0,0.5137,Active
SPOT-109630,1,0.6789,Price / Cost
SPOT-109631,0,0.2655,Active
SPOT-109632,0,0.2837,Active
SPOT-109633,0,0.2975,Active
SPOT-109634,0,0.5226,Active
SPOT-109635,0,0.3409,Active
SPOT-109636,0,0.261,Active
SPOT-109637,1,0.6386,Switched to Competitor
SPOT-109638,0,0.3206,Active
SPOT-109639,1,0.6051,Price / Cost
SPOT-109640,0,0.4362,Active
SPOT-109641,0,0.5501,Active
SPOT-109642,0,0.4211,Active
SPOT-109643,0,0.2201,Active
SPOT-109644,1,0.6302,Too Many Ads
SPOT-109645,0,0.5571,Active
SPOT-109646,0,0.2192,Active
SPOT-109647,1,0.5922,Low Usage / No Time
SPOT-109648,1,0.6419,Price / Cost
SPOT-109649,0,0.1882,Active
SPOT-109650,0,0.4516,Active
SPOT-109651,0,0.5006,Active
SPOT-109652,1,0.6057,Too Many Ads
SPOT-109653,0,0.5019,Active
SPOT-109654,0,0.3574,Active
SPOT-109655,0,0.4655,Active
SPOT-109656,0,0.2299,Active
SPOT-109657,0,0.5213,Active
SPOT-109658,0,0.1944,Active
SPOT-109659,0,0.366,Active
SPOT-109660,0,0.2162,Active
SPOT-109661,0,0.2547,Active
SPOT-109662,0,0.2501,Active
SPOT-109663,0,0.3877,Active
SPOT-109664,0,0.225,Active
SPOT-109665,0,0.5278,Active
SPOT-109666,0,0.2501,Active
SPOT-109667,1,0.6192,Price / Cost
SPOT-109668,0,0.2462,Active
SPOT-109669,0,0.33,Active
SPOT-109670,0,0.3234,Active
SPOT-109671,0,0.3226,Active
SPOT-109672,0,0.4579,Active
SPOT-109673,0,0.3136,Active
SPOT-109674,0,0.4685,Active
SPOT-109675,0,0.388,Active
SPOT-109676,0,0.4099,Active
SPOT-109677,0,0.3815,Active
SPOT-109678,0,0.303,Active
SPOT-109679,0,0.4233,Active
SPOT-109680,0,0.0968,Active
SPOT-109681,0,0.4251,Active
SPOT-109682,0,0.3335,Active
SPOT-109683,0,0.5201,Active
SPOT-109684,0,0.4913,Active
SPOT-109685,0,0.5266,Active
SPOT-109686,0,0.3717,Active
SPOT-109687,0,0.498,Active
SPOT-109688,0,0.3441,Active
SPOT-109689,0,0.4888,Active
SPOT-109690,0,0.1164,Active
SPOT-109691,0,0.4078,Active
SPOT-109692,0,0.4331,Active
SPOT-109693,0,0.5398,Active
SPOT-109694,1,0.5898,Switched to Competitor
SPOT-109695,0,0.2756,Active
SPOT-109696,0,0.4126,Active
SPOT-109697,0,0.3733,Active
SPOT-109698,0,0.4677,Active
SPOT-109699,0,0.3894,Active
SPOT-109700,0,0.5632,Active
SPOT-109701,1,0.6139,Low Usage / No Time
SPOT-109702,0,0.2691,Active
SPOT-109703,0,0.4755,Active
SPOT-109704,0,0.5276,Active
SPOT-109705,0,0.3347,Active
SPOT-109706,0,0.5145,Active
SPOT-109707,0,0.3799,Active
SPOT-109708,0,0.5643,Active
SPOT-109709,0,0.3083,Active
SPOT-109710,0,0.4292,Active
SPOT-109711,0,0.5461,Active
SPOT-109712,0,0.2291,Active
SPOT-109713,0,0.2891,Active
SPOT-109714,0,0.2338,Active
SPOT-109715,0,0.2508,Active
SPOT-109716,0,0.2596,Active
SPOT-109717,1,0.6456,Too Many Ads
SPOT-109718,0,0.3157,Active
SPOT-109719,0,0.4641,Active
SPOT-109720,0,0.3878,Active
SPOT-109721,0,0.4462,Active
SPOT-109722,0,0.2486,Active
SPOT-109723,1,0.5768,Too Many Ads
SPOT-109724,1,0.6799,Too Many Ads
SPOT-109725,0,0.3425,Active
SPOT-109726,0,0.3245,Active
SPOT-109727,0,0.392,Active
SPOT-109728,0,0.3829,Active
SPOT-109729,0,0.5436,Active
SPOT-109730,0,0.5509,Active
SPOT-109731,1,0.5873,Price / Cost
SPOT-109732,0,0.1933,Active
SPOT-109733,0,0.4935,Active
SPOT-109734,0,0.2785,Active
SPOT-109735,0,0.2165,Active
SPOT-109736,0,0.3493,Active
SPOT-109737,1,0.6164,Price / Cost
SPOT-109738,0,0.1623,Active
SPOT-109739,0,0.4444,Active
SPOT-109740,0,0.3615,Active
SPOT-109741,1,0.5757,Low Usage / No Time
SPOT-109742,0,0.5421,Active
SPOT-109743,0,0.5088,Active
SPOT-109744,0,0.5272,Active
SPOT-109745,1,0.6182,Too Many Ads
SPOT-109746,0,0.3231,Active
SPOT-109747,0,0.5138,Active
SPOT-109748,0,0.2927,Active
SPOT-109749,0,0.426,Active
SPOT-109750,0,0.4198,Active
SPOT-109751,0,0.1925,Active
SPOT-109752,0,0.3011,Active
SPOT-109753,0,0.3691,Active
SPOT-109754,0,0.4744,Active
SPOT-109755,0,0.5109,Active
SPOT-109756,0,0.2988,Active
SPOT-109757,0,0.552,Active
SPOT-109758,0,0.2533,Active
SPOT-109759,0,0.5614,Active
SPOT-109760,1,0.6107,Technical Bugs
SPOT-109761,0,0.1912,Active
SPOT-109762,0,0.4556,Active
SPOT-109763,0,0.2626,Active
SPOT-109764,1,0.7119,Switched to Competitor
SPOT-109765,0,0.3641,Active
SPOT-109766,0,0.4253,Active
SPOT-109767,0,0.4799,Active
SPOT-109768,0,0.3383,Active
SPOT-109769,1,0.6501,Switched to Competitor
SPOT-109770,1,0.6387,Switched to Competitor
SPOT-109771,0,0.3158,Active
SPOT-109772,0,0.2337,Active
SPOT-109773,0,0.5377,Active
SPOT-109774,0,0.452,Active
SPOT-109775,1,0.6237,Switched to Competitor
SPOT-109776,1,0.6845,Switched to Competitor
SPOT-109777,0,0.3558,Active
SPOT-109778,1,0.6382,Price / Cost
SPOT-109779,1,0.6057,Price / Cost
SPOT-109780,0,0.2462,Active
SPOT-109781,1,0.7041,Switched to Competitor
SPOT-109782,0,0.4449,Active
SPOT-109783,0,0.2708,Active
SPOT-109784,0,0.4628,Active
SPOT-109785,0,0.4895,Active
SPOT-109786,0,0.1801,Active
SPOT-109787,0,0.2677,Active
SPOT-109788,0,0.3235,Active
SPOT-109789,0,0.4731,Active
SPOT-109790,0,0.4342,Active
SPOT-109791,0,0.1655,Active
SPOT-109792,0,0.4154,Active
SPOT-109793,1,0.5731,Too Many Ads
SPOT-109794,0,0.2674,Active
SPOT-109795,0,0.2882,Active
SPOT-109796,0,0.119,Active
SPOT-109797,0,0.3255,Active
SPOT-109798,0,0.2662,Active
SPOT-109799,1,0.5948,Switched to Competitor
SPOT-109800,0,0.5445,Active
SPOT-109801,0,0.2599,Active
SPOT-109802,1,0.5983,Too Many Ads
SPOT-109803,0,0.4161,Active
SPOT-109804,1,0.5691,Switched to Competitor
SPOT-109805,0,0.5538,Active
SPOT-109806,0,0.3811,Active
SPOT-109807,0,0.1746,Active
SPOT-109808,0,0.4528,Active
SPOT-109809,0,0.5635,Active
SPOT-109810,0,0.3703,Active
SPOT-109811,0,0.2795,Active
SPOT-109812,0,0.4625,Active
SPOT-109813,0,0.4669,Active
SPOT-109814,0,0.2971,Active
SPOT-109815,0,0.3818,Active
SPOT-109816,0,0.3048,Active
SPOT-109817,0,0.2763,Active
SPOT-109818,0,0.3135,Active
SPOT-109819,0,0.4486,Active
SPOT-109820,0,0.4067,Active
SPOT-109821,0,0.2932,Active
SPOT-109822,0,0.2979,Active
SPOT-109823,0,0.2769,Active
SPOT-109824,1,0.6898,Price / Cost
SPOT-109825,1,0.5793,Price / Cost
SPOT-109826,1,0.6497,Too Many Ads
SPOT-109827,0,0.5252,Active
SPOT-109828,0,0.2551,Active
SPOT-109829,0,0.2436,Active
SPOT-109830,0,0.384,Active
SPOT-109831,1,0.575,Switched to Competitor
SPOT-109832,1,0.6169,Price / Cost
SPOT-109833,0,0.1335,Active
SPOT-109834,0,0.3884,Active
SPOT-109835,1,0.6105,Price / Cost
SPOT-109836,0,0.2034,Active
SPOT-109837,0,0.5445,Active
SPOT-109838,0,0.3468,Active
SPOT-109839,0,0.4958,Active
SPOT-109840,1,0.64,Switched to Competitor
SPOT-109841,1,0.5838,Switched to Competitor
SPOT-109842,0,0.5453,Active
SPOT-109843,0,0.3835,Active
SPOT-109844,0,0.2845,Active
SPOT-109845,0,0.211,Active
SPOT-109846,0,0.3273,Active
SPOT-109847,1,0.5781,Too Many Ads
SPOT-109848,0,0.4105,Active
SPOT-109849,1,0.5984,Too Many Ads
SPOT-109850,0,0.0991,Active
SPOT-109851,0,0.2906,Active
SPOT-109852,0,0.4763,Active
SPOT-109853,1,0.7083,Price / Cost
SPOT-109854,0,0.5449,Active
SPOT-109855,0,0.2391,Active
SPOT-109856,1,0.7057,Switched to Competitor
SPOT-109857,0,0.3345,Active
SPOT-109858,0,0.5508,Active
SPOT-109859,0,0.3645,Active
SPOT-109860,1,0.6769,Too Many Ads
SPOT-109861,0,0.3638,Active
SPOT-109862,0,0.4138,Active
SPOT-109863,0,0.2508,Active
SPOT-109864,0,0.2581,Active
SPOT-109865,0,0.4965,Active
SPOT-109866,0,0.2823,Active
SPOT-109867,0,0.2607,Active
SPOT-109868,0,0.5369,Active
SPOT-109869,0,0.2977,Active
SPOT-109870,0,0.237,Active
SPOT-109871,1,0.6773,Switched to Competitor
SPOT-109872,1,0.6542,Price / Cost
SPOT-109873,0,0.344,Active
SPOT-109874,0,0.3736,Active
SPOT-109875,0,0.4285,Active
SPOT-109876,0,0.38,Active
SPOT-109877,0,0.194,Active
SPOT-109878,0,0.5636,Active
SPOT-109879,0,0.508,Active
SPOT-109880,0,0.3751,Active
SPOT-109881,0,0.4241,Active
SPOT-109882,1,0.6052,Low Usage / No Time
SPOT-109883,0,0.5057,Active
SPOT-109884,0,0.3787,Active
SPOT-109885,1,0.6292,Too Many Ads
SPOT-109886,1,0.623,Switched to Competitor
SPOT-109887,0,0.1747,Active
SPOT-109888,0,0.536,Active
SPOT-109889,1,0.6879,Too Many Ads
SPOT-109890,1,0.664,Too Many Ads
SPOT-109891,0,0.2681,Active
SPOT-109892,0,0.5509,Active
SPOT-109893,0,0.5341,Active
SPOT-109894,1,0.579,Too Many Ads
SPOT-109895,1,0.6685,Switched to Competitor
SPOT-109896,1,0.5861,Low Usage / No Time
SPOT-109897,0,0.2888,Active
SPOT-109898,0,0.5368,Active
SPOT-109899,0,0.3715,Active
SPOT-109900,0,0.4953,Active
SPOT-109901,0,0.2218,Active
SPOT-109902,0,0.244,Active
SPOT-109903,0,0.2749,Active
SPOT-109904,0,0.2079,Active
SPOT-109905,0,0.3325,Active
SPOT-109906,0,0.3191,Active
SPOT-109907,0,0.4468,Active
SPOT-109908,0,0.3543,Active
SPOT-109909,0,0.345,Active
SPOT-109910,0,0.3524,Active
SPOT-109911,0,0.4387,Active
SPOT-109912,0,0.5524,Active
SPOT-109913,0,0.4203,Active
SPOT-109914,0,0.3947,Active
SPOT-109915,0,0.2265,Active
SPOT-109916,0,0.2041,Active
SPOT-109917,0,0.4506,Active
SPOT-109918,0,0.3893,Active
SPOT-109919,0,0.4997,Active
SPOT-109920,0,0.5606,Active
SPOT-109921,0,0.2897,Active
SPOT-109922,0,0.45,Active
SPOT-109923,0,0.3373,Active
SPOT-109924,0,0.4645,Active
SPOT-109925,1,0.6219,Price / Cost
SPOT-109926,0,0.2912,Active
SPOT-109927,0,0.4925,Active
SPOT-109928,1,0.6287,Technical Bugs
SPOT-109929,0,0.2962,Active
SPOT-109930,1,0.7191,Too Many Ads
SPOT-109931,0,0.3589,Active
SPOT-109932,0,0.4986,Active
SPOT-109933,0,0.4786,Active
SPOT-109934,1,0.6153,Switched to Competitor
SPOT-109935,0,0.5603,Active
SPOT-109936,0,0.4035,Active
SPOT-109937,0,0.1552,Active
SPOT-109938,1,0.847,Price / Cost
SPOT-109939,0,0.2704,Active
SPOT-109940,0,0.3485,Active
SPOT-109941,0,0.4616,Active
SPOT-109942,1,0.6014,Low Usage / No Time
SPOT-109943,0,0.5459,Active
SPOT-109944,0,0.2543,Active
SPOT-109945,0,0.3961,Active
SPOT-109946,0,0.2531,Active
SPOT-109947,1,0.5803,Too Many Ads
SPOT-109948,0,0.401,Active
SPOT-109949,0,0.25,Active
SPOT-109950,0,0.4971,Active
SPOT-109951,0,0.3975,Active
SPOT-109952,0,0.2719,Active
SPOT-109953,0,0.195,Active
SPOT-109954,0,0.2296,Active
SPOT-109955,0,0.4504,Active
SPOT-109956,0,0.4783,Active
SPOT-109957,0,0.4343,Active
SPOT-109958,0,0.3753,Active
SPOT-109959,0,0.5084,Active
SPOT-109960,0,0.1197,Active
SPOT-109961,0,0.5335,Active
SPOT-109962,0,0.4044,Active
SPOT-109963,0,0.4573,Active
SPOT-109964,0,0.5196,Active
SPOT-109965,0,0.3022,Active
SPOT-109966,1,0.6066,Too Many Ads
SPOT-109967,0,0.2174,Active
SPOT-109968,0,0.332,Active
SPOT-109969,0,0.5111,Active
SPOT-109970,0,0.3734,Active
SPOT-109971,0,0.3019,Active
SPOT-109972,1,0.7256,Switched to Competitor
SPOT-109973,0,0.4647,Active
SPOT-109974,0,0.3021,Active
SPOT-109975,0,0.3474,Active
SPOT-109976,1,0.6164,Price / Cost
SPOT-109977,0,0.3155,Active
SPOT-109978,0,0.5034,Active
SPOT-109979,1,0.573,Price / Cost
SPOT-109980,0,0.262,Active
SPOT-109981,0,0.1147,Active
SPOT-109982,0,0.4107,Active
SPOT-109983,1,0.6524,Switched to Competitor
SPOT-109984,0,0.2331,Active
SPOT-109985,0,0.3607,Active
SPOT-109986,0,0.2586,Active
SPOT-109987,1,0.6436,Switched to Competitor
SPOT-109988,0,0.1518,Active
SPOT-109989,0,0.4536,Active
SPOT-109990,0,0.4458,Active
SPOT-109991,0,0.1648,Active
SPOT-109992,1,0.6037,Low Usage / No Time
SPOT-109993,0,0.2605,Active
SPOT-109994,0,0.2177,Active
SPOT-109995,0,0.5408,Active
SPOT-109996,1,0.6564,Price / Cost
SPOT-109997,0,0.5162,Active
SPOT-109998,0,0.3622,Active
SPOT-109999,0,0.4956,Active
SPOT-110000,0,0.5368,Active
SPOT-110001,0,0.2534,Active
SPOT-110002,0,0.4221,Active
SPOT-110003,1,0.6903,Too Many Ads
SPOT-110004,0,0.4922,Active
SPOT-110005,0,0.2518,Active
SPOT-110006,0,0.3035,Active
SPOT-110007,0,0.4969,Active
SPOT-110008,0,0.522,Active
SPOT-110009,0,0.5516,Active
SPOT-110010,0,0.4383,Active
SPOT-110011,0,0.2397,Active
SPOT-110012,0,0.3956,Active
SPOT-110013,1,0.7279,Too Many Ads
SPOT-110014,0,0.3079,Active
SPOT-110015,0,0.1953,Active
SPOT-110016,0,0.2242,Active
SPOT-110017,0,0.223,Active
SPOT-110018,0,0.2585,Active
SPOT-110019,0,0.3998,Active
SPOT-110020,1,0.6231,Too Many Ads
SPOT-110021,0,0.4829,Active
SPOT-110022,0,0.2495,Active
SPOT-110023,0,0.5596,Active
SPOT-110024,0,0.2504,Active
SPOT-110025,0,0.2051,Active
SPOT-110026,0,0.4689,Active
SPOT-110027,0,0.4925,Active
SPOT-110028,0,0.3869,Active
SPOT-110029,0,0.1444,Active
SPOT-110030,0,0.4911,Active
SPOT-110031,0,0.1603,Active
SPOT-110032,0,0.2178,Active
SPOT-110033,0,0.3524,Active
SPOT-110034,0,0.2897,Active
SPOT-110035,0,0.5539,Active
SPOT-110036,0,0.3719,Active
SPOT-110037,0,0.4247,Active
SPOT-110038,0,0.4547,Active
SPOT-110039,1,0.6653,Price / Cost
SPOT-110040,0,0.1708,Active
SPOT-110041,0,0.566,Active
SPOT-110042,0,0.398,Active
SPOT-110043,0,0.423,Active
SPOT-110044,0,0.2516,Active
SPOT-110045,0,0.2797,Active
SPOT-110046,0,0.3082,Active
SPOT-110047,0,0.267,Active
SPOT-110048,0,0.2954,Active
SPOT-110049,1,0.5737,Price / Cost
SPOT-110050,0,0.2789,Active
SPOT-110051,0,0.3311,Active
SPOT-110052,0,0.4712,Active
SPOT-110053,0,0.385,Active
SPOT-110054,0,0.3614,Active
SPOT-110055,0,0.4601,Active
SPOT-110056,0,0.3972,Active
SPOT-110057,0,0.5632,Active
SPOT-110058,1,0.666,Price / Cost
SPOT-110059,0,0.5336,Active
SPOT-110060,0,0.3601,Active
SPOT-110061,0,0.3784,Active
SPOT-110062,0,0.4405,Active
SPOT-110063,0,0.222,Active
SPOT-110064,0,0.5457,Active
SPOT-110065,1,0.6495,Too Many Ads
SPOT-110066,0,0.3364,Active
SPOT-110067,1,0.6707,Price / Cost
SPOT-110068,1,0.6498,Price / Cost
SPOT-110069,0,0.2472,Active
SPOT-110070,0,0.3718,Active
SPOT-110071,0,0.1609,Active
SPOT-110072,0,0.4773,Active
SPOT-110073,0,0.3077,Active
SPOT-110074,0,0.1914,Active
SPOT-110075,0,0.3323,Active
SPOT-110076,0,0.4898,Active
SPOT-110077,0,0.3848,Active
SPOT-110078,1,0.6429,Too Many Ads
SPOT-110079,0,0.4803,Active
SPOT-110080,0,0.3472,Active
SPOT-110081,0,0.2997,Active
SPOT-110082,1,0.6185,Price / Cost
SPOT-110083,0,0.2696,Active
SPOT-110084,0,0.3688,Active
SPOT-110085,0,0.4588,Active
SPOT-110086,0,0.2263,Active
SPOT-110087,0,0.5127,Active
SPOT-110088,1,0.7192,Price / Cost
SPOT-110089,0,0.2606,Active
SPOT-110090,1,0.5794,Price / Cost
SPOT-110091,0,0.2469,Active
SPOT-110092,0,0.5441,Active
SPOT-110093,0,0.2281,Active
SPOT-110094,0,0.3809,Active
SPOT-110095,0,0.2709,Active
SPOT-110096,0,0.2833,Active
SPOT-110097,1,0.6428,Low Usage / No Time
SPOT-110098,0,0.5076,Active
SPOT-110099,1,0.7207,Price / Cost
SPOT-110100,0,0.3366,Active
SPOT-110101,0,0.5211,Active
SPOT-110102,0,0.439,Active
SPOT-110103,0,0.394,Active
SPOT-110104,0,0.3302,Active
SPOT-110105,0,0.3504,Active
SPOT-110106,0,0.2374,Active
SPOT-110107,0,0.1948,Active
SPOT-110108,0,0.2615,Active
SPOT-110109,0,0.2609,Active
SPOT-110110,0,0.4713,Active
SPOT-110111,1,0.5829,Too Many Ads
SPOT-110112,0,0.3253,Active
SPOT-110113,1,0.7076,Price / Cost
SPOT-110114,0,0.5262,Active
SPOT-110115,0,0.4237,Active
SPOT-110116,0,0.5183,Active
SPOT-110117,0,0.4761,Active
SPOT-110118,0,0.4236,Active
SPOT-110119,0,0.086,Active
SPOT-110120,0,0.4005,Active
SPOT-110121,0,0.505,Active
SPOT-110122,1,0.7035,Price / Cost
SPOT-110123,0,0.4691,Active
SPOT-110124,0,0.4842,Active
SPOT-110125,0,0.4414,Active
SPOT-110126,0,0.5042,Active
SPOT-110127,0,0.3889,Active
SPOT-110128,0,0.3919,Active
SPOT-110129,0,0.3294,Active
SPOT-110130,0,0.379,Active
SPOT-110131,0,0.3991,Active
SPOT-110132,0,0.4616,Active
SPOT-110133,0,0.2619,Active
SPOT-110134,0,0.2761,Active
SPOT-110135,0,0.4167,Active
SPOT-110136,0,0.3846,Active
SPOT-110137,0,0.2009,Active
SPOT-110138,0,0.3865,Active
SPOT-110139,0,0.3064,Active
SPOT-110140,1,0.6732,Price / Cost
SPOT-110141,0,0.4943,Active
SPOT-110142,0,0.3288,Active
SPOT-110143,0,0.3011,Active
SPOT-110144,0,0.5481,Active
SPOT-110145,1,0.6464,Price / Cost
SPOT-110146,0,0.3283,Active
SPOT-110147,0,0.5338,Active
SPOT-110148,0,0.3379,Active
SPOT-110149,0,0.397,Active
SPOT-110150,0,0.2944,Active
SPOT-110151,0,0.3,Active
SPOT-110152,1,0.577,Too Many Ads
SPOT-110153,0,0.2455,Active
SPOT-110154,0,0.4934,Active
SPOT-110155,0,0.2611,Active
SPOT-110156,0,0.4566,Active
SPOT-110157,0,0.4771,Active
SPOT-110158,0,0.2337,Active
SPOT-110159,0,0.5136,Active
SPOT-110160,0,0.2611,Active
SPOT-110161,1,0.5846,Switched to Competitor
SPOT-110162,1,0.6374,Price / Cost
SPOT-110163,0,0.4157,Active
SPOT-110164,0,0.5203,Active
SPOT-110165,0,0.3579,Active
SPOT-110166,0,0.3691,Active
SPOT-110167,0,0.4891,Active
SPOT-110168,0,0.45,Active
SPOT-110169,1,0.6217,Too Many Ads
SPOT-110170,0,0.4446,Active
SPOT-110171,1,0.7471,Price / Cost
SPOT-110172,1,0.6383,Low Usage / No Time
SPOT-110173,0,0.4774,Active
SPOT-110174,0,0.5051,Active
SPOT-110175,0,0.4776,Active
SPOT-110176,0,0.3398,Active
SPOT-110177,0,0.4518,Active
SPOT-110178,0,0.4432,Active
SPOT-110179,0,0.1998,Active
SPOT-110180,0,0.5659,Active
SPOT-110181,1,0.6359,Low Usage / No Time
SPOT-110182,0,0.3764,Active
SPOT-110183,0,0.3064,Active
SPOT-110184,1,0.6304,Price / Cost
SPOT-110185,0,0.5244,Active
SPOT-110186,0,0.4515,Active
SPOT-110187,0,0.5479,Active
SPOT-110188,1,0.6137,Low Usage / No Time
SPOT-110189,0,0.1012,Active
SPOT-110190,0,0.2126,Active
SPOT-110191,0,0.5085,Active
SPOT-110192,0,0.4189,Active
SPOT-110193,0,0.5324,Active
SPOT-110194,0,0.3559,Active
SPOT-110195,0,0.4149,Active
SPOT-110196,0,0.3377,Active
SPOT-110197,0,0.2747,Active
SPOT-110198,1,0.678,Switched to Competitor
SPOT-110199,0,0.5458,Active
SPOT-110200,0,0.2957,Active
SPOT-110201,1,0.5692,Price / Cost
SPOT-110202,0,0.2553,Active
SPOT-110203,0,0.3274,Active
SPOT-110204,0,0.2729,Active
SPOT-110205,1,0.6212,Technical Bugs
SPOT-110206,0,0.3094,Active
SPOT-110207,1,0.703,Technical Bugs
SPOT-110208,0,0.2196,Active
SPOT-110209,1,0.5986,Switched to Competitor
SPOT-110210,0,0.5476,Active
SPOT-110211,0,0.3709,Active
SPOT-110212,0,0.5286,Active
SPOT-110213,0,0.5505,Active
SPOT-110214,0,0.286,Active
SPOT-110215,0,0.4658,Active
SPOT-110216,0,0.5671,Active
SPOT-110217,1,0.5687,Price / Cost
SPOT-110218,1,0.6878,Too Many Ads
SPOT-110219,0,0.4337,Active
SPOT-110220,0,0.3042,Active
SPOT-110221,0,0.3524,Active
SPOT-110222,0,0.4737,Active
SPOT-110223,0,0.3483,Active
SPOT-110224,1,0.8469,Price / Cost
SPOT-110225,0,0.3985,Active
SPOT-110226,0,0.409,Active
SPOT-110227,0,0.5434,Active
SPOT-110228,0,0.4282,Active
SPOT-110229,0,0.3138,Active
SPOT-110230,0,0.4579,Active
SPOT-110231,0,0.0661,Active
SPOT-110232,0,0.4232,Active
SPOT-110233,0,0.3648,Active
SPOT-110234,0,0.5666,Active
SPOT-110235,0,0.2065,Active
SPOT-110236,0,0.1654,Active
SPOT-110237,0,0.3949,Active
SPOT-110238,0,0.2927,Active
SPOT-110239,1,0.6969,Too Many Ads
SPOT-110240,0,0.3059,Active
SPOT-110241,0,0.3466,Active
SPOT-110242,0,0.546,Active
SPOT-110243,0,0.2914,Active
SPOT-110244,0,0.2827,Active
SPOT-110245,0,0.2525,Active
SPOT-110246,0,0.4226,Active
SPOT-110247,0,0.4541,Active
SPOT-110248,0,0.2552,Active
SPOT-110249,0,0.4094,Active
SPOT-110250,0,0.2993,Active
SPOT-110251,0,0.407,Active
SPOT-110252,0,0.4731,Active
SPOT-110253,0,0.539,Active
SPOT-110254,0,0.443,Active
SPOT-110255,1,0.6947,Price / Cost
SPOT-110256,0,0.4079,Active
SPOT-110257,0,0.1748,Active
SPOT-110258,0,0.3371,Active
SPOT-110259,0,0.2776,Active
SPOT-110260,1,0.6409,Price / Cost
SPOT-110261,1,0.6367,Too Many Ads
SPOT-110262,1,0.6915,Price / Cost
SPOT-110263,1,0.627,Price / Cost
SPOT-110264,0,0.3155,Active
SPOT-110265,0,0.5146,Active
SPOT-110266,0,0.3307,Active
SPOT-110267,1,0.5769,Low Usage / No Time
SPOT-110268,0,0.2465,Active
SPOT-110269,0,0.2616,Active
SPOT-110270,1,0.5714,Switched to Competitor
SPOT-110271,0,0.4125,Active
SPOT-110272,0,0.2682,Active
SPOT-110273,0,0.5564,Active
SPOT-110274,0,0.2454,Active
SPOT-110275,0,0.348,Active
SPOT-110276,0,0.5413,Active
SPOT-110277,0,0.2716,Active
SPOT-110278,0,0.3439,Active
SPOT-110279,0,0.2977,Active
SPOT-110280,0,0.4851,Active
SPOT-110281,0,0.519,Active
SPOT-110282,0,0.5059,Active
SPOT-110283,0,0.4762,Active
SPOT-110284,0,0.498,Active
SPOT-110285,1,0.5923,Price / Cost
SPOT-110286,0,0.5527,Active
SPOT-110287,1,0.6375,Low Usage / No Time
SPOT-110288,0,0.4126,Active
SPOT-110289,1,0.6343,Price / Cost
SPOT-110290,0,0.3964,Active
SPOT-110291,0,0.5265,Active
SPOT-110292,1,0.5871,Low Usage / No Time
SPOT-110293,1,0.7886,Too Many Ads
SPOT-110294,0,0.4426,Active
SPOT-110295,0,0.295,Active
SPOT-110296,0,0.5449,Active
SPOT-110297,0,0.3075,Active
SPOT-110298,0,0.4655,Active
SPOT-110299,0,0.4257,Active
SPOT-110300,0,0.3426,Active
SPOT-110301,0,0.5652,Active
SPOT-110302,0,0.3656,Active
SPOT-110303,1,0.6684,Price / Cost
SPOT-110304,0,0.3047,Active
SPOT-110305,0,0.2404,Active
SPOT-110306,0,0.1965,Active
SPOT-110307,0,0.3434,Active
SPOT-110308,1,0.5835,Too Many Ads
SPOT-110309,0,0.288,Active
SPOT-110310,1,0.6137,Low Usage / No Time
SPOT-110311,0,0.4048,Active
SPOT-110312,0,0.2524,Active
SPOT-110313,0,0.366,Active
SPOT-110314,0,0.1982,Active
SPOT-110315,1,0.5739,Too Many Ads
SPOT-110316,0,0.4856,Active
SPOT-110317,1,0.6232,Technical Bugs
SPOT-110318,0,0.0883,Active
SPOT-110319,0,0.4633,Active
SPOT-110320,0,0.4078,Active
SPOT-110321,0,0.1714,Active
SPOT-110322,0,0.3495,Active
SPOT-110323,1,0.5811,Too Many Ads
SPOT-110324,0,0.2656,Active
SPOT-110325,0,0.3587,Active
SPOT-110326,0,0.4033,Active
SPOT-110327,0,0.2392,Active
SPOT-110328,0,0.379,Active
SPOT-110329,1,0.5908,Price / Cost
SPOT-110330,0,0.2461,Active
SPOT-110331,0,0.3478,Active
SPOT-110332,0,0.2251,Active
SPOT-110333,0,0.3654,Active
SPOT-110334,0,0.3862,Active
SPOT-110335,0,0.5491,Active
SPOT-110336,0,0.3975,Active
SPOT-110337,0,0.4808,Active
SPOT-110338,0,0.2161,Active
SPOT-110339,0,0.3732,Active
SPOT-110340,0,0.3619,Active
SPOT-110341,1,0.6321,Price / Cost
SPOT-110342,1,0.6417,Switched to Competitor
SPOT-110343,0,0.3295,Active
SPOT-110344,0,0.3654,Active
SPOT-110345,0,0.3488,Active
SPOT-110346,0,0.4088,Active
SPOT-110347,0,0.2579,Active
SPOT-110348,0,0.2059,Active
SPOT-110349,0,0.4105,Active
SPOT-110350,0,0.4051,Active
SPOT-110351,1,0.6693,Too Many Ads
SPOT-110352,0,0.4043,Active
SPOT-110353,0,0.4898,Active
SPOT-110354,0,0.5198,Active
SPOT-110355,0,0.4595,Active
SPOT-110356,0,0.549,Active
SPOT-110357,0,0.4921,Active
SPOT-110358,0,0.2288,Active
SPOT-110359,0,0.3723,Active
SPOT-110360,0,0.4152,Active
SPOT-110361,0,0.3567,Active
SPOT-110362,0,0.2175,Active
SPOT-110363,0,0.5145,Active
SPOT-110364,0,0.4785,Active
SPOT-110365,0,0.4693,Active
SPOT-110366,1,0.6783,Low Usage / No Time
SPOT-110367,0,0.4668,Active
SPOT-110368,0,0.3019,Active
SPOT-110369,0,0.3529,Active
SPOT-110370,0,0.5222,Active
SPOT-110371,0,0.3056,Active
SPOT-110372,1,0.5708,Price / Cost
SPOT-110373,0,0.4942,Active
SPOT-110374,0,0.2034,Active
SPOT-110375,0,0.3344,Active
SPOT-110376,0,0.4063,Active
SPOT-110377,0,0.3692,Active
SPOT-110378,0,0.5207,Active
SPOT-110379,0,0.4446,Active
SPOT-110380,0,0.0818,Active
SPOT-110381,0,0.171,Active
SPOT-110382,0,0.2535,Active
SPOT-110383,0,0.4866,Active
SPOT-110384,0,0.4615,Active
SPOT-110385,0,0.1486,Active
SPOT-110386,0,0.2503,Active
SPOT-110387,0,0.3178,Active
SPOT-110388,0,0.3874,Active
SPOT-110389,0,0.4502,Active
SPOT-110390,0,0.1505,Active
SPOT-110391,0,0.5222,Active
SPOT-110392,0,0.3526,Active
SPOT-110393,0,0.3489,Active
SPOT-110394,0,0.3421,Active
SPOT-110395,1,0.5884,Price / Cost
SPOT-110396,1,0.7039,Technical Bugs
SPOT-110397,0,0.2031,Active
SPOT-110398,1,0.7383,Price / Cost
SPOT-110399,1,0.5707,Price / Cost
SPOT-110400,0,0.2386,Active
SPOT-110401,0,0.3436,Active
SPOT-110402,1,0.6806,Price / Cost
SPOT-110403,1,0.6421,Switched to Competitor
SPOT-110404,0,0.5023,Active
SPOT-110405,0,0.2921,Active
SPOT-110406,1,0.6779,Price / Cost
SPOT-110407,0,0.268,Active
SPOT-110408,0,0.5677,Active
SPOT-110409,1,0.5791,Technical Bugs
SPOT-110410,1,0.683,Low Usage / No Time
SPOT-110411,0,0.2679,Active
SPOT-110412,0,0.236,Active
SPOT-110413,0,0.4497,Active
SPOT-110414,1,0.6491,Price / Cost
SPOT-110415,0,0.547,Active
SPOT-110416,0,0.4595,Active
SPOT-110417,0,0.3572,Active
SPOT-110418,0,0.3203,Active
SPOT-110419,0,0.338,Active
SPOT-110420,1,0.681,Price / Cost
SPOT-110421,0,0.3481,Active
SPOT-110422,0,0.3358,Active
SPOT-110423,0,0.2069,Active
SPOT-110424,0,0.4824,Active
SPOT-110425,0,0.4922,Active
SPOT-110426,1,0.6541,Switched to Competitor
SPOT-110427,0,0.2298,Active
SPOT-110428,0,0.3519,Active
SPOT-110429,1,0.589,Switched to Competitor
SPOT-110430,0,0.172,Active
SPOT-110431,0,0.3625,Active
SPOT-110432,0,0.2611,Active
SPOT-110433,0,0.2828,Active
SPOT-110434,0,0.3774,Active
SPOT-110435,0,0.2689,Active
SPOT-110436,0,0.3896,Active
SPOT-110437,1,0.6708,Price / Cost
SPOT-110438,0,0.3678,Active
SPOT-110439,0,0.3692,Active
SPOT-110440,0,0.4636,Active
SPOT-110441,0,0.2317,Active
SPOT-110442,0,0.4053,Active
SPOT-110443,0,0.2891,Active
SPOT-110444,0,0.394,Active
SPOT-110445,0,0.2162,Active
SPOT-110446,0,0.5111,Active
SPOT-110447,1,0.6525,Low Usage / No Time
SPOT-110448,0,0.4328,Active
SPOT-110449,0,0.3502,Active
SPOT-110450,0,0.3989,Active
SPOT-110451,0,0.3006,Active
SPOT-110452,1,0.6943,Technical Bugs
SPOT-110453,0,0.3486,Active
SPOT-110454,0,0.5086,Active
SPOT-110455,1,0.6669,Price / Cost
SPOT-110456,0,0.2567,Active
SPOT-110457,0,0.1867,Active
SPOT-110458,0,0.4201,Active
SPOT-110459,0,0.409,Active
SPOT-110460,1,0.685,Price / Cost
SPOT-110461,0,0.334,Active
SPOT-110462,0,0.2579,Active
SPOT-110463,0,0.1508,Active
SPOT-110464,0,0.281,Active
SPOT-110465,0,0.5377,Active
SPOT-110466,1,0.7837,Switched to Competitor
SPOT-110467,0,0.324,Active
SPOT-110468,0,0.3132,Active
SPOT-110469,0,0.56,Active
SPOT-110470,0,0.2344,Active
SPOT-110471,1,0.577,Low Usage / No Time
SPOT-110472,0,0.2855,Active
SPOT-110473,0,0.4886,Active
SPOT-110474,0,0.1478,Active
SPOT-110475,0,0.319,Active
SPOT-110476,0,0.3801,Active
SPOT-110477,0,0.3725,Active
SPOT-110478,0,0.3135,Active
SPOT-110479,0,0.1945,Active
SPOT-110480,0,0.501,Active
SPOT-110481,0,0.523,Active
SPOT-110482,0,0.4311,Active
SPOT-110483,0,0.2377,Active
SPOT-110484,0,0.3951,Active
SPOT-110485,0,0.2066,Active
SPOT-110486,0,0.3155,Active
SPOT-110487,0,0.2856,Active
SPOT-110488,0,0.3751,Active
SPOT-110489,0,0.5449,Active
SPOT-110490,0,0.4827,Active
SPOT-110491,0,0.3741,Active
SPOT-110492,0,0.3042,Active
SPOT-110493,0,0.2515,Active
SPOT-110494,0,0.3586,Active
SPOT-110495,0,0.5662,Active
SPOT-110496,0,0.4254,Active
SPOT-110497,1,0.7247,Low Usage / No Time
SPOT-110498,0,0.4718,Active
SPOT-110499,0,0.2085,Active
SPOT-110500,0,0.5361,Active
SPOT-110501,0,0.367,Active
SPOT-110502,0,0.2205,Active
SPOT-110503,0,0.3847,Active
SPOT-110504,1,0.6147,Low Usage / No Time
SPOT-110505,0,0.4491,Active
SPOT-110506,0,0.2268,Active
SPOT-110507,0,0.4826,Active
SPOT-110508,0,0.3556,Active
SPOT-110509,0,0.3684,Active
SPOT-110510,0,0.1043,Active
SPOT-110511,0,0.4774,Active
SPOT-110512,0,0.1105,Active
SPOT-110513,0,0.4844,Active
SPOT-110514,0,0.3424,Active
SPOT-110515,0,0.5385,Active
SPOT-110516,1,0.5714,Price / Cost
SPOT-110517,0,0.3132,Active
SPOT-110518,0,0.1536,Active
SPOT-110519,1,0.6794,Too Many Ads
SPOT-110520,0,0.2752,Active
SPOT-110521,0,0.3536,Active
SPOT-110522,1,0.7021,Switched to Competitor
SPOT-110523,0,0.5124,Active
SPOT-110524,0,0.2692,Active
SPOT-110525,0,0.3146,Active
SPOT-110526,0,0.1959,Active
SPOT-110527,0,0.5346,Active
SPOT-110528,0,0.4017,Active
SPOT-110529,0,0.4131,Active
SPOT-110530,0,0.3725,Active
SPOT-110531,1,0.5695,Switched to Competitor
SPOT-110532,0,0.2757,Active
SPOT-110533,0,0.3524,Active
SPOT-110534,1,0.5753,Switched to Competitor
SPOT-110535,0,0.3725,Active
SPOT-110536,0,0.2065,Active
SPOT-110537,0,0.2183,Active
SPOT-110538,1,0.6986,Too Many Ads
SPOT-110539,0,0.3423,Active
SPOT-110540,0,0.3346,Active
SPOT-110541,0,0.4911,Active
SPOT-110542,0,0.4114,Active
SPOT-110543,0,0.3123,Active
SPOT-110544,0,0.4086,Active
SPOT-110545,0,0.3093,Active
SPOT-110546,0,0.5081,Active
SPOT-110547,0,0.5398,Active
SPOT-110548,0,0.3417,Active
SPOT-110549,1,0.5947,Too Many Ads
SPOT-110550,0,0.1562,Active
SPOT-110551,1,0.58,Price / Cost
SPOT-110552,0,0.2982,Active
SPOT-110553,0,0.5614,Active
SPOT-110554,0,0.3991,Active
SPOT-110555,1,0.6083,Switched to Competitor
SPOT-110556,1,0.7181,Switched to Competitor
SPOT-110557,1,0.6481,Price / Cost
SPOT-110558,0,0.5288,Active
SPOT-110559,0,0.2575,Active
SPOT-110560,1,0.642,Too Many Ads
SPOT-110561,0,0.4947,Active
SPOT-110562,0,0.3846,Active
SPOT-110563,0,0.2952,Active
SPOT-110564,1,0.6323,Switched to Competitor
SPOT-110565,0,0.3924,Active
SPOT-110566,0,0.4119,Active
SPOT-110567,1,0.6304,Too Many Ads
SPOT-110568,1,0.7422,Switched to Competitor
SPOT-110569,0,0.4778,Active
SPOT-110570,1,0.6564,Price / Cost
SPOT-110571,0,0.5017,Active
SPOT-110572,1,0.6534,Technical Bugs
SPOT-110573,0,0.444,Active
SPOT-110574,0,0.5031,Active
SPOT-110575,0,0.5037,Active
SPOT-110576,0,0.3496,Active
SPOT-110577,0,0.291,Active
SPOT-110578,0,0.3454,Active
SPOT-110579,0,0.4853,Active
SPOT-110580,1,0.5954,Price / Cost
SPOT-110581,1,0.5721,Switched to Competitor
SPOT-110582,0,0.3286,Active
SPOT-110583,0,0.2334,Active
SPOT-110584,0,0.2692,Active
SPOT-110585,0,0.2026,Active
SPOT-110586,0,0.2543,Active
SPOT-110587,0,0.4882,Active
SPOT-110588,0,0.4842,Active
SPOT-110589,0,0.231,Active
SPOT-110590,0,0.2812,Active
SPOT-110591,0,0.2163,Active
SPOT-110592,1,0.6025,Switched to Competitor
SPOT-110593,0,0.1476,Active
SPOT-110594,0,0.4496,Active
SPOT-110595,0,0.4389,Active
SPOT-110596,0,0.3143,Active
SPOT-110597,0,0.3229,Active
SPOT-110598,0,0.3959,Active
SPOT-110599,0,0.265,Active
SPOT-110600,1,0.7024,Price / Cost
SPOT-110601,0,0.4042,Active
SPOT-110602,1,0.7214,Price / Cost
SPOT-110603,1,0.5897,Too Many Ads
SPOT-110604,0,0.2657,Active
SPOT-110605,0,0.3678,Active
SPOT-110606,0,0.4569,Active
SPOT-110607,0,0.4624,Active
SPOT-110608,0,0.4824,Active
SPOT-110609,0,0.4481,Active
SPOT-110610,0,0.3569,Active
SPOT-110611,0,0.3069,Active
SPOT-110612,0,0.5118,Active
SPOT-110613,0,0.3245,Active
SPOT-110614,0,0.5331,Active
SPOT-110615,0,0.2389,Active
SPOT-110616,0,0.2754,Active
SPOT-110617,0,0.5674,Active
SPOT-110618,1,0.6805,Too Many Ads
SPOT-110619,0,0.4327,Active
SPOT-110620,0,0.4203,Active
SPOT-110621,0,0.219,Active
SPOT-110622,0,0.2927,Active
SPOT-110623,1,0.5999,Low Usage / No Time
SPOT-110624,0,0.1484,Active
SPOT-110625,0,0.3327,Active
SPOT-110626,1,0.6577,Price / Cost
SPOT-110627,0,0.3141,Active
SPOT-110628,0,0.3272,Active
SPOT-110629,0,0.4804,Active
SPOT-110630,0,0.4517,Active
SPOT-110631,0,0.4248,Active
SPOT-110632,0,0.3284,Active
SPOT-110633,0,0.3788,Active
SPOT-110634,1,0.6203,Switched to Competitor
SPOT-110635,0,0.3892,Active
SPOT-110636,0,0.384,Active
SPOT-110637,0,0.3898,Active
SPOT-110638,0,0.1213,Active
SPOT-110639,0,0.2865,Active
SPOT-110640,0,0.1759,Active
SPOT-110641,0,0.5389,Active
SPOT-110642,0,0.3406,Active
SPOT-110643,1,0.5952,Switched to Competitor
SPOT-110644,0,0.2205,Active
SPOT-110645,0,0.3096,Active
SPOT-110646,1,0.6556,Price / Cost
SPOT-110647,0,0.3891,Active
SPOT-110648,0,0.448,Active
SPOT-110649,0,0.5422,Active
SPOT-110650,1,0.5815,Too Many Ads
SPOT-110651,1,0.6089,Switched to Competitor
SPOT-110652,0,0.4354,Active
SPOT-110653,0,0.2324,Active
SPOT-110654,0,0.4631,Active
SPOT-110655,0,0.4356,Active
SPOT-110656,0,0.2712,Active
SPOT-110657,0,0.4978,Active
SPOT-110658,0,0.3461,Active
SPOT-110659,1,0.6414,Switched to Competitor
SPOT-110660,0,0.3499,Active
SPOT-110661,1,0.6565,Low Usage / No Time
SPOT-110662,0,0.315,Active
SPOT-110663,0,0.4528,Active
SPOT-110664,0,0.1271,Active
SPOT-110665,0,0.1653,Active
SPOT-110666,0,0.398,Active
SPOT-110667,0,0.2636,Active
SPOT-110668,0,0.4324,Active
SPOT-110669,0,0.2747,Active
SPOT-110670,0,0.2572,Active
SPOT-110671,0,0.2037,Active
SPOT-110672,0,0.3895,Active
SPOT-110673,0,0.1947,Active
SPOT-110674,0,0.4592,Active
SPOT-110675,0,0.2021,Active
SPOT-110676,0,0.2529,Active
SPOT-110677,1,0.5809,Price / Cost
SPOT-110678,0,0.2601,Active
SPOT-110679,0,0.2142,Active
SPOT-110680,0,0.44,Active
SPOT-110681,0,0.5382,Active
SPOT-110682,0,0.5252,Active
SPOT-110683,0,0.1038,Active
SPOT-110684,1,0.6119,Switched to Competitor
SPOT-110685,1,0.6749,Too Many Ads
SPOT-110686,0,0.3627,Active
SPOT-110687,0,0.3123,Active
SPOT-110688,0,0.3958,Active
SPOT-110689,0,0.3717,Active
SPOT-110690,0,0.2218,Active
SPOT-110691,0,0.5012,Active
SPOT-110692,0,0.3877,Active
SPOT-110693,0,0.2829,Active
SPOT-110694,0,0.5165,Active
SPOT-110695,0,0.5618,Active
SPOT-110696,1,0.6439,Too Many Ads
SPOT-110697,0,0.1828,Active
SPOT-110698,0,0.2826,Active
SPOT-110699,0,0.3308,Active
SPOT-110700,0,0.5277,Active
SPOT-110701,1,0.6032,Switched to Competitor
SPOT-110702,0,0.1508,Active
SPOT-110703,0,0.5613,Active
SPOT-110704,0,0.2944,Active
SPOT-110705,0,0.3337,Active
SPOT-110706,0,0.188,Active
SPOT-110707,1,0.631,Switched to Competitor
SPOT-110708,0,0.445,Active
SPOT-110709,1,0.5903,Price / Cost
SPOT-110710,0,0.3399,Active
SPOT-110711,0,0.2365,Active
SPOT-110712,0,0.1644,Active
SPOT-110713,0,0.5111,Active
SPOT-110714,1,0.5765,Price / Cost
SPOT-110715,0,0.2727,Active
SPOT-110716,0,0.5314,Active
SPOT-110717,0,0.1448,Active
SPOT-110718,0,0.4354,Active
SPOT-110719,0,0.2937,Active
SPOT-110720,0,0.3261,Active
SPOT-110721,0,0.4753,Active
SPOT-110722,0,0.1808,Active
SPOT-110723,0,0.3377,Active
SPOT-110724,0,0.2761,Active
SPOT-110725,1,0.5961,Too Many Ads
SPOT-110726,0,0.4683,Active
SPOT-110727,0,0.2653,Active
SPOT-110728,1,0.6351,Price / Cost
SPOT-110729,1,0.6332,Low Usage / No Time
SPOT-110730,0,0.3686,Active
SPOT-110731,0,0.5103,Active
SPOT-110732,0,0.4705,Active
SPOT-110733,0,0.4474,Active
SPOT-110734,0,0.19,Active
SPOT-110735,0,0.448,Active
SPOT-110736,0,0.4728,Active
SPOT-110737,0,0.2817,Active
SPOT-110738,0,0.3152,Active
SPOT-110739,0,0.4198,Active
SPOT-110740,1,0.6588,Too Many Ads
SPOT-110741,0,0.2723,Active
SPOT-110742,0,0.1454,Active
SPOT-110743,0,0.2865,Active
SPOT-110744,0,0.2868,Active
SPOT-110745,0,0.4114,Active
SPOT-110746,0,0.2792,Active
SPOT-110747,0,0.3179,Active
SPOT-110748,1,0.6808,Too Many Ads
SPOT-110749,0,0.217,Active
SPOT-110750,0,0.1468,Active
SPOT-110751,0,0.2619,Active
SPOT-110752,1,0.6271,Price / Cost
SPOT-110753,0,0.3671,Active
SPOT-110754,0,0.4997,Active
SPOT-110755,0,0.2751,Active
SPOT-110756,0,0.4312,Active
SPOT-110757,0,0.3246,Active
SPOT-110758,0,0.2107,Active
SPOT-110759,0,0.4194,Active
SPOT-110760,1,0.6235,Too Many Ads
SPOT-110761,0,0.5493,Active
SPOT-110762,0,0.3347,Active
SPOT-110763,0,0.3588,Active
SPOT-110764,0,0.5083,Active
SPOT-110765,0,0.3872,Active
SPOT-110766,1,0.5846,Price / Cost
SPOT-110767,1,0.6458,Switched to Competitor
SPOT-110768,0,0.3853,Active
SPOT-110769,0,0.3633,Active
SPOT-110770,0,0.332,Active
SPOT-110771,0,0.407,Active
SPOT-110772,1,0.6504,Too Many Ads
SPOT-110773,0,0.4911,Active
SPOT-110774,0,0.548,Active
SPOT-110775,1,0.5882,Low Usage / No Time
SPOT-110776,1,0.7098,Price / Cost
SPOT-110777,0,0.4065,Active
SPOT-110778,0,0.4996,Active
SPOT-110779,0,0.4524,Active
SPOT-110780,0,0.2612,Active
SPOT-110781,0,0.29,Active
SPOT-110782,0,0.1815,Active
SPOT-110783,0,0.5436,Active
SPOT-110784,0,0.3584,Active
SPOT-110785,0,0.1937,Active
SPOT-110786,0,0.2325,Active
SPOT-110787,1,0.8352,Switched to Competitor
SPOT-110788,1,0.6526,Low Usage / No Time
SPOT-110789,0,0.4508,Active
SPOT-110790,0,0.419,Active
SPOT-110791,0,0.1531,Active
SPOT-110792,0,0.4469,Active
SPOT-110793,0,0.3002,Active
SPOT-110794,1,0.6712,Too Many Ads
SPOT-110795,0,0.1663,Active
SPOT-110796,0,0.359,Active
SPOT-110797,0,0.2739,Active
SPOT-110798,0,0.4228,Active
SPOT-110799,1,0.6342,Switched to Competitor
SPOT-110800,0,0.2203,Active
SPOT-110801,0,0.3835,Active
SPOT-110802,0,0.3963,Active
SPOT-110803,0,0.2607,Active
SPOT-110804,0,0.1741,Active
SPOT-110805,0,0.5274,Active
SPOT-110806,0,0.1997,Active
SPOT-110807,0,0.4985,Active
SPOT-110808,0,0.2619,Active
SPOT-110809,1,0.6237,Technical Bugs
SPOT-110810,0,0.3577,Active
SPOT-110811,0,0.3595,Active
SPOT-110812,0,0.2615,Active
SPOT-110813,0,0.337,Active
SPOT-110814,1,0.6343,Price / Cost
SPOT-110815,0,0.305,Active
SPOT-110816,0,0.2792,Active
SPOT-110817,1,0.5765,Switched to Competitor
SPOT-110818,0,0.5361,Active
SPOT-110819,1,0.6086,Price / Cost
SPOT-110820,1,0.6035,Switched to Competitor
SPOT-110821,0,0.3447,Active
SPOT-110822,0,0.2441,Active
SPOT-110823,0,0.5349,Active
SPOT-110824,0,0.431,Active
SPOT-110825,0,0.3322,Active
SPOT-110826,0,0.3937,Active
SPOT-110827,0,0.3512,Active
SPOT-110828,1,0.5938,Switched to Competitor
SPOT-110829,0,0.1033,Active
SPOT-110830,1,0.7084,Too Many Ads
SPOT-110831,0,0.3344,Active
SPOT-110832,0,0.2814,Active
SPOT-110833,0,0.4594,Active
SPOT-110834,0,0.4344,Active
SPOT-110835,0,0.2263,Active
SPOT-110836,0,0.1196,Active
SPOT-110837,0,0.4402,Active
SPOT-110838,0,0.3834,Active
SPOT-110839,0,0.4144,Active
SPOT-110840,0,0.5004,Active
SPOT-110841,0,0.5296,Active
SPOT-110842,0,0.1866,Active
SPOT-110843,0,0.3727,Active
SPOT-110844,0,0.3943,Active
SPOT-110845,0,0.4106,Active
SPOT-110846,0,0.1576,Active
SPOT-110847,0,0.4839,Active
SPOT-110848,0,0.4117,Active
SPOT-110849,0,0.4194,Active
SPOT-110850,1,0.5729,Low Usage / No Time
SPOT-110851,0,0.4295,Active
SPOT-110852,0,0.2124,Active
SPOT-110853,1,0.6138,Too Many Ads
SPOT-110854,0,0.3671,Active
SPOT-110855,1,0.6989,Too Many Ads
SPOT-110856,0,0.3105,Active
SPOT-110857,0,0.34,Active
SPOT-110858,0,0.3609,Active
SPOT-110859,0,0.5322,Active
SPOT-110860,0,0.3585,Active
SPOT-110861,0,0.4956,Active
SPOT-110862,0,0.5041,Active
SPOT-110863,0,0.1165,Active
SPOT-110864,0,0.4925,Active
SPOT-110865,0,0.243,Active
SPOT-110866,0,0.2604,Active
SPOT-110867,1,0.6978,Price / Cost
SPOT-110868,0,0.3769,Active
SPOT-110869,0,0.4561,Active
SPOT-110870,0,0.5428,Active
SPOT-110871,0,0.4974,Active
SPOT-110872,0,0.4701,Active
SPOT-110873,1,0.6516,Too Many Ads
SPOT-110874,0,0.4681,Active
SPOT-110875,0,0.3963,Active
SPOT-110876,0,0.2832,Active
SPOT-110877,0,0.4827,Active
SPOT-110878,1,0.6311,Too Many Ads
SPOT-110879,0,0.5115,Active
SPOT-110880,0,0.3194,Active
SPOT-110881,1,0.6891,Price / Cost
SPOT-110882,0,0.4269,Active
SPOT-110883,1,0.6121,Price / Cost
SPOT-110884,0,0.2969,Active
SPOT-110885,0,0.3391,Active
SPOT-110886,0,0.4471,Active
SPOT-110887,0,0.3668,Active
SPOT-110888,0,0.2903,Active
SPOT-110889,0,0.4198,Active
SPOT-110890,0,0.1747,Active
SPOT-110891,0,0.3315,Active
SPOT-110892,0,0.5011,Active
SPOT-110893,0,0.3485,Active
SPOT-110894,0,0.4008,Active
SPOT-110895,0,0.5199,Active
SPOT-110896,0,0.3604,Active
SPOT-110897,0,0.5336,Active
SPOT-110898,0,0.3298,Active
SPOT-110899,1,0.6445,Switched to Competitor
SPOT-110900,1,0.6213,Technical Bugs
SPOT-110901,0,0.4223,Active
SPOT-110902,0,0.3569,Active
SPOT-110903,1,0.6633,Price / Cost
SPOT-110904,0,0.2837,Active
SPOT-110905,1,0.5744,Switched to Competitor
SPOT-110906,0,0.4833,Active
SPOT-110907,0,0.3087,Active
SPOT-110908,0,0.3819,Active
SPOT-110909,0,0.36,Active
SPOT-110910,0,0.3131,Active
SPOT-110911,0,0.2023,Active
SPOT-110912,0,0.5315,Active
SPOT-110913,0,0.2452,Active
SPOT-110914,0,0.3848,Active
SPOT-110915,0,0.5315,Active
SPOT-110916,1,0.6453,Too Many Ads
SPOT-110917,1,0.6134,Switched to Competitor
SPOT-110918,1,0.5842,Switched to Competitor
SPOT-110919,0,0.1303,Active
SPOT-110920,0,0.2813,Active
SPOT-110921,0,0.2009,Active
SPOT-110922,0,0.3138,Active
SPOT-110923,0,0.4723,Active
SPOT-110924,0,0.2667,Active
SPOT-110925,0,0.2804,Active
SPOT-110926,1,0.6071,Switched to Competitor
SPOT-110927,1,0.6702,Price / Cost
SPOT-110928,0,0.1923,Active
SPOT-110929,0,0.2004,Active
SPOT-110930,0,0.3759,Active
SPOT-110931,0,0.1589,Active
SPOT-110932,1,0.7386,Too Many Ads
SPOT-110933,0,0.2877,Active
SPOT-110934,0,0.2223,Active
SPOT-110935,0,0.4099,Active
SPOT-110936,0,0.4102,Active
SPOT-110937,0,0.3495,Active
SPOT-110938,0,0.356,Active
SPOT-110939,0,0.2005,Active
SPOT-110940,0,0.1356,Active
SPOT-110941,0,0.2443,Active
SPOT-110942,0,0.5407,Active
SPOT-110943,0,0.2549,Active
SPOT-110944,0,0.5164,Active
SPOT-110945,1,0.5788,Price / Cost
SPOT-110946,1,0.5844,Low Usage / No Time
SPOT-110947,1,0.6749,Price / Cost
SPOT-110948,0,0.3432,Active
SPOT-110949,0,0.2812,Active
SPOT-110950,0,0.3428,Active
SPOT-110951,0,0.3489,Active
SPOT-110952,0,0.2053,Active
SPOT-110953,1,0.5814,Too Many Ads
SPOT-110954,1,0.6215,Too Many Ads
SPOT-110955,0,0.3181,Active
SPOT-110956,0,0.3736,Active
SPOT-110957,1,0.5962,Too Many Ads
SPOT-110958,0,0.3982,Active
SPOT-110959,1,0.6055,Low Usage / No Time
SPOT-110960,1,0.6175,Price / Cost
SPOT-110961,0,0.2437,Active
SPOT-110962,1,0.6372,Switched to Competitor
SPOT-110963,1,0.621,Switched to Competitor
SPOT-110964,0,0.1651,Active
SPOT-110965,0,0.2339,Active
SPOT-110966,1,0.6246,Low Usage / No Time
SPOT-110967,0,0.4251,Active
SPOT-110968,0,0.2634,Active
SPOT-110969,0,0.3268,Active
SPOT-110970,1,0.6777,Too Many Ads
SPOT-110971,0,0.3241,Active
SPOT-110972,0,0.4895,Active
SPOT-110973,0,0.4802,Active
SPOT-110974,0,0.4846,Active
SPOT-110975,1,0.625,Technical Bugs
SPOT-110976,0,0.2806,Active
SPOT-110977,0,0.2252,Active
SPOT-110978,0,0.2728,Active
SPOT-110979,0,0.1608,Active
SPOT-110980,0,0.4836,Active
SPOT-110981,0,0.3126,Active
SPOT-110982,0,0.4594,Active
SPOT-110983,0,0.4518,Active
SPOT-110984,0,0.2999,Active
SPOT-110985,0,0.2992,Active
SPOT-110986,1,0.6034,Technical Bugs
SPOT-110987,0,0.4622,Active
SPOT-110988,0,0.2839,Active
SPOT-110989,0,0.4621,Active
SPOT-110990,0,0.4173,Active
SPOT-110991,0,0.5019,Active
SPOT-110992,0,0.2944,Active
SPOT-110993,0,0.3611,Active
SPOT-110994,0,0.4021,Active
SPOT-110995,0,0.4732,Active
SPOT-110996,0,0.5012,Active
SPOT-110997,0,0.3266,Active
SPOT-110998,0,0.3208,Active
SPOT-110999,0,0.3404,Active
SPOT-111000,1,0.582,Too Many Ads
SPOT-111001,0,0.2785,Active
SPOT-111002,0,0.5226,Active
SPOT-111003,0,0.5086,Active
SPOT-111004,0,0.5614,Active
SPOT-111005,0,0.5271,Active
SPOT-111006,0,0.5652,Active
SPOT-111007,1,0.8048,Switched to Competitor
SPOT-111008,0,0.4618,Active
SPOT-111009,0,0.1696,Active
SPOT-111010,0,0.426,Active
SPOT-111011,0,0.4418,Active
SPOT-111012,1,0.6855,Low Usage / No Time
SPOT-111013,0,0.3624,Active
SPOT-111014,0,0.251,Active
SPOT-111015,1,0.6139,Switched to Competitor
SPOT-111016,0,0.1967,Active
SPOT-111017,0,0.5131,Active
SPOT-111018,1,0.6104,Too Many Ads
SPOT-111019,0,0.5324,Active
SPOT-111020,1,0.6009,Price / Cost
SPOT-111021,1,0.5726,Too Many Ads
SPOT-111022,0,0.4853,Active
SPOT-111023,0,0.0784,Active
SPOT-111024,0,0.3056,Active
SPOT-111025,0,0.4422,Active
SPOT-111026,0,0.5118,Active
SPOT-111027,1,0.6537,Price / Cost
SPOT-111028,1,0.5917,Price / Cost
SPOT-111029,1,0.6128,Switched to Competitor
SPOT-111030,1,0.578,Too Many Ads
SPOT-111031,0,0.4364,Active
SPOT-111032,0,0.2231,Active
SPOT-111033,0,0.2894,Active
SPOT-111034,0,0.5109,Active
SPOT-111035,1,0.5844,Switched to Competitor
SPOT-111036,0,0.4001,Active
SPOT-111037,0,0.1887,Active
SPOT-111038,0,0.2332,Active
SPOT-111039,1,0.5926,Switched to Competitor
SPOT-111040,0,0.4705,Active
SPOT-111041,1,0.634,Price / Cost
SPOT-111042,0,0.1798,Active
SPOT-111043,0,0.494,Active
SPOT-111044,0,0.2289,Active
SPOT-111045,0,0.1954,Active
SPOT-111046,0,0.2179,Active
SPOT-111047,0,0.492,Active
SPOT-111048,0,0.2194,Active
SPOT-111049,0,0.3067,Active
SPOT-111050,0,0.4133,Active
SPOT-111051,1,0.6814,Switched to Competitor
SPOT-111052,0,0.2056,Active
SPOT-111053,0,0.5353,Active
SPOT-111054,0,0.3615,Active
SPOT-111055,1,0.5938,Too Many Ads
SPOT-111056,1,0.5695,Price / Cost
SPOT-111057,0,0.4825,Active
SPOT-111058,1,0.6399,Price / Cost
SPOT-111059,0,0.5098,Active
SPOT-111060,1,0.5922,Price / Cost
SPOT-111061,0,0.223,Active
SPOT-111062,0,0.4853,Active
SPOT-111063,0,0.4959,Active
SPOT-111064,0,0.3931,Active
SPOT-111065,0,0.5629,Active
SPOT-111066,0,0.4743,Active
SPOT-111067,0,0.2758,Active
SPOT-111068,1,0.5689,Price / Cost
SPOT-111069,0,0.2447,Active
SPOT-111070,0,0.52,Active
SPOT-111071,0,0.5443,Active
SPOT-111072,0,0.386,Active
SPOT-111073,0,0.3305,Active
SPOT-111074,0,0.1868,Active
SPOT-111075,0,0.3616,Active
SPOT-111076,0,0.4824,Active
SPOT-111077,1,0.6444,Low Usage / No Time
SPOT-111078,0,0.269,Active
SPOT-111079,0,0.3425,Active
SPOT-111080,1,0.7262,Price / Cost
SPOT-111081,0,0.4439,Active
SPOT-111082,0,0.2182,Active
SPOT-111083,1,0.5805,Technical Bugs
SPOT-111084,0,0.4896,Active
SPOT-111085,0,0.2681,Active
SPOT-111086,0,0.2592,Active
SPOT-111087,0,0.2247,Active
SPOT-111088,0,0.4452,Active
SPOT-111089,1,0.6818,Too Many Ads
SPOT-111090,0,0.3302,Active
SPOT-111091,1,0.6554,Price / Cost
SPOT-111092,0,0.4988,Active
SPOT-111093,0,0.4488,Active
SPOT-111094,0,0.2929,Active
SPOT-111095,1,0.6463,Price / Cost
SPOT-111096,1,0.594,Too Many Ads
SPOT-111097,0,0.2865,Active
SPOT-111098,0,0.4286,Active
SPOT-111099,0,0.1598,Active
SPOT-111100,0,0.3837,Active
SPOT-111101,1,0.6243,Low Usage / No Time
SPOT-111102,1,0.6741,Price / Cost
SPOT-111103,0,0.2505,Active
SPOT-111104,0,0.2744,Active
SPOT-111105,0,0.3727,Active
SPOT-111106,0,0.467,Active
SPOT-111107,0,0.3843,Active
SPOT-111108,0,0.3896,Active
SPOT-111109,0,0.5647,Active
SPOT-111110,0,0.2181,Active
SPOT-111111,0,0.2562,Active
SPOT-111112,0,0.4083,Active
SPOT-111113,1,0.6699,Switched to Competitor
SPOT-111114,0,0.2237,Active
SPOT-111115,0,0.0809,Active
SPOT-111116,0,0.5016,Active
SPOT-111117,0,0.4211,Active
SPOT-111118,0,0.471,Active
SPOT-111119,1,0.6448,Price / Cost
SPOT-111120,0,0.2463,Active
SPOT-111121,1,0.6424,Too Many Ads
SPOT-111122,0,0.3938,Active
SPOT-111123,0,0.3892,Active
SPOT-111124,0,0.2251,Active
SPOT-111125,0,0.5307,Active
SPOT-111126,1,0.5693,Too Many Ads
SPOT-111127,0,0.2011,Active
SPOT-111128,0,0.4202,Active
SPOT-111129,0,0.3965,Active
SPOT-111130,0,0.2828,Active
SPOT-111131,0,0.5426,Active
SPOT-111132,0,0.3232,Active
SPOT-111133,0,0.0717,Active
SPOT-111134,0,0.3656,Active
SPOT-111135,0,0.2281,Active
SPOT-111136,0,0.2587,Active
SPOT-111137,1,0.5971,Low Usage / No Time
SPOT-111138,0,0.4472,Active
SPOT-111139,1,0.6487,Price / Cost
SPOT-111140,0,0.3677,Active
SPOT-111141,0,0.493,Active
SPOT-111142,1,0.6291,Price / Cost
SPOT-111143,0,0.5208,Active
SPOT-111144,0,0.3827,Active
SPOT-111145,0,0.1665,Active
SPOT-111146,0,0.4164,Active
SPOT-111147,0,0.4364,Active
SPOT-111148,1,0.6678,Too Many Ads
SPOT-111149,0,0.564,Active
SPOT-111150,0,0.199,Active
SPOT-111151,0,0.563,Active
SPOT-111152,0,0.4474,Active
SPOT-111153,1,0.7844,Too Many Ads
SPOT-111154,0,0.5252,Active
SPOT-111155,1,0.6326,Price / Cost
SPOT-111156,0,0.3741,Active
SPOT-111157,0,0.1921,Active
SPOT-111158,1,0.7181,Low Usage / No Time
SPOT-111159,0,0.42,Active
SPOT-111160,0,0.3796,Active
SPOT-111161,1,0.6974,Switched to Competitor
SPOT-111162,0,0.29,Active
SPOT-111163,0,0.3709,Active
SPOT-111164,0,0.4048,Active
SPOT-111165,0,0.3018,Active
SPOT-111166,0,0.2815,Active
SPOT-111167,1,0.6257,Price / Cost
SPOT-111168,0,0.4089,Active
SPOT-111169,0,0.4604,Active
SPOT-111170,0,0.3355,Active
SPOT-111171,0,0.4515,Active
SPOT-111172,0,0.3213,Active
SPOT-111173,0,0.4095,Active
SPOT-111174,0,0.1771,Active
SPOT-111175,0,0.4668,Active
SPOT-111176,0,0.359,Active
SPOT-111177,0,0.3906,Active
SPOT-111178,1,0.6604,Price / Cost
SPOT-111179,0,0.3346,Active
SPOT-111180,0,0.2987,Active
SPOT-111181,1,0.6903,Low Usage / No Time
SPOT-111182,0,0.2022,Active
SPOT-111183,0,0.493,Active
SPOT-111184,0,0.546,Active
SPOT-111185,0,0.478,Active
SPOT-111186,1,0.5866,Switched to Competitor
SPOT-111187,0,0.1488,Active
SPOT-111188,0,0.4579,Active
SPOT-111189,0,0.3152,Active
SPOT-111190,1,0.7666,Too Many Ads
SPOT-111191,0,0.4172,Active
SPOT-111192,0,0.5361,Active
SPOT-111193,0,0.2718,Active
SPOT-111194,1,0.7966,Low Usage / No Time
SPOT-111195,0,0.2738,Active
SPOT-111196,0,0.3483,Active
SPOT-111197,0,0.3489,Active
SPOT-111198,0,0.235,Active
SPOT-111199,0,0.4729,Active
SPOT-111200,0,0.353,Active
SPOT-111201,0,0.3861,Active
SPOT-111202,0,0.5007,Active
SPOT-111203,0,0.4439,Active
SPOT-111204,0,0.3933,Active
SPOT-111205,1,0.6379,Technical Bugs
SPOT-111206,0,0.0921,Active
SPOT-111207,0,0.2691,Active
SPOT-111208,0,0.1217,Active
SPOT-111209,0,0.4084,Active
SPOT-111210,0,0.2599,Active
SPOT-111211,0,0.2981,Active
SPOT-111212,0,0.5061,Active
SPOT-111213,0,0.3604,Active
SPOT-111214,0,0.5666,Active
SPOT-111215,0,0.2792,Active
SPOT-111216,1,0.588,Too Many Ads
SPOT-111217,0,0.2558,Active
SPOT-111218,0,0.1965,Active
SPOT-111219,1,0.6042,Too Many Ads
SPOT-111220,0,0.4946,Active
SPOT-111221,0,0.3561,Active
SPOT-111222,1,0.5878,Technical Bugs
SPOT-111223,0,0.3451,Active
SPOT-111224,0,0.2714,Active
SPOT-111225,1,0.6111,Low Usage / No Time
SPOT-111226,0,0.5438,Active
SPOT-111227,0,0.5545,Active
SPOT-111228,1,0.6619,Price / Cost
SPOT-111229,1,0.6267,Too Many Ads
SPOT-111230,0,0.1307,Active
SPOT-111231,0,0.4774,Active
SPOT-111232,0,0.3437,Active
SPOT-111233,0,0.505,Active
SPOT-111234,0,0.4255,Active
SPOT-111235,0,0.4278,Active
SPOT-111236,1,0.5952,Switched to Competitor
SPOT-111237,0,0.3748,Active
SPOT-111238,0,0.494,Active
SPOT-111239,0,0.1789,Active
SPOT-111240,0,0.297,Active
SPOT-111241,0,0.1542,Active
SPOT-111242,1,0.7806,Switched to Competitor
SPOT-111243,0,0.3615,Active
SPOT-111244,0,0.3103,Active
SPOT-111245,1,0.5913,Too Many Ads
SPOT-111246,0,0.5188,Active
SPOT-111247,0,0.4274,Active
SPOT-111248,0,0.3061,Active
SPOT-111249,0,0.3023,Active
SPOT-111250,0,0.3958,Active
SPOT-111251,0,0.1845,Active
SPOT-111252,0,0.5624,Active
SPOT-111253,0,0.4636,Active
SPOT-111254,0,0.4517,Active
SPOT-111255,0,0.5527,Active
SPOT-111256,0,0.2174,Active
SPOT-111257,1,0.6903,Switched to Competitor
SPOT-111258,0,0.4972,Active
SPOT-111259,1,0.6955,Too Many Ads
SPOT-111260,0,0.5113,Active
SPOT-111261,0,0.5287,Active
SPOT-111262,0,0.2862,Active
SPOT-111263,0,0.2179,Active
SPOT-111264,0,0.309,Active
SPOT-111265,0,0.2062,Active
SPOT-111266,0,0.5658,Active
SPOT-111267,0,0.4214,Active
SPOT-111268,0,0.509,Active
SPOT-111269,0,0.314,Active
SPOT-111270,0,0.1274,Active
SPOT-111271,1,0.5781,Too Many Ads
SPOT-111272,1,0.5703,Switched to Competitor
SPOT-111273,0,0.5053,Active
SPOT-111274,0,0.5054,Active
SPOT-111275,0,0.5139,Active
SPOT-111276,0,0.529,Active
SPOT-111277,0,0.3255,Active
SPOT-111278,0,0.1107,Active
SPOT-111279,0,0.3967,Active
SPOT-111280,1,0.5686,Price / Cost
SPOT-111281,0,0.2318,Active
SPOT-111282,0,0.3347,Active
SPOT-111283,0,0.469,Active
SPOT-111284,1,0.6412,Price / Cost
SPOT-111285,0,0.3098,Active
SPOT-111286,1,0.6738,Price / Cost
SPOT-111287,0,0.3737,Active
SPOT-111288,0,0.0897,Active
SPOT-111289,0,0.4298,Active
SPOT-111290,0,0.422,Active
SPOT-111291,0,0.2854,Active
SPOT-111292,1,0.6932,Low Usage / No Time
SPOT-111293,0,0.4219,Active
SPOT-111294,0,0.4606,Active
SPOT-111295,0,0.3459,Active
SPOT-111296,0,0.5454,Active
SPOT-111297,0,0.5488,Active
SPOT-111298,1,0.5757,Switched to Competitor
SPOT-111299,0,0.3344,Active
SPOT-111300,0,0.2958,Active
SPOT-111301,0,0.3,Active
SPOT-111302,0,0.4989,Active
SPOT-111303,0,0.4518,Active
SPOT-111304,0,0.3223,Active
SPOT-111305,0,0.2678,Active
SPOT-111306,1,0.7172,Too Many Ads
SPOT-111307,0,0.3397,Active
SPOT-111308,0,0.5147,Active
SPOT-111309,0,0.2134,Active
SPOT-111310,0,0.4233,Active
SPOT-111311,0,0.461,Active
SPOT-111312,0,0.4049,Active
SPOT-111313,0,0.538,Active
SPOT-111314,0,0.2084,Active
SPOT-111315,0,0.5112,Active
SPOT-111316,0,0.5321,Active
SPOT-111317,0,0.4037,Active
SPOT-111318,0,0.5334,Active
SPOT-111319,1,0.5799,Price / Cost
SPOT-111320,0,0.4185,Active
SPOT-111321,0,0.2871,Active
SPOT-111322,0,0.5264,Active
SPOT-111323,0,0.1984,Active
SPOT-111324,0,0.4895,Active
SPOT-111325,0,0.2332,Active
SPOT-111326,0,0.32,Active
SPOT-111327,0,0.5591,Active
SPOT-111328,0,0.4131,Active
SPOT-111329,0,0.3519,Active
SPOT-111330,0,0.2733,Active
SPOT-111331,0,0.2973,Active
SPOT-111332,0,0.359,Active
SPOT-111333,0,0.5386,Active
SPOT-111334,0,0.1343,Active
SPOT-111335,0,0.2995,Active
SPOT-111336,1,0.5883,Price / Cost
SPOT-111337,0,0.4252,Active
SPOT-111338,0,0.396,Active
SPOT-111339,0,0.5218,Active
SPOT-111340,0,0.5542,Active
SPOT-111341,1,0.5992,Switched to Competitor
SPOT-111342,0,0.2962,Active
SPOT-111343,0,0.2464,Active
SPOT-111344,1,0.6698,Low Usage / No Time
SPOT-111345,0,0.5592,Active
SPOT-111346,0,0.453,Active
SPOT-111347,0,0.3514,Active
SPOT-111348,0,0.4139,Active
SPOT-111349,0,0.5551,Active
SPOT-111350,1,0.5734,Switched to Competitor
SPOT-111351,0,0.1565,Active
SPOT-111352,0,0.3401,Active
SPOT-111353,0,0.4329,Active
SPOT-111354,1,0.6096,Low Usage / No Time
SPOT-111355,0,0.5171,Active
SPOT-111356,1,0.7277,Switched to Competitor
SPOT-111357,0,0.5513,Active
SPOT-111358,0,0.5233,Active
SPOT-111359,1,0.6051,Too Many Ads
SPOT-111360,0,0.27,Active
SPOT-111361,1,0.6186,Price / Cost
SPOT-111362,0,0.4034,Active
SPOT-111363,0,0.5453,Active
SPOT-111364,0,0.39,Active
SPOT-111365,0,0.3132,Active
SPOT-111366,0,0.5039,Active
SPOT-111367,0,0.3351,Active
SPOT-111368,0,0.1801,Active
SPOT-111369,1,0.6148,Price / Cost
SPOT-111370,0,0.5675,Active
SPOT-111371,0,0.1606,Active
SPOT-111372,0,0.2851,Active
SPOT-111373,0,0.3674,Active
SPOT-111374,0,0.4804,Active
SPOT-111375,0,0.3866,Active
SPOT-111376,1,0.6339,Price / Cost
SPOT-111377,0,0.4641,Active
SPOT-111378,0,0.5419,Active
SPOT-111379,0,0.5047,Active
SPOT-111380,0,0.2007,Active
SPOT-111381,0,0.5594,Active
SPOT-111382,0,0.5132,Active
SPOT-111383,0,0.2047,Active
SPOT-111384,1,0.6844,Price / Cost
SPOT-111385,0,0.2692,Active
SPOT-111386,0,0.3397,Active
SPOT-111387,0,0.5143,Active
SPOT-111388,1,0.699,Switched to Competitor
SPOT-111389,0,0.2615,Active
SPOT-111390,1,0.6288,Price / Cost
SPOT-111391,0,0.4653,Active
SPOT-111392,0,0.3016,Active
SPOT-111393,0,0.3319,Active
SPOT-111394,0,0.3795,Active
SPOT-111395,0,0.3057,Active
SPOT-111396,0,0.2795,Active
SPOT-111397,0,0.377,Active
SPOT-111398,1,0.5713,Switched to Competitor
SPOT-111399,0,0.3636,Active
SPOT-111400,0,0.4827,Active
SPOT-111401,0,0.5368,Active
SPOT-111402,0,0.4654,Active
SPOT-111403,1,0.804,Technical Bugs
SPOT-111404,0,0.2338,Active
SPOT-111405,0,0.4493,Active
SPOT-111406,0,0.2511,Active
SPOT-111407,1,0.5699,Too Many Ads
SPOT-111408,0,0.1793,Active
SPOT-111409,0,0.3848,Active
SPOT-111410,0,0.3566,Active
SPOT-111411,0,0.5454,Active
SPOT-111412,0,0.4171,Active
SPOT-111413,0,0.3872,Active
SPOT-111414,0,0.3421,Active
SPOT-111415,0,0.4308,Active
SPOT-111416,1,0.7025,Technical Bugs
SPOT-111417,0,0.1273,Active
SPOT-111418,1,0.6398,Too Many Ads
SPOT-111419,0,0.2998,Active
SPOT-111420,0,0.4183,Active
SPOT-111421,0,0.2566,Active
SPOT-111422,0,0.1938,Active
SPOT-111423,1,0.656,Price / Cost
SPOT-111424,1,0.6175,Low Usage / No Time
SPOT-111425,1,0.5893,Low Usage / No Time
SPOT-111426,0,0.2508,Active
SPOT-111427,0,0.3739,Active
SPOT-111428,1,0.5767,Too Many Ads
SPOT-111429,0,0.3043,Active
SPOT-111430,0,0.32,Active
SPOT-111431,0,0.2781,Active
SPOT-111432,0,0.4025,Active
SPOT-111433,0,0.3678,Active
SPOT-111434,0,0.4543,Active
SPOT-111435,1,0.5913,Technical Bugs
SPOT-111436,0,0.4213,Active
SPOT-111437,0,0.3599,Active
SPOT-111438,0,0.3875,Active
SPOT-111439,0,0.4159,Active
SPOT-111440,0,0.4505,Active
SPOT-111441,0,0.1073,Active
SPOT-111442,0,0.4067,Active
SPOT-111443,1,0.6472,Low Usage / No Time
SPOT-111444,1,0.654,Price / Cost
SPOT-111445,1,0.694,Price / Cost
SPOT-111446,1,0.642,Switched to Competitor
SPOT-111447,0,0.5415,Active
SPOT-111448,0,0.3713,Active
SPOT-111449,0,0.5211,Active
SPOT-111450,0,0.2924,Active
SPOT-111451,0,0.4831,Active
SPOT-111452,0,0.3292,Active
SPOT-111453,0,0.3537,Active
SPOT-111454,0,0.2941,Active
SPOT-111455,0,0.3108,Active
SPOT-111456,0,0.0876,Active
SPOT-111457,0,0.5225,Active
SPOT-111458,1,0.6392,Price / Cost
SPOT-111459,0,0.3612,Active
SPOT-111460,0,0.4909,Active
SPOT-111461,0,0.3843,Active
SPOT-111462,0,0.5314,Active
SPOT-111463,0,0.2657,Active
SPOT-111464,1,0.6776,Low Usage / No Time
SPOT-111465,0,0.4119,Active
SPOT-111466,0,0.4848,Active
SPOT-111467,0,0.3545,Active
SPOT-111468,0,0.4416,Active
SPOT-111469,0,0.2831,Active
SPOT-111470,0,0.2461,Active
SPOT-111471,0,0.4597,Active
SPOT-111472,0,0.5547,Active
SPOT-111473,1,0.6209,Low Usage / No Time
SPOT-111474,0,0.3607,Active
SPOT-111475,0,0.3977,Active
SPOT-111476,0,0.2989,Active
SPOT-111477,0,0.4004,Active
SPOT-111478,1,0.6028,Switched to Competitor
SPOT-111479,0,0.3268,Active
SPOT-111480,0,0.3539,Active
SPOT-111481,0,0.1879,Active
SPOT-111482,1,0.7499,Price / Cost
SPOT-111483,1,0.5835,Price / Cost
SPOT-111484,0,0.3593,Active
SPOT-111485,0,0.4791,Active
SPOT-111486,0,0.2715,Active
SPOT-111487,0,0.3991,Active
SPOT-111488,0,0.426,Active
SPOT-111489,0,0.3723,Active
SPOT-111490,0,0.223,Active
SPOT-111491,0,0.3192,Active
SPOT-111492,0,0.4288,Active
SPOT-111493,0,0.4347,Active
SPOT-111494,0,0.3059,Active
SPOT-111495,0,0.3865,Active
SPOT-111496,0,0.2868,Active
SPOT-111497,1,0.6738,Low Usage / No Time
SPOT-111498,0,0.5343,Active
SPOT-111499,0,0.4517,Active
SPOT-111500,0,0.513,Active
SPOT-111501,0,0.2422,Active
SPOT-111502,0,0.5331,Active
SPOT-111503,0,0.1802,Active
SPOT-111504,0,0.24,Active
SPOT-111505,0,0.5447,Active
SPOT-111506,1,0.5936,Switched to Competitor
SPOT-111507,0,0.3358,Active
SPOT-111508,0,0.2692,Active
SPOT-111509,0,0.3795,Active
SPOT-111510,1,0.6004,Switched to Competitor
SPOT-111511,0,0.429,Active
SPOT-111512,0,0.418,Active
SPOT-111513,0,0.5351,Active
SPOT-111514,0,0.2753,Active
SPOT-111515,1,0.609,Switched to Competitor
SPOT-111516,0,0.3027,Active
SPOT-111517,0,0.2719,Active
SPOT-111518,0,0.4585,Active
SPOT-111519,0,0.5501,Active
SPOT-111520,0,0.4785,Active
SPOT-111521,0,0.4318,Active
SPOT-111522,0,0.5402,Active
SPOT-111523,0,0.3708,Active
SPOT-111524,0,0.2156,Active
SPOT-111525,0,0.5118,Active
SPOT-111526,0,0.2949,Active
SPOT-111527,0,0.2151,Active
SPOT-111528,0,0.2866,Active
SPOT-111529,0,0.4448,Active
SPOT-111530,0,0.1782,Active
SPOT-111531,0,0.5659,Active
SPOT-111532,0,0.51,Active
SPOT-111533,0,0.1873,Active
SPOT-111534,0,0.4421,Active
SPOT-111535,0,0.5577,Active
SPOT-111536,0,0.4095,Active
SPOT-111537,0,0.3504,Active
SPOT-111538,0,0.4668,Active
SPOT-111539,0,0.4453,Active
SPOT-111540,0,0.3702,Active
SPOT-111541,0,0.2247,Active
SPOT-111542,0,0.1702,Active
SPOT-111543,0,0.351,Active
SPOT-111544,0,0.2717,Active
SPOT-111545,0,0.3921,Active
SPOT-111546,0,0.1217,Active
SPOT-111547,0,0.5604,Active
SPOT-111548,0,0.3741,Active
SPOT-111549,0,0.506,Active
SPOT-111550,0,0.4688,Active
SPOT-111551,1,0.6627,Low Usage / No Time
SPOT-111552,0,0.3107,Active
SPOT-111553,0,0.3784,Active
SPOT-111554,0,0.4976,Active
SPOT-111555,0,0.3151,Active
SPOT-111556,0,0.1614,Active
SPOT-111557,0,0.2307,Active
SPOT-111558,0,0.4039,Active
SPOT-111559,0,0.1627,Active
SPOT-111560,0,0.1105,Active
SPOT-111561,0,0.5119,Active
SPOT-111562,0,0.5195,Active
SPOT-111563,0,0.0391,Active
SPOT-111564,1,0.5844,Low Usage / No Time
SPOT-111565,1,0.6386,Price / Cost
SPOT-111566,0,0.4554,Active
SPOT-111567,0,0.3969,Active
SPOT-111568,0,0.2526,Active
SPOT-111569,0,0.4408,Active
SPOT-111570,0,0.5353,Active
SPOT-111571,0,0.4392,Active
SPOT-111572,0,0.3383,Active
SPOT-111573,0,0.5558,Active
SPOT-111574,0,0.4464,Active
SPOT-111575,1,0.6237,Switched to Competitor
SPOT-111576,0,0.5014,Active
SPOT-111577,0,0.3935,Active
SPOT-111578,0,0.5566,Active
SPOT-111579,1,0.6714,Technical Bugs
SPOT-111580,0,0.2502,Active
SPOT-111581,0,0.4619,Active
SPOT-111582,1,0.629,Switched to Competitor
SPOT-111583,0,0.3411,Active
SPOT-111584,0,0.2657,Active
SPOT-111585,0,0.3917,Active
SPOT-111586,0,0.1901,Active
SPOT-111587,0,0.429,Active
SPOT-111588,0,0.3231,Active
SPOT-111589,0,0.3148,Active
SPOT-111590,0,0.3474,Active
SPOT-111591,0,0.3377,Active
SPOT-111592,0,0.4416,Active
SPOT-111593,0,0.4231,Active
SPOT-111594,0,0.3902,Active
SPOT-111595,0,0.4362,Active
SPOT-111596,1,0.5761,Low Usage / No Time
SPOT-111597,0,0.377,Active
SPOT-111598,0,0.4686,Active
SPOT-111599,0,0.4765,Active
SPOT-111600,0,0.1449,Active
SPOT-111601,0,0.3132,Active
SPOT-111602,1,0.6196,Price / Cost
SPOT-111603,1,0.5913,Switched to Competitor
SPOT-111604,0,0.3992,Active
SPOT-111605,1,0.7312,Too Many Ads
SPOT-111606,0,0.5281,Active
SPOT-111607,1,0.6881,Price / Cost
SPOT-111608,0,0.1745,Active
SPOT-111609,0,0.3579,Active
SPOT-111610,1,0.5784,Price / Cost
SPOT-111611,1,0.5773,Too Many Ads
SPOT-111612,0,0.5338,Active
SPOT-111613,0,0.3195,Active
SPOT-111614,0,0.3256,Active
SPOT-111615,0,0.3716,Active
SPOT-111616,0,0.2406,Active
SPOT-111617,1,0.6356,Price / Cost
SPOT-111618,0,0.5063,Active
SPOT-111619,0,0.3881,Active
SPOT-111620,0,0.1394,Active
SPOT-111621,0,0.4878,Active
SPOT-111622,0,0.2935,Active
SPOT-111623,0,0.3135,Active
SPOT-111624,0,0.3354,Active
SPOT-111625,0,0.4974,Active
SPOT-111626,0,0.1908,Active
SPOT-111627,0,0.4687,Active
SPOT-111628,0,0.1458,Active
SPOT-111629,1,0.6358,Switched to Competitor
SPOT-111630,1,0.7307,Price / Cost
SPOT-111631,1,0.7169,Price / Cost
SPOT-111632,0,0.5357,Active
SPOT-111633,0,0.4079,Active
SPOT-111634,1,0.597,Price / Cost
SPOT-111635,1,0.6147,Technical Bugs
SPOT-111636,0,0.2522,Active
SPOT-111637,0,0.3234,Active
SPOT-111638,0,0.3531,Active
SPOT-111639,0,0.2427,Active
SPOT-111640,0,0.1932,Active
SPOT-111641,0,0.5497,Active
SPOT-111642,1,0.6054,Price / Cost
SPOT-111643,0,0.2972,Active
SPOT-111644,1,0.6763,Price / Cost
SPOT-111645,0,0.4395,Active
SPOT-111646,0,0.286,Active
SPOT-111647,1,0.7085,Too Many Ads
SPOT-111648,0,0.2642,Active
SPOT-111649,0,0.2444,Active
SPOT-111650,0,0.1671,Active
SPOT-111651,1,0.7511,Too Many Ads
SPOT-111652,0,0.4395,Active
SPOT-111653,0,0.2569,Active
SPOT-111654,0,0.3421,Active
SPOT-111655,0,0.5445,Active
SPOT-111656,0,0.2593,Active
SPOT-111657,0,0.3908,Active
SPOT-111658,0,0.5206,Active
SPOT-111659,0,0.2359,Active
SPOT-111660,0,0.3197,Active
SPOT-111661,0,0.2491,Active
SPOT-111662,0,0.4745,Active
SPOT-111663,0,0.464,Active
SPOT-111664,0,0.173,Active
SPOT-111665,0,0.1544,Active
SPOT-111666,1,0.5948,Too Many Ads
SPOT-111667,0,0.2826,Active
SPOT-111668,0,0.2839,Active
SPOT-111669,0,0.5629,Active
SPOT-111670,0,0.5146,Active
SPOT-111671,0,0.5271,Active
SPOT-111672,1,0.5687,Switched to Competitor
SPOT-111673,1,0.6801,Price / Cost
SPOT-111674,0,0.1817,Active
SPOT-111675,0,0.3123,Active
SPOT-111676,0,0.3685,Active
SPOT-111677,0,0.2894,Active
SPOT-111678,0,0.5512,Active
SPOT-111679,0,0.2023,Active
SPOT-111680,0,0.2609,Active
SPOT-111681,1,0.712,Price / Cost
SPOT-111682,0,0.2553,Active
SPOT-111683,1,0.5785,Too Many Ads
SPOT-111684,0,0.5349,Active
SPOT-111685,0,0.4358,Active
SPOT-111686,0,0.4944,Active
SPOT-111687,0,0.157,Active
SPOT-111688,0,0.3212,Active
SPOT-111689,0,0.1905,Active
SPOT-111690,0,0.3403,Active
SPOT-111691,0,0.5441,Active
SPOT-111692,0,0.4462,Active
SPOT-111693,0,0.375,Active
SPOT-111694,0,0.2174,Active
SPOT-111695,0,0.2263,Active
SPOT-111696,0,0.5067,Active
SPOT-111697,0,0.3448,Active
SPOT-111698,0,0.2257,Active
SPOT-111699,1,0.5777,Price / Cost
SPOT-111700,0,0.491,Active
SPOT-111701,0,0.1838,Active
SPOT-111702,0,0.4178,Active
SPOT-111703,0,0.1707,Active
SPOT-111704,0,0.3552,Active
SPOT-111705,0,0.2797,Active
SPOT-111706,0,0.2639,Active
SPOT-111707,0,0.1369,Active
SPOT-111708,1,0.6337,Switched to Competitor
SPOT-111709,0,0.5125,Active
SPOT-111710,0,0.2412,Active
SPOT-111711,0,0.2706,Active
SPOT-111712,0,0.3651,Active
SPOT-111713,0,0.1284,Active
SPOT-111714,0,0.2655,Active
SPOT-111715,0,0.4306,Active
SPOT-111716,0,0.294,Active
SPOT-111717,0,0.3981,Active
SPOT-111718,0,0.3803,Active
SPOT-111719,0,0.3674,Active
SPOT-111720,0,0.1506,Active
SPOT-111721,1,0.6306,Price / Cost
SPOT-111722,0,0.4065,Active
SPOT-111723,0,0.1797,Active
SPOT-111724,0,0.4859,Active
SPOT-111725,1,0.6446,Low Usage / No Time
SPOT-111726,0,0.2561,Active
SPOT-111727,1,0.6399,Switched to Competitor
SPOT-111728,0,0.4526,Active
SPOT-111729,1,0.6627,Price / Cost
SPOT-111730,0,0.4247,Active
SPOT-111731,0,0.3313,Active
SPOT-111732,1,0.5952,Price / Cost
SPOT-111733,0,0.2517,Active
SPOT-111734,0,0.2927,Active
SPOT-111735,0,0.5446,Active
SPOT-111736,0,0.453,Active
SPOT-111737,0,0.4687,Active
SPOT-111738,0,0.152,Active
SPOT-111739,0,0.234,Active
SPOT-111740,0,0.1891,Active
SPOT-111741,0,0.3393,Active
SPOT-111742,0,0.4033,Active
SPOT-111743,0,0.5412,Active
SPOT-111744,0,0.3577,Active
SPOT-111745,0,0.4341,Active
SPOT-111746,0,0.3581,Active
SPOT-111747,0,0.0829,Active
SPOT-111748,0,0.1871,Active
SPOT-111749,0,0.3681,Active
SPOT-111750,0,0.5333,Active
SPOT-111751,0,0.4625,Active
SPOT-111752,0,0.5596,Active
SPOT-111753,0,0.2581,Active
SPOT-111754,0,0.2205,Active
SPOT-111755,0,0.3219,Active
SPOT-111756,0,0.3638,Active
SPOT-111757,0,0.4073,Active
SPOT-111758,0,0.5578,Active
SPOT-111759,0,0.4157,Active
SPOT-111760,0,0.4447,Active
SPOT-111761,1,0.7453,Price / Cost
SPOT-111762,1,0.599,Switched to Competitor
SPOT-111763,0,0.4404,Active
SPOT-111764,0,0.5247,Active
SPOT-111765,0,0.2295,Active
SPOT-111766,0,0.402,Active
SPOT-111767,0,0.3078,Active
SPOT-111768,0,0.3427,Active
SPOT-111769,0,0.3426,Active
SPOT-111770,0,0.3888,Active
SPOT-111771,0,0.2059,Active
SPOT-111772,0,0.4662,Active
SPOT-111773,0,0.128,Active
SPOT-111774,0,0.5556,Active
SPOT-111775,0,0.4588,Active
SPOT-111776,1,0.6418,Too Many Ads
SPOT-111777,0,0.4289,Active
SPOT-111778,0,0.3696,Active
SPOT-111779,0,0.4924,Active
SPOT-111780,0,0.1679,Active
SPOT-111781,1,0.5778,Low Usage / No Time
SPOT-111782,0,0.3373,Active
SPOT-111783,1,0.6036,Switched to Competitor
SPOT-111784,0,0.4693,Active
SPOT-111785,1,0.5997,Too Many Ads
SPOT-111786,0,0.4779,Active
SPOT-111787,0,0.4417,Active
SPOT-111788,0,0.4821,Active
SPOT-111789,0,0.3815,Active
SPOT-111790,1,0.7109,Low Usage / No Time
SPOT-111791,0,0.4638,Active
SPOT-111792,0,0.3057,Active
SPOT-111793,0,0.1221,Active
SPOT-111794,0,0.4019,Active
SPOT-111795,0,0.392,Active
SPOT-111796,0,0.1199,Active
SPOT-111797,0,0.517,Active
SPOT-111798,0,0.4227,Active
SPOT-111799,1,0.5824,Too Many Ads
SPOT-111800,0,0.296,Active
SPOT-111801,0,0.437,Active
SPOT-111802,0,0.335,Active
SPOT-111803,0,0.5148,Active
SPOT-111804,0,0.3842,Active
SPOT-111805,0,0.2647,Active
SPOT-111806,0,0.4418,Active
SPOT-111807,0,0.4166,Active
SPOT-111808,0,0.4103,Active
SPOT-111809,0,0.5181,Active
SPOT-111810,1,0.5699,Price / Cost
SPOT-111811,0,0.5631,Active
SPOT-111812,0,0.5201,Active
SPOT-111813,0,0.4216,Active
SPOT-111814,0,0.399,Active
SPOT-111815,0,0.4414,Active
SPOT-111816,0,0.2087,Active
SPOT-111817,0,0.5186,Active
SPOT-111818,1,0.5913,Price / Cost
SPOT-111819,1,0.6959,Switched to Competitor
SPOT-111820,0,0.5071,Active
SPOT-111821,0,0.1737,Active
SPOT-111822,1,0.5864,Price / Cost
SPOT-111823,0,0.4223,Active
SPOT-111824,0,0.2044,Active
SPOT-111825,0,0.5339,Active
SPOT-111826,1,0.6546,Low Usage / No Time
SPOT-111827,0,0.4369,Active
SPOT-111828,0,0.095,Active
SPOT-111829,0,0.2151,Active
SPOT-111830,0,0.4471,Active
SPOT-111831,0,0.1398,Active
SPOT-111832,0,0.1992,Active
SPOT-111833,0,0.4583,Active
SPOT-111834,1,0.6379,Switched to Competitor
SPOT-111835,0,0.3769,Active
SPOT-111836,0,0.2498,Active
SPOT-111837,0,0.4304,Active
SPOT-111838,1,0.5969,Price / Cost
SPOT-111839,0,0.5328,Active
SPOT-111840,0,0.4092,Active
SPOT-111841,0,0.5589,Active
SPOT-111842,0,0.3478,Active
SPOT-111843,1,0.5847,Too Many Ads
SPOT-111844,0,0.4343,Active
SPOT-111845,0,0.4923,Active
SPOT-111846,0,0.366,Active
SPOT-111847,0,0.1465,Active
SPOT-111848,0,0.2027,Active
SPOT-111849,0,0.4506,Active
SPOT-111850,0,0.5303,Active
SPOT-111851,0,0.2785,Active
SPOT-111852,0,0.2922,Active
SPOT-111853,0,0.0916,Active
SPOT-111854,1,0.5885,Low Usage / No Time
SPOT-111855,1,0.6611,Price / Cost
SPOT-111856,0,0.3261,Active
SPOT-111857,0,0.4593,Active
SPOT-111858,1,0.6368,Low Usage / No Time
SPOT-111859,0,0.2729,Active
SPOT-111860,0,0.45,Active
SPOT-111861,1,0.6823,Switched to Competitor
SPOT-111862,0,0.3143,Active
SPOT-111863,0,0.2044,Active
SPOT-111864,1,0.6585,Price / Cost
SPOT-111865,0,0.5048,Active
SPOT-111866,0,0.4661,Active
SPOT-111867,0,0.5465,Active
SPOT-111868,0,0.3618,Active
SPOT-111869,0,0.4389,Active
SPOT-111870,0,0.3054,Active
SPOT-111871,0,0.4506,Active
SPOT-111872,0,0.258,Active
SPOT-111873,1,0.5691,Price / Cost
SPOT-111874,1,0.719,Too Many Ads
SPOT-111875,1,0.7604,Switched to Competitor
SPOT-111876,1,0.6328,Low Usage / No Time
SPOT-111877,0,0.2733,Active
SPOT-111878,0,0.1902,Active
SPOT-111879,0,0.1801,Active
SPOT-111880,0,0.4101,Active
SPOT-111881,0,0.3007,Active
SPOT-111882,0,0.33,Active
SPOT-111883,0,0.1983,Active
SPOT-111884,0,0.2054,Active
SPOT-111885,0,0.2156,Active
SPOT-111886,0,0.1544,Active
SPOT-111887,0,0.3726,Active
SPOT-111888,0,0.3569,Active
SPOT-111889,0,0.2596,Active
SPOT-111890,0,0.5061,Active
SPOT-111891,0,0.2954,Active
SPOT-111892,0,0.5199,Active
SPOT-111893,0,0.3924,Active
SPOT-111894,0,0.5589,Active
SPOT-111895,0,0.2852,Active
SPOT-111896,0,0.5635,Active
SPOT-111897,0,0.14,Active
SPOT-111898,0,0.254,Active
SPOT-111899,0,0.3998,Active
SPOT-111900,0,0.4645,Active
SPOT-111901,0,0.4187,Active
SPOT-111902,0,0.4893,Active
SPOT-111903,0,0.4328,Active
SPOT-111904,0,0.3694,Active
SPOT-111905,1,0.6159,Too Many Ads
SPOT-111906,0,0.2935,Active
SPOT-111907,1,0.7017,Low Usage / No Time
SPOT-111908,1,0.641,Low Usage / No Time
SPOT-111909,0,0.3543,Active
SPOT-111910,0,0.5117,Active
SPOT-111911,1,0.6332,Price / Cost
SPOT-111912,0,0.4242,Active
SPOT-111913,0,0.3714,Active
SPOT-111914,0,0.4539,Active
SPOT-111915,0,0.3201,Active
SPOT-111916,0,0.4704,Active
SPOT-111917,0,0.3738,Active
SPOT-111918,0,0.385,Active
SPOT-111919,0,0.4839,Active
SPOT-111920,0,0.2576,Active
SPOT-111921,0,0.2765,Active
SPOT-111922,0,0.248,Active
SPOT-111923,0,0.3438,Active
SPOT-111924,0,0.3367,Active
SPOT-111925,0,0.5325,Active
SPOT-111926,0,0.3525,Active
SPOT-111927,0,0.516,Active
SPOT-111928,0,0.4069,Active
SPOT-111929,0,0.3248,Active
SPOT-111930,0,0.3836,Active
SPOT-111931,0,0.2355,Active
SPOT-111932,0,0.3635,Active
SPOT-111933,0,0.3716,Active
SPOT-111934,0,0.4483,Active
SPOT-111935,0,0.4538,Active
SPOT-111936,0,0.5166,Active
SPOT-111937,0,0.4374,Active
SPOT-111938,0,0.4168,Active
SPOT-111939,0,0.2864,Active
SPOT-111940,1,0.7429,Switched to Competitor
SPOT-111941,0,0.4868,Active
SPOT-111942,0,0.1539,Active
SPOT-111943,0,0.1977,Active
SPOT-111944,0,0.3048,Active
SPOT-111945,0,0.3701,Active
SPOT-111946,0,0.4233,Active
SPOT-111947,0,0.4824,Active
SPOT-111948,0,0.2248,Active
SPOT-111949,0,0.4623,Active
SPOT-111950,0,0.2872,Active
SPOT-111951,0,0.5261,Active
SPOT-111952,0,0.3666,Active
SPOT-111953,0,0.4541,Active
SPOT-111954,0,0.4699,Active
SPOT-111955,1,0.5863,Switched to Competitor
SPOT-111956,0,0.211,Active
SPOT-111957,0,0.1328,Active
SPOT-111958,0,0.315,Active
SPOT-111959,0,0.5625,Active
SPOT-111960,0,0.5098,Active
SPOT-111961,0,0.1861,Active
SPOT-111962,0,0.2628,Active
SPOT-111963,0,0.5279,Active
SPOT-111964,0,0.5448,Active
SPOT-111965,0,0.5073,Active
SPOT-111966,0,0.3503,Active
SPOT-111967,0,0.1924,Active
SPOT-111968,0,0.21,Active
SPOT-111969,0,0.405,Active
SPOT-111970,1,0.7293,Too Many Ads
SPOT-111971,0,0.227,Active
SPOT-111972,0,0.5379,Active
SPOT-111973,0,0.3255,Active
SPOT-111974,0,0.3733,Active
SPOT-111975,1,0.7209,Low Usage / No Time
SPOT-111976,0,0.3965,Active
SPOT-111977,0,0.148,Active
SPOT-111978,0,0.3983,Active
SPOT-111979,0,0.4786,Active
SPOT-111980,0,0.5474,Active
SPOT-111981,0,0.5635,Active
SPOT-111982,1,0.6114,Switched to Competitor
SPOT-111983,0,0.4005,Active
SPOT-111984,0,0.3208,Active
SPOT-111985,0,0.2688,Active
SPOT-111986,0,0.0591,Active
SPOT-111987,0,0.1593,Active
SPOT-111988,0,0.4646,Active
SPOT-111989,0,0.2844,Active
SPOT-111990,1,0.7183,Price / Cost
SPOT-111991,0,0.2768,Active
SPOT-111992,0,0.3349,Active
SPOT-111993,0,0.1803,Active
SPOT-111994,0,0.3609,Active
SPOT-111995,0,0.3007,Active
SPOT-111996,0,0.464,Active
SPOT-111997,0,0.1275,Active
SPOT-111998,1,0.6945,Too Many Ads
SPOT-111999,0,0.5066,Active
SPOT-112000,0,0.3693,Active
SPOT-112001,0,0.3683,Active
SPOT-112002,0,0.2915,Active
SPOT-112003,0,0.2453,Active
SPOT-112004,0,0.4001,Active
SPOT-112005,0,0.5306,Active
SPOT-112006,1,0.6783,Too Many Ads
SPOT-112007,1,0.5874,Switched to Competitor
SPOT-112008,0,0.2527,Active
SPOT-112009,0,0.4724,Active
SPOT-112010,1,0.684,Price / Cost
SPOT-112011,0,0.265,Active
SPOT-112012,0,0.5207,Active
SPOT-112013,0,0.5135,Active
SPOT-112014,0,0.3181,Active
SPOT-112015,1,0.5684,Price / Cost
SPOT-112016,1,0.6837,Switched to Competitor
SPOT-112017,1,0.6949,Price / Cost
SPOT-112018,1,0.5811,Switched to Competitor
SPOT-112019,1,0.5986,Too Many Ads
SPOT-112020,1,0.7752,Low Usage / No Time
SPOT-112021,0,0.504,Active
SPOT-112022,0,0.4825,Active
SPOT-112023,0,0.45,Active
SPOT-112024,1,0.6908,Switched to Competitor
SPOT-112025,0,0.4452,Active
SPOT-112026,0,0.2489,Active
SPOT-112027,0,0.4895,Active
SPOT-112028,0,0.5317,Active
SPOT-112029,0,0.2825,Active
SPOT-112030,0,0.5118,Active
SPOT-112031,0,0.4223,Active
SPOT-112032,0,0.4374,Active
SPOT-112033,0,0.4973,Active
SPOT-112034,0,0.2247,Active
SPOT-112035,0,0.4151,Active
SPOT-112036,0,0.4842,Active
SPOT-112037,0,0.4213,Active
SPOT-112038,0,0.395,Active
SPOT-112039,1,0.5898,Switched to Competitor
SPOT-112040,0,0.2774,Active
SPOT-112041,0,0.3353,Active
SPOT-112042,0,0.4741,Active
SPOT-112043,0,0.3401,Active
SPOT-112044,0,0.5239,Active
SPOT-112045,0,0.4279,Active
SPOT-112046,0,0.5342,Active
SPOT-112047,0,0.3447,Active
SPOT-112048,1,0.7001,Too Many Ads
SPOT-112049,0,0.4901,Active
SPOT-112050,0,0.4127,Active
SPOT-112051,0,0.4919,Active
SPOT-112052,0,0.1675,Active
SPOT-112053,0,0.3423,Active
SPOT-112054,0,0.4652,Active
SPOT-112055,0,0.2751,Active
SPOT-112056,0,0.3679,Active
SPOT-112057,0,0.1935,Active
SPOT-112058,1,0.683,Too Many Ads
SPOT-112059,0,0.5556,Active
SPOT-112060,0,0.3205,Active
SPOT-112061,1,0.5714,Price / Cost
SPOT-112062,0,0.492,Active
SPOT-112063,0,0.554,Active
SPOT-112064,0,0.5535,Active
SPOT-112065,0,0.5289,Active
SPOT-112066,0,0.3287,Active
SPOT-112067,1,0.5852,Price / Cost
SPOT-112068,0,0.1425,Active
SPOT-112069,0,0.5479,Active
SPOT-112070,0,0.3342,Active
SPOT-112071,0,0.4381,Active
SPOT-112072,0,0.5225,Active
SPOT-112073,0,0.4872,Active
SPOT-112074,0,0.2344,Active
SPOT-112075,0,0.339,Active
SPOT-112076,0,0.3838,Active
SPOT-112077,0,0.3417,Active
SPOT-112078,1,0.5729,Switched to Competitor
SPOT-112079,0,0.3857,Active
SPOT-112080,0,0.3433,Active
SPOT-112081,1,0.5693,Price / Cost
SPOT-112082,1,0.6097,Price / Cost
SPOT-112083,1,0.5738,Price / Cost
SPOT-112084,1,0.7038,Switched to Competitor
SPOT-112085,0,0.3812,Active
SPOT-112086,0,0.2069,Active
SPOT-112087,0,0.4005,Active
SPOT-112088,1,0.5797,Switched to Competitor
SPOT-112089,0,0.4795,Active
SPOT-112090,1,0.6344,Low Usage / No Time
SPOT-112091,0,0.4441,Active
SPOT-112092,0,0.371,Active
SPOT-112093,1,0.8059,Switched to Competitor
SPOT-112094,1,0.6178,Low Usage / No Time
SPOT-112095,0,0.2578,Active
SPOT-112096,0,0.495,Active
SPOT-112097,0,0.2032,Active
SPOT-112098,0,0.4893,Active
SPOT-112099,0,0.4938,Active
SPOT-112100,0,0.3603,Active
SPOT-112101,0,0.4699,Active
SPOT-112102,0,0.4099,Active
SPOT-112103,0,0.5405,Active
SPOT-112104,1,0.7287,Price / Cost
SPOT-112105,0,0.3987,Active
SPOT-112106,0,0.2945,Active
SPOT-112107,0,0.315,Active
SPOT-112108,0,0.1836,Active
SPOT-112109,0,0.2028,Active
SPOT-112110,1,0.6389,Price / Cost
SPOT-112111,0,0.4979,Active
SPOT-112112,0,0.1957,Active
SPOT-112113,1,0.6799,Price / Cost
SPOT-112114,0,0.3583,Active
SPOT-112115,1,0.6519,Switched to Competitor
SPOT-112116,0,0.2075,Active
SPOT-112117,0,0.5252,Active
SPOT-112118,0,0.5301,Active
SPOT-112119,0,0.1993,Active
SPOT-112120,0,0.5303,Active
SPOT-112121,0,0.2345,Active
SPOT-112122,0,0.5157,Active
SPOT-112123,1,0.685,Low Usage / No Time
SPOT-112124,1,0.5788,Price / Cost
SPOT-112125,0,0.1783,Active
SPOT-112126,0,0.3919,Active
SPOT-112127,0,0.454,Active
SPOT-112128,0,0.3059,Active
SPOT-112129,0,0.4074,Active
SPOT-112130,1,0.6395,Price / Cost
SPOT-112131,0,0.4833,Active
SPOT-112132,0,0.3269,Active
SPOT-112133,1,0.6933,Technical Bugs
SPOT-112134,0,0.5334,Active
SPOT-112135,0,0.4617,Active
SPOT-112136,0,0.4298,Active
SPOT-112137,0,0.1594,Active
SPOT-112138,0,0.1952,Active
SPOT-112139,0,0.4454,Active
SPOT-112140,0,0.1538,Active
SPOT-112141,0,0.4487,Active
SPOT-112142,0,0.527,Active
SPOT-112143,0,0.4232,Active
SPOT-112144,0,0.478,Active
SPOT-112145,0,0.4495,Active
SPOT-112146,1,0.6938,Too Many Ads
SPOT-112147,0,0.341,Active
SPOT-112148,0,0.2059,Active
SPOT-112149,0,0.5212,Active
SPOT-112150,0,0.3075,Active
SPOT-112151,0,0.4301,Active
SPOT-112152,0,0.2061,Active
SPOT-112153,1,0.5915,Too Many Ads
SPOT-112154,0,0.2869,Active
SPOT-112155,0,0.4665,Active
SPOT-112156,0,0.4713,Active
SPOT-112157,1,0.5738,Price / Cost
SPOT-112158,1,0.6421,Price / Cost
SPOT-112159,0,0.1634,Active
SPOT-112160,1,0.6933,Switched to Competitor
SPOT-112161,0,0.401,Active
SPOT-112162,0,0.5028,Active
SPOT-112163,0,0.5197,Active
SPOT-112164,0,0.1004,Active
SPOT-112165,1,0.6656,Low Usage / No Time
SPOT-112166,0,0.3513,Active
SPOT-112167,1,0.5809,Low Usage / No Time
SPOT-112168,1,0.6184,Price / Cost
SPOT-112169,1,0.6297,Low Usage / No Time
SPOT-112170,0,0.4824,Active
SPOT-112171,0,0.3879,Active
SPOT-112172,0,0.293,Active
SPOT-112173,1,0.6677,Price / Cost
SPOT-112174,0,0.2401,Active
SPOT-112175,0,0.3552,Active
SPOT-112176,0,0.3013,Active
SPOT-112177,1,0.6349,Too Many Ads
SPOT-112178,0,0.2575,Active
SPOT-112179,0,0.4701,Active
SPOT-112180,0,0.3069,Active
SPOT-112181,0,0.3246,Active
SPOT-112182,0,0.4974,Active
SPOT-112183,0,0.2231,Active
SPOT-112184,0,0.1499,Active
SPOT-112185,0,0.4433,Active
SPOT-112186,1,0.5856,Price / Cost
SPOT-112187,0,0.3588,Active
SPOT-112188,0,0.256,Active
SPOT-112189,0,0.3244,Active
SPOT-112190,1,0.6461,Low Usage / No Time
SPOT-112191,0,0.4584,Active
SPOT-112192,0,0.3709,Active
SPOT-112193,0,0.369,Active
SPOT-112194,0,0.4489,Active
SPOT-112195,0,0.2558,Active
SPOT-112196,0,0.1023,Active
SPOT-112197,0,0.5255,Active
SPOT-112198,0,0.2783,Active
SPOT-112199,1,0.6029,Too Many Ads
SPOT-112200,0,0.2921,Active
SPOT-112201,0,0.3975,Active
SPOT-112202,0,0.353,Active
SPOT-112203,0,0.2778,Active
SPOT-112204,0,0.3587,Active
SPOT-112205,0,0.304,Active
SPOT-112206,1,0.8277,Price / Cost
SPOT-112207,1,0.6148,Price / Cost
SPOT-112208,1,0.5854,Low Usage / No Time
SPOT-112209,1,0.721,Too Many Ads
SPOT-112210,0,0.2973,Active
SPOT-112211,0,0.5299,Active
SPOT-112212,0,0.3928,Active
SPOT-112213,0,0.1346,Active
SPOT-112214,1,0.5864,Low Usage / No Time
SPOT-112215,0,0.2202,Active
SPOT-112216,1,0.5894,Price / Cost
SPOT-112217,1,0.6696,Too Many Ads
SPOT-112218,0,0.3988,Active
SPOT-112219,0,0.2155,Active
SPOT-112220,0,0.191,Active
SPOT-112221,0,0.2695,Active
SPOT-112222,0,0.2755,Active
SPOT-112223,1,0.6939,Price / Cost
SPOT-112224,0,0.3859,Active
SPOT-112225,0,0.2393,Active
SPOT-112226,1,0.6409,Too Many Ads
SPOT-112227,0,0.1503,Active
SPOT-112228,0,0.2957,Active
SPOT-112229,0,0.4479,Active
SPOT-112230,0,0.554,Active
SPOT-112231,0,0.216,Active
SPOT-112232,0,0.2897,Active
SPOT-112233,0,0.4376,Active
SPOT-112234,0,0.3554,Active
SPOT-112235,1,0.5821,Too Many Ads
SPOT-112236,0,0.5518,Active
SPOT-112237,0,0.4922,Active
SPOT-112238,0,0.3455,Active
SPOT-112239,1,0.6683,Price / Cost
SPOT-112240,0,0.1796,Active
SPOT-112241,0,0.2782,Active
SPOT-112242,0,0.2816,Active
SPOT-112243,0,0.3841,Active
SPOT-112244,0,0.4305,Active
SPOT-112245,0,0.2314,Active
SPOT-112246,0,0.4482,Active
SPOT-112247,0,0.3021,Active
SPOT-112248,1,0.629,Technical Bugs
SPOT-112249,1,0.6172,Price / Cost
SPOT-112250,0,0.3074,Active
SPOT-112251,0,0.5186,Active
SPOT-112252,0,0.2601,Active
SPOT-112253,0,0.3201,Active
SPOT-112254,0,0.4085,Active
SPOT-112255,0,0.163,Active
SPOT-112256,0,0.3912,Active
SPOT-112257,0,0.3033,Active
SPOT-112258,0,0.5112,Active
SPOT-112259,0,0.4412,Active
SPOT-112260,0,0.4432,Active
SPOT-112261,0,0.3991,Active
SPOT-112262,0,0.3815,Active
SPOT-112263,0,0.4527,Active
SPOT-112264,1,0.607,Low Usage / No Time
SPOT-112265,1,0.5992,Too Many Ads
SPOT-112266,0,0.4635,Active
SPOT-112267,0,0.5682,Active
SPOT-112268,0,0.3369,Active
SPOT-112269,1,0.5834,Low Usage / No Time
SPOT-112270,0,0.4397,Active
SPOT-112271,0,0.3335,Active
SPOT-112272,0,0.2204,Active
SPOT-112273,1,0.6234,Switched to Competitor
SPOT-112274,0,0.3685,Active
SPOT-112275,0,0.4677,Active
SPOT-112276,0,0.2333,Active
SPOT-112277,1,0.6145,Price / Cost
SPOT-112278,0,0.1407,Active
SPOT-112279,0,0.3901,Active
SPOT-112280,0,0.5356,Active
SPOT-112281,0,0.5015,Active
SPOT-112282,1,0.602,Price / Cost
SPOT-112283,0,0.2378,Active
SPOT-112284,1,0.5961,Price / Cost
SPOT-112285,0,0.4077,Active
SPOT-112286,0,0.5278,Active
SPOT-112287,0,0.4214,Active
SPOT-112288,0,0.3777,Active
SPOT-112289,0,0.4926,Active
SPOT-112290,1,0.6334,Price / Cost
SPOT-112291,0,0.3821,Active
SPOT-112292,1,0.624,Price / Cost
SPOT-112293,0,0.2096,Active
SPOT-112294,0,0.5527,Active
SPOT-112295,0,0.5233,Active
SPOT-112296,0,0.3307,Active
SPOT-112297,0,0.3335,Active
SPOT-112298,0,0.4658,Active
SPOT-112299,1,0.6719,Switched to Competitor
SPOT-112300,0,0.2552,Active
SPOT-112301,0,0.5248,Active
SPOT-112302,0,0.4768,Active
SPOT-112303,0,0.2791,Active
SPOT-112304,0,0.4672,Active
SPOT-112305,0,0.2487,Active
SPOT-112306,0,0.3429,Active
SPOT-112307,0,0.4438,Active
SPOT-112308,0,0.4386,Active
SPOT-112309,0,0.2155,Active
SPOT-112310,0,0.2085,Active
SPOT-112311,0,0.342,Active
SPOT-112312,1,0.6046,Price / Cost
SPOT-112313,0,0.4699,Active
SPOT-112314,0,0.3875,Active
SPOT-112315,0,0.2632,Active
SPOT-112316,0,0.2819,Active
SPOT-112317,1,0.6297,Switched to Competitor
SPOT-112318,0,0.3751,Active
SPOT-112319,0,0.4424,Active
SPOT-112320,0,0.3115,Active
SPOT-112321,0,0.3364,Active
SPOT-112322,1,0.6561,Price / Cost
SPOT-112323,0,0.4943,Active
SPOT-112324,1,0.6941,Switched to Competitor
SPOT-112325,0,0.2664,Active
SPOT-112326,0,0.2689,Active
SPOT-112327,0,0.384,Active
SPOT-112328,1,0.5915,Price / Cost
SPOT-112329,0,0.315,Active
SPOT-112330,1,0.6601,Switched to Competitor
SPOT-112331,0,0.1946,Active
SPOT-112332,0,0.3605,Active
SPOT-112333,1,0.6539,Price / Cost
SPOT-112334,0,0.341,Active
SPOT-112335,1,0.6805,Switched to Competitor
SPOT-112336,0,0.2366,Active
SPOT-112337,0,0.1899,Active
SPOT-112338,0,0.352,Active
SPOT-112339,0,0.1752,Active
SPOT-112340,0,0.4588,Active
SPOT-112341,0,0.5223,Active
SPOT-112342,0,0.2716,Active
SPOT-112343,1,0.5971,Price / Cost
SPOT-112344,0,0.2623,Active
SPOT-112345,0,0.2417,Active
SPOT-112346,1,0.6848,Too Many Ads
SPOT-112347,0,0.1804,Active
SPOT-112348,0,0.4531,Active
SPOT-112349,0,0.4251,Active
SPOT-112350,0,0.5264,Active
SPOT-112351,0,0.4985,Active
SPOT-112352,0,0.4016,Active
SPOT-112353,0,0.5363,Active
SPOT-112354,0,0.2725,Active
SPOT-112355,1,0.7823,Technical Bugs
SPOT-112356,0,0.505,Active
SPOT-112357,0,0.3309,Active
SPOT-112358,0,0.3024,Active
SPOT-112359,0,0.3781,Active
SPOT-112360,0,0.3495,Active
SPOT-112361,0,0.3438,Active
SPOT-112362,0,0.2332,Active
SPOT-112363,1,0.7139,Low Usage / No Time
SPOT-112364,0,0.3575,Active
SPOT-112365,0,0.2094,Active
SPOT-112366,0,0.3268,Active
SPOT-112367,0,0.1921,Active
SPOT-112368,0,0.4743,Active
SPOT-112369,0,0.2762,Active
SPOT-112370,1,0.5999,Technical Bugs
SPOT-112371,0,0.4948,Active
SPOT-112372,0,0.5251,Active
SPOT-112373,0,0.3064,Active
SPOT-112374,0,0.178,Active
SPOT-112375,0,0.1668,Active
SPOT-112376,0,0.4415,Active
SPOT-112377,0,0.3278,Active
SPOT-112378,0,0.5325,Active
SPOT-112379,0,0.1724,Active
SPOT-112380,0,0.5531,Active
SPOT-112381,1,0.6293,Price / Cost
SPOT-112382,1,0.5852,Low Usage / No Time
SPOT-112383,1,0.6734,Price / Cost
SPOT-112384,0,0.4863,Active
SPOT-112385,0,0.4337,Active
SPOT-112386,0,0.4099,Active
SPOT-112387,0,0.3327,Active
SPOT-112388,0,0.3725,Active
SPOT-112389,1,0.6398,Too Many Ads
SPOT-112390,0,0.234,Active
SPOT-112391,0,0.2395,Active
SPOT-112392,0,0.4352,Active
SPOT-112393,0,0.3443,Active
SPOT-112394,0,0.4939,Active
SPOT-112395,0,0.3866,Active
SPOT-112396,0,0.4369,Active
SPOT-112397,0,0.3828,Active
SPOT-112398,0,0.3358,Active
SPOT-112399,0,0.4381,Active
SPOT-112400,0,0.4817,Active
SPOT-112401,0,0.3034,Active
SPOT-112402,0,0.3499,Active
SPOT-112403,0,0.4239,Active
SPOT-112404,0,0.3085,Active
SPOT-112405,0,0.1838,Active
SPOT-112406,0,0.2251,Active
SPOT-112407,0,0.3945,Active
SPOT-112408,0,0.3183,Active
SPOT-112409,0,0.4713,Active
SPOT-112410,0,0.3924,Active
SPOT-112411,0,0.2456,Active
SPOT-112412,0,0.3985,Active
SPOT-112413,0,0.2112,Active
SPOT-112414,1,0.6315,Switched to Competitor
SPOT-112415,1,0.576,Price / Cost
SPOT-112416,0,0.2241,Active
SPOT-112417,0,0.2735,Active
SPOT-112418,1,0.7421,Too Many Ads
SPOT-112419,0,0.4165,Active
SPOT-112420,0,0.2805,Active
SPOT-112421,0,0.5528,Active
SPOT-112422,1,0.5839,Price / Cost
SPOT-112423,0,0.4425,Active
SPOT-112424,1,0.5711,Too Many Ads
SPOT-112425,1,0.578,Switched to Competitor
SPOT-112426,0,0.4427,Active
SPOT-112427,0,0.3412,Active
SPOT-112428,0,0.3208,Active
SPOT-112429,1,0.5845,Technical Bugs
SPOT-112430,0,0.2718,Active
SPOT-112431,0,0.1867,Active
SPOT-112432,1,0.6856,Low Usage / No Time
SPOT-112433,0,0.2926,Active
SPOT-112434,0,0.1946,Active
SPOT-112435,0,0.4658,Active
SPOT-112436,1,0.7316,Too Many Ads
SPOT-112437,0,0.2856,Active
SPOT-112438,0,0.4505,Active
SPOT-112439,0,0.2935,Active
SPOT-112440,0,0.3886,Active
SPOT-112441,0,0.4345,Active
SPOT-112442,0,0.4692,Active
SPOT-112443,1,0.686,Price / Cost
SPOT-112444,0,0.3741,Active
SPOT-112445,0,0.4213,Active
SPOT-112446,0,0.386,Active
SPOT-112447,0,0.3385,Active
SPOT-112448,1,0.6018,Too Many Ads
SPOT-112449,0,0.4211,Active
SPOT-112450,0,0.4092,Active
SPOT-112451,0,0.452,Active
SPOT-112452,0,0.4444,Active
SPOT-112453,0,0.5662,Active
SPOT-112454,0,0.5074,Active
SPOT-112455,1,0.6584,Price / Cost
SPOT-112456,0,0.3063,Active
SPOT-112457,0,0.2759,Active
SPOT-112458,0,0.3674,Active
SPOT-112459,0,0.5571,Active
SPOT-112460,1,0.643,Price / Cost
SPOT-112461,0,0.4833,Active
SPOT-112462,1,0.5865,Technical Bugs
SPOT-112463,0,0.204,Active
SPOT-112464,0,0.257,Active
SPOT-112465,0,0.3684,Active
SPOT-112466,0,0.4498,Active
SPOT-112467,1,0.576,Too Many Ads
SPOT-112468,1,0.6292,Price / Cost
SPOT-112469,0,0.2698,Active
SPOT-112470,0,0.2141,Active
SPOT-112471,1,0.5804,Too Many Ads
SPOT-112472,0,0.4788,Active
SPOT-112473,0,0.3606,Active
SPOT-112474,0,0.4037,Active
SPOT-112475,0,0.1099,Active
SPOT-112476,0,0.4633,Active
SPOT-112477,0,0.2994,Active
SPOT-112478,1,0.6835,Price / Cost
SPOT-112479,0,0.4118,Active
SPOT-112480,0,0.4519,Active
SPOT-112481,1,0.572,Too Many Ads
SPOT-112482,0,0.4429,Active
SPOT-112483,0,0.2968,Active
SPOT-112484,0,0.2841,Active
SPOT-112485,0,0.4037,Active
SPOT-112486,0,0.5376,Active
SPOT-112487,1,0.5707,Switched to Competitor
SPOT-112488,0,0.5453,Active
SPOT-112489,1,0.657,Switched to Competitor
SPOT-112490,0,0.1975,Active
SPOT-112491,0,0.4305,Active
SPOT-112492,0,0.3622,Active
SPOT-112493,0,0.4045,Active
SPOT-112494,0,0.2618,Active
SPOT-112495,0,0.3157,Active
SPOT-112496,0,0.365,Active
SPOT-112497,0,0.1521,Active
SPOT-112498,0,0.4083,Active
SPOT-112499,0,0.3636,Active
SPOT-112500,0,0.307,Active
SPOT-112501,1,0.6302,Switched to Competitor
SPOT-112502,1,0.7401,Switched to Competitor
SPOT-112503,0,0.3495,Active
SPOT-112504,0,0.1783,Active
SPOT-112505,0,0.3303,Active
SPOT-112506,1,0.7346,Switched to Competitor
SPOT-112507,1,0.7775,Price / Cost
SPOT-112508,0,0.3118,Active
SPOT-112509,1,0.6063,Price / Cost
SPOT-112510,0,0.0714,Active
SPOT-112511,1,0.7263,Low Usage / No Time
SPOT-112512,1,0.615,Price / Cost
SPOT-112513,0,0.3697,Active
SPOT-112514,1,0.5799,Too Many Ads
SPOT-112515,0,0.4627,Active
SPOT-112516,0,0.4902,Active
SPOT-112517,0,0.4258,Active
SPOT-112518,0,0.4024,Active
SPOT-112519,0,0.3552,Active
SPOT-112520,1,0.707,Price / Cost
SPOT-112521,0,0.355,Active
SPOT-112522,0,0.4007,Active
SPOT-112523,0,0.2698,Active
SPOT-112524,0,0.512,Active
SPOT-112525,0,0.3822,Active
SPOT-112526,0,0.5047,Active
SPOT-112527,0,0.2436,Active
SPOT-112528,0,0.4838,Active
SPOT-112529,1,0.6756,Price / Cost
SPOT-112530,0,0.3639,Active
SPOT-112531,0,0.4124,Active
SPOT-112532,0,0.4406,Active
SPOT-112533,0,0.2726,Active
SPOT-112534,0,0.4809,Active
SPOT-112535,0,0.2151,Active
SPOT-112536,0,0.4807,Active
SPOT-112537,0,0.1521,Active
SPOT-112538,0,0.3137,Active
SPOT-112539,0,0.3598,Active
SPOT-112540,0,0.2428,Active
SPOT-112541,0,0.1287,Active
SPOT-112542,0,0.5501,Active
SPOT-112543,0,0.4725,Active
SPOT-112544,0,0.5454,Active
SPOT-112545,0,0.3338,Active
SPOT-112546,0,0.3196,Active
SPOT-112547,0,0.3748,Active
SPOT-112548,0,0.5067,Active
SPOT-112549,0,0.3768,Active
SPOT-112550,1,0.6629,Low Usage / No Time
SPOT-112551,0,0.2657,Active
SPOT-112552,1,0.6134,Too Many Ads
SPOT-112553,0,0.4964,Active
SPOT-112554,0,0.5111,Active
SPOT-112555,0,0.3655,Active
SPOT-112556,0,0.474,Active
SPOT-112557,0,0.2478,Active
SPOT-112558,0,0.4446,Active
SPOT-112559,0,0.4026,Active
SPOT-112560,0,0.4739,Active
SPOT-112561,0,0.2199,Active
SPOT-112562,0,0.2824,Active
SPOT-112563,1,0.5695,Switched to Competitor
SPOT-112564,0,0.2966,Active
SPOT-112565,0,0.5642,Active
SPOT-112566,0,0.451,Active
SPOT-112567,1,0.5889,Price / Cost
SPOT-112568,0,0.4467,Active
SPOT-112569,0,0.409,Active
SPOT-112570,0,0.2002,Active
SPOT-112571,0,0.5241,Active
SPOT-112572,0,0.1362,Active
SPOT-112573,0,0.277,Active
SPOT-112574,0,0.3297,Active
SPOT-112575,1,0.6982,Low Usage / No Time
SPOT-112576,1,0.5885,Price / Cost
SPOT-112577,0,0.515,Active
SPOT-112578,0,0.3419,Active
SPOT-112579,0,0.3425,Active
SPOT-112580,0,0.4152,Active
SPOT-112581,0,0.4557,Active
SPOT-112582,0,0.1653,Active
SPOT-112583,0,0.3104,Active
SPOT-112584,0,0.2333,Active
SPOT-112585,0,0.5606,Active
SPOT-112586,0,0.4287,Active
SPOT-112587,0,0.5516,Active
SPOT-112588,0,0.2354,Active
SPOT-112589,0,0.2761,Active
SPOT-112590,1,0.6931,Low Usage / No Time
SPOT-112591,0,0.4211,Active
SPOT-112592,1,0.613,Switched to Competitor
SPOT-112593,0,0.2195,Active
SPOT-112594,0,0.5548,Active
SPOT-112595,0,0.4689,Active
SPOT-112596,1,0.6449,Price / Cost
SPOT-112597,0,0.2952,Active
SPOT-112598,0,0.2918,Active
SPOT-112599,0,0.3679,Active
SPOT-112600,1,0.6524,Too Many Ads
SPOT-112601,1,0.6692,Switched to Competitor
SPOT-112602,0,0.3315,Active
SPOT-112603,0,0.1443,Active
SPOT-112604,0,0.3654,Active
SPOT-112605,0,0.4555,Active
SPOT-112606,0,0.2419,Active
SPOT-112607,0,0.1761,Active
SPOT-112608,1,0.6725,Price / Cost
SPOT-112609,0,0.2615,Active
SPOT-112610,1,0.5958,Price / Cost
SPOT-112611,0,0.2529,Active
SPOT-112612,0,0.3412,Active
SPOT-112613,1,0.6716,Price / Cost
SPOT-112614,0,0.3708,Active
SPOT-112615,0,0.4638,Active
SPOT-112616,0,0.5254,Active
SPOT-112617,0,0.1933,Active
SPOT-112618,0,0.2265,Active
SPOT-112619,0,0.3561,Active
SPOT-112620,0,0.3792,Active
SPOT-112621,1,0.6442,Too Many Ads
SPOT-112622,0,0.2767,Active
SPOT-112623,0,0.3968,Active
SPOT-112624,0,0.3733,Active
SPOT-112625,0,0.379,Active
SPOT-112626,0,0.5376,Active
SPOT-112627,0,0.3539,Active
SPOT-112628,0,0.4613,Active
SPOT-112629,0,0.5672,Active
SPOT-112630,0,0.1816,Active
SPOT-112631,0,0.2175,Active
SPOT-112632,0,0.5634,Active
SPOT-112633,0,0.1337,Active
SPOT-112634,0,0.4488,Active
SPOT-112635,0,0.5245,Active
SPOT-112636,0,0.4262,Active
SPOT-112637,0,0.3673,Active
SPOT-112638,0,0.3984,Active
SPOT-112639,1,0.6018,Low Usage / No Time
SPOT-112640,0,0.3551,Active
SPOT-112641,0,0.3501,Active
SPOT-112642,0,0.5099,Active
SPOT-112643,1,0.6266,Low Usage / No Time
SPOT-112644,0,0.1495,Active
SPOT-112645,1,0.7215,Switched to Competitor
SPOT-112646,0,0.4946,Active
SPOT-112647,0,0.4275,Active
SPOT-112648,0,0.3335,Active
SPOT-112649,0,0.2037,Active
SPOT-112650,0,0.5298,Active
SPOT-112651,0,0.165,Active
SPOT-112652,0,0.3989,Active
SPOT-112653,0,0.3023,Active
SPOT-112654,0,0.4338,Active
SPOT-112655,0,0.4592,Active
SPOT-112656,0,0.1966,Active
SPOT-112657,0,0.4902,Active
SPOT-112658,1,0.6861,Too Many Ads
SPOT-112659,0,0.254,Active
SPOT-112660,0,0.4454,Active
SPOT-112661,0,0.1308,Active
SPOT-112662,0,0.4241,Active
SPOT-112663,0,0.4196,Active
SPOT-112664,0,0.108,Active
SPOT-112665,0,0.513,Active
SPOT-112666,0,0.3618,Active
SPOT-112667,1,0.642,Switched to Competitor
SPOT-112668,0,0.2602,Active
SPOT-112669,0,0.2149,Active
SPOT-112670,0,0.3005,Active
SPOT-112671,0,0.4728,Active
SPOT-112672,0,0.5591,Active
SPOT-112673,0,0.3469,Active
SPOT-112674,0,0.3451,Active
SPOT-112675,0,0.5598,Active
SPOT-112676,0,0.1603,Active
SPOT-112677,1,0.7307,Switched to Competitor
SPOT-112678,0,0.1511,Active
SPOT-112679,0,0.4007,Active
SPOT-112680,0,0.247,Active
SPOT-112681,1,0.6767,Low Usage / No Time
SPOT-112682,0,0.564,Active
SPOT-112683,0,0.4025,Active
SPOT-112684,0,0.1261,Active
SPOT-112685,0,0.4749,Active
SPOT-112686,0,0.4017,Active
SPOT-112687,0,0.4073,Active
SPOT-112688,0,0.4625,Active
SPOT-112689,0,0.4273,Active
SPOT-112690,0,0.371,Active
SPOT-112691,1,0.6441,Switched to Competitor
SPOT-112692,0,0.3152,Active
SPOT-112693,0,0.3884,Active
SPOT-112694,0,0.3628,Active
SPOT-112695,0,0.4463,Active
SPOT-112696,0,0.3967,Active
SPOT-112697,0,0.361,Active
SPOT-112698,0,0.324,Active
SPOT-112699,0,0.2224,Active
SPOT-112700,0,0.407,Active
SPOT-112701,0,0.2342,Active
SPOT-112702,1,0.6166,Switched to Competitor
SPOT-112703,0,0.2281,Active
SPOT-112704,0,0.3219,Active
SPOT-112705,0,0.2928,Active
SPOT-112706,0,0.4075,Active
SPOT-112707,0,0.4499,Active
SPOT-112708,0,0.4321,Active
SPOT-112709,1,0.6482,Price / Cost
SPOT-112710,0,0.5534,Active
SPOT-112711,0,0.4339,Active
SPOT-112712,0,0.3222,Active
SPOT-112713,0,0.1205,Active
SPOT-112714,0,0.49,Active
SPOT-112715,0,0.1655,Active
SPOT-112716,0,0.3489,Active
SPOT-112717,0,0.5181,Active
SPOT-112718,0,0.4608,Active
SPOT-112719,0,0.2611,Active
SPOT-112720,0,0.4962,Active
SPOT-112721,0,0.3237,Active
SPOT-112722,0,0.2533,Active
SPOT-112723,0,0.3827,Active
SPOT-112724,1,0.6574,Price / Cost
SPOT-112725,0,0.5556,Active
SPOT-112726,0,0.213,Active
SPOT-112727,0,0.3051,Active
SPOT-112728,0,0.3182,Active
SPOT-112729,0,0.5509,Active
SPOT-112730,1,0.5815,Low Usage / No Time
SPOT-112731,0,0.3689,Active
SPOT-112732,1,0.6206,Price / Cost
SPOT-112733,0,0.2886,Active
SPOT-112734,0,0.3665,Active
SPOT-112735,0,0.5385,Active
SPOT-112736,0,0.5279,Active
SPOT-112737,1,0.6732,Low Usage / No Time
SPOT-112738,0,0.3102,Active
SPOT-112739,0,0.4089,Active
SPOT-112740,0,0.4993,Active
SPOT-112741,0,0.474,Active
SPOT-112742,0,0.2264,Active
SPOT-112743,0,0.4602,Active
SPOT-112744,0,0.3078,Active
SPOT-112745,0,0.5239,Active
SPOT-112746,0,0.5477,Active
SPOT-112747,0,0.2845,Active
SPOT-112748,0,0.5151,Active
SPOT-112749,0,0.5074,Active
SPOT-112750,0,0.2195,Active
SPOT-112751,0,0.5186,Active
SPOT-112752,0,0.4144,Active
SPOT-112753,0,0.4444,Active
SPOT-112754,0,0.3396,Active
SPOT-112755,0,0.3628,Active
SPOT-112756,0,0.4626,Active
SPOT-112757,1,0.5829,Price / Cost
SPOT-112758,0,0.5178,Active
SPOT-112759,0,0.1994,Active
SPOT-112760,0,0.3726,Active
SPOT-112761,0,0.2847,Active
SPOT-112762,1,0.6296,Price / Cost
SPOT-112763,0,0.4032,Active
SPOT-112764,0,0.1184,Active
SPOT-112765,0,0.2868,Active
SPOT-112766,0,0.2403,Active
SPOT-112767,0,0.3917,Active
SPOT-112768,0,0.1034,Active
SPOT-112769,0,0.4953,Active
SPOT-112770,1,0.6103,Too Many Ads
SPOT-112771,0,0.3988,Active
SPOT-112772,1,0.6135,Too Many Ads
SPOT-112773,0,0.1718,Active
SPOT-112774,0,0.1494,Active
SPOT-112775,0,0.3394,Active
SPOT-112776,0,0.1766,Active
SPOT-112777,0,0.4323,Active
SPOT-112778,0,0.4757,Active
SPOT-112779,0,0.4205,Active
SPOT-112780,0,0.4304,Active
SPOT-112781,0,0.5168,Active
SPOT-112782,0,0.3122,Active
SPOT-112783,0,0.3857,Active
SPOT-112784,0,0.216,Active
SPOT-112785,1,0.5698,Switched to Competitor
SPOT-112786,0,0.3834,Active
SPOT-112787,0,0.3938,Active
SPOT-112788,0,0.4057,Active
SPOT-112789,0,0.2934,Active
SPOT-112790,0,0.2399,Active
SPOT-112791,0,0.403,Active
SPOT-112792,1,0.5737,Too Many Ads
SPOT-112793,0,0.4783,Active
SPOT-112794,1,0.5895,Price / Cost
SPOT-112795,1,0.7787,Switched to Competitor
SPOT-112796,0,0.3183,Active
SPOT-112797,0,0.13,Active
SPOT-112798,1,0.5917,Technical Bugs
SPOT-112799,1,0.5747,Low Usage / No Time
SPOT-112800,0,0.146,Active
SPOT-112801,0,0.5636,Active
SPOT-112802,0,0.3073,Active
SPOT-112803,1,0.5777,Price / Cost
SPOT-112804,0,0.2677,Active
SPOT-112805,0,0.4022,Active
SPOT-112806,1,0.6222,Price / Cost
SPOT-112807,0,0.3202,Active
SPOT-112808,0,0.3773,Active
SPOT-112809,0,0.2902,Active
SPOT-112810,0,0.5142,Active
SPOT-112811,0,0.238,Active
SPOT-112812,0,0.4132,Active
SPOT-112813,0,0.2748,Active
SPOT-112814,0,0.2757,Active
SPOT-112815,0,0.2721,Active
SPOT-112816,0,0.5391,Active
SPOT-112817,0,0.2917,Active
SPOT-112818,0,0.4774,Active
SPOT-112819,0,0.4205,Active
SPOT-112820,0,0.5055,Active
SPOT-112821,0,0.5234,Active
SPOT-112822,0,0.4869,Active
SPOT-112823,0,0.4666,Active
SPOT-112824,0,0.4219,Active
SPOT-112825,0,0.5675,Active
SPOT-112826,0,0.2842,Active
SPOT-112827,0,0.5006,Active
SPOT-112828,0,0.3263,Active
SPOT-112829,0,0.2775,Active
SPOT-112830,0,0.5515,Active
SPOT-112831,0,0.2233,Active
SPOT-112832,0,0.4914,Active
SPOT-112833,1,0.5709,Price / Cost
SPOT-112834,1,0.6152,Technical Bugs
SPOT-112835,0,0.3968,Active
SPOT-112836,0,0.3157,Active
SPOT-112837,1,0.756,Price / Cost
SPOT-112838,0,0.1451,Active
SPOT-112839,0,0.2948,Active
SPOT-112840,1,0.7007,Low Usage / No Time
SPOT-112841,0,0.3043,Active
SPOT-112842,0,0.4649,Active
SPOT-112843,0,0.4812,Active
SPOT-112844,1,0.6413,Price / Cost
SPOT-112845,0,0.2511,Active
SPOT-112846,0,0.3311,Active
SPOT-112847,0,0.2042,Active
SPOT-112848,0,0.5071,Active
SPOT-112849,0,0.4389,Active
SPOT-112850,0,0.5481,Active
SPOT-112851,0,0.2539,Active
SPOT-112852,0,0.3946,Active
SPOT-112853,1,0.6468,Too Many Ads
SPOT-112854,0,0.1304,Active
SPOT-112855,0,0.3674,Active
SPOT-112856,0,0.4908,Active
SPOT-112857,0,0.3327,Active
SPOT-112858,0,0.3673,Active
SPOT-112859,0,0.5035,Active
SPOT-112860,1,0.5987,Low Usage / No Time
SPOT-112861,0,0.3318,Active
SPOT-112862,0,0.259,Active
SPOT-112863,1,0.6013,Switched to Competitor
SPOT-112864,0,0.4204,Active
SPOT-112865,0,0.1827,Active
SPOT-112866,0,0.4255,Active
SPOT-112867,0,0.2612,Active
SPOT-112868,0,0.3791,Active
SPOT-112869,0,0.3311,Active
SPOT-112870,0,0.2581,Active
SPOT-112871,0,0.5438,Active
SPOT-112872,0,0.4017,Active
SPOT-112873,0,0.2429,Active
SPOT-112874,0,0.3695,Active
SPOT-112875,0,0.2866,Active
SPOT-112876,0,0.1743,Active
SPOT-112877,0,0.2162,Active
SPOT-112878,0,0.1073,Active
SPOT-112879,0,0.2319,Active
SPOT-112880,0,0.4204,Active
SPOT-112881,0,0.4963,Active
SPOT-112882,0,0.4646,Active
SPOT-112883,0,0.5497,Active
SPOT-112884,0,0.418,Active
SPOT-112885,0,0.1919,Active
SPOT-112886,0,0.3595,Active
SPOT-112887,0,0.3211,Active
SPOT-112888,1,0.5697,Low Usage / No Time
SPOT-112889,1,0.6072,Too Many Ads
SPOT-112890,0,0.2686,Active
SPOT-112891,1,0.7615,Price / Cost
SPOT-112892,0,0.329,Active
SPOT-112893,0,0.3019,Active
SPOT-112894,0,0.3937,Active
SPOT-112895,0,0.2476,Active
SPOT-112896,0,0.3635,Active
SPOT-112897,0,0.5201,Active
SPOT-112898,0,0.4867,Active
SPOT-112899,1,0.7281,Switched to Competitor
SPOT-112900,0,0.3375,Active
SPOT-112901,1,0.5736,Switched to Competitor
SPOT-112902,0,0.3535,Active
SPOT-112903,0,0.5245,Active
SPOT-112904,0,0.4291,Active
SPOT-112905,0,0.2653,Active
SPOT-112906,0,0.221,Active
SPOT-112907,0,0.5254,Active
SPOT-112908,1,0.6373,Low Usage / No Time
SPOT-112909,0,0.3841,Active
SPOT-112910,0,0.2529,Active
SPOT-112911,0,0.5044,Active
SPOT-112912,1,0.7181,Switched to Competitor
SPOT-112913,0,0.1085,Active
SPOT-112914,0,0.289,Active
SPOT-112915,0,0.1586,Active
SPOT-112916,1,0.7107,Too Many Ads
SPOT-112917,0,0.3478,Active
SPOT-112918,0,0.3057,Active
SPOT-112919,0,0.3705,Active
SPOT-112920,0,0.4839,Active
SPOT-112921,0,0.4261,Active
SPOT-112922,0,0.2511,Active
SPOT-112923,0,0.3247,Active
SPOT-112924,0,0.2209,Active
SPOT-112925,0,0.5439,Active
SPOT-112926,0,0.4909,Active
SPOT-112927,0,0.4034,Active
SPOT-112928,0,0.4952,Active
SPOT-112929,0,0.4804,Active
SPOT-112930,0,0.4113,Active
SPOT-112931,0,0.2746,Active
SPOT-112932,0,0.4758,Active
SPOT-112933,0,0.485,Active
SPOT-112934,0,0.3157,Active
SPOT-112935,0,0.207,Active
SPOT-112936,1,0.5828,Too Many Ads
SPOT-112937,0,0.2178,Active
SPOT-112938,0,0.4402,Active
SPOT-112939,1,0.6377,Low Usage / No Time
SPOT-112940,0,0.3839,Active
SPOT-112941,0,0.4136,Active
SPOT-112942,0,0.4265,Active
SPOT-112943,0,0.367,Active
SPOT-112944,0,0.2242,Active
SPOT-112945,0,0.4077,Active
SPOT-112946,0,0.3296,Active
SPOT-112947,0,0.5178,Active
SPOT-112948,0,0.3506,Active
SPOT-112949,0,0.5352,Active
SPOT-112950,1,0.7218,Too Many Ads
SPOT-112951,0,0.3248,Active
SPOT-112952,0,0.3363,Active
SPOT-112953,1,0.6251,Too Many Ads
SPOT-112954,1,0.6637,Price / Cost
SPOT-112955,0,0.4721,Active
SPOT-112956,0,0.2507,Active
SPOT-112957,0,0.1171,Active
SPOT-112958,0,0.3508,Active
SPOT-112959,0,0.2056,Active
SPOT-112960,1,0.6374,Price / Cost
SPOT-112961,0,0.5164,Active
SPOT-112962,0,0.3816,Active
SPOT-112963,0,0.3693,Active
SPOT-112964,0,0.2713,Active
SPOT-112965,0,0.4174,Active
SPOT-112966,0,0.3125,Active
SPOT-112967,0,0.3053,Active
SPOT-112968,1,0.651,Too Many Ads
SPOT-112969,0,0.4268,Active
SPOT-112970,0,0.4974,Active
SPOT-112971,0,0.0468,Active
SPOT-112972,0,0.3276,Active
SPOT-112973,0,0.3044,Active
SPOT-112974,0,0.3047,Active
SPOT-112975,1,0.6379,Switched to Competitor
SPOT-112976,0,0.2739,Active
SPOT-112977,0,0.2681,Active
SPOT-112978,0,0.2714,Active
SPOT-112979,0,0.253,Active
SPOT-112980,0,0.5522,Active
SPOT-112981,0,0.3589,Active
SPOT-112982,0,0.4585,Active
SPOT-112983,0,0.2685,Active
SPOT-112984,1,0.5803,Switched to Competitor
SPOT-112985,0,0.1808,Active
SPOT-112986,1,0.6083,Price / Cost
SPOT-112987,0,0.5139,Active
SPOT-112988,1,0.6793,Switched to Competitor
SPOT-112989,0,0.3011,Active
SPOT-112990,0,0.1701,Active
SPOT-112991,0,0.1259,Active
SPOT-112992,0,0.389,Active
SPOT-112993,0,0.3222,Active
SPOT-112994,0,0.2735,Active
SPOT-112995,0,0.5039,Active
SPOT-112996,0,0.4583,Active
SPOT-112997,1,0.6257,Price / Cost
SPOT-112998,1,0.6219,Price / Cost
SPOT-112999,1,0.6054,Low Usage / No Time
SPOT-113000,0,0.4511,Active
SPOT-113001,0,0.2397,Active
SPOT-113002,0,0.0836,Active
SPOT-113003,0,0.4218,Active
SPOT-113004,0,0.4028,Active
SPOT-113005,0,0.4482,Active
SPOT-113006,0,0.279,Active
SPOT-113007,0,0.4342,Active
SPOT-113008,0,0.3668,Active
SPOT-113009,0,0.3701,Active
SPOT-113010,0,0.4556,Active
SPOT-113011,0,0.2309,Active
SPOT-113012,0,0.4064,Active
SPOT-113013,0,0.3893,Active
SPOT-113014,0,0.18,Active
SPOT-113015,1,0.5807,Price / Cost
SPOT-113016,0,0.2381,Active
SPOT-113017,0,0.2338,Active
SPOT-113018,0,0.1559,Active
SPOT-113019,0,0.5358,Active
SPOT-113020,1,0.6335,Price / Cost
SPOT-113021,0,0.2372,Active
SPOT-113022,0,0.3722,Active
SPOT-113023,0,0.4904,Active
SPOT-113024,0,0.2353,Active
SPOT-113025,1,0.579,Price / Cost
SPOT-113026,0,0.3852,Active
SPOT-113027,0,0.292,Active
SPOT-113028,0,0.5289,Active
SPOT-113029,1,0.5884,Switched to Competitor
SPOT-113030,0,0.5252,Active
SPOT-113031,0,0.1983,Active
SPOT-113032,0,0.281,Active
SPOT-113033,0,0.3843,Active
SPOT-113034,0,0.2907,Active
SPOT-113035,0,0.3931,Active
SPOT-113036,0,0.5191,Active
SPOT-113037,0,0.5421,Active
SPOT-113038,0,0.1824,Active
SPOT-113039,0,0.4931,Active
SPOT-113040,0,0.5347,Active
SPOT-113041,0,0.4683,Active
SPOT-113042,0,0.3649,Active
SPOT-113043,0,0.484,Active
SPOT-113044,0,0.2042,Active
SPOT-113045,0,0.1982,Active
SPOT-113046,1,0.6362,Switched to Competitor
SPOT-113047,0,0.5486,Active
SPOT-113048,0,0.3549,Active
SPOT-113049,0,0.4957,Active
SPOT-113050,0,0.1968,Active
SPOT-113051,0,0.3916,Active
SPOT-113052,1,0.7345,Too Many Ads
SPOT-113053,0,0.5049,Active
SPOT-113054,0,0.4125,Active
SPOT-113055,0,0.478,Active
SPOT-113056,1,0.6925,Price / Cost
SPOT-113057,0,0.3392,Active
SPOT-113058,0,0.239,Active
SPOT-113059,0,0.3347,Active
SPOT-113060,1,0.6783,Low Usage / No Time
SPOT-113061,0,0.2672,Active
SPOT-113062,0,0.3397,Active
SPOT-113063,0,0.4026,Active
SPOT-113064,1,0.6528,Technical Bugs
SPOT-113065,0,0.5241,Active
SPOT-113066,1,0.5724,Price / Cost
SPOT-113067,0,0.2829,Active
SPOT-113068,0,0.3408,Active
SPOT-113069,0,0.5016,Active
SPOT-113070,0,0.2792,Active
SPOT-113071,1,0.5886,Price / Cost
SPOT-113072,0,0.2471,Active
SPOT-113073,0,0.4157,Active
SPOT-113074,0,0.312,Active
SPOT-113075,0,0.4471,Active
SPOT-113076,0,0.2648,Active
SPOT-113077,0,0.4821,Active
SPOT-113078,0,0.5492,Active
SPOT-113079,0,0.3417,Active
SPOT-113080,0,0.2417,Active
SPOT-113081,0,0.5064,Active
SPOT-113082,0,0.5351,Active
SPOT-113083,1,0.5943,Price / Cost
SPOT-113084,0,0.2674,Active
SPOT-113085,1,0.6032,Price / Cost
SPOT-113086,0,0.2996,Active
SPOT-113087,0,0.5022,Active
SPOT-113088,1,0.6524,Price / Cost
SPOT-113089,0,0.3479,Active
SPOT-113090,0,0.1753,Active
SPOT-113091,0,0.4231,Active
SPOT-113092,0,0.3426,Active
SPOT-113093,0,0.4167,Active
SPOT-113094,0,0.2722,Active
SPOT-113095,0,0.5382,Active
SPOT-113096,0,0.1981,Active
SPOT-113097,0,0.3378,Active
SPOT-113098,0,0.3643,Active
SPOT-113099,1,0.6413,Switched to Competitor
SPOT-113100,0,0.1433,Active
SPOT-113101,0,0.4033,Active
SPOT-113102,0,0.5382,Active
SPOT-113103,0,0.4192,Active
SPOT-113104,1,0.6608,Price / Cost
SPOT-113105,0,0.4301,Active
SPOT-113106,0,0.2527,Active
SPOT-113107,0,0.3976,Active
SPOT-113108,0,0.3356,Active
SPOT-113109,0,0.4257,Active
SPOT-113110,0,0.3408,Active
SPOT-113111,0,0.3294,Active
SPOT-113112,1,0.6437,Too Many Ads
SPOT-113113,0,0.1918,Active
SPOT-113114,1,0.7018,Price / Cost
SPOT-113115,0,0.4852,Active
SPOT-113116,0,0.0851,Active
SPOT-113117,0,0.2831,Active
SPOT-113118,1,0.6541,Switched to Competitor
SPOT-113119,0,0.4621,Active
SPOT-113120,0,0.4152,Active
SPOT-113121,0,0.4792,Active
SPOT-113122,0,0.4638,Active
SPOT-113123,0,0.4528,Active
SPOT-113124,0,0.1682,Active
SPOT-113125,1,0.5986,Price / Cost
SPOT-113126,0,0.4836,Active
SPOT-113127,1,0.7357,Price / Cost
SPOT-113128,0,0.5394,Active
SPOT-113129,1,0.7005,Too Many Ads
SPOT-113130,0,0.5402,Active
SPOT-113131,0,0.2748,Active
SPOT-113132,0,0.4895,Active
SPOT-113133,0,0.2551,Active
SPOT-113134,0,0.5285,Active
SPOT-113135,1,0.7481,Technical Bugs
SPOT-113136,0,0.433,Active
SPOT-113137,0,0.3211,Active
SPOT-113138,0,0.4033,Active
SPOT-113139,0,0.2254,Active
SPOT-113140,0,0.4593,Active
SPOT-113141,0,0.3858,Active
SPOT-113142,1,0.6868,Price / Cost
SPOT-113143,1,0.611,Low Usage / No Time
SPOT-113144,0,0.5445,Active
SPOT-113145,0,0.3057,Active
SPOT-113146,0,0.2463,Active
SPOT-113147,0,0.1862,Active
SPOT-113148,0,0.4842,Active
SPOT-113149,0,0.3039,Active
SPOT-113150,0,0.3455,Active
SPOT-113151,1,0.6948,Too Many Ads
SPOT-113152,0,0.5297,Active
SPOT-113153,1,0.6091,Switched to Competitor
SPOT-113154,0,0.2425,Active
SPOT-113155,0,0.1511,Active
SPOT-113156,0,0.41,Active
SPOT-113157,0,0.4366,Active
SPOT-113158,1,0.692,Price / Cost
SPOT-113159,1,0.6735,Too Many Ads
SPOT-113160,0,0.2175,Active
SPOT-113161,0,0.3477,Active
SPOT-113162,1,0.6175,Price / Cost
SPOT-113163,0,0.3877,Active
SPOT-113164,1,0.6558,Low Usage / No Time
SPOT-113165,0,0.4409,Active
SPOT-113166,0,0.4115,Active
SPOT-113167,0,0.2837,Active
SPOT-113168,0,0.4617,Active
SPOT-113169,1,0.7032,Switched to Competitor
SPOT-113170,0,0.2509,Active
SPOT-113171,0,0.4075,Active
SPOT-113172,0,0.422,Active
SPOT-113173,0,0.3123,Active
SPOT-113174,1,0.587,Price / Cost
SPOT-113175,0,0.5567,Active
SPOT-113176,1,0.5748,Price / Cost
SPOT-113177,1,0.6184,Too Many Ads
SPOT-113178,0,0.4025,Active
SPOT-113179,0,0.5323,Active
SPOT-113180,0,0.4729,Active
SPOT-113181,0,0.1431,Active
SPOT-113182,0,0.4864,Active
SPOT-113183,0,0.3539,Active
SPOT-113184,1,0.6088,Price / Cost
SPOT-113185,0,0.3489,Active
SPOT-113186,0,0.4528,Active
SPOT-113187,0,0.3287,Active
SPOT-113188,0,0.3826,Active
SPOT-113189,0,0.1759,Active
SPOT-113190,0,0.3297,Active
SPOT-113191,0,0.1837,Active
SPOT-113192,0,0.5645,Active
SPOT-113193,0,0.4582,Active
SPOT-113194,1,0.783,Too Many Ads
SPOT-113195,0,0.4048,Active
SPOT-113196,0,0.4121,Active
SPOT-113197,0,0.5657,Active
SPOT-113198,0,0.5047,Active
SPOT-113199,0,0.5072,Active
SPOT-113200,0,0.2691,Active
SPOT-113201,1,0.6422,Low Usage / No Time
SPOT-113202,0,0.2324,Active
SPOT-113203,0,0.3432,Active
SPOT-113204,0,0.3223,Active
SPOT-113205,0,0.2476,Active
SPOT-113206,0,0.4515,Active
SPOT-113207,0,0.3899,Active
SPOT-113208,0,0.3175,Active
SPOT-113209,1,0.5772,Switched to Competitor
SPOT-113210,0,0.4248,Active
SPOT-113211,0,0.532,Active
SPOT-113212,1,0.5782,Switched to Competitor
SPOT-113213,0,0.2594,Active
SPOT-113214,0,0.2186,Active
SPOT-113215,1,0.683,Switched to Competitor
SPOT-113216,0,0.3865,Active
SPOT-113217,0,0.3886,Active
SPOT-113218,0,0.1873,Active
SPOT-113219,0,0.4939,Active
SPOT-113220,0,0.2118,Active
SPOT-113221,0,0.3482,Active
SPOT-113222,0,0.3071,Active
SPOT-113223,0,0.1075,Active
SPOT-113224,0,0.2686,Active
SPOT-113225,0,0.3998,Active
SPOT-113226,0,0.5076,Active
SPOT-113227,0,0.3858,Active
SPOT-113228,1,0.5763,Price / Cost
SPOT-113229,0,0.1784,Active
SPOT-113230,0,0.5025,Active
SPOT-113231,0,0.4888,Active
SPOT-113232,1,0.6627,Price / Cost
SPOT-113233,0,0.226,Active
SPOT-113234,0,0.3015,Active
SPOT-113235,0,0.3131,Active
SPOT-113236,0,0.1843,Active
SPOT-113237,0,0.3689,Active
SPOT-113238,0,0.5063,Active
SPOT-113239,1,0.6071,Switched to Competitor
SPOT-113240,1,0.5909,Too Many Ads
SPOT-113241,1,0.6101,Too Many Ads
SPOT-113242,1,0.6473,Price / Cost
SPOT-113243,0,0.1906,Active
SPOT-113244,0,0.4069,Active
SPOT-113245,0,0.2043,Active
SPOT-113246,0,0.5672,Active
SPOT-113247,1,0.598,Price / Cost
SPOT-113248,1,0.6438,Too Many Ads
SPOT-113249,1,0.5957,Price / Cost
SPOT-113250,1,0.6514,Low Usage / No Time
SPOT-113251,1,0.6605,Too Many Ads
SPOT-113252,0,0.2544,Active
SPOT-113253,0,0.2831,Active
SPOT-113254,0,0.514,Active
SPOT-113255,0,0.5536,Active
SPOT-113256,0,0.4762,Active
SPOT-113257,0,0.1377,Active
SPOT-113258,0,0.2755,Active
SPOT-113259,0,0.2478,Active
SPOT-113260,1,0.7085,Price / Cost
SPOT-113261,0,0.4167,Active
SPOT-113262,0,0.4658,Active
SPOT-113263,0,0.3738,Active
SPOT-113264,1,0.594,Too Many Ads
SPOT-113265,0,0.4985,Active
SPOT-113266,1,0.6449,Price / Cost
SPOT-113267,0,0.3419,Active
SPOT-113268,0,0.3155,Active
SPOT-113269,0,0.3887,Active
SPOT-113270,0,0.3241,Active
SPOT-113271,0,0.4591,Active
SPOT-113272,0,0.3236,Active
SPOT-113273,0,0.5385,Active
SPOT-113274,0,0.3721,Active
SPOT-113275,0,0.5117,Active
SPOT-113276,0,0.535,Active
SPOT-113277,0,0.3848,Active
SPOT-113278,0,0.1839,Active
SPOT-113279,0,0.4381,Active
SPOT-113280,0,0.4125,Active
SPOT-113281,1,0.6384,Price / Cost
SPOT-113282,1,0.5734,Price / Cost
SPOT-113283,0,0.1643,Active
SPOT-113284,0,0.5198,Active
SPOT-113285,0,0.155,Active
SPOT-113286,0,0.4007,Active
SPOT-113287,0,0.2353,Active
SPOT-113288,0,0.4029,Active
SPOT-113289,0,0.287,Active
SPOT-113290,0,0.3108,Active
SPOT-113291,0,0.206,Active
SPOT-113292,0,0.2331,Active
SPOT-113293,1,0.8404,Too Many Ads
SPOT-113294,0,0.4069,Active
SPOT-113295,0,0.2795,Active
SPOT-113296,0,0.5371,Active
SPOT-113297,0,0.406,Active
SPOT-113298,0,0.1984,Active
SPOT-113299,0,0.5341,Active
SPOT-113300,0,0.2114,Active
SPOT-113301,0,0.3296,Active
SPOT-113302,0,0.297,Active
SPOT-113303,1,0.6901,Too Many Ads
SPOT-113304,1,0.6188,Switched to Competitor
SPOT-113305,0,0.3754,Active
SPOT-113306,0,0.1586,Active
SPOT-113307,0,0.4218,Active
SPOT-113308,0,0.3045,Active
SPOT-113309,0,0.2386,Active
SPOT-113310,0,0.3175,Active
SPOT-113311,0,0.3273,Active
SPOT-113312,0,0.5174,Active
SPOT-113313,0,0.3188,Active
SPOT-113314,1,0.6946,Price / Cost
SPOT-113315,0,0.3519,Active
SPOT-113316,0,0.4514,Active
SPOT-113317,0,0.3443,Active
SPOT-113318,0,0.4004,Active
SPOT-113319,0,0.2923,Active
SPOT-113320,0,0.4531,Active
SPOT-113321,0,0.264,Active
SPOT-113322,0,0.1925,Active
SPOT-113323,0,0.3698,Active
SPOT-113324,0,0.3601,Active
SPOT-113325,1,0.642,Price / Cost
SPOT-113326,0,0.4642,Active
SPOT-113327,0,0.1951,Active
SPOT-113328,0,0.2193,Active
SPOT-113329,0,0.4688,Active
SPOT-113330,0,0.1979,Active
SPOT-113331,0,0.4137,Active
SPOT-113332,0,0.2748,Active
SPOT-113333,1,0.6711,Price / Cost
SPOT-113334,0,0.5329,Active
SPOT-113335,0,0.3587,Active
SPOT-113336,0,0.3772,Active
SPOT-113337,1,0.681,Price / Cost
SPOT-113338,0,0.4604,Active
SPOT-113339,0,0.4936,Active
SPOT-113340,0,0.305,Active
SPOT-113341,0,0.1688,Active
SPOT-113342,0,0.4602,Active
SPOT-113343,1,0.6657,Price / Cost
SPOT-113344,0,0.278,Active
SPOT-113345,0,0.2491,Active
SPOT-113346,0,0.2216,Active
SPOT-113347,0,0.4631,Active
SPOT-113348,0,0.488,Active
SPOT-113349,0,0.5417,Active
SPOT-113350,1,0.5937,Switched to Competitor
SPOT-113351,0,0.2957,Active
SPOT-113352,0,0.538,Active
SPOT-113353,0,0.2499,Active
SPOT-113354,0,0.1905,Active
SPOT-113355,0,0.2983,Active
SPOT-113356,0,0.0969,Active
SPOT-113357,0,0.3792,Active
SPOT-113358,0,0.4167,Active
SPOT-113359,0,0.2531,Active
SPOT-113360,1,0.7196,Price / Cost
SPOT-113361,0,0.4038,Active
SPOT-113362,0,0.2848,Active
SPOT-113363,0,0.3265,Active
SPOT-113364,1,0.5784,Too Many Ads
SPOT-113365,0,0.4398,Active
SPOT-113366,0,0.4641,Active
SPOT-113367,0,0.4846,Active
SPOT-113368,1,0.584,Low Usage / No Time
SPOT-113369,0,0.5461,Active
SPOT-113370,1,0.6042,Price / Cost
SPOT-113371,0,0.4785,Active
SPOT-113372,0,0.2546,Active
SPOT-113373,0,0.3656,Active
SPOT-113374,0,0.3962,Active
SPOT-113375,1,0.6425,Price / Cost
SPOT-113376,0,0.2732,Active
SPOT-113377,1,0.5865,Price / Cost
SPOT-113378,0,0.4154,Active
SPOT-113379,1,0.698,Low Usage / No Time
SPOT-113380,0,0.1727,Active
SPOT-113381,0,0.4385,Active
SPOT-113382,0,0.3592,Active
SPOT-113383,0,0.5599,Active
SPOT-113384,1,0.7891,Low Usage / No Time
SPOT-113385,0,0.3672,Active
SPOT-113386,0,0.2938,Active
SPOT-113387,0,0.4082,Active
SPOT-113388,0,0.456,Active
SPOT-113389,0,0.3738,Active
SPOT-113390,1,0.6564,Price / Cost
SPOT-113391,0,0.4243,Active
SPOT-113392,0,0.3348,Active
SPOT-113393,0,0.3643,Active
SPOT-113394,0,0.3446,Active
SPOT-113395,1,0.5771,Too Many Ads
SPOT-113396,1,0.7135,Switched to Competitor
SPOT-113397,0,0.4793,Active
SPOT-113398,0,0.4956,Active
SPOT-113399,0,0.2486,Active
SPOT-113400,1,0.5852,Price / Cost
SPOT-113401,0,0.3104,Active
SPOT-113402,1,0.6367,Too Many Ads
SPOT-113403,0,0.2866,Active
SPOT-113404,0,0.5547,Active
SPOT-113405,0,0.3827,Active
SPOT-113406,0,0.2892,Active
SPOT-113407,0,0.5264,Active
SPOT-113408,0,0.2592,Active
SPOT-113409,0,0.469,Active
SPOT-113410,0,0.4998,Active
SPOT-113411,0,0.5448,Active
SPOT-113412,0,0.4506,Active
SPOT-113413,1,0.6307,Too Many Ads
SPOT-113414,0,0.5061,Active
SPOT-113415,0,0.3637,Active
SPOT-113416,1,0.6217,Too Many Ads
SPOT-113417,0,0.3768,Active
SPOT-113418,0,0.5075,Active
SPOT-113419,1,0.6819,Too Many Ads
SPOT-113420,0,0.4689,Active
SPOT-113421,0,0.478,Active
SPOT-113422,0,0.3298,Active
SPOT-113423,0,0.2605,Active
SPOT-113424,1,0.6121,Switched to Competitor
SPOT-113425,0,0.1782,Active
SPOT-113426,0,0.4754,Active
SPOT-113427,0,0.4808,Active
SPOT-113428,0,0.1459,Active
SPOT-113429,0,0.245,Active
SPOT-113430,0,0.199,Active
SPOT-113431,0,0.3753,Active
SPOT-113432,0,0.4356,Active
SPOT-113433,1,0.578,Low Usage / No Time
SPOT-113434,0,0.5297,Active
SPOT-113435,0,0.3434,Active
SPOT-113436,0,0.3742,Active
SPOT-113437,0,0.2821,Active
SPOT-113438,0,0.2596,Active
SPOT-113439,0,0.2107,Active
SPOT-113440,0,0.3949,Active
SPOT-113441,0,0.2875,Active
SPOT-113442,0,0.4199,Active
SPOT-113443,0,0.5091,Active
SPOT-113444,0,0.545,Active
SPOT-113445,1,0.6541,Price / Cost
SPOT-113446,1,0.7536,Price / Cost
SPOT-113447,0,0.3669,Active
SPOT-113448,0,0.3053,Active
SPOT-113449,0,0.4448,Active
SPOT-113450,0,0.4486,Active
SPOT-113451,0,0.4035,Active
SPOT-113452,0,0.4539,Active
SPOT-113453,0,0.2762,Active
SPOT-113454,1,0.5776,Too Many Ads
SPOT-113455,0,0.4869,Active
SPOT-113456,0,0.4261,Active
SPOT-113457,0,0.4378,Active
SPOT-113458,1,0.5921,Too Many Ads
SPOT-113459,1,0.6333,Low Usage / No Time
SPOT-113460,0,0.4316,Active
SPOT-113461,1,0.6145,Price / Cost
SPOT-113462,0,0.4092,Active
SPOT-113463,1,0.6593,Too Many Ads
SPOT-113464,0,0.5136,Active
SPOT-113465,1,0.691,Price / Cost
SPOT-113466,0,0.1205,Active
SPOT-113467,0,0.3973,Active
SPOT-113468,0,0.184,Active
SPOT-113469,0,0.2324,Active
SPOT-113470,0,0.3945,Active
SPOT-113471,0,0.5477,Active
SPOT-113472,1,0.6187,Price / Cost
SPOT-113473,0,0.3829,Active
SPOT-113474,1,0.7146,Too Many Ads
SPOT-113475,1,0.7045,Low Usage / No Time
SPOT-113476,0,0.3346,Active
SPOT-113477,0,0.5277,Active
SPOT-113478,0,0.4242,Active
SPOT-113479,0,0.5134,Active
SPOT-113480,0,0.2722,Active
SPOT-113481,0,0.3028,Active
SPOT-113482,0,0.3768,Active
SPOT-113483,0,0.3872,Active
SPOT-113484,0,0.2559,Active
SPOT-113485,0,0.4404,Active
SPOT-113486,1,0.6343,Price / Cost
SPOT-113487,0,0.2094,Active
SPOT-113488,0,0.4931,Active
SPOT-113489,0,0.4068,Active
SPOT-113490,0,0.3849,Active
SPOT-113491,0,0.3029,Active
SPOT-113492,1,0.7748,Low Usage / No Time
SPOT-113493,0,0.3682,Active
SPOT-113494,0,0.5267,Active
SPOT-113495,0,0.5011,Active
SPOT-113496,1,0.5816,Switched to Competitor
SPOT-113497,0,0.3742,Active
SPOT-113498,1,0.6204,Too Many Ads
SPOT-113499,0,0.5203,Active
SPOT-113500,1,0.5954,Switched to Competitor
SPOT-113501,0,0.287,Active
SPOT-113502,0,0.297,Active
SPOT-113503,0,0.3593,Active
SPOT-113504,0,0.0981,Active
SPOT-113505,0,0.4923,Active
SPOT-113506,0,0.3135,Active
SPOT-113507,1,0.5898,Price / Cost
SPOT-113508,0,0.2268,Active
SPOT-113509,0,0.2927,Active
SPOT-113510,1,0.5989,Too Many Ads
SPOT-113511,0,0.2926,Active
SPOT-113512,0,0.2849,Active
SPOT-113513,0,0.4176,Active
SPOT-113514,0,0.3206,Active
SPOT-113515,0,0.2652,Active
SPOT-113516,0,0.2821,Active
SPOT-113517,0,0.3762,Active
SPOT-113518,1,0.6841,Price / Cost
SPOT-113519,0,0.4388,Active
SPOT-113520,0,0.4293,Active
SPOT-113521,0,0.292,Active
SPOT-113522,1,0.6423,Switched to Competitor
SPOT-113523,0,0.2689,Active
SPOT-113524,0,0.3204,Active
SPOT-113525,0,0.2521,Active
SPOT-113526,0,0.2292,Active
SPOT-113527,0,0.3414,Active
SPOT-113528,0,0.4364,Active
SPOT-113529,0,0.5407,Active
SPOT-113530,0,0.164,Active
SPOT-113531,0,0.3842,Active
SPOT-113532,0,0.4074,Active
SPOT-113533,1,0.653,Low Usage / No Time
SPOT-113534,0,0.3712,Active
SPOT-113535,0,0.2177,Active
SPOT-113536,0,0.2739,Active
SPOT-113537,1,0.6644,Low Usage / No Time
SPOT-113538,0,0.2019,Active
SPOT-113539,0,0.3123,Active
SPOT-113540,1,0.5708,Price / Cost
SPOT-113541,0,0.367,Active
SPOT-113542,0,0.543,Active
SPOT-113543,0,0.4582,Active
SPOT-113544,1,0.6122,Technical Bugs
SPOT-113545,0,0.4375,Active
SPOT-113546,0,0.5174,Active
SPOT-113547,1,0.603,Too Many Ads
SPOT-113548,0,0.4164,Active
SPOT-113549,0,0.5239,Active
SPOT-113550,0,0.5661,Active
SPOT-113551,0,0.4147,Active
SPOT-113552,1,0.6226,Price / Cost
SPOT-113553,0,0.255,Active
SPOT-113554,0,0.3675,Active
SPOT-113555,0,0.3319,Active
SPOT-113556,0,0.3464,Active
SPOT-113557,1,0.768,Price / Cost
SPOT-113558,0,0.3516,Active
SPOT-113559,0,0.282,Active
SPOT-113560,0,0.5675,Active
SPOT-113561,0,0.5458,Active
SPOT-113562,0,0.5367,Active
SPOT-113563,0,0.4329,Active
SPOT-113564,1,0.5928,Too Many Ads
SPOT-113565,0,0.4128,Active
SPOT-113566,1,0.6348,Too Many Ads
SPOT-113567,0,0.3437,Active
SPOT-113568,0,0.2013,Active
SPOT-113569,0,0.3596,Active
SPOT-113570,1,0.6104,Price / Cost
SPOT-113571,0,0.2026,Active
SPOT-113572,0,0.4996,Active
SPOT-113573,0,0.5413,Active
SPOT-113574,0,0.4083,Active
SPOT-113575,1,0.6135,Low Usage / No Time
SPOT-113576,0,0.477,Active
SPOT-113577,0,0.434,Active
SPOT-113578,0,0.362,Active
SPOT-113579,0,0.3327,Active
SPOT-113580,0,0.3563,Active
SPOT-113581,0,0.5163,Active
SPOT-113582,0,0.4277,Active
SPOT-113583,0,0.2374,Active
SPOT-113584,0,0.3627,Active
SPOT-113585,1,0.6553,Low Usage / No Time
SPOT-113586,0,0.3506,Active
SPOT-113587,0,0.4582,Active
SPOT-113588,1,0.606,Price / Cost
SPOT-113589,0,0.1833,Active
SPOT-113590,0,0.4377,Active
SPOT-113591,0,0.4045,Active
SPOT-113592,0,0.2209,Active
SPOT-113593,0,0.2277,Active
SPOT-113594,1,0.5923,Price / Cost
SPOT-113595,0,0.1568,Active
SPOT-113596,0,0.2684,Active
SPOT-113597,0,0.2582,Active
SPOT-113598,0,0.4141,Active
SPOT-113599,0,0.4836,Active
SPOT-113600,0,0.4243,Active
SPOT-113601,1,0.7149,Price / Cost
SPOT-113602,0,0.2459,Active
SPOT-113603,0,0.4438,Active
SPOT-113604,0,0.198,Active
SPOT-113605,0,0.5584,Active
SPOT-113606,0,0.4451,Active
SPOT-113607,1,0.699,Low Usage / No Time
SPOT-113608,0,0.1237,Active
SPOT-113609,1,0.6495,Price / Cost
SPOT-113610,1,0.6441,Price / Cost
SPOT-113611,0,0.3206,Active
SPOT-113612,0,0.4508,Active
SPOT-113613,0,0.2838,Active
SPOT-113614,1,0.574,Low Usage / No Time
SPOT-113615,0,0.2625,Active
SPOT-113616,0,0.3675,Active
SPOT-113617,0,0.4251,Active
SPOT-113618,0,0.2832,Active
SPOT-113619,0,0.2399,Active
SPOT-113620,0,0.1038,Active
SPOT-113621,0,0.4649,Active
SPOT-113622,0,0.3855,Active
SPOT-113623,0,0.2626,Active
SPOT-113624,0,0.4919,Active
SPOT-113625,0,0.448,Active
SPOT-113626,1,0.5913,Too Many Ads
SPOT-113627,1,0.6137,Price / Cost
SPOT-113628,0,0.2502,Active
SPOT-113629,0,0.1989,Active
SPOT-113630,0,0.5221,Active
SPOT-113631,0,0.3171,Active
SPOT-113632,1,0.6241,Switched to Competitor
SPOT-113633,0,0.4783,Active
SPOT-113634,0,0.3926,Active
SPOT-113635,0,0.1551,Active
SPOT-113636,0,0.2159,Active
SPOT-113637,0,0.4436,Active
SPOT-113638,1,0.6138,Technical Bugs
SPOT-113639,0,0.2658,Active
SPOT-113640,0,0.4494,Active
SPOT-113641,1,0.6727,Low Usage / No Time
SPOT-113642,0,0.1722,Active
SPOT-113643,0,0.4038,Active
SPOT-113644,0,0.5627,Active
SPOT-113645,0,0.4112,Active
SPOT-113646,1,0.5797,Switched to Competitor
SPOT-113647,0,0.5538,Active
SPOT-113648,1,0.6388,Technical Bugs
SPOT-113649,0,0.5247,Active
SPOT-113650,0,0.3907,Active
SPOT-113651,0,0.5573,Active
SPOT-113652,0,0.3876,Active
SPOT-113653,0,0.5283,Active
SPOT-113654,0,0.3322,Active
SPOT-113655,1,0.5882,Low Usage / No Time
SPOT-113656,1,0.6824,Too Many Ads
SPOT-113657,0,0.3547,Active
SPOT-113658,0,0.4603,Active
SPOT-113659,0,0.5573,Active
SPOT-113660,0,0.4148,Active
SPOT-113661,0,0.2151,Active
SPOT-113662,1,0.6217,Switched to Competitor
SPOT-113663,0,0.3713,Active
SPOT-113664,1,0.6017,Price / Cost
SPOT-113665,0,0.4669,Active
SPOT-113666,0,0.1934,Active
SPOT-113667,0,0.5021,Active
SPOT-113668,0,0.5385,Active
SPOT-113669,0,0.2869,Active
SPOT-113670,1,0.6041,Low Usage / No Time
SPOT-113671,0,0.2923,Active
SPOT-113672,0,0.3054,Active
SPOT-113673,0,0.506,Active
SPOT-113674,0,0.1346,Active
SPOT-113675,0,0.383,Active
SPOT-113676,1,0.6697,Too Many Ads
SPOT-113677,0,0.518,Active
SPOT-113678,0,0.5331,Active
SPOT-113679,0,0.3392,Active
SPOT-113680,1,0.6363,Too Many Ads
SPOT-113681,1,0.776,Switched to Competitor
SPOT-113682,0,0.2954,Active
SPOT-113683,0,0.3249,Active
SPOT-113684,1,0.5806,Too Many Ads
SPOT-113685,0,0.3657,Active
SPOT-113686,0,0.4168,Active
SPOT-113687,0,0.4067,Active
SPOT-113688,1,0.6508,Price / Cost
SPOT-113689,0,0.5492,Active
SPOT-113690,1,0.6965,Low Usage / No Time
SPOT-113691,0,0.4733,Active
SPOT-113692,0,0.425,Active
SPOT-113693,0,0.4323,Active
SPOT-113694,1,0.7274,Switched to Competitor
SPOT-113695,0,0.3466,Active
SPOT-113696,0,0.4129,Active
SPOT-113697,0,0.4524,Active
SPOT-113698,0,0.3803,Active
SPOT-113699,1,0.5693,Switched to Competitor
SPOT-113700,0,0.3449,Active
SPOT-113701,0,0.2748,Active
SPOT-113702,1,0.6586,Too Many Ads
SPOT-113703,0,0.2822,Active
SPOT-113704,0,0.209,Active
SPOT-113705,1,0.6839,Switched to Competitor
SPOT-113706,1,0.668,Low Usage / No Time
SPOT-113707,1,0.6518,Price / Cost
SPOT-113708,1,0.5776,Too Many Ads
SPOT-113709,0,0.3039,Active
SPOT-113710,1,0.5737,Price / Cost
SPOT-113711,1,0.6137,Too Many Ads
SPOT-113712,0,0.3212,Active
SPOT-113713,0,0.2496,Active
SPOT-113714,0,0.3166,Active
SPOT-113715,0,0.4973,Active
SPOT-113716,0,0.3295,Active
SPOT-113717,0,0.4022,Active
SPOT-113718,1,0.6737,Price / Cost
SPOT-113719,0,0.1408,Active
SPOT-113720,0,0.4278,Active
SPOT-113721,0,0.2314,Active
SPOT-113722,0,0.4105,Active
SPOT-113723,0,0.2289,Active
SPOT-113724,0,0.2188,Active
SPOT-113725,0,0.2458,Active
SPOT-113726,0,0.3758,Active
SPOT-113727,0,0.1716,Active
SPOT-113728,0,0.3026,Active
SPOT-113729,0,0.2529,Active
SPOT-113730,0,0.4899,Active
SPOT-113731,0,0.47,Active
SPOT-113732,0,0.3368,Active
SPOT-113733,0,0.2432,Active
SPOT-113734,0,0.2387,Active
SPOT-113735,1,0.7161,Price / Cost
SPOT-113736,0,0.4202,Active
SPOT-113737,0,0.4313,Active
SPOT-113738,1,0.5815,Price / Cost
SPOT-113739,0,0.2274,Active
SPOT-113740,0,0.4925,Active
SPOT-113741,0,0.4962,Active
SPOT-113742,0,0.2753,Active
SPOT-113743,0,0.2419,Active
SPOT-113744,0,0.1804,Active
SPOT-113745,0,0.3382,Active
SPOT-113746,0,0.2395,Active
SPOT-113747,0,0.3875,Active
SPOT-113748,0,0.4675,Active
SPOT-113749,0,0.5005,Active
SPOT-113750,0,0.3062,Active
SPOT-113751,0,0.4355,Active
SPOT-113752,0,0.3689,Active
SPOT-113753,0,0.3201,Active
SPOT-113754,0,0.3565,Active
SPOT-113755,0,0.3272,Active
SPOT-113756,0,0.318,Active
SPOT-113757,0,0.3954,Active
SPOT-113758,1,0.6754,Low Usage / No Time
SPOT-113759,0,0.3378,Active
SPOT-113760,0,0.3787,Active
SPOT-113761,0,0.2712,Active
SPOT-113762,0,0.1949,Active
SPOT-113763,0,0.501,Active
SPOT-113764,1,0.6603,Price / Cost
SPOT-113765,0,0.3628,Active
SPOT-113766,0,0.4697,Active
SPOT-113767,0,0.2214,Active
SPOT-113768,0,0.2512,Active
SPOT-113769,0,0.4214,Active
SPOT-113770,0,0.5061,Active
SPOT-113771,0,0.5275,Active
SPOT-113772,0,0.5449,Active
SPOT-113773,0,0.4117,Active
SPOT-113774,0,0.4035,Active
SPOT-113775,0,0.4405,Active
SPOT-113776,1,0.6535,Too Many Ads
SPOT-113777,0,0.2985,Active
SPOT-113778,0,0.534,Active
SPOT-113779,1,0.6995,Too Many Ads
SPOT-113780,0,0.2934,Active
SPOT-113781,0,0.3667,Active
SPOT-113782,0,0.3272,Active
SPOT-113783,0,0.3393,Active
SPOT-113784,1,0.5785,Price / Cost
SPOT-113785,0,0.4554,Active
SPOT-113786,0,0.255,Active
SPOT-113787,0,0.3693,Active
SPOT-113788,1,0.6054,Low Usage / No Time
SPOT-113789,0,0.4369,Active
SPOT-113790,0,0.4357,Active
SPOT-113791,0,0.1668,Active
SPOT-113792,0,0.431,Active
SPOT-113793,0,0.4822,Active
SPOT-113794,0,0.3246,Active
SPOT-113795,0,0.1365,Active
SPOT-113796,0,0.2124,Active
SPOT-113797,0,0.1846,Active
SPOT-113798,0,0.4621,Active
SPOT-113799,0,0.3576,Active
SPOT-113800,1,0.5809,Low Usage / No Time
SPOT-113801,1,0.591,Too Many Ads
SPOT-113802,0,0.2061,Active
SPOT-113803,1,0.6308,Switched to Competitor
SPOT-113804,1,0.7641,Price / Cost
SPOT-113805,0,0.3213,Active
SPOT-113806,0,0.5282,Active
SPOT-113807,0,0.2956,Active
SPOT-113808,1,0.6877,Price / Cost
SPOT-113809,0,0.386,Active
SPOT-113810,0,0.323,Active
SPOT-113811,0,0.23,Active
SPOT-113812,1,0.6019,Switched to Competitor
SPOT-113813,0,0.2451,Active
SPOT-113814,0,0.5473,Active
SPOT-113815,0,0.2315,Active
SPOT-113816,0,0.1563,Active
SPOT-113817,0,0.5205,Active
SPOT-113818,0,0.1801,Active
SPOT-113819,0,0.3493,Active
SPOT-113820,0,0.2827,Active
SPOT-113821,0,0.1368,Active
SPOT-113822,1,0.6192,Switched to Competitor
SPOT-113823,0,0.5172,Active
SPOT-113824,0,0.5313,Active
SPOT-113825,0,0.3223,Active
SPOT-113826,0,0.3825,Active
SPOT-113827,0,0.5508,Active
SPOT-113828,0,0.2331,Active
SPOT-113829,0,0.4446,Active
SPOT-113830,0,0.5482,Active
SPOT-113831,0,0.3797,Active
SPOT-113832,0,0.3086,Active
SPOT-113833,0,0.2979,Active
SPOT-113834,0,0.362,Active
SPOT-113835,0,0.4701,Active
SPOT-113836,0,0.4659,Active
SPOT-113837,0,0.3023,Active
SPOT-113838,0,0.25,Active
SPOT-113839,0,0.4032,Active
SPOT-113840,0,0.2427,Active
SPOT-113841,0,0.4596,Active
SPOT-113842,0,0.3168,Active
SPOT-113843,1,0.6195,Price / Cost
SPOT-113844,1,0.6423,Price / Cost
SPOT-113845,0,0.3166,Active
SPOT-113846,0,0.3474,Active
SPOT-113847,1,0.6468,Too Many Ads
SPOT-113848,0,0.3503,Active
SPOT-113849,0,0.5454,Active
SPOT-113850,0,0.4078,Active
SPOT-113851,0,0.3075,Active
SPOT-113852,0,0.2625,Active
SPOT-113853,0,0.464,Active
SPOT-113854,0,0.4388,Active
SPOT-113855,0,0.1155,Active
SPOT-113856,0,0.2798,Active
SPOT-113857,1,0.7106,Price / Cost
SPOT-113858,0,0.2542,Active
SPOT-113859,0,0.511,Active
SPOT-113860,0,0.3576,Active
SPOT-113861,0,0.4796,Active
SPOT-113862,0,0.251,Active
SPOT-113863,0,0.4161,Active
SPOT-113864,0,0.545,Active
SPOT-113865,0,0.4491,Active
SPOT-113866,1,0.631,Switched to Competitor
SPOT-113867,1,0.5773,Switched to Competitor
SPOT-113868,0,0.4854,Active
SPOT-113869,0,0.5681,Active
SPOT-113870,1,0.736,Low Usage / No Time
SPOT-113871,0,0.203,Active
SPOT-113872,0,0.3066,Active
SPOT-113873,0,0.2987,Active
SPOT-113874,1,0.594,Too Many Ads
SPOT-113875,0,0.545,Active
SPOT-113876,0,0.4507,Active
SPOT-113877,1,0.7126,Too Many Ads
SPOT-113878,0,0.3242,Active
SPOT-113879,0,0.2514,Active
SPOT-113880,0,0.3278,Active
SPOT-113881,0,0.4207,Active
SPOT-113882,0,0.3141,Active
SPOT-113883,0,0.4638,Active
SPOT-113884,0,0.4401,Active
SPOT-113885,0,0.5198,Active
SPOT-113886,0,0.487,Active
SPOT-113887,0,0.3812,Active
SPOT-113888,1,0.5916,Too Many Ads
SPOT-113889,0,0.5461,Active
SPOT-113890,0,0.5538,Active
SPOT-113891,0,0.3723,Active
SPOT-113892,0,0.3989,Active
SPOT-113893,0,0.3299,Active
SPOT-113894,0,0.2425,Active
SPOT-113895,0,0.3432,Active
SPOT-113896,0,0.4763,Active
SPOT-113897,0,0.4605,Active
SPOT-113898,0,0.4233,Active
SPOT-113899,0,0.431,Active
SPOT-113900,0,0.3611,Active
SPOT-113901,0,0.1162,Active
SPOT-113902,0,0.4141,Active
SPOT-113903,1,0.5698,Price / Cost
SPOT-113904,0,0.4021,Active
SPOT-113905,0,0.4949,Active
SPOT-113906,0,0.3662,Active
SPOT-113907,0,0.1664,Active
SPOT-113908,0,0.5121,Active
SPOT-113909,0,0.2384,Active
SPOT-113910,0,0.4015,Active
SPOT-113911,0,0.3454,Active
SPOT-113912,1,0.588,Too Many Ads
SPOT-113913,0,0.4157,Active
SPOT-113914,0,0.4184,Active
SPOT-113915,0,0.5457,Active
SPOT-113916,0,0.4485,Active
SPOT-113917,0,0.2639,Active
SPOT-113918,0,0.4534,Active
SPOT-113919,0,0.2271,Active
SPOT-113920,0,0.2405,Active
SPOT-113921,0,0.3837,Active
SPOT-113922,0,0.3336,Active
SPOT-113923,0,0.1672,Active
SPOT-113924,0,0.2089,Active
SPOT-113925,1,0.6597,Low Usage / No Time
SPOT-113926,0,0.4053,Active
SPOT-113927,0,0.0825,Active
SPOT-113928,0,0.5152,Active
SPOT-113929,0,0.3209,Active
SPOT-113930,0,0.3045,Active
SPOT-113931,0,0.2959,Active
SPOT-113932,0,0.2581,Active
SPOT-113933,0,0.4581,Active
SPOT-113934,0,0.3938,Active
SPOT-113935,0,0.5003,Active
SPOT-113936,0,0.1768,Active
SPOT-113937,0,0.4807,Active
SPOT-113938,0,0.1813,Active
SPOT-113939,0,0.3184,Active
SPOT-113940,0,0.3755,Active
SPOT-113941,0,0.2948,Active
SPOT-113942,0,0.4715,Active
SPOT-113943,0,0.5499,Active
SPOT-113944,0,0.4336,Active
SPOT-113945,0,0.4924,Active
SPOT-113946,0,0.4772,Active
SPOT-113947,0,0.2923,Active
SPOT-113948,0,0.4692,Active
SPOT-113949,0,0.4987,Active
SPOT-113950,0,0.4297,Active
SPOT-113951,0,0.1486,Active
SPOT-113952,1,0.6506,Price / Cost
SPOT-113953,0,0.2754,Active
SPOT-113954,0,0.5463,Active
SPOT-113955,0,0.177,Active
SPOT-113956,0,0.4278,Active
SPOT-113957,0,0.1919,Active
SPOT-113958,0,0.4946,Active
SPOT-113959,0,0.267,Active
SPOT-113960,0,0.3128,Active
SPOT-113961,0,0.5015,Active
SPOT-113962,0,0.1961,Active
SPOT-113963,0,0.3647,Active
SPOT-113964,0,0.3576,Active
SPOT-113965,0,0.2178,Active
SPOT-113966,1,0.6035,Too Many Ads
SPOT-113967,0,0.209,Active
SPOT-113968,0,0.3439,Active
SPOT-113969,0,0.3053,Active
SPOT-113970,0,0.1569,Active
SPOT-113971,1,0.65,Price / Cost
SPOT-113972,0,0.328,Active
SPOT-113973,0,0.4143,Active
SPOT-113974,0,0.2819,Active
SPOT-113975,0,0.3781,Active
SPOT-113976,1,0.5737,Technical Bugs
SPOT-113977,0,0.3041,Active
SPOT-113978,1,0.7151,Too Many Ads
SPOT-113979,1,0.7011,Price / Cost
SPOT-113980,0,0.3066,Active
SPOT-113981,0,0.4674,Active
SPOT-113982,1,0.5961,Low Usage / No Time
SPOT-113983,0,0.299,Active
SPOT-113984,0,0.5377,Active
SPOT-113985,0,0.5467,Active
SPOT-113986,0,0.211,Active
SPOT-113987,0,0.2818,Active
SPOT-113988,0,0.5166,Active
SPOT-113989,0,0.5274,Active
SPOT-113990,0,0.4018,Active
SPOT-113991,0,0.4531,Active
SPOT-113992,0,0.4413,Active
SPOT-113993,0,0.2662,Active
SPOT-113994,0,0.5221,Active
SPOT-113995,0,0.1481,Active
SPOT-113996,0,0.3007,Active
SPOT-113997,0,0.5609,Active
SPOT-113998,1,0.5795,Price / Cost
SPOT-113999,0,0.3428,Active
SPOT-114000,0,0.526,Active
SPOT-114001,0,0.2681,Active
SPOT-114002,0,0.3836,Active
SPOT-114003,0,0.2911,Active
SPOT-114004,0,0.3955,Active
SPOT-114005,0,0.5456,Active
SPOT-114006,1,0.7402,Price / Cost
SPOT-114007,0,0.5648,Active
SPOT-114008,0,0.5429,Active
SPOT-114009,0,0.4232,Active
SPOT-114010,0,0.4698,Active
SPOT-114011,0,0.4265,Active
SPOT-114012,0,0.2548,Active
SPOT-114013,0,0.4536,Active
SPOT-114014,0,0.4624,Active
SPOT-114015,0,0.0985,Active
SPOT-114016,0,0.3629,Active
SPOT-114017,0,0.5646,Active
SPOT-114018,0,0.1895,Active
SPOT-114019,0,0.2384,Active
SPOT-114020,0,0.5363,Active
SPOT-114021,0,0.4016,Active
SPOT-114022,0,0.4053,Active
SPOT-114023,0,0.3339,Active
SPOT-114024,0,0.2093,Active
SPOT-114025,0,0.3623,Active
SPOT-114026,0,0.2118,Active
SPOT-114027,0,0.4408,Active
SPOT-114028,0,0.1808,Active
SPOT-114029,0,0.5438,Active
SPOT-114030,0,0.286,Active
SPOT-114031,0,0.2268,Active
SPOT-114032,0,0.3718,Active
SPOT-114033,1,0.6908,Too Many Ads
SPOT-114034,0,0.1264,Active
SPOT-114035,1,0.6598,Price / Cost
SPOT-114036,0,0.2518,Active
SPOT-114037,0,0.5026,Active
SPOT-114038,0,0.4971,Active
SPOT-114039,0,0.3428,Active
SPOT-114040,0,0.2009,Active
SPOT-114041,0,0.2607,Active
SPOT-114042,0,0.2615,Active
SPOT-114043,0,0.3878,Active
SPOT-114044,0,0.5303,Active
SPOT-114045,0,0.4087,Active
SPOT-114046,0,0.2844,Active
SPOT-114047,0,0.4798,Active
SPOT-114048,0,0.1558,Active
SPOT-114049,0,0.5202,Active
SPOT-114050,0,0.3454,Active
SPOT-114051,0,0.4629,Active
SPOT-114052,1,0.6644,Low Usage / No Time
SPOT-114053,0,0.3668,Active
SPOT-114054,0,0.269,Active
SPOT-114055,0,0.3748,Active
SPOT-114056,0,0.5217,Active
SPOT-114057,0,0.2644,Active
SPOT-114058,0,0.3951,Active
SPOT-114059,0,0.3305,Active
SPOT-114060,0,0.5608,Active
SPOT-114061,0,0.3151,Active
SPOT-114062,1,0.6173,Price / Cost
SPOT-114063,0,0.3392,Active
SPOT-114064,0,0.2052,Active
SPOT-114065,0,0.5494,Active
SPOT-114066,1,0.6807,Price / Cost
SPOT-114067,0,0.245,Active
SPOT-114068,0,0.2454,Active
SPOT-114069,0,0.2762,Active
SPOT-114070,0,0.3125,Active
SPOT-114071,0,0.1879,Active
SPOT-114072,0,0.564,Active
SPOT-114073,0,0.2887,Active
SPOT-114074,1,0.7466,Price / Cost
SPOT-114075,0,0.4656,Active
SPOT-114076,0,0.1766,Active
SPOT-114077,0,0.4791,Active
SPOT-114078,0,0.5495,Active
SPOT-114079,0,0.5272,Active
SPOT-114080,1,0.7428,Switched to Competitor
SPOT-114081,0,0.4628,Active
SPOT-114082,0,0.4461,Active
SPOT-114083,0,0.5146,Active
SPOT-114084,0,0.5044,Active
SPOT-114085,0,0.4999,Active
SPOT-114086,0,0.4235,Active
SPOT-114087,1,0.6368,Switched to Competitor
SPOT-114088,0,0.2046,Active
SPOT-114089,0,0.4188,Active
SPOT-114090,0,0.3763,Active
SPOT-114091,0,0.4351,Active
SPOT-114092,0,0.3498,Active
SPOT-114093,0,0.351,Active
SPOT-114094,0,0.3307,Active
SPOT-114095,1,0.5759,Low Usage / No Time
SPOT-114096,0,0.3961,Active
SPOT-114097,1,0.6333,Too Many Ads
SPOT-114098,0,0.3657,Active
SPOT-114099,0,0.3083,Active
SPOT-114100,0,0.3765,Active
SPOT-114101,0,0.4761,Active
SPOT-114102,0,0.3181,Active
SPOT-114103,0,0.3079,Active
SPOT-114104,1,0.7129,Too Many Ads
SPOT-114105,0,0.3724,Active
SPOT-114106,0,0.2855,Active
SPOT-114107,0,0.5119,Active
SPOT-114108,0,0.4035,Active
SPOT-114109,0,0.3443,Active
SPOT-114110,0,0.3041,Active
SPOT-114111,0,0.4657,Active
SPOT-114112,0,0.4995,Active
SPOT-114113,0,0.2529,Active
SPOT-114114,0,0.4215,Active
SPOT-114115,1,0.6716,Price / Cost
SPOT-114116,0,0.4468,Active
SPOT-114117,0,0.3156,Active
SPOT-114118,1,0.6515,Price / Cost
SPOT-114119,0,0.2059,Active
SPOT-114120,0,0.2725,Active
SPOT-114121,0,0.5456,Active
SPOT-114122,0,0.427,Active
SPOT-114123,0,0.2272,Active
SPOT-114124,0,0.5412,Active
SPOT-114125,1,0.6476,Too Many Ads
SPOT-114126,0,0.554,Active
SPOT-114127,0,0.4722,Active
SPOT-114128,0,0.2567,Active
SPOT-114129,0,0.5655,Active
SPOT-114130,0,0.4147,Active
SPOT-114131,0,0.4842,Active
SPOT-114132,0,0.3001,Active
SPOT-114133,0,0.2815,Active
SPOT-114134,1,0.5987,Price / Cost
SPOT-114135,1,0.7613,Switched to Competitor
SPOT-114136,0,0.317,Active
SPOT-114137,1,0.7274,Too Many Ads
SPOT-114138,0,0.3653,Active
SPOT-114139,1,0.7086,Price / Cost
SPOT-114140,1,0.6658,Too Many Ads
SPOT-114141,0,0.3536,Active
SPOT-114142,0,0.3814,Active
SPOT-114143,1,0.625,Low Usage / No Time
SPOT-114144,0,0.4967,Active
SPOT-114145,0,0.2179,Active
SPOT-114146,0,0.1667,Active
SPOT-114147,0,0.3988,Active
SPOT-114148,0,0.3174,Active
SPOT-114149,0,0.4837,Active
SPOT-114150,1,0.649,Price / Cost
SPOT-114151,0,0.3165,Active
SPOT-114152,0,0.2365,Active
SPOT-114153,0,0.3138,Active
SPOT-114154,0,0.5385,Active
SPOT-114155,0,0.3275,Active
SPOT-114156,0,0.2222,Active
SPOT-114157,0,0.4154,Active
SPOT-114158,1,0.5685,Price / Cost
SPOT-114159,1,0.5915,Low Usage / No Time
SPOT-114160,0,0.3469,Active
SPOT-114161,0,0.2925,Active
SPOT-114162,0,0.4752,Active
SPOT-114163,0,0.3282,Active
SPOT-114164,0,0.536,Active
SPOT-114165,0,0.4246,Active
SPOT-114166,0,0.3023,Active
SPOT-114167,0,0.2148,Active
SPOT-114168,0,0.0893,Active
SPOT-114169,0,0.2722,Active
SPOT-114170,1,0.5786,Too Many Ads
SPOT-114171,0,0.2792,Active
SPOT-114172,0,0.4702,Active
SPOT-114173,0,0.3461,Active
SPOT-114174,0,0.2996,Active
SPOT-114175,0,0.3365,Active
SPOT-114176,0,0.344,Active
SPOT-114177,0,0.3083,Active
SPOT-114178,0,0.5278,Active
SPOT-114179,0,0.2438,Active
SPOT-114180,1,0.6585,Switched to Competitor
SPOT-114181,0,0.3689,Active
SPOT-114182,0,0.2842,Active
SPOT-114183,0,0.4141,Active
SPOT-114184,0,0.4218,Active
SPOT-114185,0,0.4823,Active
SPOT-114186,0,0.3723,Active
SPOT-114187,0,0.4974,Active
SPOT-114188,0,0.3946,Active
SPOT-114189,0,0.2629,Active
SPOT-114190,1,0.6655,Price / Cost
SPOT-114191,0,0.4145,Active
SPOT-114192,0,0.459,Active
SPOT-114193,0,0.0978,Active
SPOT-114194,0,0.3773,Active
SPOT-114195,0,0.3587,Active
SPOT-114196,0,0.5223,Active
SPOT-114197,0,0.3488,Active
SPOT-114198,0,0.3206,Active
SPOT-114199,0,0.2866,Active
SPOT-114200,0,0.3914,Active
SPOT-114201,0,0.1783,Active
SPOT-114202,0,0.3471,Active
SPOT-114203,1,0.5766,Low Usage / No Time
SPOT-114204,0,0.3298,Active
SPOT-114205,0,0.3897,Active
SPOT-114206,0,0.5173,Active
SPOT-114207,0,0.2922,Active
SPOT-114208,0,0.3986,Active
SPOT-114209,0,0.5579,Active
SPOT-114210,0,0.5559,Active
SPOT-114211,0,0.4413,Active
SPOT-114212,0,0.349,Active
SPOT-114213,0,0.4136,Active
SPOT-114214,0,0.5414,Active
SPOT-114215,0,0.3756,Active
SPOT-114216,0,0.3803,Active
SPOT-114217,0,0.3202,Active
SPOT-114218,0,0.4237,Active
SPOT-114219,0,0.3192,Active
SPOT-114220,1,0.6105,Price / Cost
SPOT-114221,0,0.1574,Active
SPOT-114222,0,0.2989,Active
SPOT-114223,0,0.5509,Active
SPOT-114224,0,0.3192,Active
SPOT-114225,0,0.5362,Active
SPOT-114226,0,0.2547,Active
SPOT-114227,1,0.6065,Switched to Competitor
SPOT-114228,1,0.6595,Price / Cost
SPOT-114229,0,0.5438,Active
SPOT-114230,1,0.6567,Low Usage / No Time
SPOT-114231,1,0.6411,Switched to Competitor
SPOT-114232,0,0.3058,Active
SPOT-114233,0,0.3817,Active
SPOT-114234,1,0.6486,Price / Cost
SPOT-114235,0,0.2926,Active
SPOT-114236,0,0.4636,Active
SPOT-114237,0,0.5596,Active
SPOT-114238,0,0.428,Active
SPOT-114239,0,0.4792,Active
SPOT-114240,0,0.5156,Active
SPOT-114241,0,0.5183,Active
SPOT-114242,0,0.2622,Active
SPOT-114243,0,0.4225,Active
SPOT-114244,0,0.2333,Active
SPOT-114245,0,0.4268,Active
SPOT-114246,0,0.416,Active
SPOT-114247,0,0.382,Active
SPOT-114248,0,0.2023,Active
SPOT-114249,0,0.4442,Active
SPOT-114250,0,0.4159,Active
SPOT-114251,1,0.7986,Price / Cost
SPOT-114252,0,0.3443,Active
SPOT-114253,0,0.3256,Active
SPOT-114254,0,0.2405,Active
SPOT-114255,0,0.3458,Active
SPOT-114256,0,0.3807,Active
SPOT-114257,1,0.6142,Low Usage / No Time
SPOT-114258,1,0.5825,Price / Cost
SPOT-114259,0,0.4898,Active
SPOT-114260,0,0.358,Active
SPOT-114261,0,0.1906,Active
SPOT-114262,0,0.3309,Active
SPOT-114263,0,0.3772,Active
SPOT-114264,0,0.3201,Active
SPOT-114265,0,0.5249,Active
SPOT-114266,0,0.3112,Active
SPOT-114267,0,0.2736,Active
SPOT-114268,1,0.6019,Low Usage / No Time
SPOT-114269,0,0.3535,Active
SPOT-114270,0,0.3053,Active
SPOT-114271,0,0.3938,Active
SPOT-114272,0,0.337,Active
SPOT-114273,0,0.5254,Active
SPOT-114274,1,0.7197,Price / Cost
SPOT-114275,1,0.5834,Price / Cost
SPOT-114276,0,0.4679,Active
SPOT-114277,0,0.5406,Active
SPOT-114278,0,0.3775,Active
SPOT-114279,0,0.2034,Active
SPOT-114280,0,0.5324,Active
SPOT-114281,0,0.4633,Active
SPOT-114282,0,0.4446,Active
SPOT-114283,0,0.4425,Active
SPOT-114284,0,0.5136,Active
SPOT-114285,1,0.671,Switched to Competitor
SPOT-114286,0,0.2041,Active
SPOT-114287,0,0.2185,Active
SPOT-114288,1,0.6976,Too Many Ads
SPOT-114289,0,0.2281,Active
SPOT-114290,1,0.6412,Price / Cost
SPOT-114291,0,0.258,Active
SPOT-114292,1,0.5708,Price / Cost
SPOT-114293,0,0.3778,Active
SPOT-114294,1,0.6801,Price / Cost
SPOT-114295,0,0.353,Active
SPOT-114296,0,0.2507,Active
SPOT-114297,1,0.573,Low Usage / No Time
SPOT-114298,0,0.377,Active
SPOT-114299,0,0.1942,Active
SPOT-114300,0,0.132,Active
SPOT-114301,0,0.5064,Active
SPOT-114302,0,0.2,Active
SPOT-114303,0,0.4623,Active
SPOT-114304,0,0.2394,Active
SPOT-114305,1,0.6077,Price / Cost
SPOT-114306,0,0.2295,Active
SPOT-114307,0,0.4821,Active
SPOT-114308,0,0.5448,Active
SPOT-114309,1,0.7122,Too Many Ads
SPOT-114310,0,0.5045,Active
SPOT-114311,0,0.1381,Active
SPOT-114312,0,0.1818,Active
SPOT-114313,0,0.3302,Active
SPOT-114314,1,0.5867,Price / Cost
SPOT-114315,0,0.3546,Active
SPOT-114316,0,0.5394,Active
SPOT-114317,0,0.5282,Active
SPOT-114318,0,0.4683,Active
SPOT-114319,0,0.3542,Active
SPOT-114320,0,0.2457,Active
SPOT-114321,0,0.4438,Active
SPOT-114322,1,0.6346,Too Many Ads
SPOT-114323,0,0.2872,Active
SPOT-114324,0,0.4437,Active
SPOT-114325,0,0.2853,Active
SPOT-114326,0,0.3891,Active
SPOT-114327,0,0.3235,Active
SPOT-114328,0,0.1886,Active
SPOT-114329,0,0.4085,Active
SPOT-114330,0,0.5191,Active
SPOT-114331,0,0.4117,Active
SPOT-114332,0,0.5372,Active
SPOT-114333,0,0.559,Active
SPOT-114334,0,0.2461,Active
SPOT-114335,0,0.49,Active
SPOT-114336,0,0.1183,Active
SPOT-114337,0,0.4547,Active
SPOT-114338,0,0.2382,Active
SPOT-114339,0,0.4284,Active
SPOT-114340,0,0.1158,Active
SPOT-114341,0,0.3217,Active
SPOT-114342,0,0.3083,Active
SPOT-114343,0,0.4465,Active
SPOT-114344,0,0.5139,Active
SPOT-114345,0,0.3801,Active
SPOT-114346,0,0.5187,Active
SPOT-114347,0,0.3617,Active
SPOT-114348,0,0.5224,Active
SPOT-114349,0,0.3587,Active
SPOT-114350,0,0.4011,Active
SPOT-114351,0,0.2214,Active
SPOT-114352,0,0.2592,Active
SPOT-114353,0,0.404,Active
SPOT-114354,0,0.4776,Active
SPOT-114355,0,0.4009,Active
SPOT-114356,0,0.3169,Active
SPOT-114357,1,0.7017,Switched to Competitor
SPOT-114358,0,0.4737,Active
SPOT-114359,0,0.4031,Active
SPOT-114360,0,0.3147,Active
SPOT-114361,0,0.3029,Active
SPOT-114362,0,0.3744,Active
SPOT-114363,0,0.4158,Active
SPOT-114364,0,0.4539,Active
SPOT-114365,1,0.6342,Low Usage / No Time
SPOT-114366,0,0.4302,Active
SPOT-114367,0,0.2154,Active
SPOT-114368,0,0.2406,Active
SPOT-114369,0,0.3875,Active
SPOT-114370,0,0.5113,Active
SPOT-114371,0,0.445,Active
SPOT-114372,1,0.7332,Price / Cost
SPOT-114373,0,0.4927,Active
SPOT-114374,0,0.3773,Active
SPOT-114375,0,0.2614,Active
SPOT-114376,0,0.3697,Active
SPOT-114377,0,0.2708,Active
SPOT-114378,1,0.5782,Price / Cost
SPOT-114379,0,0.1231,Active
SPOT-114380,0,0.4812,Active
SPOT-114381,0,0.4612,Active
SPOT-114382,0,0.5587,Active
SPOT-114383,0,0.221,Active
SPOT-114384,0,0.4173,Active
SPOT-114385,1,0.7343,Too Many Ads
SPOT-114386,0,0.3213,Active
SPOT-114387,0,0.3659,Active
SPOT-114388,1,0.5784,Switched to Competitor
SPOT-114389,0,0.3814,Active
SPOT-114390,0,0.1768,Active
SPOT-114391,0,0.1657,Active
SPOT-114392,1,0.7461,Low Usage / No Time
SPOT-114393,0,0.2567,Active
SPOT-114394,0,0.361,Active
SPOT-114395,0,0.4839,Active
SPOT-114396,0,0.489,Active
SPOT-114397,0,0.3743,Active
SPOT-114398,0,0.2948,Active
SPOT-114399,0,0.5664,Active
SPOT-114400,0,0.4084,Active
SPOT-114401,0,0.2243,Active
SPOT-114402,0,0.3961,Active
SPOT-114403,0,0.3289,Active
SPOT-114404,1,0.679,Low Usage / No Time
SPOT-114405,0,0.3867,Active
SPOT-114406,0,0.3243,Active
SPOT-114407,0,0.3533,Active
SPOT-114408,0,0.4595,Active
SPOT-114409,1,0.6803,Switched to Competitor
SPOT-114410,1,0.5975,Too Many Ads
SPOT-114411,0,0.2431,Active
SPOT-114412,0,0.2751,Active
SPOT-114413,0,0.1251,Active
SPOT-114414,0,0.1641,Active
SPOT-114415,0,0.2655,Active
SPOT-114416,1,0.6106,Switched to Competitor
SPOT-114417,0,0.4088,Active
SPOT-114418,0,0.3765,Active
SPOT-114419,1,0.5723,Price / Cost
SPOT-114420,0,0.4258,Active
SPOT-114421,0,0.4335,Active
SPOT-114422,1,0.7052,Switched to Competitor
SPOT-114423,0,0.3732,Active
SPOT-114424,0,0.2771,Active
SPOT-114425,0,0.3378,Active
SPOT-114426,0,0.2867,Active
SPOT-114427,0,0.4038,Active
SPOT-114428,0,0.3514,Active
SPOT-114429,0,0.5203,Active
SPOT-114430,0,0.404,Active
SPOT-114431,0,0.4884,Active
SPOT-114432,0,0.4854,Active
SPOT-114433,0,0.4889,Active
SPOT-114434,0,0.3743,Active
SPOT-114435,0,0.4096,Active
SPOT-114436,0,0.5615,Active
SPOT-114437,0,0.4108,Active
SPOT-114438,0,0.2981,Active
SPOT-114439,0,0.3641,Active
SPOT-114440,0,0.2749,Active
SPOT-114441,0,0.4161,Active
SPOT-114442,0,0.3158,Active
SPOT-114443,0,0.5081,Active
SPOT-114444,0,0.4315,Active
SPOT-114445,0,0.4845,Active
SPOT-114446,0,0.1242,Active
SPOT-114447,1,0.7001,Too Many Ads
SPOT-114448,1,0.6739,Too Many Ads
SPOT-114449,0,0.2552,Active
SPOT-114450,1,0.7001,Low Usage / No Time
SPOT-114451,1,0.6296,Price / Cost
SPOT-114452,1,0.583,Price / Cost
SPOT-114453,0,0.4287,Active
SPOT-114454,1,0.6697,Too Many Ads
SPOT-114455,0,0.4457,Active
SPOT-114456,0,0.4857,Active
SPOT-114457,0,0.2809,Active
SPOT-114458,0,0.4982,Active
SPOT-114459,0,0.3536,Active
SPOT-114460,0,0.472,Active
SPOT-114461,0,0.4453,Active
SPOT-114462,0,0.4548,Active
SPOT-114463,0,0.2728,Active
SPOT-114464,0,0.5663,Active
SPOT-114465,1,0.631,Price / Cost
SPOT-114466,0,0.2175,Active
SPOT-114467,0,0.3968,Active
SPOT-114468,0,0.4183,Active
SPOT-114469,0,0.3734,Active
SPOT-114470,1,0.5894,Too Many Ads
SPOT-114471,0,0.2866,Active
SPOT-114472,0,0.4381,Active
SPOT-114473,0,0.3883,Active
SPOT-114474,0,0.3806,Active
SPOT-114475,0,0.3299,Active
SPOT-114476,1,0.62,Price / Cost
SPOT-114477,1,0.5726,Price / Cost
SPOT-114478,0,0.262,Active
SPOT-114479,0,0.3896,Active
SPOT-114480,0,0.2885,Active
SPOT-114481,0,0.5095,Active
SPOT-114482,0,0.2702,Active
SPOT-114483,0,0.3914,Active
SPOT-114484,1,0.603,Price / Cost
SPOT-114485,0,0.3081,Active
SPOT-114486,0,0.3245,Active
SPOT-114487,0,0.3573,Active
SPOT-114488,0,0.2772,Active
SPOT-114489,0,0.1023,Active
SPOT-114490,0,0.2149,Active
SPOT-114491,0,0.2805,Active
SPOT-114492,1,0.5682,Switched to Competitor
SPOT-114493,0,0.3168,Active
SPOT-114494,0,0.4997,Active
SPOT-114495,0,0.4196,Active
SPOT-114496,0,0.4573,Active
SPOT-114497,0,0.2367,Active
SPOT-114498,0,0.3,Active
SPOT-114499,1,0.672,Switched to Competitor
SPOT-114500,0,0.5029,Active
SPOT-114501,0,0.2767,Active
SPOT-114502,0,0.4061,Active
SPOT-114503,0,0.4689,Active
SPOT-114504,0,0.5351,Active
SPOT-114505,0,0.4495,Active
SPOT-114506,1,0.6024,Switched to Competitor
SPOT-114507,1,0.6261,Too Many Ads
SPOT-114508,0,0.4451,Active
SPOT-114509,0,0.5188,Active
SPOT-114510,1,0.5901,Too Many Ads
SPOT-114511,0,0.1498,Active
SPOT-114512,0,0.5037,Active
SPOT-114513,0,0.2474,Active
SPOT-114514,0,0.3583,Active
SPOT-114515,0,0.3044,Active
SPOT-114516,1,0.6086,Too Many Ads
SPOT-114517,0,0.2878,Active
SPOT-114518,0,0.3674,Active
SPOT-114519,1,0.6323,Low Usage / No Time
SPOT-114520,0,0.3736,Active
SPOT-114521,1,0.6497,Switched to Competitor
SPOT-114522,0,0.5105,Active
SPOT-114523,0,0.4298,Active
SPOT-114524,0,0.5379,Active
SPOT-114525,0,0.4976,Active
SPOT-114526,0,0.3975,Active
SPOT-114527,1,0.58,Price / Cost
SPOT-114528,0,0.5516,Active
SPOT-114529,0,0.4217,Active
SPOT-114530,0,0.3203,Active
SPOT-114531,0,0.1654,Active
SPOT-114532,0,0.2679,Active
SPOT-114533,0,0.4788,Active
SPOT-114534,0,0.4653,Active
SPOT-114535,1,0.6884,Too Many Ads
SPOT-114536,1,0.5806,Price / Cost
SPOT-114537,0,0.2935,Active
SPOT-114538,0,0.3153,Active
SPOT-114539,0,0.2118,Active
SPOT-114540,0,0.3736,Active
SPOT-114541,0,0.5166,Active
SPOT-114542,1,0.6117,Switched to Competitor
SPOT-114543,0,0.2001,Active
SPOT-114544,0,0.2176,Active
SPOT-114545,0,0.5165,Active
SPOT-114546,1,0.6585,Too Many Ads
SPOT-114547,0,0.5298,Active
SPOT-114548,0,0.4278,Active
SPOT-114549,0,0.5421,Active
SPOT-114550,0,0.2884,Active
SPOT-114551,0,0.1771,Active
SPOT-114552,0,0.1955,Active
SPOT-114553,0,0.1989,Active
SPOT-114554,0,0.4899,Active
SPOT-114555,0,0.3984,Active
SPOT-114556,0,0.4535,Active
SPOT-114557,0,0.5131,Active
SPOT-114558,0,0.3505,Active
SPOT-114559,0,0.3443,Active
SPOT-114560,0,0.25,Active
SPOT-114561,1,0.6094,Price / Cost
SPOT-114562,0,0.2414,Active
SPOT-114563,0,0.4924,Active
SPOT-114564,1,0.6578,Too Many Ads
SPOT-114565,1,0.6481,Switched to Competitor
SPOT-114566,1,0.6986,Price / Cost
SPOT-114567,0,0.4359,Active
SPOT-114568,0,0.234,Active
SPOT-114569,0,0.4915,Active
SPOT-114570,0,0.4597,Active
SPOT-114571,1,0.6535,Low Usage / No Time
SPOT-114572,0,0.3109,Active
SPOT-114573,0,0.4874,Active
SPOT-114574,0,0.1597,Active
SPOT-114575,0,0.4471,Active
SPOT-114576,0,0.4098,Active
SPOT-114577,0,0.5487,Active
SPOT-114578,0,0.2347,Active
SPOT-114579,0,0.357,Active
SPOT-114580,1,0.6257,Price / Cost
SPOT-114581,0,0.2761,Active
SPOT-114582,1,0.7005,Too Many Ads
SPOT-114583,1,0.576,Too Many Ads
SPOT-114584,0,0.3775,Active
SPOT-114585,1,0.6493,Switched to Competitor
SPOT-114586,0,0.4225,Active
SPOT-114587,0,0.4543,Active
SPOT-114588,1,0.6803,Low Usage / No Time
SPOT-114589,1,0.5987,Too Many Ads
SPOT-114590,0,0.3346,Active
SPOT-114591,1,0.5977,Price / Cost
SPOT-114592,0,0.239,Active
SPOT-114593,1,0.5829,Low Usage / No Time
SPOT-114594,1,0.6648,Switched to Competitor
SPOT-114595,1,0.5781,Price / Cost
SPOT-114596,0,0.4998,Active
SPOT-114597,0,0.2759,Active
SPOT-114598,0,0.1871,Active
SPOT-114599,0,0.2768,Active
SPOT-114600,0,0.293,Active
SPOT-114601,0,0.2975,Active
SPOT-114602,0,0.5323,Active
SPOT-114603,0,0.5143,Active
SPOT-114604,0,0.4821,Active
SPOT-114605,0,0.3347,Active
SPOT-114606,0,0.3942,Active
SPOT-114607,0,0.3094,Active
SPOT-114608,0,0.4509,Active
SPOT-114609,0,0.1846,Active
SPOT-114610,1,0.6797,Too Many Ads
SPOT-114611,1,0.5851,Switched to Competitor
SPOT-114612,0,0.4465,Active
SPOT-114613,0,0.425,Active
SPOT-114614,0,0.5679,Active
SPOT-114615,0,0.5452,Active
SPOT-114616,1,0.6474,Technical Bugs
SPOT-114617,0,0.3853,Active
SPOT-114618,0,0.3557,Active
SPOT-114619,0,0.1698,Active
SPOT-114620,0,0.3964,Active
SPOT-114621,0,0.2105,Active
SPOT-114622,0,0.495,Active
SPOT-114623,0,0.289,Active
SPOT-114624,0,0.3989,Active
SPOT-114625,0,0.3125,Active
SPOT-114626,0,0.175,Active
SPOT-114627,0,0.3185,Active
SPOT-114628,0,0.0775,Active
SPOT-114629,0,0.5244,Active
SPOT-114630,1,0.6036,Switched to Competitor
SPOT-114631,1,0.6111,Price / Cost
SPOT-114632,0,0.2514,Active
SPOT-114633,0,0.4061,Active
SPOT-114634,0,0.4227,Active
SPOT-114635,0,0.5005,Active
SPOT-114636,0,0.4571,Active
SPOT-114637,1,0.622,Price / Cost
SPOT-114638,0,0.2445,Active
SPOT-114639,0,0.4643,Active
SPOT-114640,0,0.4678,Active
SPOT-114641,0,0.5074,Active
SPOT-114642,0,0.2341,Active
SPOT-114643,0,0.1246,Active
SPOT-114644,0,0.4886,Active
SPOT-114645,0,0.5324,Active
SPOT-114646,0,0.2669,Active
SPOT-114647,0,0.2783,Active
SPOT-114648,0,0.3993,Active
SPOT-114649,1,0.5817,Too Many Ads
SPOT-114650,0,0.3519,Active
SPOT-114651,0,0.4794,Active
SPOT-114652,1,0.8365,Too Many Ads
SPOT-114653,0,0.239,Active
SPOT-114654,0,0.2196,Active
SPOT-114655,0,0.461,Active
SPOT-114656,0,0.4314,Active
SPOT-114657,0,0.4561,Active
SPOT-114658,0,0.4361,Active
SPOT-114659,0,0.402,Active
SPOT-114660,1,0.6434,Price / Cost
SPOT-114661,0,0.3277,Active
SPOT-114662,1,0.5994,Switched to Competitor
SPOT-114663,0,0.4575,Active
SPOT-114664,0,0.546,Active
SPOT-114665,1,0.6052,Too Many Ads
SPOT-114666,0,0.553,Active
SPOT-114667,1,0.6971,Price / Cost
SPOT-114668,0,0.3465,Active
SPOT-114669,1,0.5956,Price / Cost
SPOT-114670,0,0.4373,Active
SPOT-114671,1,0.6402,Price / Cost
SPOT-114672,0,0.3406,Active
SPOT-114673,0,0.1615,Active
SPOT-114674,0,0.11,Active
SPOT-114675,0,0.3754,Active
SPOT-114676,0,0.4014,Active
SPOT-114677,1,0.6023,Switched to Competitor
SPOT-114678,1,0.6934,Switched to Competitor
SPOT-114679,0,0.4833,Active
SPOT-114680,1,0.66,Too Many Ads
SPOT-114681,0,0.3149,Active
SPOT-114682,0,0.5553,Active
SPOT-114683,1,0.7209,Too Many Ads
SPOT-114684,0,0.5652,Active
SPOT-114685,0,0.169,Active
SPOT-114686,0,0.493,Active
SPOT-114687,0,0.2234,Active
SPOT-114688,0,0.3231,Active
SPOT-114689,1,0.5738,Low Usage / No Time
SPOT-114690,0,0.4238,Active
SPOT-114691,0,0.4063,Active
SPOT-114692,1,0.7631,Too Many Ads
SPOT-114693,0,0.0799,Active
SPOT-114694,0,0.3794,Active
SPOT-114695,1,0.6919,Switched to Competitor
SPOT-114696,0,0.231,Active
SPOT-114697,0,0.4995,Active
SPOT-114698,0,0.489,Active
SPOT-114699,0,0.28,Active
SPOT-114700,0,0.3201,Active
SPOT-114701,1,0.6727,Switched to Competitor
SPOT-114702,0,0.3603,Active
SPOT-114703,0,0.3349,Active
SPOT-114704,0,0.4876,Active
SPOT-114705,0,0.3301,Active
SPOT-114706,0,0.2289,Active
SPOT-114707,0,0.5325,Active
SPOT-114708,0,0.2784,Active
SPOT-114709,0,0.3189,Active
SPOT-114710,1,0.696,Switched to Competitor
SPOT-114711,0,0.2493,Active
SPOT-114712,0,0.4882,Active
SPOT-114713,1,0.83,Price / Cost
SPOT-114714,0,0.1722,Active
SPOT-114715,1,0.5821,Too Many Ads
SPOT-114716,0,0.5392,Active
SPOT-114717,0,0.2141,Active
SPOT-114718,0,0.4424,Active
SPOT-114719,0,0.3346,Active
SPOT-114720,0,0.5658,Active
SPOT-114721,0,0.2995,Active
SPOT-114722,0,0.4565,Active
SPOT-114723,0,0.257,Active
SPOT-114724,0,0.3244,Active
SPOT-114725,0,0.2768,Active
SPOT-114726,0,0.5038,Active
SPOT-114727,0,0.3172,Active
SPOT-114728,0,0.127,Active
SPOT-114729,0,0.4333,Active
SPOT-114730,0,0.2375,Active
SPOT-114731,0,0.4799,Active
SPOT-114732,1,0.6192,Switched to Competitor
SPOT-114733,0,0.3106,Active
SPOT-114734,0,0.5184,Active
SPOT-114735,0,0.2621,Active
SPOT-114736,0,0.3891,Active
SPOT-114737,0,0.3375,Active
SPOT-114738,0,0.3759,Active
SPOT-114739,0,0.3259,Active
SPOT-114740,0,0.3068,Active
SPOT-114741,0,0.3409,Active
SPOT-114742,0,0.4494,Active
SPOT-114743,0,0.2456,Active
SPOT-114744,0,0.4378,Active
SPOT-114745,1,0.5687,Price / Cost
SPOT-114746,0,0.2847,Active
SPOT-114747,1,0.6063,Switched to Competitor
SPOT-114748,0,0.4676,Active
SPOT-114749,1,0.6435,Low Usage / No Time
SPOT-114750,0,0.336,Active
SPOT-114751,0,0.5641,Active
SPOT-114752,0,0.3516,Active
SPOT-114753,1,0.6914,Switched to Competitor
SPOT-114754,1,0.7501,Technical Bugs
SPOT-114755,1,0.6623,Price / Cost
SPOT-114756,0,0.3133,Active
SPOT-114757,0,0.5208,Active
SPOT-114758,0,0.2296,Active
SPOT-114759,0,0.4276,Active
SPOT-114760,0,0.4672,Active
SPOT-114761,0,0.3371,Active
SPOT-114762,0,0.3415,Active
SPOT-114763,0,0.18,Active
SPOT-114764,1,0.5902,Too Many Ads
SPOT-114765,0,0.5399,Active
SPOT-114766,0,0.5035,Active
SPOT-114767,0,0.4185,Active
SPOT-114768,0,0.3654,Active
SPOT-114769,0,0.1273,Active
SPOT-114770,0,0.2494,Active
SPOT-114771,0,0.3055,Active
SPOT-114772,0,0.5374,Active
SPOT-114773,1,0.6177,Price / Cost
SPOT-114774,0,0.2493,Active
SPOT-114775,0,0.5265,Active
SPOT-114776,0,0.1679,Active
SPOT-114777,1,0.6685,Switched to Competitor
SPOT-114778,0,0.3407,Active
SPOT-114779,0,0.5265,Active
SPOT-114780,1,0.6491,Switched to Competitor
SPOT-114781,0,0.5355,Active
SPOT-114782,0,0.3169,Active
SPOT-114783,1,0.6413,Switched to Competitor
SPOT-114784,0,0.4678,Active
SPOT-114785,0,0.3263,Active
SPOT-114786,0,0.2902,Active
SPOT-114787,0,0.4309,Active
SPOT-114788,0,0.3749,Active
SPOT-114789,0,0.241,Active
SPOT-114790,0,0.4498,Active
SPOT-114791,0,0.4367,Active
SPOT-114792,1,0.6432,Low Usage / No Time
SPOT-114793,0,0.2012,Active
SPOT-114794,0,0.2715,Active
SPOT-114795,0,0.4108,Active
SPOT-114796,1,0.6924,Low Usage / No Time
SPOT-114797,0,0.5591,Active
SPOT-114798,0,0.3815,Active
SPOT-114799,0,0.2066,Active
SPOT-114800,0,0.3061,Active
SPOT-114801,0,0.3201,Active
SPOT-114802,0,0.5571,Active
SPOT-114803,1,0.66,Too Many Ads
SPOT-114804,0,0.52,Active
SPOT-114805,0,0.1854,Active
SPOT-114806,0,0.2355,Active
SPOT-114807,0,0.3261,Active
SPOT-114808,0,0.3215,Active
SPOT-114809,0,0.3171,Active
SPOT-114810,0,0.4227,Active
SPOT-114811,0,0.4337,Active
SPOT-114812,0,0.3785,Active
SPOT-114813,0,0.4118,Active
SPOT-114814,1,0.5732,Switched to Competitor
SPOT-114815,0,0.0787,Active
SPOT-114816,0,0.4926,Active
SPOT-114817,0,0.4027,Active
SPOT-114818,0,0.4435,Active
SPOT-114819,0,0.4852,Active
SPOT-114820,0,0.3953,Active
SPOT-114821,1,0.5721,Too Many Ads
SPOT-114822,0,0.4811,Active
SPOT-114823,0,0.2732,Active
SPOT-114824,0,0.3396,Active
SPOT-114825,1,0.5955,Too Many Ads
SPOT-114826,0,0.3855,Active
SPOT-114827,0,0.3127,Active
SPOT-114828,0,0.4644,Active
SPOT-114829,0,0.4038,Active
SPOT-114830,0,0.3264,Active
SPOT-114831,0,0.3472,Active
SPOT-114832,0,0.568,Active
SPOT-114833,0,0.5645,Active
SPOT-114834,1,0.582,Price / Cost
SPOT-114835,0,0.351,Active
SPOT-114836,0,0.4751,Active
SPOT-114837,1,0.5984,Too Many Ads
SPOT-114838,1,0.5723,Switched to Competitor
SPOT-114839,0,0.4149,Active
SPOT-114840,0,0.5386,Active
SPOT-114841,0,0.4537,Active
SPOT-114842,0,0.5318,Active
SPOT-114843,0,0.3843,Active
SPOT-114844,0,0.5339,Active
SPOT-114845,0,0.4997,Active
SPOT-114846,0,0.1948,Active
SPOT-114847,0,0.4408,Active
SPOT-114848,0,0.2868,Active
SPOT-114849,1,0.6015,Switched to Competitor
SPOT-114850,0,0.2889,Active
SPOT-114851,0,0.2728,Active
SPOT-114852,0,0.2428,Active
SPOT-114853,1,0.5978,Switched to Competitor
SPOT-114854,0,0.3588,Active
SPOT-114855,0,0.4681,Active
SPOT-114856,1,0.5934,Price / Cost
SPOT-114857,0,0.4469,Active
SPOT-114858,0,0.437,Active
SPOT-114859,0,0.2982,Active
SPOT-114860,0,0.5617,Active
SPOT-114861,1,0.6276,Too Many Ads
SPOT-114862,0,0.431,Active
SPOT-114863,0,0.4939,Active
SPOT-114864,0,0.369,Active
SPOT-114865,0,0.5483,Active
SPOT-114866,0,0.258,Active
SPOT-114867,0,0.3556,Active
SPOT-114868,0,0.2707,Active
SPOT-114869,1,0.6212,Price / Cost
SPOT-114870,0,0.417,Active
SPOT-114871,0,0.3493,Active
SPOT-114872,1,0.655,Too Many Ads
SPOT-114873,1,0.5881,Low Usage / No Time
SPOT-114874,0,0.1618,Active
SPOT-114875,0,0.459,Active
SPOT-114876,0,0.5352,Active
SPOT-114877,0,0.228,Active
SPOT-114878,1,0.6692,Technical Bugs
SPOT-114879,0,0.3639,Active
SPOT-114880,0,0.5495,Active
SPOT-114881,0,0.3879,Active
SPOT-114882,0,0.405,Active
SPOT-114883,0,0.3204,Active
SPOT-114884,1,0.6012,Price / Cost
SPOT-114885,0,0.3722,Active
SPOT-114886,0,0.2365,Active
SPOT-114887,0,0.547,Active
SPOT-114888,1,0.6102,Price / Cost
SPOT-114889,0,0.5042,Active
SPOT-114890,1,0.7274,Too Many Ads
SPOT-114891,1,0.6978,Too Many Ads
SPOT-114892,1,0.5808,Switched to Competitor
SPOT-114893,0,0.2584,Active
SPOT-114894,0,0.3275,Active
SPOT-114895,0,0.3582,Active
SPOT-114896,0,0.3427,Active
SPOT-114897,0,0.4247,Active
SPOT-114898,0,0.4456,Active
SPOT-114899,0,0.3784,Active
SPOT-114900,0,0.455,Active
SPOT-114901,0,0.2223,Active
SPOT-114902,0,0.5097,Active
SPOT-114903,1,0.6906,Too Many Ads
SPOT-114904,0,0.506,Active
SPOT-114905,1,0.5784,Switched to Competitor
SPOT-114906,0,0.1874,Active
SPOT-114907,1,0.5949,Switched to Competitor
SPOT-114908,0,0.4663,Active
SPOT-114909,0,0.1442,Active
SPOT-114910,0,0.4115,Active
SPOT-114911,0,0.4318,Active
SPOT-114912,0,0.3002,Active
SPOT-114913,0,0.3843,Active
SPOT-114914,0,0.4475,Active
SPOT-114915,0,0.5433,Active
SPOT-114916,1,0.6153,Low Usage / No Time
SPOT-114917,0,0.2653,Active
SPOT-114918,1,0.6206,Low Usage / No Time
SPOT-114919,0,0.4619,Active
SPOT-114920,0,0.2758,Active
SPOT-114921,0,0.553,Active
SPOT-114922,1,0.6187,Technical Bugs
SPOT-114923,1,0.5716,Price / Cost
SPOT-114924,0,0.4749,Active
SPOT-114925,1,0.7597,Too Many Ads
SPOT-114926,1,0.6908,Price / Cost
SPOT-114927,0,0.3087,Active
SPOT-114928,0,0.3631,Active
SPOT-114929,0,0.1652,Active
SPOT-114930,0,0.3662,Active
SPOT-114931,0,0.5327,Active
SPOT-114932,0,0.3777,Active
SPOT-114933,0,0.3423,Active
SPOT-114934,0,0.5616,Active
SPOT-114935,0,0.5297,Active
SPOT-114936,1,0.5764,Price / Cost
SPOT-114937,1,0.7287,Low Usage / No Time
SPOT-114938,1,0.572,Price / Cost
SPOT-114939,0,0.4876,Active
SPOT-114940,0,0.3506,Active
SPOT-114941,0,0.218,Active
SPOT-114942,0,0.3125,Active
SPOT-114943,0,0.5194,Active
SPOT-114944,0,0.3185,Active
SPOT-114945,0,0.1806,Active
SPOT-114946,0,0.1998,Active
SPOT-114947,1,0.6487,Too Many Ads
SPOT-114948,0,0.359,Active
SPOT-114949,1,0.665,Price / Cost
SPOT-114950,1,0.5819,Too Many Ads
SPOT-114951,0,0.3359,Active
SPOT-114952,0,0.3998,Active
SPOT-114953,0,0.2706,Active
SPOT-114954,0,0.3717,Active
SPOT-114955,0,0.516,Active
SPOT-114956,0,0.486,Active
SPOT-114957,0,0.511,Active
SPOT-114958,1,0.7611,Price / Cost
SPOT-114959,0,0.3514,Active
SPOT-114960,0,0.3324,Active
SPOT-114961,0,0.3119,Active
SPOT-114962,0,0.412,Active
SPOT-114963,1,0.5776,Too Many Ads
SPOT-114964,0,0.4451,Active
SPOT-114965,0,0.2941,Active
SPOT-114966,0,0.5376,Active
SPOT-114967,0,0.4679,Active
SPOT-114968,0,0.2882,Active
SPOT-114969,0,0.2348,Active
SPOT-114970,0,0.3638,Active
SPOT-114971,0,0.3944,Active
SPOT-114972,0,0.3332,Active
SPOT-114973,0,0.485,Active
SPOT-114974,0,0.3264,Active
SPOT-114975,1,0.6006,Price / Cost
SPOT-114976,1,0.6789,Switched to Competitor
SPOT-114977,0,0.4378,Active
SPOT-114978,0,0.4882,Active
SPOT-114979,1,0.7002,Price / Cost
SPOT-114980,1,0.611,Price / Cost
SPOT-114981,0,0.2556,Active
SPOT-114982,1,0.5705,Price / Cost
SPOT-114983,0,0.2491,Active
SPOT-114984,0,0.3038,Active
SPOT-114985,0,0.2556,Active
SPOT-114986,0,0.2927,Active
SPOT-114987,0,0.4793,Active
SPOT-114988,1,0.594,Low Usage / No Time
SPOT-114989,0,0.2194,Active
SPOT-114990,0,0.4331,Active
SPOT-114991,0,0.5049,Active
SPOT-114992,0,0.5541,Active
SPOT-114993,0,0.3584,Active
SPOT-114994,0,0.3721,Active
SPOT-114995,0,0.4332,Active
SPOT-114996,0,0.2509,Active
SPOT-114997,0,0.3365,Active
SPOT-114998,0,0.2793,Active
SPOT-114999,0,0.3452,Active
SPOT-115000,0,0.2556,Active
SPOT-115001,0,0.3183,Active
SPOT-115002,0,0.5038,Active
SPOT-115003,0,0.5471,Active
SPOT-115004,0,0.3909,Active
SPOT-115005,0,0.5617,Active
SPOT-115006,0,0.3222,Active
SPOT-115007,0,0.4355,Active
SPOT-115008,0,0.4906,Active
SPOT-115009,0,0.2992,Active
SPOT-115010,1,0.7434,Low Usage / No Time
SPOT-115011,0,0.2407,Active
SPOT-115012,0,0.5382,Active
SPOT-115013,0,0.3587,Active
SPOT-115014,0,0.4401,Active
SPOT-115015,0,0.3761,Active
SPOT-115016,0,0.2098,Active
SPOT-115017,0,0.2229,Active
SPOT-115018,1,0.5873,Switched to Competitor
SPOT-115019,0,0.3308,Active
SPOT-115020,1,0.615,Switched to Competitor
SPOT-115021,1,0.5808,Too Many Ads
SPOT-115022,0,0.4049,Active
SPOT-115023,0,0.1414,Active
SPOT-115024,1,0.6059,Price / Cost
SPOT-115025,0,0.4299,Active
SPOT-115026,0,0.4868,Active
SPOT-115027,0,0.4219,Active
SPOT-115028,0,0.414,Active
SPOT-115029,0,0.2712,Active
SPOT-115030,0,0.3986,Active
SPOT-115031,0,0.4847,Active
SPOT-115032,0,0.3471,Active
SPOT-115033,0,0.3448,Active
SPOT-115034,0,0.2595,Active
SPOT-115035,0,0.2249,Active
SPOT-115036,0,0.1945,Active
SPOT-115037,0,0.3693,Active
SPOT-115038,0,0.1966,Active
SPOT-115039,1,0.5994,Technical Bugs
SPOT-115040,0,0.5355,Active
SPOT-115041,0,0.4528,Active
SPOT-115042,0,0.2984,Active
SPOT-115043,0,0.3601,Active
SPOT-115044,0,0.4936,Active
SPOT-115045,0,0.3365,Active
SPOT-115046,0,0.3919,Active
SPOT-115047,0,0.3002,Active
SPOT-115048,0,0.528,Active
SPOT-115049,0,0.2268,Active
SPOT-115050,0,0.425,Active
SPOT-115051,0,0.5247,Active
SPOT-115052,0,0.3143,Active
SPOT-115053,0,0.4165,Active
SPOT-115054,0,0.3822,Active
SPOT-115055,0,0.3772,Active
SPOT-115056,1,0.63,Technical Bugs
SPOT-115057,1,0.6067,Price / Cost
SPOT-115058,1,0.6861,Switched to Competitor
SPOT-115059,0,0.4005,Active
SPOT-115060,0,0.1472,Active
SPOT-115061,0,0.365,Active
SPOT-115062,0,0.4481,Active
SPOT-115063,0,0.4194,Active
SPOT-115064,1,0.6604,Too Many Ads
SPOT-115065,0,0.509,Active
SPOT-115066,1,0.7195,Too Many Ads
SPOT-115067,0,0.3066,Active
SPOT-115068,0,0.376,Active
SPOT-115069,0,0.4853,Active
SPOT-115070,0,0.3175,Active
SPOT-115071,0,0.4299,Active
SPOT-115072,1,0.7261,Price / Cost
SPOT-115073,0,0.4628,Active
SPOT-115074,0,0.3117,Active
SPOT-115075,1,0.5976,Too Many Ads
SPOT-115076,0,0.4277,Active
SPOT-115077,0,0.1691,Active
SPOT-115078,0,0.5526,Active
SPOT-115079,1,0.5979,Price / Cost
SPOT-115080,1,0.6107,Too Many Ads
SPOT-115081,0,0.3885,Active
SPOT-115082,1,0.6978,Price / Cost
SPOT-115083,0,0.5114,Active
SPOT-115084,1,0.6213,Low Usage / No Time
SPOT-115085,0,0.5557,Active
SPOT-115086,0,0.4216,Active
SPOT-115087,0,0.424,Active
SPOT-115088,0,0.3819,Active
SPOT-115089,1,0.6061,Switched to Competitor
SPOT-115090,0,0.2359,Active
SPOT-115091,0,0.3478,Active
SPOT-115092,0,0.4567,Active
SPOT-115093,0,0.1587,Active
SPOT-115094,0,0.2778,Active
SPOT-115095,0,0.4567,Active
SPOT-115096,0,0.4906,Active
SPOT-115097,0,0.4637,Active
SPOT-115098,0,0.3631,Active
SPOT-115099,1,0.5846,Low Usage / No Time
SPOT-115100,1,0.5967,Switched to Competitor
SPOT-115101,0,0.4427,Active
SPOT-115102,0,0.3288,Active
SPOT-115103,0,0.1758,Active
SPOT-115104,0,0.3442,Active
SPOT-115105,0,0.1738,Active
SPOT-115106,1,0.7175,Price / Cost
SPOT-115107,0,0.4175,Active
SPOT-115108,0,0.3268,Active
SPOT-115109,0,0.2965,Active
SPOT-115110,0,0.3809,Active
SPOT-115111,0,0.3846,Active
SPOT-115112,0,0.5072,Active
SPOT-115113,0,0.5112,Active
SPOT-115114,1,0.6138,Too Many Ads
SPOT-115115,0,0.4695,Active
SPOT-115116,0,0.4589,Active
SPOT-115117,0,0.2746,Active
SPOT-115118,0,0.2779,Active
SPOT-115119,0,0.2616,Active
SPOT-115120,1,0.643,Price / Cost
SPOT-115121,0,0.364,Active
SPOT-115122,0,0.5058,Active
SPOT-115123,0,0.5282,Active
SPOT-115124,1,0.6952,Low Usage / No Time
SPOT-115125,0,0.3608,Active
SPOT-115126,0,0.3258,Active
SPOT-115127,1,0.6664,Switched to Competitor
SPOT-115128,1,0.6685,Too Many Ads
SPOT-115129,0,0.4117,Active
SPOT-115130,0,0.3788,Active
SPOT-115131,0,0.2584,Active
SPOT-115132,0,0.4203,Active
SPOT-115133,1,0.5915,Price / Cost
SPOT-115134,0,0.2329,Active
SPOT-115135,0,0.5298,Active
SPOT-115136,1,0.8104,Price / Cost
SPOT-115137,0,0.3094,Active
SPOT-115138,0,0.3073,Active
SPOT-115139,1,0.634,Price / Cost
SPOT-115140,0,0.5128,Active
SPOT-115141,0,0.3531,Active
SPOT-115142,0,0.4914,Active
SPOT-115143,0,0.4367,Active
SPOT-115144,1,0.6047,Low Usage / No Time
SPOT-115145,0,0.2593,Active
SPOT-115146,0,0.2858,Active
SPOT-115147,0,0.3445,Active
SPOT-115148,0,0.4602,Active
SPOT-115149,1,0.5863,Low Usage / No Time
SPOT-115150,0,0.5598,Active
SPOT-115151,0,0.5086,Active
SPOT-115152,1,0.6332,Switched to Competitor
SPOT-115153,0,0.5503,Active
SPOT-115154,0,0.3239,Active
SPOT-115155,0,0.2422,Active
SPOT-115156,0,0.4034,Active
SPOT-115157,0,0.2613,Active
SPOT-115158,0,0.4872,Active
SPOT-115159,0,0.3338,Active
SPOT-115160,0,0.4691,Active
SPOT-115161,0,0.1385,Active
SPOT-115162,1,0.7347,Price / Cost
SPOT-115163,1,0.582,Low Usage / No Time
SPOT-115164,0,0.2812,Active
SPOT-115165,0,0.4065,Active
SPOT-115166,0,0.1964,Active
SPOT-115167,0,0.3634,Active
SPOT-115168,0,0.1646,Active
SPOT-115169,0,0.1482,Active
SPOT-115170,0,0.1744,Active
SPOT-115171,0,0.0877,Active
SPOT-115172,0,0.4189,Active
SPOT-115173,0,0.2077,Active
SPOT-115174,0,0.5521,Active
SPOT-115175,0,0.09,Active
SPOT-115176,0,0.3383,Active
SPOT-115177,0,0.5027,Active
SPOT-115178,1,0.5904,Too Many Ads
SPOT-115179,0,0.5477,Active
SPOT-115180,0,0.2663,Active
SPOT-115181,0,0.4192,Active
SPOT-115182,1,0.5971,Price / Cost
SPOT-115183,0,0.3813,Active
SPOT-115184,0,0.3744,Active
SPOT-115185,1,0.6028,Switched to Competitor
SPOT-115186,1,0.6346,Price / Cost
SPOT-115187,1,0.6146,Price / Cost
SPOT-115188,0,0.4434,Active
SPOT-115189,0,0.5502,Active
SPOT-115190,0,0.4761,Active
SPOT-115191,1,0.7046,Switched to Competitor
SPOT-115192,0,0.4862,Active
SPOT-115193,0,0.508,Active
SPOT-115194,0,0.4363,Active
SPOT-115195,0,0.3288,Active
SPOT-115196,0,0.5409,Active
SPOT-115197,0,0.2627,Active
SPOT-115198,0,0.4677,Active
SPOT-115199,0,0.3881,Active
SPOT-115200,0,0.3715,Active
SPOT-115201,0,0.315,Active
SPOT-115202,1,0.6003,Price / Cost
SPOT-115203,0,0.4752,Active
SPOT-115204,1,0.6786,Price / Cost
SPOT-115205,0,0.4179,Active
SPOT-115206,0,0.2685,Active
SPOT-115207,0,0.3462,Active
SPOT-115208,0,0.2766,Active
SPOT-115209,0,0.3406,Active
SPOT-115210,0,0.5213,Active
SPOT-115211,0,0.5628,Active
SPOT-115212,0,0.2544,Active
SPOT-115213,0,0.396,Active
SPOT-115214,0,0.2539,Active
SPOT-115215,1,0.7,Too Many Ads
SPOT-115216,1,0.5787,Low Usage / No Time
SPOT-115217,0,0.3177,Active
SPOT-115218,0,0.471,Active
SPOT-115219,0,0.318,Active
SPOT-115220,0,0.3983,Active
SPOT-115221,0,0.3561,Active
SPOT-115222,1,0.6724,Technical Bugs
SPOT-115223,0,0.4602,Active
SPOT-115224,0,0.4985,Active
SPOT-115225,0,0.3877,Active
SPOT-115226,0,0.3816,Active
SPOT-115227,0,0.4748,Active
SPOT-115228,0,0.2497,Active
SPOT-115229,0,0.2811,Active
SPOT-115230,0,0.4956,Active
SPOT-115231,0,0.3714,Active
SPOT-115232,0,0.3837,Active
SPOT-115233,0,0.3666,Active
SPOT-115234,0,0.3416,Active
SPOT-115235,0,0.5344,Active
SPOT-115236,0,0.3505,Active
SPOT-115237,1,0.5901,Low Usage / No Time
SPOT-115238,0,0.4778,Active
SPOT-115239,1,0.5725,Price / Cost
SPOT-115240,0,0.1799,Active
SPOT-115241,1,0.6581,Low Usage / No Time
SPOT-115242,0,0.3197,Active
SPOT-115243,0,0.4661,Active
SPOT-115244,1,0.6856,Price / Cost
SPOT-115245,0,0.4729,Active
SPOT-115246,1,0.6177,Price / Cost
SPOT-115247,0,0.3609,Active
SPOT-115248,0,0.3581,Active
SPOT-115249,0,0.4591,Active
SPOT-115250,1,0.635,Price / Cost
SPOT-115251,0,0.3719,Active
SPOT-115252,0,0.5613,Active
SPOT-115253,0,0.2184,Active
SPOT-115254,0,0.293,Active
SPOT-115255,0,0.3226,Active
SPOT-115256,0,0.2172,Active
SPOT-115257,1,0.7353,Price / Cost
SPOT-115258,0,0.2777,Active
SPOT-115259,0,0.366,Active
SPOT-115260,0,0.2814,Active
SPOT-115261,0,0.3313,Active
SPOT-115262,0,0.3711,Active
SPOT-115263,0,0.3517,Active
SPOT-115264,0,0.47,Active
SPOT-115265,0,0.3195,Active
SPOT-115266,0,0.4869,Active
SPOT-115267,0,0.3757,Active
SPOT-115268,0,0.2659,Active
SPOT-115269,1,0.7451,Low Usage / No Time
SPOT-115270,0,0.3771,Active
SPOT-115271,1,0.6104,Price / Cost
SPOT-115272,0,0.4923,Active
SPOT-115273,0,0.2658,Active
SPOT-115274,1,0.6662,Low Usage / No Time
SPOT-115275,0,0.5322,Active
SPOT-115276,0,0.2137,Active
SPOT-115277,0,0.3546,Active
SPOT-115278,0,0.5053,Active
SPOT-115279,1,0.7244,Low Usage / No Time
SPOT-115280,0,0.2593,Active
SPOT-115281,0,0.2903,Active
SPOT-115282,0,0.4479,Active
SPOT-115283,0,0.2863,Active
SPOT-115284,0,0.2052,Active
SPOT-115285,0,0.3885,Active
SPOT-115286,0,0.2994,Active
SPOT-115287,1,0.6857,Price / Cost
SPOT-115288,0,0.434,Active
SPOT-115289,0,0.283,Active
SPOT-115290,0,0.3013,Active
SPOT-115291,0,0.3188,Active
SPOT-115292,0,0.4547,Active
SPOT-115293,0,0.3073,Active
SPOT-115294,0,0.146,Active
SPOT-115295,0,0.2358,Active
SPOT-115296,0,0.4568,Active
SPOT-115297,0,0.368,Active
SPOT-115298,0,0.3761,Active
SPOT-115299,0,0.2209,Active
SPOT-115300,0,0.4411,Active
SPOT-115301,0,0.3859,Active
SPOT-115302,0,0.3293,Active
SPOT-115303,1,0.5795,Too Many Ads
SPOT-115304,0,0.2269,Active
SPOT-115305,0,0.3909,Active
SPOT-115306,0,0.3329,Active
SPOT-115307,0,0.5599,Active
SPOT-115308,1,0.683,Price / Cost
SPOT-115309,0,0.4015,Active
SPOT-115310,0,0.5077,Active
SPOT-115311,0,0.4126,Active
SPOT-115312,1,0.7209,Price / Cost
SPOT-115313,0,0.4806,Active
SPOT-115314,0,0.5553,Active
SPOT-115315,0,0.4278,Active
SPOT-115316,0,0.3193,Active
SPOT-115317,0,0.142,Active
SPOT-115318,0,0.1825,Active
SPOT-115319,1,0.5813,Too Many Ads
SPOT-115320,0,0.5497,Active
SPOT-115321,0,0.4442,Active
SPOT-115322,0,0.5334,Active
SPOT-115323,0,0.3381,Active
SPOT-115324,1,0.6739,Too Many Ads
SPOT-115325,0,0.5097,Active
SPOT-115326,0,0.2712,Active
SPOT-115327,1,0.7528,Too Many Ads
SPOT-115328,0,0.3092,Active
SPOT-115329,1,0.5968,Too Many Ads
SPOT-115330,0,0.3042,Active
SPOT-115331,0,0.4337,Active
SPOT-115332,0,0.4137,Active
SPOT-115333,0,0.5373,Active
SPOT-115334,0,0.3705,Active
SPOT-115335,0,0.3269,Active
SPOT-115336,1,0.5991,Low Usage / No Time
SPOT-115337,0,0.3829,Active
SPOT-115338,0,0.3959,Active
SPOT-115339,0,0.5632,Active
SPOT-115340,0,0.306,Active
SPOT-115341,0,0.365,Active
SPOT-115342,0,0.1748,Active
SPOT-115343,0,0.3622,Active
SPOT-115344,1,0.6058,Too Many Ads
SPOT-115345,0,0.2081,Active
SPOT-115346,0,0.3121,Active
SPOT-115347,0,0.4751,Active
SPOT-115348,0,0.3251,Active
SPOT-115349,0,0.4385,Active
SPOT-115350,0,0.2308,Active
SPOT-115351,0,0.3452,Active
SPOT-115352,0,0.46,Active
SPOT-115353,0,0.464,Active
SPOT-115354,0,0.4174,Active
SPOT-115355,1,0.5996,Too Many Ads
SPOT-115356,0,0.2669,Active
SPOT-115357,0,0.3728,Active
SPOT-115358,0,0.3929,Active
SPOT-115359,1,0.583,Price / Cost
SPOT-115360,0,0.4306,Active
SPOT-115361,0,0.2413,Active
SPOT-115362,0,0.2674,Active
SPOT-115363,1,0.6693,Too Many Ads
SPOT-115364,0,0.4047,Active
SPOT-115365,0,0.3335,Active
SPOT-115366,1,0.6885,Price / Cost
SPOT-115367,0,0.4278,Active
SPOT-115368,1,0.6174,Technical Bugs
SPOT-115369,0,0.2966,Active
SPOT-115370,0,0.292,Active
SPOT-115371,0,0.1735,Active
SPOT-115372,0,0.409,Active
SPOT-115373,0,0.4294,Active
SPOT-115374,0,0.4881,Active
SPOT-115375,0,0.5188,Active
SPOT-115376,0,0.1994,Active
SPOT-115377,1,0.6413,Price / Cost
SPOT-115378,0,0.4208,Active
SPOT-115379,0,0.5126,Active
SPOT-115380,0,0.3713,Active
SPOT-115381,0,0.3847,Active
SPOT-115382,0,0.3606,Active
SPOT-115383,0,0.4565,Active
SPOT-115384,0,0.3697,Active
SPOT-115385,0,0.4745,Active
SPOT-115386,1,0.6086,Price / Cost
SPOT-115387,0,0.3156,Active
SPOT-115388,0,0.4767,Active
SPOT-115389,0,0.4348,Active
SPOT-115390,0,0.4748,Active
SPOT-115391,0,0.4905,Active
SPOT-115392,0,0.2137,Active
SPOT-115393,0,0.2318,Active
SPOT-115394,0,0.2814,Active
SPOT-115395,0,0.4457,Active
SPOT-115396,0,0.506,Active
SPOT-115397,0,0.2618,Active
SPOT-115398,1,0.7256,Price / Cost
SPOT-115399,0,0.285,Active
SPOT-115400,1,0.5705,Price / Cost
SPOT-115401,0,0.4031,Active
SPOT-115402,0,0.5084,Active
SPOT-115403,0,0.4993,Active
SPOT-115404,0,0.4365,Active
SPOT-115405,0,0.5573,Active
SPOT-115406,0,0.3872,Active
SPOT-115407,0,0.3304,Active
SPOT-115408,0,0.5604,Active
SPOT-115409,0,0.3457,Active
SPOT-115410,0,0.4316,Active
SPOT-115411,0,0.3207,Active
SPOT-115412,1,0.6456,Too Many Ads
SPOT-115413,0,0.4012,Active
SPOT-115414,0,0.1023,Active
SPOT-115415,0,0.299,Active
SPOT-115416,0,0.3981,Active
SPOT-115417,0,0.4064,Active
SPOT-115418,0,0.2715,Active
SPOT-115419,0,0.3273,Active
SPOT-115420,0,0.5271,Active
SPOT-115421,0,0.2852,Active
SPOT-115422,0,0.2883,Active
SPOT-115423,0,0.3266,Active
SPOT-115424,0,0.5055,Active
SPOT-115425,0,0.2552,Active
SPOT-115426,0,0.4504,Active
SPOT-115427,1,0.6947,Switched to Competitor
SPOT-115428,0,0.4832,Active
SPOT-115429,0,0.4087,Active
SPOT-115430,0,0.4653,Active
SPOT-115431,0,0.3168,Active
SPOT-115432,0,0.5001,Active
SPOT-115433,0,0.1525,Active
SPOT-115434,0,0.478,Active
SPOT-115435,0,0.4787,Active
SPOT-115436,0,0.5345,Active
SPOT-115437,0,0.4149,Active
SPOT-115438,0,0.3936,Active
SPOT-115439,0,0.4439,Active
SPOT-115440,0,0.3692,Active
SPOT-115441,1,0.7277,Too Many Ads
SPOT-115442,0,0.379,Active
SPOT-115443,0,0.2895,Active
SPOT-115444,1,0.6548,Price / Cost
SPOT-115445,0,0.3897,Active
SPOT-115446,0,0.4651,Active
SPOT-115447,0,0.2531,Active
SPOT-115448,0,0.4474,Active
SPOT-115449,0,0.5185,Active
SPOT-115450,1,0.6835,Technical Bugs
SPOT-115451,1,0.5715,Low Usage / No Time
SPOT-115452,0,0.3935,Active
SPOT-115453,0,0.4359,Active
SPOT-115454,0,0.3427,Active
SPOT-115455,0,0.4393,Active
SPOT-115456,0,0.5637,Active
SPOT-115457,1,0.5994,Price / Cost
SPOT-115458,1,0.5936,Too Many Ads
SPOT-115459,0,0.4716,Active
SPOT-115460,0,0.2374,Active
SPOT-115461,0,0.5202,Active
SPOT-115462,0,0.4862,Active
SPOT-115463,0,0.3132,Active
SPOT-115464,0,0.5051,Active
SPOT-115465,0,0.4953,Active
SPOT-115466,0,0.5008,Active
SPOT-115467,0,0.4388,Active
SPOT-115468,0,0.4543,Active
SPOT-115469,0,0.321,Active
SPOT-115470,0,0.4383,Active
SPOT-115471,0,0.2852,Active
SPOT-115472,0,0.33,Active
SPOT-115473,0,0.2135,Active
SPOT-115474,0,0.4661,Active
SPOT-115475,0,0.532,Active
SPOT-115476,0,0.416,Active
SPOT-115477,1,0.6276,Switched to Competitor
SPOT-115478,1,0.6971,Price / Cost
SPOT-115479,0,0.4854,Active
SPOT-115480,1,0.5983,Low Usage / No Time
SPOT-115481,1,0.5841,Too Many Ads
SPOT-115482,0,0.3182,Active
SPOT-115483,0,0.4685,Active
SPOT-115484,0,0.2267,Active
SPOT-115485,0,0.3758,Active
SPOT-115486,0,0.5414,Active
SPOT-115487,1,0.6052,Price / Cost
SPOT-115488,0,0.493,Active
SPOT-115489,0,0.2513,Active
SPOT-115490,0,0.5622,Active
SPOT-115491,0,0.2817,Active
SPOT-115492,0,0.5294,Active
SPOT-115493,0,0.1185,Active
SPOT-115494,0,0.4815,Active
SPOT-115495,0,0.3465,Active
SPOT-115496,0,0.3573,Active
SPOT-115497,0,0.5544,Active
SPOT-115498,0,0.1721,Active
SPOT-115499,0,0.279,Active
SPOT-115500,1,0.5762,Too Many Ads
SPOT-115501,0,0.3575,Active
SPOT-115502,0,0.4875,Active
SPOT-115503,0,0.2204,Active
SPOT-115504,0,0.4259,Active
SPOT-115505,0,0.4374,Active
SPOT-115506,0,0.4419,Active
SPOT-115507,1,0.5755,Price / Cost
SPOT-115508,0,0.5075,Active
SPOT-115509,0,0.3941,Active
SPOT-115510,0,0.222,Active
SPOT-115511,0,0.3603,Active
SPOT-115512,1,0.6934,Price / Cost
SPOT-115513,0,0.3854,Active
SPOT-115514,0,0.4733,Active
SPOT-115515,1,0.613,Price / Cost
SPOT-115516,0,0.4966,Active
SPOT-115517,0,0.5175,Active
SPOT-115518,0,0.3989,Active
SPOT-115519,0,0.2837,Active
SPOT-115520,0,0.3757,Active
SPOT-115521,0,0.4068,Active
SPOT-115522,0,0.4442,Active
SPOT-115523,1,0.6301,Switched to Competitor
SPOT-115524,0,0.4698,Active
SPOT-115525,1,0.6587,Price / Cost
SPOT-115526,0,0.4573,Active
SPOT-115527,0,0.3475,Active
SPOT-115528,0,0.5355,Active
SPOT-115529,0,0.426,Active
SPOT-115530,0,0.2003,Active
SPOT-115531,1,0.7019,Low Usage / No Time
SPOT-115532,0,0.3665,Active
SPOT-115533,0,0.491,Active
SPOT-115534,0,0.4729,Active
SPOT-115535,0,0.3319,Active
SPOT-115536,1,0.5811,Price / Cost
SPOT-115537,0,0.3012,Active
SPOT-115538,0,0.4705,Active
SPOT-115539,0,0.3049,Active
SPOT-115540,0,0.4542,Active
SPOT-115541,0,0.493,Active
SPOT-115542,0,0.4083,Active
SPOT-115543,0,0.4701,Active
SPOT-115544,0,0.1666,Active
SPOT-115545,0,0.3205,Active
SPOT-115546,0,0.3675,Active
SPOT-115547,0,0.5291,Active
SPOT-115548,0,0.1531,Active
SPOT-115549,0,0.5154,Active
SPOT-115550,0,0.4479,Active
SPOT-115551,0,0.2872,Active
SPOT-115552,0,0.511,Active
SPOT-115553,0,0.4415,Active
SPOT-115554,0,0.5458,Active
SPOT-115555,0,0.4027,Active
SPOT-115556,0,0.3172,Active
SPOT-115557,0,0.4214,Active
SPOT-115558,1,0.7121,Switched to Competitor
SPOT-115559,1,0.5888,Price / Cost
SPOT-115560,0,0.5251,Active
SPOT-115561,0,0.3632,Active
SPOT-115562,1,0.7506,Too Many Ads
SPOT-115563,0,0.3246,Active
SPOT-115564,0,0.5505,Active
SPOT-115565,1,0.7023,Too Many Ads
SPOT-115566,0,0.4334,Active
SPOT-115567,1,0.7664,Too Many Ads
SPOT-115568,0,0.561,Active
SPOT-115569,0,0.3734,Active
SPOT-115570,0,0.227,Active
SPOT-115571,1,0.7044,Price / Cost
SPOT-115572,0,0.4991,Active
SPOT-115573,1,0.5921,Price / Cost
SPOT-115574,0,0.4485,Active
SPOT-115575,0,0.3747,Active
SPOT-115576,0,0.2939,Active
SPOT-115577,0,0.4293,Active
SPOT-115578,0,0.5528,Active
SPOT-115579,0,0.4668,Active
SPOT-115580,0,0.411,Active
SPOT-115581,0,0.5442,Active
SPOT-115582,0,0.2698,Active
SPOT-115583,0,0.5351,Active
SPOT-115584,0,0.4975,Active
SPOT-115585,1,0.7101,Price / Cost
SPOT-115586,0,0.2382,Active
SPOT-115587,0,0.441,Active
SPOT-115588,0,0.5665,Active
SPOT-115589,1,0.7003,Too Many Ads
SPOT-115590,0,0.4745,Active
SPOT-115591,0,0.4699,Active
SPOT-115592,1,0.7192,Switched to Competitor
SPOT-115593,0,0.3323,Active
SPOT-115594,0,0.2875,Active
SPOT-115595,0,0.2912,Active
SPOT-115596,0,0.2695,Active
SPOT-115597,0,0.3855,Active
SPOT-115598,1,0.6577,Price / Cost
SPOT-115599,0,0.5552,Active
SPOT-115600,0,0.5467,Active
SPOT-115601,0,0.3931,Active
SPOT-115602,0,0.4655,Active
SPOT-115603,1,0.603,Too Many Ads
SPOT-115604,1,0.5933,Low Usage / No Time
SPOT-115605,0,0.5608,Active
SPOT-115606,1,0.6571,Price / Cost
SPOT-115607,0,0.409,Active
SPOT-115608,0,0.4216,Active
SPOT-115609,0,0.1821,Active
SPOT-115610,0,0.4146,Active
SPOT-115611,0,0.3264,Active
SPOT-115612,0,0.4238,Active
SPOT-115613,0,0.4148,Active
SPOT-115614,0,0.4852,Active
SPOT-115615,0,0.1705,Active
SPOT-115616,0,0.483,Active
SPOT-115617,1,0.6101,Low Usage / No Time
SPOT-115618,0,0.3155,Active
SPOT-115619,0,0.2287,Active
SPOT-115620,0,0.5497,Active
SPOT-115621,0,0.3017,Active
SPOT-115622,1,0.6966,Price / Cost
SPOT-115623,0,0.3905,Active
SPOT-115624,0,0.0883,Active
SPOT-115625,0,0.3182,Active
SPOT-115626,0,0.2496,Active
SPOT-115627,1,0.6065,Price / Cost
SPOT-115628,0,0.5439,Active
SPOT-115629,0,0.415,Active
SPOT-115630,0,0.4269,Active
SPOT-115631,1,0.7533,Switched to Competitor
SPOT-115632,0,0.1905,Active
SPOT-115633,0,0.4441,Active
SPOT-115634,0,0.2274,Active
SPOT-115635,0,0.5024,Active
SPOT-115636,0,0.2392,Active
SPOT-115637,0,0.5571,Active
SPOT-115638,0,0.5488,Active
SPOT-115639,1,0.5975,Low Usage / No Time
SPOT-115640,0,0.3371,Active
SPOT-115641,0,0.2747,Active
SPOT-115642,0,0.477,Active
SPOT-115643,0,0.3992,Active
SPOT-115644,0,0.5091,Active
SPOT-115645,1,0.5757,Price / Cost
SPOT-115646,0,0.5314,Active
SPOT-115647,0,0.2333,Active
SPOT-115648,0,0.2034,Active
SPOT-115649,0,0.3122,Active
SPOT-115650,0,0.4835,Active
SPOT-115651,0,0.3771,Active
SPOT-115652,0,0.5067,Active
SPOT-115653,0,0.1818,Active
SPOT-115654,0,0.1719,Active
SPOT-115655,0,0.4066,Active
SPOT-115656,0,0.3442,Active
SPOT-115657,0,0.4289,Active
SPOT-115658,0,0.1435,Active
SPOT-115659,0,0.445,Active
SPOT-115660,0,0.3651,Active
SPOT-115661,1,0.6872,Price / Cost
SPOT-115662,0,0.4146,Active
SPOT-115663,0,0.3979,Active
SPOT-115664,0,0.3511,Active
SPOT-115665,0,0.1961,Active
SPOT-115666,0,0.441,Active
SPOT-115667,0,0.2743,Active
SPOT-115668,0,0.508,Active
SPOT-115669,0,0.3347,Active
SPOT-115670,0,0.3466,Active
SPOT-115671,0,0.1437,Active
SPOT-115672,0,0.5204,Active
SPOT-115673,0,0.3504,Active
SPOT-115674,0,0.3002,Active
SPOT-115675,0,0.2075,Active
SPOT-115676,0,0.3278,Active
SPOT-115677,0,0.3911,Active
SPOT-115678,0,0.4407,Active
SPOT-115679,0,0.3213,Active
SPOT-115680,1,0.7033,Too Many Ads
SPOT-115681,0,0.2976,Active
SPOT-115682,0,0.2381,Active
SPOT-115683,0,0.2282,Active
SPOT-115684,0,0.4436,Active
SPOT-115685,0,0.277,Active
SPOT-115686,0,0.3859,Active
SPOT-115687,1,0.7016,Switched to Competitor
SPOT-115688,0,0.4393,Active
SPOT-115689,0,0.5596,Active
SPOT-115690,0,0.4224,Active
SPOT-115691,0,0.467,Active
SPOT-115692,0,0.5414,Active
SPOT-115693,0,0.3686,Active
SPOT-115694,1,0.6202,Price / Cost
SPOT-115695,1,0.6163,Price / Cost
SPOT-115696,0,0.3602,Active
SPOT-115697,0,0.3036,Active
SPOT-115698,0,0.3539,Active
SPOT-115699,0,0.1354,Active
SPOT-115700,0,0.4493,Active
SPOT-115701,0,0.0877,Active
SPOT-115702,0,0.3901,Active
SPOT-115703,0,0.3705,Active
SPOT-115704,0,0.3401,Active
SPOT-115705,1,0.6162,Price / Cost
SPOT-115706,1,0.6469,Switched to Competitor
SPOT-115707,0,0.4385,Active
SPOT-115708,0,0.4687,Active
SPOT-115709,0,0.2715,Active
SPOT-115710,0,0.4891,Active
SPOT-115711,0,0.309,Active
SPOT-115712,0,0.2062,Active
SPOT-115713,0,0.2075,Active
SPOT-115714,0,0.2011,Active
SPOT-115715,0,0.4758,Active
SPOT-115716,0,0.4502,Active
SPOT-115717,1,0.5807,Too Many Ads
SPOT-115718,1,0.601,Switched to Competitor
SPOT-115719,0,0.378,Active
SPOT-115720,0,0.4007,Active
SPOT-115721,0,0.2834,Active
SPOT-115722,1,0.5991,Low Usage / No Time
SPOT-115723,0,0.4366,Active
SPOT-115724,0,0.2509,Active
SPOT-115725,0,0.5389,Active
SPOT-115726,0,0.3504,Active
SPOT-115727,0,0.2138,Active
SPOT-115728,0,0.4332,Active
SPOT-115729,0,0.4197,Active
SPOT-115730,0,0.2922,Active
SPOT-115731,0,0.4578,Active
SPOT-115732,0,0.2492,Active
SPOT-115733,0,0.5401,Active
SPOT-115734,0,0.2481,Active
SPOT-115735,0,0.3663,Active
SPOT-115736,0,0.348,Active
SPOT-115737,1,0.7212,Price / Cost
SPOT-115738,0,0.4568,Active
SPOT-115739,0,0.4329,Active
SPOT-115740,0,0.3709,Active
SPOT-115741,0,0.379,Active
SPOT-115742,0,0.2542,Active
SPOT-115743,1,0.5694,Price / Cost
SPOT-115744,1,0.6941,Too Many Ads
SPOT-115745,1,0.5806,Price / Cost
SPOT-115746,1,0.6433,Price / Cost
SPOT-115747,0,0.4152,Active
SPOT-115748,0,0.2494,Active
SPOT-115749,0,0.3536,Active
SPOT-115750,0,0.3926,Active
SPOT-115751,1,0.6427,Price / Cost
SPOT-115752,0,0.344,Active
SPOT-115753,1,0.6812,Too Many Ads
SPOT-115754,0,0.3242,Active
SPOT-115755,1,0.5987,Price / Cost
SPOT-115756,0,0.3774,Active
SPOT-115757,0,0.3543,Active
SPOT-115758,1,0.6466,Low Usage / No Time
SPOT-115759,0,0.3575,Active
SPOT-115760,0,0.4871,Active
SPOT-115761,0,0.4703,Active
SPOT-115762,0,0.4255,Active
SPOT-115763,1,0.6092,Too Many Ads
SPOT-115764,0,0.2702,Active
SPOT-115765,0,0.3902,Active
SPOT-115766,1,0.7065,Price / Cost
SPOT-115767,0,0.5607,Active
SPOT-115768,0,0.3152,Active
SPOT-115769,0,0.3754,Active
SPOT-115770,0,0.332,Active
SPOT-115771,1,0.578,Switched to Competitor
SPOT-115772,0,0.3113,Active
SPOT-115773,0,0.5158,Active
SPOT-115774,0,0.4667,Active
SPOT-115775,0,0.4863,Active
SPOT-115776,0,0.1313,Active
SPOT-115777,0,0.5618,Active
SPOT-115778,1,0.6033,Low Usage / No Time
SPOT-115779,0,0.3877,Active
SPOT-115780,0,0.564,Active
SPOT-115781,0,0.1802,Active
SPOT-115782,0,0.164,Active
SPOT-115783,1,0.6985,Too Many Ads
SPOT-115784,0,0.1971,Active
SPOT-115785,0,0.398,Active
SPOT-115786,0,0.4172,Active
SPOT-115787,0,0.3909,Active
SPOT-115788,0,0.3884,Active
SPOT-115789,0,0.4373,Active
SPOT-115790,0,0.5015,Active
SPOT-115791,0,0.2367,Active
SPOT-115792,0,0.2479,Active
SPOT-115793,1,0.6549,Price / Cost
SPOT-115794,0,0.4233,Active
SPOT-115795,0,0.2353,Active
SPOT-115796,0,0.5589,Active
SPOT-115797,0,0.3278,Active
SPOT-115798,0,0.347,Active
SPOT-115799,0,0.4529,Active
SPOT-115800,1,0.6061,Too Many Ads
SPOT-115801,0,0.5474,Active
SPOT-115802,0,0.2398,Active
SPOT-115803,0,0.4304,Active
SPOT-115804,0,0.2133,Active
SPOT-115805,1,0.662,Price / Cost
SPOT-115806,1,0.5889,Switched to Competitor
SPOT-115807,1,0.632,Price / Cost
SPOT-115808,0,0.5072,Active
SPOT-115809,0,0.2796,Active
SPOT-115810,0,0.4767,Active
SPOT-115811,0,0.34,Active
SPOT-115812,0,0.4314,Active
SPOT-115813,0,0.4085,Active
SPOT-115814,0,0.3554,Active
SPOT-115815,1,0.5989,Too Many Ads
SPOT-115816,0,0.5294,Active
SPOT-115817,0,0.1432,Active
SPOT-115818,0,0.269,Active
SPOT-115819,0,0.2092,Active
SPOT-115820,0,0.3029,Active
SPOT-115821,0,0.3459,Active
SPOT-115822,0,0.5007,Active
SPOT-115823,0,0.2361,Active
SPOT-115824,0,0.3917,Active
SPOT-115825,0,0.2082,Active
SPOT-115826,0,0.3043,Active
SPOT-115827,1,0.6511,Price / Cost
SPOT-115828,1,0.5885,Price / Cost
SPOT-115829,1,0.7246,Switched to Competitor
SPOT-115830,1,0.6714,Low Usage / No Time
SPOT-115831,0,0.5241,Active
SPOT-115832,0,0.4439,Active
SPOT-115833,0,0.3771,Active
SPOT-115834,0,0.4006,Active
SPOT-115835,1,0.6249,Price / Cost
SPOT-115836,1,0.6629,Too Many Ads
SPOT-115837,0,0.5473,Active
SPOT-115838,0,0.4971,Active
SPOT-115839,0,0.4943,Active
SPOT-115840,0,0.4416,Active
SPOT-115841,0,0.4577,Active
SPOT-115842,0,0.3069,Active
SPOT-115843,0,0.2594,Active
SPOT-115844,0,0.1655,Active
SPOT-115845,0,0.1499,Active
SPOT-115846,0,0.3251,Active
SPOT-115847,0,0.4264,Active
SPOT-115848,0,0.4609,Active
SPOT-115849,0,0.289,Active
SPOT-115850,1,0.586,Too Many Ads
SPOT-115851,0,0.1648,Active
SPOT-115852,0,0.4215,Active
SPOT-115853,0,0.5268,Active
SPOT-115854,0,0.3026,Active
SPOT-115855,0,0.4435,Active
SPOT-115856,1,0.6258,Price / Cost
SPOT-115857,0,0.5129,Active
SPOT-115858,0,0.3663,Active
SPOT-115859,0,0.5272,Active
SPOT-115860,0,0.2653,Active
SPOT-115861,0,0.149,Active
SPOT-115862,0,0.5667,Active
SPOT-115863,0,0.35,Active
SPOT-115864,1,0.7793,Price / Cost
SPOT-115865,1,0.5788,Price / Cost
SPOT-115866,0,0.5157,Active
SPOT-115867,0,0.3255,Active
SPOT-115868,0,0.3937,Active
SPOT-115869,0,0.5391,Active
SPOT-115870,0,0.343,Active
SPOT-115871,0,0.3599,Active
SPOT-115872,0,0.253,Active
SPOT-115873,1,0.6659,Too Many Ads
SPOT-115874,0,0.3755,Active
SPOT-115875,0,0.314,Active
SPOT-115876,0,0.4,Active
SPOT-115877,0,0.4449,Active
SPOT-115878,1,0.5686,Price / Cost
SPOT-115879,1,0.6063,Low Usage / No Time
SPOT-115880,0,0.4723,Active
SPOT-115881,0,0.3493,Active
SPOT-115882,0,0.0964,Active
SPOT-115883,0,0.3113,Active
SPOT-115884,0,0.2714,Active
SPOT-115885,0,0.4402,Active
SPOT-115886,1,0.5754,Price / Cost
SPOT-115887,0,0.5613,Active
SPOT-115888,0,0.5105,Active
SPOT-115889,1,0.6849,Too Many Ads
SPOT-115890,0,0.3188,Active
SPOT-115891,1,0.6272,Price / Cost
SPOT-115892,0,0.4742,Active
SPOT-115893,0,0.3543,Active
SPOT-115894,0,0.5335,Active
SPOT-115895,0,0.23,Active
SPOT-115896,0,0.5374,Active
SPOT-115897,0,0.3745,Active
SPOT-115898,0,0.3643,Active
SPOT-115899,0,0.5401,Active
SPOT-115900,0,0.1943,Active
SPOT-115901,0,0.4238,Active
SPOT-115902,0,0.2592,Active
SPOT-115903,0,0.2944,Active
SPOT-115904,1,0.6693,Price / Cost
SPOT-115905,1,0.6027,Too Many Ads
SPOT-115906,0,0.2876,Active
SPOT-115907,0,0.2988,Active
SPOT-115908,0,0.2583,Active
SPOT-115909,0,0.3348,Active
SPOT-115910,0,0.5263,Active
SPOT-115911,0,0.5148,Active
SPOT-115912,0,0.4152,Active
SPOT-115913,0,0.2611,Active
SPOT-115914,0,0.4901,Active
SPOT-115915,0,0.2901,Active
SPOT-115916,0,0.4717,Active
SPOT-115917,0,0.5019,Active
SPOT-115918,1,0.6149,Switched to Competitor
SPOT-115919,0,0.4782,Active
SPOT-115920,0,0.4774,Active
SPOT-115921,0,0.4741,Active
SPOT-115922,0,0.4064,Active
SPOT-115923,0,0.4095,Active
SPOT-115924,0,0.3344,Active
SPOT-115925,0,0.2168,Active
SPOT-115926,0,0.5292,Active
SPOT-115927,0,0.5585,Active
SPOT-115928,0,0.1254,Active
SPOT-115929,0,0.3319,Active
SPOT-115930,0,0.2355,Active
SPOT-115931,0,0.2515,Active
SPOT-115932,0,0.3265,Active
SPOT-115933,0,0.1529,Active
SPOT-115934,0,0.4608,Active
SPOT-115935,0,0.4723,Active
SPOT-115936,0,0.3654,Active
SPOT-115937,0,0.3309,Active
SPOT-115938,0,0.3705,Active
SPOT-115939,0,0.2969,Active
SPOT-115940,0,0.5077,Active
SPOT-115941,1,0.7238,Low Usage / No Time
SPOT-115942,0,0.5142,Active
SPOT-115943,0,0.4931,Active
SPOT-115944,0,0.4206,Active
SPOT-115945,0,0.4964,Active
SPOT-115946,0,0.5286,Active
SPOT-115947,0,0.3749,Active
SPOT-115948,0,0.2809,Active
SPOT-115949,0,0.1971,Active
SPOT-115950,0,0.2776,Active
SPOT-115951,0,0.2352,Active
SPOT-115952,0,0.4218,Active
SPOT-115953,0,0.2583,Active
SPOT-115954,0,0.2308,Active
SPOT-115955,1,0.6755,Low Usage / No Time
SPOT-115956,0,0.3835,Active
SPOT-115957,0,0.4868,Active
SPOT-115958,0,0.3356,Active
SPOT-115959,0,0.2795,Active
SPOT-115960,0,0.4246,Active
SPOT-115961,0,0.5386,Active
SPOT-115962,0,0.2416,Active
SPOT-115963,0,0.3534,Active
SPOT-115964,0,0.4254,Active
SPOT-115965,1,0.5905,Price / Cost
SPOT-115966,1,0.7306,Low Usage / No Time
SPOT-115967,0,0.2658,Active
SPOT-115968,0,0.4406,Active
SPOT-115969,0,0.3316,Active
SPOT-115970,0,0.5644,Active
SPOT-115971,0,0.3543,Active
SPOT-115972,1,0.6973,Price / Cost
SPOT-115973,0,0.367,Active
SPOT-115974,1,0.6244,Switched to Competitor
SPOT-115975,0,0.3283,Active
SPOT-115976,0,0.3676,Active
SPOT-115977,1,0.5821,Price / Cost
SPOT-115978,0,0.3115,Active
SPOT-115979,0,0.4834,Active
SPOT-115980,0,0.3626,Active
SPOT-115981,0,0.4569,Active
SPOT-115982,0,0.498,Active
SPOT-115983,0,0.5235,Active
SPOT-115984,0,0.5578,Active
SPOT-115985,0,0.5621,Active
SPOT-115986,0,0.1717,Active
SPOT-115987,0,0.4806,Active
SPOT-115988,0,0.2293,Active
SPOT-115989,0,0.5521,Active
SPOT-115990,0,0.3645,Active
SPOT-115991,0,0.2529,Active
SPOT-115992,0,0.5318,Active
SPOT-115993,0,0.5036,Active
SPOT-115994,0,0.1788,Active
SPOT-115995,0,0.442,Active
SPOT-115996,1,0.5874,Switched to Competitor
SPOT-115997,1,0.6897,Low Usage / No Time
SPOT-115998,0,0.521,Active
SPOT-115999,0,0.3723,Active
SPOT-116000,0,0.4648,Active
SPOT-116001,0,0.4222,Active
SPOT-116002,0,0.4027,Active
SPOT-116003,0,0.2908,Active
SPOT-116004,1,0.6366,Price / Cost
SPOT-116005,0,0.2155,Active
SPOT-116006,0,0.4497,Active
SPOT-116007,0,0.493,Active
SPOT-116008,0,0.347,Active
SPOT-116009,0,0.3461,Active
SPOT-116010,0,0.3086,Active
SPOT-116011,0,0.3679,Active
SPOT-116012,0,0.2877,Active
SPOT-116013,0,0.4168,Active
SPOT-116014,1,0.5735,Too Many Ads
SPOT-116015,0,0.2685,Active
SPOT-116016,0,0.3594,Active
SPOT-116017,0,0.4327,Active
SPOT-116018,0,0.2007,Active
SPOT-116019,0,0.4413,Active
SPOT-116020,0,0.5373,Active
SPOT-116021,0,0.33,Active
SPOT-116022,0,0.2206,Active
SPOT-116023,0,0.3077,Active
SPOT-116024,0,0.3227,Active
SPOT-116025,0,0.3078,Active
SPOT-116026,0,0.5319,Active
SPOT-116027,0,0.2912,Active
SPOT-116028,0,0.336,Active
SPOT-116029,0,0.5471,Active
SPOT-116030,0,0.3797,Active
SPOT-116031,0,0.1339,Active
SPOT-116032,1,0.572,Price / Cost
SPOT-116033,0,0.12,Active
SPOT-116034,0,0.3095,Active
SPOT-116035,0,0.472,Active
SPOT-116036,1,0.5831,Price / Cost
SPOT-116037,0,0.4082,Active
SPOT-116038,0,0.4055,Active
SPOT-116039,0,0.2481,Active
SPOT-116040,1,0.5717,Price / Cost
SPOT-116041,0,0.1833,Active
SPOT-116042,0,0.5524,Active
SPOT-116043,0,0.2406,Active
SPOT-116044,0,0.3578,Active
SPOT-116045,0,0.2803,Active
SPOT-116046,0,0.3426,Active
SPOT-116047,0,0.2725,Active
SPOT-116048,0,0.4417,Active
SPOT-116049,0,0.2672,Active
SPOT-116050,1,0.5795,Price / Cost
SPOT-116051,0,0.4702,Active
SPOT-116052,0,0.5018,Active
SPOT-116053,0,0.4255,Active
SPOT-116054,0,0.3687,Active
SPOT-116055,0,0.4304,Active
SPOT-116056,0,0.3075,Active
SPOT-116057,0,0.4438,Active
SPOT-116058,1,0.7587,Switched to Competitor
SPOT-116059,0,0.2171,Active
SPOT-116060,1,0.5689,Price / Cost
SPOT-116061,0,0.525,Active
SPOT-116062,0,0.1695,Active
SPOT-116063,0,0.4493,Active
SPOT-116064,0,0.3425,Active
SPOT-116065,0,0.3195,Active
SPOT-116066,0,0.2579,Active
SPOT-116067,0,0.4419,Active
SPOT-116068,0,0.3428,Active
SPOT-116069,0,0.1564,Active
SPOT-116070,0,0.3714,Active
SPOT-116071,0,0.3338,Active
SPOT-116072,0,0.2243,Active
SPOT-116073,1,0.5992,Technical Bugs
SPOT-116074,0,0.2638,Active
SPOT-116075,1,0.5769,Technical Bugs
SPOT-116076,0,0.2686,Active
SPOT-116077,0,0.21,Active
SPOT-116078,0,0.3437,Active
SPOT-116079,0,0.4777,Active
SPOT-116080,0,0.3113,Active
SPOT-116081,0,0.4532,Active
SPOT-116082,0,0.4513,Active
SPOT-116083,0,0.3402,Active
SPOT-116084,1,0.6944,Too Many Ads
SPOT-116085,1,0.6294,Technical Bugs
SPOT-116086,1,0.5903,Price / Cost
SPOT-116087,1,0.7112,Too Many Ads
SPOT-116088,0,0.425,Active
SPOT-116089,0,0.4003,Active
SPOT-116090,0,0.5551,Active
SPOT-116091,0,0.4987,Active
SPOT-116092,1,0.5788,Price / Cost
SPOT-116093,0,0.2265,Active
SPOT-116094,1,0.5784,Too Many Ads
SPOT-116095,1,0.6147,Price / Cost
SPOT-116096,0,0.2243,Active
SPOT-116097,0,0.4057,Active
SPOT-116098,0,0.3006,Active
SPOT-116099,0,0.3687,Active
SPOT-116100,0,0.2974,Active
SPOT-116101,0,0.3997,Active
SPOT-116102,1,0.607,Too Many Ads
SPOT-116103,0,0.2155,Active
SPOT-116104,0,0.2215,Active
SPOT-116105,0,0.2321,Active
SPOT-116106,0,0.55,Active
SPOT-116107,0,0.4543,Active
SPOT-116108,0,0.4689,Active
SPOT-116109,0,0.3772,Active
SPOT-116110,0,0.4313,Active
SPOT-116111,0,0.2557,Active
SPOT-116112,0,0.2818,Active
SPOT-116113,0,0.2223,Active
SPOT-116114,0,0.4334,Active
SPOT-116115,0,0.4847,Active
SPOT-116116,0,0.4771,Active
SPOT-116117,0,0.3889,Active
SPOT-116118,1,0.5969,Switched to Competitor
SPOT-116119,0,0.5387,Active
SPOT-116120,0,0.0639,Active
SPOT-116121,0,0.541,Active
SPOT-116122,1,0.5968,Too Many Ads
SPOT-116123,0,0.2202,Active
SPOT-116124,1,0.6354,Switched to Competitor
SPOT-116125,0,0.2227,Active
SPOT-116126,1,0.6649,Price / Cost
SPOT-116127,1,0.7485,Price / Cost
SPOT-116128,1,0.5765,Too Many Ads
SPOT-116129,1,0.6279,Too Many Ads
SPOT-116130,0,0.4429,Active
SPOT-116131,0,0.1185,Active
SPOT-116132,0,0.1257,Active
SPOT-116133,0,0.396,Active
SPOT-116134,1,0.672,Price / Cost
SPOT-116135,0,0.3723,Active
SPOT-116136,0,0.3262,Active
SPOT-116137,0,0.2447,Active
SPOT-116138,0,0.553,Active
SPOT-116139,1,0.6383,Switched to Competitor
SPOT-116140,0,0.3662,Active
SPOT-116141,0,0.4332,Active
SPOT-116142,0,0.3849,Active
SPOT-116143,0,0.2724,Active
SPOT-116144,0,0.2678,Active
SPOT-116145,1,0.6673,Low Usage / No Time
SPOT-116146,0,0.3399,Active
SPOT-116147,1,0.7189,Too Many Ads
SPOT-116148,0,0.3934,Active
SPOT-116149,0,0.3568,Active
SPOT-116150,0,0.4858,Active
SPOT-116151,0,0.4094,Active
SPOT-116152,1,0.6608,Price / Cost
SPOT-116153,0,0.421,Active
SPOT-116154,0,0.4435,Active
SPOT-116155,0,0.5558,Active
SPOT-116156,1,0.7135,Switched to Competitor
SPOT-116157,0,0.2907,Active
SPOT-116158,0,0.4145,Active
SPOT-116159,0,0.2871,Active
SPOT-116160,0,0.4683,Active
SPOT-116161,0,0.3869,Active
SPOT-116162,0,0.4559,Active
SPOT-116163,1,0.6427,Too Many Ads
SPOT-116164,0,0.3508,Active
SPOT-116165,1,0.7299,Price / Cost
SPOT-116166,0,0.4128,Active
SPOT-116167,0,0.2724,Active
SPOT-116168,0,0.4235,Active
SPOT-116169,0,0.1602,Active
SPOT-116170,0,0.4277,Active
SPOT-116171,0,0.5637,Active
SPOT-116172,0,0.4818,Active
SPOT-116173,0,0.5268,Active
SPOT-116174,0,0.3714,Active
SPOT-116175,0,0.3579,Active
SPOT-116176,0,0.2951,Active
SPOT-116177,0,0.5221,Active
SPOT-116178,0,0.3924,Active
SPOT-116179,0,0.3778,Active
SPOT-116180,0,0.4836,Active
SPOT-116181,0,0.3574,Active
SPOT-116182,0,0.4626,Active
SPOT-116183,0,0.4456,Active
SPOT-116184,0,0.3533,Active
SPOT-116185,0,0.3738,Active
SPOT-116186,0,0.5466,Active
SPOT-116187,0,0.3512,Active
SPOT-116188,0,0.4121,Active
SPOT-116189,1,0.6221,Price / Cost
SPOT-116190,0,0.1471,Active
SPOT-116191,0,0.305,Active
SPOT-116192,0,0.5404,Active
SPOT-116193,0,0.307,Active
SPOT-116194,0,0.3301,Active
SPOT-116195,0,0.5164,Active
SPOT-116196,1,0.6126,Too Many Ads
SPOT-116197,1,0.7001,Too Many Ads
SPOT-116198,0,0.4106,Active
SPOT-116199,0,0.4583,Active
SPOT-116200,0,0.5011,Active
SPOT-116201,0,0.5287,Active
SPOT-116202,0,0.464,Active
SPOT-116203,0,0.5138,Active
SPOT-116204,0,0.2237,Active
SPOT-116205,0,0.3054,Active
SPOT-116206,1,0.6937,Price / Cost
SPOT-116207,0,0.3104,Active
SPOT-116208,0,0.407,Active
SPOT-116209,1,0.5922,Switched to Competitor
SPOT-116210,0,0.4465,Active
SPOT-116211,0,0.1888,Active
SPOT-116212,1,0.5785,Switched to Competitor
SPOT-116213,0,0.4646,Active
SPOT-116214,1,0.5985,Low Usage / No Time
SPOT-116215,0,0.2754,Active
SPOT-116216,0,0.2256,Active
SPOT-116217,1,0.7156,Too Many Ads
SPOT-116218,0,0.467,Active
SPOT-116219,0,0.1413,Active
SPOT-116220,1,0.59,Price / Cost
SPOT-116221,1,0.68,Price / Cost
SPOT-116222,1,0.7103,Price / Cost
SPOT-116223,1,0.665,Switched to Competitor
SPOT-116224,0,0.3701,Active
SPOT-116225,0,0.3975,Active
SPOT-116226,0,0.5521,Active
SPOT-116227,0,0.4661,Active
SPOT-116228,0,0.2842,Active
SPOT-116229,1,0.631,Switched to Competitor
SPOT-116230,0,0.4319,Active
SPOT-116231,1,0.6381,Too Many Ads
SPOT-116232,0,0.3207,Active
SPOT-116233,0,0.1985,Active
SPOT-116234,0,0.4493,Active
SPOT-116235,0,0.5429,Active
SPOT-116236,1,0.5907,Too Many Ads
SPOT-116237,0,0.3877,Active
SPOT-116238,0,0.5376,Active
SPOT-116239,0,0.3862,Active
SPOT-116240,0,0.3386,Active
SPOT-116241,1,0.6067,Too Many Ads
SPOT-116242,0,0.1992,Active
SPOT-116243,0,0.4018,Active
SPOT-116244,0,0.4384,Active
SPOT-116245,1,0.5918,Switched to Competitor
SPOT-116246,0,0.4999,Active
SPOT-116247,0,0.1867,Active
SPOT-116248,1,0.5733,Price / Cost
SPOT-116249,0,0.2181,Active
SPOT-116250,0,0.4272,Active
SPOT-116251,0,0.2107,Active
SPOT-116252,0,0.2931,Active
SPOT-116253,1,0.6695,Price / Cost
SPOT-116254,0,0.5308,Active
SPOT-116255,1,0.6224,Too Many Ads
SPOT-116256,0,0.3006,Active
SPOT-116257,0,0.5554,Active
SPOT-116258,1,0.6833,Too Many Ads
SPOT-116259,0,0.2721,Active
SPOT-116260,0,0.2812,Active
SPOT-116261,0,0.4443,Active
SPOT-116262,0,0.4688,Active
SPOT-116263,1,0.6046,Price / Cost
SPOT-116264,0,0.0753,Active
SPOT-116265,0,0.4931,Active
SPOT-116266,0,0.3681,Active
SPOT-116267,1,0.7285,Switched to Competitor
SPOT-116268,1,0.6336,Switched to Competitor
SPOT-116269,0,0.3995,Active
SPOT-116270,0,0.2963,Active
SPOT-116271,0,0.2087,Active
SPOT-116272,0,0.2421,Active
SPOT-116273,0,0.3524,Active
SPOT-116274,1,0.5784,Switched to Competitor
SPOT-116275,0,0.2912,Active
SPOT-116276,0,0.5471,Active
SPOT-116277,0,0.4317,Active
SPOT-116278,0,0.2882,Active
SPOT-116279,0,0.5033,Active
SPOT-116280,0,0.2652,Active
SPOT-116281,0,0.266,Active
SPOT-116282,0,0.4573,Active
SPOT-116283,0,0.3797,Active
SPOT-116284,0,0.3804,Active
SPOT-116285,1,0.6474,Price / Cost
SPOT-116286,0,0.1655,Active
SPOT-116287,0,0.4844,Active
SPOT-116288,0,0.4229,Active
SPOT-116289,1,0.609,Price / Cost
SPOT-116290,1,0.6698,Low Usage / No Time
SPOT-116291,1,0.6172,Switched to Competitor
SPOT-116292,0,0.5069,Active
SPOT-116293,0,0.4332,Active
SPOT-116294,1,0.5746,Price / Cost
SPOT-116295,0,0.4156,Active
SPOT-116296,0,0.5603,Active
SPOT-116297,0,0.5151,Active
SPOT-116298,0,0.4826,Active
SPOT-116299,0,0.3588,Active
SPOT-116300,0,0.4073,Active
SPOT-116301,0,0.2253,Active
SPOT-116302,0,0.3245,Active
SPOT-116303,0,0.3556,Active
SPOT-116304,0,0.1914,Active
SPOT-116305,0,0.3207,Active
SPOT-116306,0,0.5013,Active
SPOT-116307,1,0.5819,Too Many Ads
SPOT-116308,0,0.4284,Active
SPOT-116309,1,0.5799,Low Usage / No Time
SPOT-116310,0,0.1593,Active
SPOT-116311,1,0.6444,Switched to Competitor
SPOT-116312,0,0.1991,Active
SPOT-116313,0,0.4401,Active
SPOT-116314,0,0.5392,Active
SPOT-116315,1,0.7133,Technical Bugs
SPOT-116316,0,0.387,Active
SPOT-116317,0,0.2549,Active
SPOT-116318,0,0.2315,Active
SPOT-116319,0,0.4317,Active
SPOT-116320,0,0.4155,Active
SPOT-116321,0,0.3749,Active
SPOT-116322,0,0.2309,Active
SPOT-116323,0,0.2892,Active
SPOT-116324,0,0.4389,Active
SPOT-116325,1,0.8013,Too Many Ads
SPOT-116326,0,0.3195,Active
SPOT-116327,0,0.5137,Active
SPOT-116328,0,0.2481,Active
SPOT-116329,0,0.1928,Active
SPOT-116330,0,0.4295,Active
SPOT-116331,0,0.2595,Active
SPOT-116332,0,0.3062,Active
SPOT-116333,0,0.2323,Active
SPOT-116334,0,0.5054,Active
SPOT-116335,0,0.482,Active
SPOT-116336,0,0.2331,Active
SPOT-116337,0,0.3605,Active
SPOT-116338,0,0.4974,Active
SPOT-116339,0,0.4734,Active
SPOT-116340,0,0.4342,Active
SPOT-116341,0,0.2491,Active
SPOT-116342,0,0.1776,Active
SPOT-116343,0,0.4856,Active
SPOT-116344,0,0.4285,Active
SPOT-116345,0,0.5417,Active
SPOT-116346,0,0.4634,Active
SPOT-116347,0,0.1893,Active
SPOT-116348,1,0.6556,Low Usage / No Time
SPOT-116349,1,0.5794,Switched to Competitor
SPOT-116350,0,0.3561,Active
SPOT-116351,0,0.3707,Active
SPOT-116352,0,0.413,Active
SPOT-116353,0,0.4331,Active
SPOT-116354,0,0.3994,Active
SPOT-116355,0,0.327,Active
SPOT-116356,0,0.3463,Active
SPOT-116357,0,0.3629,Active
SPOT-116358,1,0.6798,Price / Cost
SPOT-116359,1,0.5796,Too Many Ads
SPOT-116360,0,0.4045,Active
SPOT-116361,1,0.6726,Price / Cost
SPOT-116362,0,0.3907,Active
SPOT-116363,0,0.5062,Active
SPOT-116364,0,0.3842,Active
SPOT-116365,0,0.2824,Active
SPOT-116366,0,0.493,Active
SPOT-116367,1,0.6111,Too Many Ads
SPOT-116368,0,0.4425,Active
SPOT-116369,0,0.2509,Active
SPOT-116370,0,0.3464,Active
SPOT-116371,0,0.293,Active
SPOT-116372,0,0.442,Active
SPOT-116373,0,0.4417,Active
SPOT-116374,1,0.5794,Price / Cost
SPOT-116375,0,0.2933,Active
SPOT-116376,0,0.5054,Active
SPOT-116377,0,0.407,Active
SPOT-116378,0,0.1488,Active
SPOT-116379,0,0.2162,Active
SPOT-116380,0,0.3678,Active
SPOT-116381,1,0.671,Price / Cost
SPOT-116382,0,0.3744,Active
SPOT-116383,0,0.3823,Active
SPOT-116384,0,0.2757,Active
SPOT-116385,0,0.2995,Active
SPOT-116386,0,0.481,Active
SPOT-116387,0,0.2853,Active
SPOT-116388,1,0.7567,Low Usage / No Time
SPOT-116389,0,0.5347,Active
SPOT-116390,0,0.3761,Active
SPOT-116391,0,0.2763,Active
SPOT-116392,0,0.4298,Active
SPOT-116393,0,0.44,Active
SPOT-116394,1,0.6143,Low Usage / No Time
SPOT-116395,0,0.4409,Active
SPOT-116396,0,0.2187,Active
SPOT-116397,0,0.5631,Active
SPOT-116398,1,0.5976,Switched to Competitor
SPOT-116399,0,0.4833,Active
SPOT-116400,0,0.3295,Active
SPOT-116401,0,0.3779,Active
SPOT-116402,0,0.224,Active
SPOT-116403,0,0.4047,Active
SPOT-116404,0,0.2037,Active
SPOT-116405,1,0.7688,Low Usage / No Time
SPOT-116406,0,0.3861,Active
SPOT-116407,0,0.1967,Active
SPOT-116408,0,0.3577,Active
SPOT-116409,0,0.2612,Active
SPOT-116410,0,0.5146,Active
SPOT-116411,0,0.3815,Active
SPOT-116412,0,0.0666,Active
SPOT-116413,0,0.4847,Active
SPOT-116414,0,0.4597,Active
SPOT-116415,0,0.2914,Active
SPOT-116416,0,0.5028,Active
SPOT-116417,1,0.6,Price / Cost
SPOT-116418,0,0.4752,Active
SPOT-116419,0,0.357,Active
SPOT-116420,0,0.3134,Active
SPOT-116421,1,0.6745,Switched to Competitor
SPOT-116422,1,0.6575,Price / Cost
SPOT-116423,0,0.4765,Active
SPOT-116424,1,0.7205,Low Usage / No Time
SPOT-116425,0,0.5217,Active
SPOT-116426,0,0.4256,Active
SPOT-116427,0,0.3823,Active
SPOT-116428,0,0.3224,Active
SPOT-116429,1,0.6663,Price / Cost
SPOT-116430,0,0.5143,Active
SPOT-116431,0,0.4522,Active
SPOT-116432,0,0.3112,Active
SPOT-116433,0,0.4635,Active
SPOT-116434,0,0.2994,Active
SPOT-116435,0,0.3785,Active
SPOT-116436,0,0.3844,Active
SPOT-116437,1,0.6816,Switched to Competitor
SPOT-116438,0,0.2513,Active
SPOT-116439,0,0.5489,Active
SPOT-116440,0,0.1874,Active
SPOT-116441,1,0.5778,Low Usage / No Time
SPOT-116442,0,0.3479,Active
SPOT-116443,0,0.3616,Active
SPOT-116444,0,0.4492,Active
SPOT-116445,0,0.5282,Active
SPOT-116446,0,0.4642,Active
SPOT-116447,0,0.3425,Active
SPOT-116448,1,0.5732,Too Many Ads
SPOT-116449,0,0.1874,Active
SPOT-116450,0,0.4208,Active
SPOT-116451,0,0.3759,Active
SPOT-116452,0,0.5284,Active
SPOT-116453,0,0.5088,Active
SPOT-116454,0,0.4531,Active
SPOT-116455,0,0.3485,Active
SPOT-116456,0,0.2829,Active
SPOT-116457,0,0.5669,Active
SPOT-116458,0,0.3453,Active
SPOT-116459,0,0.2359,Active
SPOT-116460,1,0.5878,Too Many Ads
SPOT-116461,1,0.7014,Price / Cost
SPOT-116462,1,0.6214,Low Usage / No Time
SPOT-116463,0,0.227,Active
SPOT-116464,0,0.4632,Active
SPOT-116465,1,0.6053,Low Usage / No Time
SPOT-116466,0,0.5592,Active
SPOT-116467,0,0.3145,Active
SPOT-116468,0,0.387,Active
SPOT-116469,1,0.6999,Low Usage / No Time
SPOT-116470,1,0.6024,Technical Bugs
SPOT-116471,0,0.1463,Active
SPOT-116472,0,0.4853,Active
SPOT-116473,0,0.2061,Active
SPOT-116474,0,0.3961,Active
SPOT-116475,0,0.1634,Active
SPOT-116476,0,0.4438,Active
SPOT-116477,1,0.6139,Price / Cost
SPOT-116478,0,0.2763,Active
SPOT-116479,0,0.2837,Active
SPOT-116480,0,0.5364,Active
SPOT-116481,1,0.6006,Too Many Ads
SPOT-116482,0,0.3004,Active
SPOT-116483,0,0.2839,Active
SPOT-116484,0,0.3352,Active
SPOT-116485,0,0.5563,Active
SPOT-116486,0,0.2243,Active
SPOT-116487,0,0.368,Active
SPOT-116488,0,0.3828,Active
SPOT-116489,0,0.2072,Active
SPOT-116490,0,0.3723,Active
SPOT-116491,1,0.5758,Too Many Ads
SPOT-116492,0,0.3227,Active
SPOT-116493,0,0.1893,Active
SPOT-116494,0,0.483,Active
SPOT-116495,0,0.4138,Active
SPOT-116496,0,0.2725,Active
SPOT-116497,0,0.3126,Active
SPOT-116498,0,0.2567,Active
SPOT-116499,0,0.3972,Active
SPOT-116500,1,0.647,Too Many Ads
SPOT-116501,0,0.5229,Active
SPOT-116502,1,0.6015,Too Many Ads
SPOT-116503,0,0.1771,Active
SPOT-116504,0,0.3208,Active
SPOT-116505,0,0.472,Active
SPOT-116506,0,0.1379,Active
SPOT-116507,0,0.4506,Active
SPOT-116508,0,0.5294,Active
SPOT-116509,0,0.1785,Active
SPOT-116510,0,0.2025,Active
SPOT-116511,0,0.287,Active
SPOT-116512,0,0.4418,Active
SPOT-116513,0,0.4031,Active
SPOT-116514,0,0.3196,Active
SPOT-116515,0,0.4743,Active
SPOT-116516,0,0.356,Active
SPOT-116517,0,0.4768,Active
SPOT-116518,0,0.4302,Active
SPOT-116519,0,0.4201,Active
SPOT-116520,0,0.3538,Active
SPOT-116521,0,0.5077,Active
SPOT-116522,0,0.3286,Active
SPOT-116523,0,0.523,Active
SPOT-116524,0,0.2263,Active
SPOT-116525,0,0.2555,Active
SPOT-116526,0,0.5637,Active
SPOT-116527,0,0.2848,Active
SPOT-116528,1,0.6314,Low Usage / No Time
SPOT-116529,0,0.4613,Active
SPOT-116530,0,0.2863,Active
SPOT-116531,1,0.734,Price / Cost
SPOT-116532,0,0.3881,Active
SPOT-116533,0,0.5656,Active
SPOT-116534,0,0.418,Active
SPOT-116535,0,0.2012,Active
SPOT-116536,1,0.6423,Price / Cost
SPOT-116537,0,0.2966,Active
SPOT-116538,0,0.4097,Active
SPOT-116539,0,0.5416,Active
SPOT-116540,0,0.4347,Active
SPOT-116541,1,0.6025,Price / Cost
SPOT-116542,0,0.429,Active
SPOT-116543,0,0.36,Active
SPOT-116544,1,0.668,Too Many Ads
SPOT-116545,0,0.2224,Active
SPOT-116546,1,0.5853,Too Many Ads
SPOT-116547,1,0.7006,Price / Cost
SPOT-116548,0,0.512,Active
SPOT-116549,1,0.6238,Low Usage / No Time
SPOT-116550,0,0.3648,Active
SPOT-116551,0,0.3804,Active
SPOT-116552,0,0.2773,Active
SPOT-116553,0,0.4062,Active
SPOT-116554,0,0.4295,Active
SPOT-116555,0,0.5186,Active
SPOT-116556,0,0.2992,Active
SPOT-116557,0,0.3821,Active
SPOT-116558,0,0.5655,Active
SPOT-116559,0,0.4596,Active
SPOT-116560,0,0.4355,Active
SPOT-116561,0,0.3665,Active
SPOT-116562,0,0.2939,Active
SPOT-116563,0,0.2068,Active
SPOT-116564,0,0.2509,Active
SPOT-116565,0,0.1777,Active
SPOT-116566,0,0.4252,Active
SPOT-116567,0,0.2385,Active
SPOT-116568,0,0.544,Active
SPOT-116569,0,0.2959,Active
SPOT-116570,0,0.5659,Active
SPOT-116571,0,0.4133,Active
SPOT-116572,0,0.3151,Active
SPOT-116573,0,0.2692,Active
SPOT-116574,0,0.4945,Active
SPOT-116575,1,0.6287,Too Many Ads
SPOT-116576,0,0.5293,Active
SPOT-116577,0,0.2331,Active
SPOT-116578,0,0.4175,Active
SPOT-116579,0,0.3437,Active
SPOT-116580,1,0.5713,Too Many Ads
SPOT-116581,1,0.5951,Price / Cost
SPOT-116582,0,0.3335,Active
SPOT-116583,0,0.328,Active
SPOT-116584,0,0.1684,Active
SPOT-116585,0,0.2309,Active
SPOT-116586,1,0.5991,Low Usage / No Time
SPOT-116587,0,0.5023,Active
SPOT-116588,1,0.6655,Price / Cost
SPOT-116589,0,0.4698,Active
SPOT-116590,0,0.3216,Active
SPOT-116591,0,0.3982,Active
SPOT-116592,0,0.4666,Active
SPOT-116593,0,0.4953,Active
SPOT-116594,0,0.349,Active
SPOT-116595,0,0.3981,Active
SPOT-116596,0,0.3455,Active
SPOT-116597,0,0.5189,Active
SPOT-116598,0,0.2344,Active
SPOT-116599,1,0.5702,Price / Cost
SPOT-116600,1,0.6539,Price / Cost
SPOT-116601,1,0.6724,Switched to Competitor
SPOT-116602,1,0.6265,Low Usage / No Time
SPOT-116603,1,0.6025,Price / Cost
SPOT-116604,0,0.557,Active
SPOT-116605,1,0.5847,Low Usage / No Time
SPOT-116606,0,0.2258,Active
SPOT-116607,0,0.2499,Active
SPOT-116608,0,0.5009,Active
SPOT-116609,1,0.6246,Too Many Ads
SPOT-116610,0,0.2226,Active
SPOT-116611,0,0.5284,Active
SPOT-116612,0,0.4265,Active
SPOT-116613,0,0.3953,Active
SPOT-116614,0,0.3445,Active
SPOT-116615,0,0.4232,Active
SPOT-116616,0,0.5011,Active
SPOT-116617,0,0.3448,Active
SPOT-116618,0,0.4231,Active
SPOT-116619,0,0.3438,Active
SPOT-116620,1,0.757,Switched to Competitor
SPOT-116621,0,0.4512,Active
SPOT-116622,0,0.4328,Active
SPOT-116623,0,0.5619,Active
SPOT-116624,0,0.4946,Active
SPOT-116625,0,0.299,Active
SPOT-116626,0,0.3418,Active
SPOT-116627,0,0.5422,Active
SPOT-116628,0,0.2408,Active
SPOT-116629,0,0.4585,Active
SPOT-116630,0,0.4068,Active
SPOT-116631,0,0.4345,Active
SPOT-116632,0,0.1869,Active
SPOT-116633,0,0.4298,Active
SPOT-116634,0,0.4605,Active
SPOT-116635,0,0.2903,Active
SPOT-116636,0,0.5154,Active
SPOT-116637,0,0.5014,Active
SPOT-116638,1,0.5787,Too Many Ads
SPOT-116639,0,0.2718,Active
SPOT-116640,0,0.206,Active
SPOT-116641,0,0.465,Active
SPOT-116642,0,0.2988,Active
SPOT-116643,0,0.3819,Active
SPOT-116644,0,0.287,Active
SPOT-116645,0,0.1568,Active
SPOT-116646,0,0.4571,Active
SPOT-116647,0,0.3346,Active
SPOT-116648,0,0.519,Active
SPOT-116649,0,0.5237,Active
SPOT-116650,1,0.569,Low Usage / No Time
SPOT-116651,0,0.2189,Active
SPOT-116652,0,0.5511,Active
SPOT-116653,0,0.313,Active
SPOT-116654,0,0.2365,Active
SPOT-116655,1,0.6089,Low Usage / No Time
SPOT-116656,0,0.4128,Active
SPOT-116657,0,0.3738,Active
SPOT-116658,1,0.5908,Low Usage / No Time
SPOT-116659,0,0.3801,Active
SPOT-116660,1,0.6755,Low Usage / No Time
SPOT-116661,0,0.3723,Active
SPOT-116662,0,0.3884,Active
SPOT-116663,1,0.5918,Price / Cost
SPOT-116664,0,0.4441,Active
SPOT-116665,0,0.4094,Active
SPOT-116666,1,0.7176,Technical Bugs
SPOT-116667,0,0.4922,Active
SPOT-116668,1,0.6766,Too Many Ads
SPOT-116669,0,0.2796,Active
SPOT-116670,0,0.3486,Active
SPOT-116671,0,0.4124,Active
SPOT-116672,0,0.4179,Active
SPOT-116673,0,0.3758,Active
SPOT-116674,0,0.2748,Active
SPOT-116675,1,0.6146,Price / Cost
SPOT-116676,0,0.4813,Active
SPOT-116677,0,0.3562,Active
SPOT-116678,0,0.5098,Active
SPOT-116679,0,0.1961,Active
SPOT-116680,1,0.609,Too Many Ads
SPOT-116681,0,0.4609,Active
SPOT-116682,1,0.6997,Low Usage / No Time
SPOT-116683,0,0.5289,Active
SPOT-116684,0,0.3565,Active
SPOT-116685,1,0.6251,Low Usage / No Time
SPOT-116686,0,0.1502,Active
SPOT-116687,0,0.2786,Active
SPOT-116688,0,0.351,Active
SPOT-116689,0,0.4666,Active
SPOT-116690,0,0.3855,Active
SPOT-116691,0,0.3554,Active
SPOT-116692,0,0.2552,Active
SPOT-116693,0,0.556,Active
SPOT-116694,0,0.1259,Active
SPOT-116695,0,0.4295,Active
SPOT-116696,0,0.4228,Active
SPOT-116697,0,0.2268,Active
SPOT-116698,0,0.2997,Active
SPOT-116699,1,0.587,Low Usage / No Time
SPOT-116700,0,0.4976,Active
SPOT-116701,0,0.5642,Active
SPOT-116702,0,0.1752,Active
SPOT-116703,0,0.4654,Active
SPOT-116704,0,0.3946,Active
SPOT-116705,0,0.3768,Active
SPOT-116706,0,0.4353,Active
SPOT-116707,0,0.3476,Active
SPOT-116708,1,0.6467,Price / Cost
SPOT-116709,0,0.4456,Active
SPOT-116710,0,0.3379,Active
SPOT-116711,0,0.4653,Active
SPOT-116712,0,0.3968,Active
SPOT-116713,0,0.28,Active
SPOT-116714,0,0.4622,Active
SPOT-116715,0,0.2951,Active
SPOT-116716,0,0.2596,Active
SPOT-116717,0,0.5048,Active
SPOT-116718,0,0.2358,Active
SPOT-116719,0,0.3171,Active
SPOT-116720,1,0.7277,Too Many Ads
SPOT-116721,0,0.222,Active
SPOT-116722,0,0.3227,Active
SPOT-116723,1,0.6631,Price / Cost
SPOT-116724,0,0.4219,Active
SPOT-116725,0,0.5368,Active
SPOT-116726,0,0.3709,Active
SPOT-116727,0,0.2857,Active
SPOT-116728,0,0.2894,Active
SPOT-116729,0,0.3894,Active
SPOT-116730,0,0.3835,Active
SPOT-116731,0,0.3792,Active
SPOT-116732,0,0.323,Active
SPOT-116733,0,0.4501,Active
SPOT-116734,1,0.6195,Switched to Competitor
SPOT-116735,0,0.4871,Active
SPOT-116736,0,0.2842,Active
SPOT-116737,0,0.2255,Active
SPOT-116738,0,0.4334,Active
SPOT-116739,0,0.5326,Active
SPOT-116740,0,0.4042,Active
SPOT-116741,0,0.2466,Active
SPOT-116742,0,0.3437,Active
SPOT-116743,0,0.4929,Active
SPOT-116744,0,0.3415,Active
SPOT-116745,0,0.4964,Active
SPOT-116746,0,0.4462,Active
SPOT-116747,1,0.7257,Price / Cost
SPOT-116748,0,0.2845,Active
SPOT-116749,1,0.598,Price / Cost
SPOT-116750,0,0.1547,Active
SPOT-116751,1,0.5842,Price / Cost
SPOT-116752,0,0.4437,Active
SPOT-116753,0,0.3867,Active
SPOT-116754,0,0.5256,Active
SPOT-116755,0,0.2425,Active
SPOT-116756,0,0.5262,Active
SPOT-116757,1,0.5753,Price / Cost
SPOT-116758,0,0.1116,Active
SPOT-116759,0,0.3951,Active
SPOT-116760,0,0.2373,Active
SPOT-116761,0,0.4716,Active
SPOT-116762,0,0.3792,Active
SPOT-116763,0,0.5191,Active
SPOT-116764,0,0.1009,Active
SPOT-116765,0,0.4368,Active
SPOT-116766,0,0.5215,Active
SPOT-116767,0,0.5183,Active
SPOT-116768,0,0.5121,Active
SPOT-116769,0,0.5177,Active
SPOT-116770,0,0.4281,Active
SPOT-116771,0,0.5495,Active
SPOT-116772,0,0.3107,Active
SPOT-116773,0,0.5272,Active
SPOT-116774,0,0.5017,Active
SPOT-116775,0,0.0994,Active
SPOT-116776,0,0.4019,Active
SPOT-116777,1,0.6017,Technical Bugs
SPOT-116778,0,0.3907,Active
SPOT-116779,0,0.4703,Active
SPOT-116780,0,0.4749,Active
SPOT-116781,1,0.7082,Too Many Ads
SPOT-116782,0,0.4706,Active
SPOT-116783,0,0.2426,Active
SPOT-116784,0,0.2706,Active
SPOT-116785,0,0.2055,Active
SPOT-116786,0,0.3306,Active
SPOT-116787,0,0.5243,Active
SPOT-116788,0,0.3543,Active
SPOT-116789,0,0.1851,Active
SPOT-116790,0,0.2551,Active
SPOT-116791,0,0.4401,Active
SPOT-116792,0,0.2692,Active
SPOT-116793,0,0.4317,Active
SPOT-116794,0,0.4054,Active
SPOT-116795,0,0.2833,Active
SPOT-116796,0,0.2435,Active
SPOT-116797,1,0.6877,Price / Cost
SPOT-116798,0,0.2358,Active
SPOT-116799,0,0.5231,Active
SPOT-116800,0,0.4316,Active
SPOT-116801,1,0.6401,Low Usage / No Time
SPOT-116802,1,0.5854,Technical Bugs
SPOT-116803,0,0.4001,Active
SPOT-116804,1,0.5882,Price / Cost
SPOT-116805,0,0.4569,Active
SPOT-116806,0,0.3965,Active
SPOT-116807,0,0.2199,Active
SPOT-116808,1,0.6308,Switched to Competitor
SPOT-116809,0,0.3246,Active
SPOT-116810,0,0.4632,Active
SPOT-116811,0,0.5036,Active
SPOT-116812,0,0.3249,Active
SPOT-116813,0,0.3373,Active
SPOT-116814,0,0.3364,Active
SPOT-116815,0,0.1459,Active
SPOT-116816,0,0.3721,Active
SPOT-116817,0,0.4073,Active
SPOT-116818,0,0.1884,Active
SPOT-116819,0,0.466,Active
SPOT-116820,1,0.8257,Switched to Competitor
SPOT-116821,0,0.1571,Active
SPOT-116822,0,0.1823,Active
SPOT-116823,0,0.2256,Active
SPOT-116824,0,0.4193,Active
SPOT-116825,1,0.6792,Low Usage / No Time
SPOT-116826,0,0.3093,Active
SPOT-116827,0,0.3914,Active
SPOT-116828,1,0.6865,Price / Cost
SPOT-116829,0,0.3352,Active
SPOT-116830,0,0.5474,Active
SPOT-116831,0,0.4138,Active
SPOT-116832,0,0.363,Active
SPOT-116833,0,0.3594,Active
SPOT-116834,0,0.2017,Active
SPOT-116835,0,0.4127,Active
SPOT-116836,0,0.3785,Active
SPOT-116837,1,0.6935,Too Many Ads
SPOT-116838,0,0.3746,Active
SPOT-116839,0,0.4813,Active
SPOT-116840,1,0.6351,Price / Cost
SPOT-116841,1,0.7347,Too Many Ads
SPOT-116842,0,0.3867,Active
SPOT-116843,1,0.7125,Low Usage / No Time
SPOT-116844,0,0.5057,Active
SPOT-116845,1,0.5893,Switched to Competitor
SPOT-116846,0,0.3735,Active
SPOT-116847,0,0.3161,Active
SPOT-116848,1,0.7205,Price / Cost
SPOT-116849,0,0.3511,Active
SPOT-116850,1,0.655,Low Usage / No Time
SPOT-116851,0,0.3932,Active
SPOT-116852,0,0.5366,Active
SPOT-116853,0,0.3683,Active
SPOT-116854,0,0.5009,Active
SPOT-116855,0,0.2993,Active
SPOT-116856,0,0.523,Active
SPOT-116857,0,0.4711,Active
SPOT-116858,0,0.3072,Active
SPOT-116859,1,0.5872,Technical Bugs
SPOT-116860,0,0.2852,Active
SPOT-116861,0,0.4856,Active
SPOT-116862,0,0.4799,Active
SPOT-116863,0,0.5344,Active
SPOT-116864,1,0.6635,Too Many Ads
SPOT-116865,0,0.4388,Active
SPOT-116866,0,0.2815,Active
SPOT-116867,0,0.5314,Active
SPOT-116868,1,0.6482,Price / Cost
SPOT-116869,0,0.5091,Active
SPOT-116870,1,0.6212,Price / Cost
SPOT-116871,0,0.2539,Active
SPOT-116872,0,0.1665,Active
SPOT-116873,0,0.3221,Active
SPOT-116874,0,0.4231,Active
SPOT-116875,0,0.3722,Active
SPOT-116876,0,0.4504,Active
SPOT-116877,1,0.6009,Low Usage / No Time
SPOT-116878,0,0.2443,Active
SPOT-116879,0,0.4816,Active
SPOT-116880,0,0.5471,Active
SPOT-116881,0,0.4876,Active
SPOT-116882,0,0.4342,Active
SPOT-116883,0,0.2536,Active
SPOT-116884,1,0.5904,Price / Cost
SPOT-116885,0,0.4013,Active
SPOT-116886,0,0.5444,Active
SPOT-116887,1,0.6721,Low Usage / No Time
SPOT-116888,1,0.5785,Price / Cost
SPOT-116889,0,0.4367,Active
SPOT-116890,0,0.1435,Active
SPOT-116891,0,0.3311,Active
SPOT-116892,0,0.1994,Active
SPOT-116893,0,0.3238,Active
SPOT-116894,0,0.5453,Active
SPOT-116895,0,0.508,Active
SPOT-116896,0,0.4106,Active
SPOT-116897,0,0.3598,Active
SPOT-116898,0,0.3738,Active
SPOT-116899,0,0.5476,Active
SPOT-116900,0,0.1923,Active
SPOT-116901,0,0.2959,Active
SPOT-116902,0,0.3724,Active
SPOT-116903,0,0.2672,Active
SPOT-116904,0,0.5446,Active
SPOT-116905,1,0.583,Low Usage / No Time
SPOT-116906,0,0.3944,Active
SPOT-116907,0,0.3341,Active
SPOT-116908,0,0.54,Active
SPOT-116909,0,0.4313,Active
SPOT-116910,0,0.4191,Active
SPOT-116911,0,0.3358,Active
SPOT-116912,0,0.398,Active
SPOT-116913,1,0.6355,Price / Cost
SPOT-116914,0,0.3619,Active
SPOT-116915,0,0.3883,Active
SPOT-116916,1,0.5713,Price / Cost
SPOT-116917,0,0.3902,Active
SPOT-116918,0,0.4302,Active
SPOT-116919,0,0.5175,Active
SPOT-116920,0,0.2112,Active
SPOT-116921,0,0.2106,Active
SPOT-116922,0,0.4493,Active
SPOT-116923,0,0.2709,Active
SPOT-116924,0,0.3292,Active
SPOT-116925,0,0.4557,Active
SPOT-116926,0,0.4446,Active
SPOT-116927,0,0.457,Active
SPOT-116928,1,0.606,Switched to Competitor
SPOT-116929,0,0.4192,Active
SPOT-116930,1,0.6471,Switched to Competitor
SPOT-116931,1,0.5805,Price / Cost
SPOT-116932,0,0.2775,Active
SPOT-116933,0,0.3987,Active
SPOT-116934,0,0.3676,Active
SPOT-116935,0,0.3762,Active
SPOT-116936,0,0.4444,Active
SPOT-116937,1,0.6097,Switched to Competitor
SPOT-116938,0,0.3637,Active
SPOT-116939,0,0.2564,Active
SPOT-116940,0,0.4602,Active
SPOT-116941,0,0.3928,Active
SPOT-116942,0,0.3717,Active
SPOT-116943,1,0.7839,Price / Cost
SPOT-116944,1,0.6118,Too Many Ads
SPOT-116945,0,0.3936,Active
SPOT-116946,0,0.3158,Active
SPOT-116947,0,0.4042,Active
SPOT-116948,0,0.4907,Active
SPOT-116949,1,0.7726,Too Many Ads
SPOT-116950,0,0.3159,Active
SPOT-116951,0,0.196,Active
SPOT-116952,0,0.1885,Active
SPOT-116953,0,0.4037,Active
SPOT-116954,0,0.4071,Active
SPOT-116955,1,0.6389,Switched to Competitor
SPOT-116956,0,0.4554,Active
SPOT-116957,1,0.7427,Low Usage / No Time
SPOT-116958,1,0.6049,Price / Cost
SPOT-116959,0,0.3218,Active
SPOT-116960,1,0.6939,Low Usage / No Time
SPOT-116961,0,0.4974,Active
SPOT-116962,0,0.3369,Active
SPOT-116963,0,0.49,Active
SPOT-116964,0,0.1663,Active
SPOT-116965,0,0.3219,Active
SPOT-116966,0,0.3497,Active
SPOT-116967,0,0.5058,Active
SPOT-116968,0,0.5202,Active
SPOT-116969,1,0.758,Price / Cost
SPOT-116970,1,0.5745,Low Usage / No Time
SPOT-116971,1,0.5855,Too Many Ads
SPOT-116972,0,0.2987,Active
SPOT-116973,0,0.2093,Active
SPOT-116974,0,0.3468,Active
SPOT-116975,0,0.485,Active
SPOT-116976,0,0.2201,Active
SPOT-116977,0,0.365,Active
SPOT-116978,0,0.22,Active
SPOT-116979,0,0.3704,Active
SPOT-116980,0,0.3303,Active
SPOT-116981,0,0.2818,Active
SPOT-116982,0,0.3234,Active
SPOT-116983,0,0.3452,Active
SPOT-116984,0,0.4338,Active
SPOT-116985,0,0.4597,Active
SPOT-116986,0,0.4144,Active
SPOT-116987,0,0.2426,Active
SPOT-116988,0,0.455,Active
SPOT-116989,1,0.652,Low Usage / No Time
SPOT-116990,0,0.4186,Active
SPOT-116991,0,0.4411,Active
SPOT-116992,0,0.4261,Active
SPOT-116993,0,0.2654,Active
SPOT-116994,1,0.5797,Too Many Ads
SPOT-116995,0,0.4368,Active
SPOT-116996,1,0.6238,Switched to Competitor
SPOT-116997,0,0.4014,Active
SPOT-116998,1,0.6974,Price / Cost
SPOT-116999,0,0.5589,Active
SPOT-117000,0,0.5556,Active
SPOT-117001,1,0.712,Price / Cost
SPOT-117002,0,0.2557,Active
SPOT-117003,0,0.2969,Active
SPOT-117004,0,0.3188,Active
SPOT-117005,0,0.3235,Active
SPOT-117006,1,0.7454,Price / Cost
SPOT-117007,1,0.6551,Price / Cost
SPOT-117008,0,0.5418,Active
SPOT-117009,0,0.3686,Active
SPOT-117010,1,0.5941,Price / Cost
SPOT-117011,0,0.4996,Active
SPOT-117012,0,0.3304,Active
SPOT-117013,0,0.2804,Active
SPOT-117014,1,0.672,Low Usage / No Time
SPOT-117015,0,0.2947,Active
SPOT-117016,0,0.4078,Active
SPOT-117017,0,0.176,Active
SPOT-117018,0,0.3706,Active
SPOT-117019,0,0.4215,Active
SPOT-117020,0,0.328,Active
SPOT-117021,0,0.3717,Active
SPOT-117022,0,0.3105,Active
SPOT-117023,0,0.2495,Active
SPOT-117024,0,0.3509,Active
SPOT-117025,0,0.4378,Active
SPOT-117026,0,0.4546,Active
SPOT-117027,0,0.4242,Active
SPOT-117028,1,0.5737,Too Many Ads
SPOT-117029,0,0.2799,Active
SPOT-117030,0,0.3316,Active
SPOT-117031,0,0.2598,Active
SPOT-117032,0,0.2578,Active
SPOT-117033,0,0.2933,Active
SPOT-117034,0,0.2386,Active
SPOT-117035,0,0.264,Active
SPOT-117036,0,0.226,Active
SPOT-117037,0,0.3092,Active
SPOT-117038,0,0.4265,Active
SPOT-117039,0,0.4093,Active
SPOT-117040,0,0.3277,Active
SPOT-117041,0,0.3539,Active
SPOT-117042,0,0.459,Active
SPOT-117043,0,0.2017,Active
SPOT-117044,0,0.3061,Active
SPOT-117045,0,0.4418,Active
SPOT-117046,0,0.2988,Active
SPOT-117047,0,0.2951,Active
SPOT-117048,1,0.6168,Too Many Ads
SPOT-117049,1,0.5994,Too Many Ads
SPOT-117050,0,0.2354,Active
SPOT-117051,1,0.6577,Too Many Ads
SPOT-117052,1,0.5707,Too Many Ads
SPOT-117053,0,0.1569,Active
SPOT-117054,1,0.5907,Too Many Ads
SPOT-117055,0,0.4096,Active
SPOT-117056,0,0.1516,Active
SPOT-117057,0,0.4661,Active
SPOT-117058,0,0.3664,Active
SPOT-117059,0,0.4941,Active
SPOT-117060,0,0.2207,Active
SPOT-117061,0,0.3866,Active
SPOT-117062,1,0.58,Too Many Ads
SPOT-117063,0,0.203,Active
SPOT-117064,0,0.4207,Active
SPOT-117065,0,0.3365,Active
SPOT-117066,0,0.5613,Active
SPOT-117067,0,0.3285,Active
SPOT-117068,1,0.6674,Too Many Ads
SPOT-117069,1,0.5875,Low Usage / No Time
SPOT-117070,0,0.5272,Active
SPOT-117071,0,0.4685,Active
SPOT-117072,0,0.4288,Active
SPOT-117073,0,0.3724,Active
SPOT-117074,0,0.2467,Active
SPOT-117075,1,0.6364,Price / Cost
SPOT-117076,0,0.4692,Active
SPOT-117077,0,0.5282,Active
SPOT-117078,1,0.5726,Low Usage / No Time
SPOT-117079,0,0.4547,Active
SPOT-117080,0,0.1329,Active
SPOT-117081,0,0.505,Active
SPOT-117082,0,0.2594,Active
SPOT-117083,0,0.5129,Active
SPOT-117084,0,0.4729,Active
SPOT-117085,0,0.4286,Active
SPOT-117086,1,0.6243,Switched to Competitor
SPOT-117087,0,0.2671,Active
SPOT-117088,1,0.6418,Switched to Competitor
SPOT-117089,0,0.3805,Active
SPOT-117090,0,0.4422,Active
SPOT-117091,0,0.2985,Active
SPOT-117092,0,0.5521,Active
SPOT-117093,0,0.2848,Active
SPOT-117094,0,0.3687,Active
SPOT-117095,0,0.4945,Active
SPOT-117096,0,0.5012,Active
SPOT-117097,1,0.606,Switched to Competitor
SPOT-117098,0,0.1954,Active
SPOT-117099,1,0.7012,Price / Cost
SPOT-117100,0,0.3763,Active
SPOT-117101,1,0.7025,Price / Cost
SPOT-117102,0,0.4059,Active
SPOT-117103,0,0.5309,Active
SPOT-117104,0,0.2402,Active
SPOT-117105,0,0.1337,Active
SPOT-117106,0,0.4486,Active
SPOT-117107,0,0.2725,Active
SPOT-117108,1,0.6539,Switched to Competitor
SPOT-117109,0,0.1286,Active
SPOT-117110,0,0.202,Active
SPOT-117111,0,0.2358,Active
SPOT-117112,1,0.7462,Low Usage / No Time
SPOT-117113,0,0.2541,Active
SPOT-117114,0,0.3791,Active
SPOT-117115,0,0.5161,Active
SPOT-117116,1,0.6154,Technical Bugs
SPOT-117117,1,0.709,Price / Cost
SPOT-117118,0,0.4321,Active
SPOT-117119,0,0.477,Active
SPOT-117120,0,0.415,Active
SPOT-117121,0,0.5654,Active
SPOT-117122,1,0.6323,Price / Cost
SPOT-117123,0,0.3681,Active
SPOT-117124,1,0.5935,Price / Cost
SPOT-117125,1,0.6041,Too Many Ads
SPOT-117126,0,0.253,Active
SPOT-117127,0,0.4327,Active
SPOT-117128,0,0.1629,Active
SPOT-117129,0,0.4095,Active
SPOT-117130,0,0.5553,Active
SPOT-117131,0,0.2054,Active
SPOT-117132,1,0.6577,Too Many Ads
SPOT-117133,0,0.3799,Active
SPOT-117134,1,0.7154,Price / Cost
SPOT-117135,0,0.4036,Active
SPOT-117136,0,0.2606,Active
SPOT-117137,1,0.6536,Too Many Ads
SPOT-117138,0,0.3459,Active
SPOT-117139,0,0.1543,Active
SPOT-117140,0,0.53,Active
SPOT-117141,0,0.2891,Active
SPOT-117142,0,0.2332,Active
SPOT-117143,0,0.3495,Active
SPOT-117144,1,0.697,Switched to Competitor
SPOT-117145,0,0.4071,Active
SPOT-117146,0,0.1929,Active
SPOT-117147,0,0.1982,Active
SPOT-117148,0,0.4911,Active
SPOT-117149,0,0.4884,Active
SPOT-117150,0,0.1061,Active
SPOT-117151,0,0.5069,Active
SPOT-117152,0,0.496,Active
SPOT-117153,0,0.4994,Active
SPOT-117154,0,0.4022,Active
SPOT-117155,0,0.5365,Active
SPOT-117156,0,0.2641,Active
SPOT-117157,0,0.5603,Active
SPOT-117158,0,0.4983,Active
SPOT-117159,1,0.6304,Switched to Competitor
SPOT-117160,0,0.0791,Active
SPOT-117161,0,0.4519,Active
SPOT-117162,0,0.4833,Active
SPOT-117163,0,0.2702,Active
SPOT-117164,1,0.5687,Price / Cost
SPOT-117165,0,0.5225,Active
SPOT-117166,0,0.1889,Active
SPOT-117167,0,0.337,Active
SPOT-117168,0,0.4659,Active
SPOT-117169,1,0.6245,Low Usage / No Time
SPOT-117170,0,0.4762,Active
SPOT-117171,1,0.6019,Too Many Ads
SPOT-117172,0,0.3172,Active
SPOT-117173,0,0.4982,Active
SPOT-117174,0,0.3873,Active
SPOT-117175,1,0.6433,Price / Cost
SPOT-117176,0,0.4002,Active
SPOT-117177,0,0.3085,Active
SPOT-117178,0,0.164,Active
SPOT-117179,0,0.3347,Active
SPOT-117180,0,0.2788,Active
SPOT-117181,0,0.4279,Active
SPOT-117182,0,0.3155,Active
SPOT-117183,0,0.3073,Active
SPOT-117184,0,0.3259,Active
SPOT-117185,0,0.4931,Active
SPOT-117186,0,0.3285,Active
SPOT-117187,0,0.3423,Active
SPOT-117188,0,0.4573,Active
SPOT-117189,1,0.7626,Price / Cost
SPOT-117190,0,0.2391,Active
SPOT-117191,0,0.465,Active
SPOT-117192,1,0.5737,Too Many Ads
SPOT-117193,0,0.4929,Active
SPOT-117194,0,0.3613,Active
SPOT-117195,0,0.4324,Active
SPOT-117196,0,0.5351,Active
SPOT-117197,0,0.2325,Active
SPOT-117198,0,0.1944,Active
SPOT-117199,0,0.2089,Active
SPOT-117200,0,0.4881,Active
SPOT-117201,0,0.3869,Active
SPOT-117202,0,0.1714,Active
SPOT-117203,0,0.3242,Active
SPOT-117204,0,0.4592,Active
SPOT-117205,0,0.477,Active
SPOT-117206,0,0.5484,Active
SPOT-117207,0,0.3366,Active
SPOT-117208,0,0.5464,Active
SPOT-117209,0,0.315,Active
SPOT-117210,0,0.2396,Active
SPOT-117211,0,0.2926,Active
SPOT-117212,1,0.6452,Switched to Competitor
SPOT-117213,1,0.6017,Price / Cost
SPOT-117214,1,0.5921,Price / Cost
SPOT-117215,0,0.3026,Active
SPOT-117216,0,0.5269,Active
SPOT-117217,0,0.1787,Active
SPOT-117218,0,0.2395,Active
SPOT-117219,0,0.4246,Active
SPOT-117220,0,0.2226,Active
SPOT-117221,0,0.3329,Active
SPOT-117222,0,0.502,Active
SPOT-117223,0,0.1238,Active
SPOT-117224,0,0.4367,Active
SPOT-117225,0,0.5486,Active
SPOT-117226,0,0.4154,Active
SPOT-117227,1,0.6009,Too Many Ads
SPOT-117228,0,0.4592,Active
SPOT-117229,1,0.6399,Too Many Ads
SPOT-117230,0,0.5073,Active
SPOT-117231,1,0.5947,Low Usage / No Time
SPOT-117232,1,0.578,Price / Cost
SPOT-117233,1,0.653,Price / Cost
SPOT-117234,1,0.5983,Switched to Competitor
SPOT-117235,0,0.2887,Active
SPOT-117236,0,0.3357,Active
SPOT-117237,0,0.4146,Active
SPOT-117238,0,0.481,Active
SPOT-117239,0,0.2955,Active
SPOT-117240,0,0.2792,Active
SPOT-117241,0,0.2169,Active
SPOT-117242,0,0.2801,Active
SPOT-117243,0,0.3067,Active
SPOT-117244,0,0.466,Active
SPOT-117245,0,0.1249,Active
SPOT-117246,1,0.6307,Too Many Ads
SPOT-117247,0,0.3076,Active
SPOT-117248,1,0.7127,Too Many Ads
SPOT-117249,0,0.456,Active
SPOT-117250,0,0.4476,Active
SPOT-117251,0,0.4709,Active
SPOT-117252,0,0.4427,Active
SPOT-117253,0,0.339,Active
SPOT-117254,0,0.3405,Active
SPOT-117255,0,0.5214,Active
SPOT-117256,0,0.3794,Active
SPOT-117257,0,0.2824,Active
SPOT-117258,0,0.2958,Active
SPOT-117259,0,0.2868,Active
SPOT-117260,0,0.4568,Active
SPOT-117261,0,0.3287,Active
SPOT-117262,0,0.4222,Active
SPOT-117263,0,0.3679,Active
SPOT-117264,0,0.3287,Active
SPOT-117265,1,0.6925,Too Many Ads
SPOT-117266,1,0.7805,Too Many Ads
SPOT-117267,0,0.3542,Active
SPOT-117268,0,0.3651,Active
SPOT-117269,0,0.3973,Active
SPOT-117270,0,0.2528,Active
SPOT-117271,0,0.2783,Active
SPOT-117272,0,0.386,Active
SPOT-117273,1,0.5895,Price / Cost
SPOT-117274,0,0.1373,Active
SPOT-117275,0,0.3078,Active
SPOT-117276,0,0.4303,Active
SPOT-117277,0,0.1762,Active
SPOT-117278,0,0.2363,Active
SPOT-117279,0,0.2089,Active
SPOT-117280,1,0.6928,Too Many Ads
SPOT-117281,0,0.2712,Active
SPOT-117282,0,0.5091,Active
SPOT-117283,0,0.5281,Active
SPOT-117284,0,0.4981,Active
SPOT-117285,0,0.5012,Active
SPOT-117286,0,0.2997,Active
SPOT-117287,0,0.2742,Active
SPOT-117288,1,0.6681,Price / Cost
SPOT-117289,0,0.2337,Active
SPOT-117290,0,0.2559,Active
SPOT-117291,0,0.2901,Active
SPOT-117292,0,0.3563,Active
SPOT-117293,0,0.4479,Active
SPOT-117294,0,0.4536,Active
SPOT-117295,0,0.2284,Active
SPOT-117296,0,0.4919,Active
SPOT-117297,0,0.2421,Active
SPOT-117298,0,0.1612,Active
SPOT-117299,0,0.5319,Active
SPOT-117300,0,0.3184,Active
SPOT-117301,0,0.5357,Active
SPOT-117302,0,0.442,Active
SPOT-117303,0,0.5345,Active
SPOT-117304,0,0.4835,Active
SPOT-117305,0,0.3992,Active
SPOT-117306,1,0.7223,Switched to Competitor
SPOT-117307,0,0.3134,Active
SPOT-117308,0,0.2649,Active
SPOT-117309,0,0.4224,Active
SPOT-117310,0,0.4285,Active
SPOT-117311,0,0.1988,Active
SPOT-117312,0,0.4846,Active
SPOT-117313,0,0.3006,Active
SPOT-117314,1,0.6162,Switched to Competitor
SPOT-117315,0,0.223,Active
SPOT-117316,0,0.419,Active
SPOT-117317,0,0.4246,Active
SPOT-117318,0,0.4539,Active
SPOT-117319,0,0.5545,Active
SPOT-117320,0,0.4946,Active
SPOT-117321,0,0.3569,Active
SPOT-117322,1,0.6344,Too Many Ads
SPOT-117323,0,0.1949,Active
SPOT-117324,0,0.5518,Active
SPOT-117325,0,0.3039,Active
SPOT-117326,1,0.5995,Too Many Ads
SPOT-117327,0,0.4027,Active
SPOT-117328,0,0.3133,Active
SPOT-117329,0,0.5369,Active
SPOT-117330,0,0.2568,Active
SPOT-117331,0,0.4809,Active
SPOT-117332,0,0.3522,Active
SPOT-117333,0,0.3252,Active
SPOT-117334,0,0.2761,Active
SPOT-117335,0,0.4192,Active
SPOT-117336,0,0.2577,Active
SPOT-117337,0,0.2802,Active
SPOT-117338,0,0.4519,Active
SPOT-117339,0,0.4866,Active
SPOT-117340,0,0.477,Active
SPOT-117341,1,0.6431,Too Many Ads
SPOT-117342,0,0.5398,Active
SPOT-117343,0,0.5022,Active
SPOT-117344,0,0.0825,Active
SPOT-117345,0,0.2734,Active
SPOT-117346,0,0.4064,Active
SPOT-117347,0,0.4668,Active
SPOT-117348,0,0.1691,Active
SPOT-117349,0,0.4112,Active
SPOT-117350,1,0.7486,Technical Bugs
SPOT-117351,1,0.6313,Switched to Competitor
SPOT-117352,0,0.4805,Active
SPOT-117353,0,0.2836,Active
SPOT-117354,0,0.4275,Active
SPOT-117355,0,0.1216,Active
SPOT-117356,0,0.1905,Active
SPOT-117357,0,0.2729,Active
SPOT-117358,0,0.5501,Active
SPOT-117359,1,0.7056,Price / Cost
SPOT-117360,0,0.0569,Active
SPOT-117361,0,0.3297,Active
SPOT-117362,0,0.3716,Active
SPOT-117363,0,0.3575,Active
SPOT-117364,0,0.1073,Active
SPOT-117365,0,0.2803,Active
SPOT-117366,0,0.2794,Active
SPOT-117367,0,0.3166,Active
SPOT-117368,0,0.5434,Active
SPOT-117369,0,0.0964,Active
SPOT-117370,1,0.6134,Too Many Ads
SPOT-117371,0,0.5532,Active
SPOT-117372,0,0.3338,Active
SPOT-117373,0,0.3078,Active
SPOT-117374,1,0.619,Low Usage / No Time
SPOT-117375,0,0.3791,Active
SPOT-117376,0,0.3618,Active
SPOT-117377,0,0.2629,Active
SPOT-117378,0,0.2948,Active
SPOT-117379,0,0.4232,Active
SPOT-117380,0,0.217,Active
SPOT-117381,0,0.4133,Active
SPOT-117382,0,0.5308,Active
SPOT-117383,1,0.5788,Price / Cost
SPOT-117384,0,0.2655,Active
SPOT-117385,0,0.3506,Active
SPOT-117386,0,0.2668,Active
SPOT-117387,1,0.5833,Too Many Ads
SPOT-117388,0,0.1956,Active
SPOT-117389,0,0.4299,Active
SPOT-117390,0,0.5004,Active
SPOT-117391,0,0.2019,Active
SPOT-117392,1,0.7438,Price / Cost
SPOT-117393,0,0.1438,Active
SPOT-117394,0,0.5484,Active
SPOT-117395,0,0.4612,Active
SPOT-117396,0,0.3831,Active
SPOT-117397,1,0.5832,Low Usage / No Time
SPOT-117398,0,0.3562,Active
SPOT-117399,0,0.4868,Active
SPOT-117400,0,0.2622,Active
SPOT-117401,1,0.6989,Low Usage / No Time
SPOT-117402,0,0.4533,Active
SPOT-117403,0,0.3103,Active
SPOT-117404,0,0.5512,Active
SPOT-117405,0,0.2969,Active
SPOT-117406,0,0.2972,Active
SPOT-117407,0,0.3993,Active
SPOT-117408,1,0.6498,Price / Cost
SPOT-117409,0,0.4001,Active
SPOT-117410,1,0.7104,Price / Cost
SPOT-117411,0,0.5674,Active
SPOT-117412,0,0.378,Active
SPOT-117413,0,0.4781,Active
SPOT-117414,1,0.7028,Technical Bugs
SPOT-117415,0,0.2309,Active
SPOT-117416,0,0.3869,Active
SPOT-117417,1,0.5695,Low Usage / No Time
SPOT-117418,0,0.4239,Active
SPOT-117419,0,0.35,Active
SPOT-117420,1,0.7095,Price / Cost
SPOT-117421,0,0.2771,Active
SPOT-117422,0,0.5263,Active
SPOT-117423,0,0.516,Active
SPOT-117424,0,0.2031,Active
SPOT-117425,0,0.5676,Active
SPOT-117426,0,0.4675,Active
SPOT-117427,0,0.5517,Active
SPOT-117428,0,0.3033,Active
SPOT-117429,0,0.3037,Active
SPOT-117430,0,0.3233,Active
SPOT-117431,0,0.4945,Active
SPOT-117432,1,0.5732,Price / Cost
SPOT-117433,0,0.4865,Active
SPOT-117434,1,0.5805,Switched to Competitor
SPOT-117435,1,0.5695,Switched to Competitor
SPOT-117436,0,0.4049,Active
SPOT-117437,0,0.3956,Active
SPOT-117438,0,0.4789,Active
SPOT-117439,0,0.3814,Active
SPOT-117440,0,0.3909,Active
SPOT-117441,0,0.1953,Active
SPOT-117442,0,0.207,Active
SPOT-117443,0,0.4295,Active
SPOT-117444,0,0.286,Active
SPOT-117445,0,0.3114,Active
SPOT-117446,0,0.2405,Active
SPOT-117447,0,0.4487,Active
SPOT-117448,0,0.4699,Active
SPOT-117449,0,0.4542,Active
SPOT-117450,1,0.5906,Low Usage / No Time
SPOT-117451,0,0.3744,Active
SPOT-117452,0,0.5313,Active
SPOT-117453,0,0.4177,Active
SPOT-117454,0,0.2142,Active
SPOT-117455,1,0.6097,Switched to Competitor
SPOT-117456,0,0.3949,Active
SPOT-117457,0,0.5369,Active
SPOT-117458,0,0.5497,Active
SPOT-117459,1,0.7697,Low Usage / No Time
SPOT-117460,0,0.2707,Active
SPOT-117461,0,0.474,Active
SPOT-117462,0,0.4968,Active
SPOT-117463,0,0.3944,Active
SPOT-117464,0,0.428,Active
SPOT-117465,0,0.2209,Active
SPOT-117466,0,0.445,Active
SPOT-117467,0,0.4636,Active
SPOT-117468,0,0.35,Active
SPOT-117469,0,0.2905,Active
SPOT-117470,0,0.3254,Active
SPOT-117471,0,0.1827,Active
SPOT-117472,0,0.2689,Active
SPOT-117473,0,0.5049,Active
SPOT-117474,1,0.5954,Switched to Competitor
SPOT-117475,0,0.5249,Active
SPOT-117476,1,0.5776,Price / Cost
SPOT-117477,1,0.6249,Technical Bugs
SPOT-117478,0,0.3562,Active
SPOT-117479,0,0.2964,Active
SPOT-117480,0,0.196,Active
SPOT-117481,0,0.3577,Active
SPOT-117482,1,0.5887,Low Usage / No Time
SPOT-117483,0,0.4708,Active
SPOT-117484,0,0.5526,Active
SPOT-117485,0,0.1401,Active
SPOT-117486,0,0.4311,Active
SPOT-117487,0,0.443,Active
SPOT-117488,0,0.4782,Active
SPOT-117489,0,0.5161,Active
SPOT-117490,1,0.5885,Too Many Ads
SPOT-117491,0,0.3124,Active
SPOT-117492,1,0.6052,Switched to Competitor
SPOT-117493,1,0.5693,Too Many Ads
SPOT-117494,0,0.2314,Active
SPOT-117495,0,0.3619,Active
SPOT-117496,0,0.5166,Active
SPOT-117497,0,0.1286,Active
SPOT-117498,1,0.5737,Switched to Competitor
SPOT-117499,0,0.3296,Active
SPOT-117500,1,0.7265,Price / Cost
SPOT-117501,0,0.1416,Active
SPOT-117502,0,0.4302,Active
SPOT-117503,0,0.3366,Active
SPOT-117504,1,0.6599,Technical Bugs
SPOT-117505,0,0.2761,Active
SPOT-117506,0,0.3457,Active
SPOT-117507,0,0.3732,Active
SPOT-117508,0,0.224,Active
SPOT-117509,0,0.47,Active
SPOT-117510,1,0.6694,Price / Cost
SPOT-117511,1,0.6494,Price / Cost
SPOT-117512,0,0.4397,Active
SPOT-117513,0,0.3119,Active
SPOT-117514,0,0.4475,Active
SPOT-117515,0,0.2376,Active
SPOT-117516,0,0.3501,Active
SPOT-117517,0,0.2006,Active
SPOT-117518,0,0.423,Active
SPOT-117519,0,0.2301,Active
SPOT-117520,0,0.3074,Active
SPOT-117521,0,0.2643,Active
SPOT-117522,0,0.2909,Active
SPOT-117523,0,0.3798,Active
SPOT-117524,0,0.3344,Active
SPOT-117525,0,0.4423,Active
SPOT-117526,0,0.2314,Active
SPOT-117527,0,0.21,Active
SPOT-117528,0,0.4919,Active
SPOT-117529,0,0.3217,Active
SPOT-117530,0,0.3626,Active
SPOT-117531,0,0.4253,Active
SPOT-117532,1,0.6428,Price / Cost
SPOT-117533,0,0.3186,Active
SPOT-117534,0,0.2478,Active
SPOT-117535,0,0.3907,Active
SPOT-117536,0,0.4526,Active
SPOT-117537,0,0.3605,Active
SPOT-117538,1,0.6176,Switched to Competitor
SPOT-117539,0,0.446,Active
SPOT-117540,0,0.4436,Active
SPOT-117541,0,0.3213,Active
SPOT-117542,0,0.361,Active
SPOT-117543,0,0.5224,Active
SPOT-117544,0,0.3812,Active
SPOT-117545,0,0.3593,Active
SPOT-117546,0,0.4238,Active
SPOT-117547,0,0.3579,Active
SPOT-117548,0,0.2938,Active
SPOT-117549,0,0.2258,Active
SPOT-117550,0,0.3396,Active
SPOT-117551,0,0.3973,Active
SPOT-117552,0,0.3645,Active
SPOT-117553,0,0.4301,Active
SPOT-117554,0,0.501,Active
SPOT-117555,1,0.6249,Switched to Competitor
SPOT-117556,0,0.437,Active
SPOT-117557,0,0.3232,Active
SPOT-117558,0,0.5565,Active
SPOT-117559,0,0.3477,Active
SPOT-117560,0,0.2345,Active
SPOT-117561,0,0.4466,Active
SPOT-117562,0,0.5427,Active
SPOT-117563,0,0.3872,Active
SPOT-117564,0,0.1478,Active
SPOT-117565,0,0.3829,Active
SPOT-117566,0,0.5595,Active
SPOT-117567,0,0.3281,Active
SPOT-117568,1,0.7508,Price / Cost
SPOT-117569,0,0.234,Active
SPOT-117570,0,0.3184,Active
SPOT-117571,0,0.1521,Active
SPOT-117572,0,0.1741,Active
SPOT-117573,1,0.6431,Too Many Ads
SPOT-117574,1,0.6327,Switched to Competitor
SPOT-117575,1,0.5959,Too Many Ads
SPOT-117576,0,0.4671,Active
SPOT-117577,0,0.3981,Active
SPOT-117578,0,0.5157,Active
SPOT-117579,0,0.1945,Active
SPOT-117580,0,0.5548,Active
SPOT-117581,0,0.2533,Active
SPOT-117582,1,0.6305,Technical Bugs
SPOT-117583,0,0.4727,Active
SPOT-117584,0,0.4214,Active
SPOT-117585,0,0.5484,Active
SPOT-117586,0,0.2465,Active
SPOT-117587,0,0.1736,Active
SPOT-117588,1,0.6031,Price / Cost
SPOT-117589,0,0.5168,Active
SPOT-117590,0,0.2596,Active
SPOT-117591,0,0.5302,Active
SPOT-117592,1,0.5785,Price / Cost
SPOT-117593,0,0.2371,Active
SPOT-117594,0,0.4373,Active
SPOT-117595,0,0.145,Active
SPOT-117596,0,0.3011,Active
SPOT-117597,0,0.5218,Active
SPOT-117598,0,0.459,Active
SPOT-117599,1,0.6454,Switched to Competitor
SPOT-117600,0,0.5212,Active
SPOT-117601,0,0.3006,Active
SPOT-117602,0,0.1981,Active
SPOT-117603,0,0.406,Active
SPOT-117604,0,0.4442,Active
SPOT-117605,1,0.5913,Price / Cost
SPOT-117606,1,0.5953,Too Many Ads
SPOT-117607,0,0.3862,Active
SPOT-117608,0,0.288,Active
SPOT-117609,0,0.3717,Active
SPOT-117610,0,0.1405,Active
SPOT-117611,0,0.3742,Active
SPOT-117612,0,0.2844,Active
SPOT-117613,0,0.5279,Active
SPOT-117614,0,0.313,Active
SPOT-117615,0,0.3042,Active
SPOT-117616,0,0.5013,Active
SPOT-117617,0,0.3228,Active
SPOT-117618,0,0.3843,Active
SPOT-117619,1,0.6281,Too Many Ads
SPOT-117620,1,0.652,Price / Cost
SPOT-117621,0,0.1558,Active
SPOT-117622,0,0.2329,Active
SPOT-117623,1,0.589,Too Many Ads
SPOT-117624,0,0.2155,Active
SPOT-117625,1,0.5754,Too Many Ads
SPOT-117626,0,0.3767,Active
SPOT-117627,0,0.3127,Active
SPOT-117628,0,0.5523,Active
SPOT-117629,0,0.2771,Active
SPOT-117630,0,0.3565,Active
SPOT-117631,0,0.3041,Active
SPOT-117632,0,0.1801,Active
SPOT-117633,0,0.4488,Active
SPOT-117634,0,0.3233,Active
SPOT-117635,0,0.3357,Active
SPOT-117636,1,0.6984,Price / Cost
SPOT-117637,1,0.6402,Too Many Ads
SPOT-117638,0,0.2011,Active
SPOT-117639,0,0.4266,Active
SPOT-117640,1,0.6547,Price / Cost
SPOT-117641,0,0.3622,Active
SPOT-117642,1,0.6987,Price / Cost
SPOT-117643,0,0.3643,Active
SPOT-117644,0,0.195,Active
SPOT-117645,0,0.1533,Active
SPOT-117646,0,0.3831,Active
SPOT-117647,1,0.6203,Too Many Ads
SPOT-117648,0,0.5032,Active
SPOT-117649,0,0.4133,Active
SPOT-117650,0,0.4432,Active
SPOT-117651,0,0.4328,Active
SPOT-117652,0,0.25,Active
SPOT-117653,0,0.2949,Active
SPOT-117654,0,0.5141,Active
SPOT-117655,1,0.6182,Too Many Ads
SPOT-117656,0,0.4636,Active
SPOT-117657,1,0.6142,Price / Cost
SPOT-117658,0,0.4441,Active
SPOT-117659,1,0.6344,Low Usage / No Time
SPOT-117660,1,0.7735,Price / Cost
SPOT-117661,0,0.1243,Active
SPOT-117662,0,0.3088,Active
SPOT-117663,0,0.2501,Active
SPOT-117664,0,0.5109,Active
SPOT-117665,1,0.6839,Technical Bugs
SPOT-117666,0,0.2685,Active
SPOT-117667,0,0.3423,Active
SPOT-117668,0,0.2951,Active
SPOT-117669,0,0.4135,Active
SPOT-117670,0,0.2135,Active
SPOT-117671,0,0.3853,Active
SPOT-117672,0,0.1972,Active
SPOT-117673,0,0.2142,Active
SPOT-117674,0,0.2816,Active
SPOT-117675,0,0.2813,Active
SPOT-117676,0,0.3034,Active
SPOT-117677,0,0.4486,Active
SPOT-117678,1,0.5801,Price / Cost
SPOT-117679,0,0.2605,Active
SPOT-117680,0,0.4679,Active
SPOT-117681,0,0.3181,Active
SPOT-117682,0,0.4461,Active
SPOT-117683,0,0.1901,Active
SPOT-117684,0,0.5003,Active
SPOT-117685,0,0.3293,Active
SPOT-117686,0,0.4636,Active
SPOT-117687,1,0.5809,Low Usage / No Time
SPOT-117688,0,0.3443,Active
SPOT-117689,0,0.3035,Active
SPOT-117690,0,0.4093,Active
SPOT-117691,0,0.5029,Active
SPOT-117692,0,0.3004,Active
SPOT-117693,0,0.3755,Active
SPOT-117694,1,0.6474,Low Usage / No Time
SPOT-117695,1,0.6004,Price / Cost
SPOT-117696,0,0.2606,Active
SPOT-117697,1,0.6413,Too Many Ads
SPOT-117698,0,0.4058,Active
SPOT-117699,1,0.721,Low Usage / No Time
SPOT-117700,1,0.6809,Too Many Ads
SPOT-117701,0,0.232,Active
SPOT-117702,1,0.6051,Price / Cost
SPOT-117703,1,0.6364,Too Many Ads
SPOT-117704,0,0.5329,Active
SPOT-117705,0,0.2615,Active
SPOT-117706,1,0.6337,Low Usage / No Time
SPOT-117707,0,0.3079,Active
SPOT-117708,0,0.2908,Active
SPOT-117709,0,0.4255,Active
SPOT-117710,0,0.355,Active
SPOT-117711,0,0.4191,Active
SPOT-117712,0,0.3799,Active
SPOT-117713,0,0.1432,Active
SPOT-117714,1,0.6533,Price / Cost
SPOT-117715,0,0.4934,Active
SPOT-117716,0,0.2539,Active
SPOT-117717,0,0.4436,Active
SPOT-117718,0,0.286,Active
SPOT-117719,0,0.1667,Active
SPOT-117720,1,0.6707,Price / Cost
SPOT-117721,0,0.3366,Active
SPOT-117722,0,0.3629,Active
SPOT-117723,0,0.2182,Active
SPOT-117724,1,0.5711,Too Many Ads
SPOT-117725,0,0.362,Active
SPOT-117726,1,0.5789,Too Many Ads
SPOT-117727,0,0.4042,Active
SPOT-117728,0,0.2049,Active
SPOT-117729,0,0.2021,Active
SPOT-117730,0,0.4585,Active
SPOT-117731,0,0.3748,Active
SPOT-117732,0,0.2141,Active
SPOT-117733,0,0.4757,Active
SPOT-117734,0,0.2198,Active
SPOT-117735,0,0.3512,Active
SPOT-117736,1,0.6151,Switched to Competitor
SPOT-117737,0,0.4736,Active
SPOT-117738,0,0.5001,Active
SPOT-117739,0,0.5254,Active
SPOT-117740,0,0.3152,Active
SPOT-117741,0,0.5025,Active
SPOT-117742,1,0.5821,Price / Cost
SPOT-117743,0,0.2488,Active
SPOT-117744,1,0.6266,Switched to Competitor
SPOT-117745,0,0.4956,Active
SPOT-117746,0,0.398,Active
SPOT-117747,0,0.4561,Active
SPOT-117748,0,0.3356,Active
SPOT-117749,0,0.2647,Active
SPOT-117750,1,0.6057,Price / Cost
SPOT-117751,0,0.4908,Active
SPOT-117752,1,0.6477,Price / Cost
SPOT-117753,1,0.6809,Switched to Competitor
SPOT-117754,1,0.5979,Low Usage / No Time
SPOT-117755,0,0.2236,Active
SPOT-117756,0,0.4973,Active
SPOT-117757,1,0.7632,Price / Cost
SPOT-117758,1,0.6194,Price / Cost
SPOT-117759,0,0.2913,Active
SPOT-117760,0,0.1522,Active
SPOT-117761,0,0.2482,Active
SPOT-117762,0,0.0996,Active
SPOT-117763,0,0.1994,Active
SPOT-117764,0,0.337,Active
SPOT-117765,0,0.2834,Active
SPOT-117766,0,0.5626,Active
SPOT-117767,0,0.5066,Active
SPOT-117768,0,0.2633,Active
SPOT-117769,0,0.4682,Active
SPOT-117770,0,0.5372,Active
SPOT-117771,1,0.6309,Price / Cost
SPOT-117772,0,0.4963,Active
SPOT-117773,0,0.5497,Active
SPOT-117774,0,0.3973,Active
SPOT-117775,0,0.5255,Active
SPOT-117776,1,0.5708,Switched to Competitor
SPOT-117777,0,0.2149,Active
SPOT-117778,0,0.2367,Active
SPOT-117779,0,0.462,Active
SPOT-117780,0,0.4035,Active
SPOT-117781,0,0.3914,Active
SPOT-117782,0,0.3014,Active
SPOT-117783,0,0.2919,Active
SPOT-117784,0,0.3626,Active
SPOT-117785,0,0.3447,Active
SPOT-117786,1,0.5822,Too Many Ads
SPOT-117787,0,0.0759,Active
SPOT-117788,0,0.1605,Active
SPOT-117789,0,0.3799,Active
SPOT-117790,0,0.4938,Active
SPOT-117791,0,0.2053,Active
SPOT-117792,0,0.4657,Active
SPOT-117793,0,0.4702,Active
SPOT-117794,0,0.5088,Active
SPOT-117795,0,0.3451,Active
SPOT-117796,0,0.2965,Active
SPOT-117797,0,0.5505,Active
SPOT-117798,0,0.1877,Active
SPOT-117799,0,0.4643,Active
SPOT-117800,0,0.5299,Active
SPOT-117801,0,0.3946,Active
SPOT-117802,0,0.4976,Active
SPOT-117803,0,0.5418,Active
SPOT-117804,1,0.7686,Too Many Ads
SPOT-117805,1,0.6075,Low Usage / No Time
SPOT-117806,0,0.2985,Active
SPOT-117807,0,0.4946,Active
SPOT-117808,0,0.4014,Active
SPOT-117809,0,0.5095,Active
SPOT-117810,0,0.495,Active
SPOT-117811,0,0.3462,Active
SPOT-117812,0,0.3807,Active
SPOT-117813,0,0.3953,Active
SPOT-117814,0,0.2221,Active
SPOT-117815,0,0.4823,Active
SPOT-117816,0,0.4194,Active
SPOT-117817,1,0.6775,Low Usage / No Time
SPOT-117818,0,0.5293,Active
SPOT-117819,1,0.7014,Price / Cost
SPOT-117820,0,0.5442,Active
SPOT-117821,0,0.3687,Active
SPOT-117822,1,0.6863,Price / Cost
SPOT-117823,0,0.4429,Active
SPOT-117824,0,0.4069,Active
SPOT-117825,1,0.5696,Low Usage / No Time
SPOT-117826,0,0.4165,Active
SPOT-117827,0,0.3497,Active
SPOT-117828,0,0.5408,Active
SPOT-117829,0,0.4511,Active
SPOT-117830,0,0.3353,Active
SPOT-117831,0,0.2189,Active
SPOT-117832,1,0.6271,Low Usage / No Time
SPOT-117833,0,0.2237,Active
SPOT-117834,1,0.6548,Low Usage / No Time
SPOT-117835,0,0.3927,Active
SPOT-117836,0,0.2502,Active
SPOT-117837,1,0.6728,Low Usage / No Time
SPOT-117838,0,0.3436,Active
SPOT-117839,0,0.225,Active
SPOT-117840,0,0.5325,Active
SPOT-117841,0,0.4867,Active
SPOT-117842,0,0.5582,Active
SPOT-117843,0,0.54,Active
SPOT-117844,0,0.5363,Active
SPOT-117845,0,0.4617,Active
SPOT-117846,1,0.6387,Price / Cost
SPOT-117847,0,0.3363,Active
SPOT-117848,0,0.3275,Active
SPOT-117849,0,0.242,Active
SPOT-117850,0,0.5678,Active
SPOT-117851,0,0.3597,Active
SPOT-117852,1,0.7218,Too Many Ads
SPOT-117853,0,0.3297,Active
SPOT-117854,0,0.2061,Active
SPOT-117855,1,0.6374,Too Many Ads
SPOT-117856,0,0.375,Active
SPOT-117857,0,0.567,Active
SPOT-117858,0,0.3046,Active
SPOT-117859,0,0.2558,Active
SPOT-117860,1,0.6587,Too Many Ads
SPOT-117861,0,0.2317,Active
SPOT-117862,0,0.3067,Active
SPOT-117863,0,0.54,Active
SPOT-117864,0,0.5498,Active
SPOT-117865,0,0.3493,Active
SPOT-117866,0,0.3698,Active
SPOT-117867,0,0.4715,Active
SPOT-117868,0,0.4465,Active
SPOT-117869,0,0.2342,Active
SPOT-117870,0,0.417,Active
SPOT-117871,0,0.1263,Active
SPOT-117872,0,0.3702,Active
SPOT-117873,1,0.6768,Price / Cost
SPOT-117874,0,0.541,Active
SPOT-117875,0,0.528,Active
SPOT-117876,0,0.4247,Active
SPOT-117877,0,0.465,Active
SPOT-117878,0,0.3398,Active
SPOT-117879,0,0.1543,Active
SPOT-117880,0,0.2212,Active
SPOT-117881,0,0.3475,Active
SPOT-117882,0,0.4151,Active
SPOT-117883,0,0.3731,Active
SPOT-117884,0,0.4904,Active
SPOT-117885,0,0.3293,Active
SPOT-117886,1,0.6213,Price / Cost
SPOT-117887,0,0.4556,Active
SPOT-117888,0,0.362,Active
SPOT-117889,0,0.4591,Active
SPOT-117890,0,0.2957,Active
SPOT-117891,0,0.2891,Active
SPOT-117892,0,0.4079,Active
SPOT-117893,1,0.6086,Too Many Ads
SPOT-117894,0,0.4702,Active
SPOT-117895,0,0.4465,Active
SPOT-117896,0,0.2342,Active
SPOT-117897,0,0.2917,Active
SPOT-117898,0,0.499,Active
SPOT-117899,0,0.4069,Active
SPOT-117900,0,0.5488,Active
SPOT-117901,0,0.2721,Active
SPOT-117902,1,0.6006,Low Usage / No Time
SPOT-117903,0,0.542,Active
SPOT-117904,1,0.5792,Switched to Competitor
SPOT-117905,0,0.2816,Active
SPOT-117906,0,0.2054,Active
SPOT-117907,1,0.5804,Price / Cost
SPOT-117908,0,0.4139,Active
SPOT-117909,0,0.4916,Active
SPOT-117910,0,0.3055,Active
SPOT-117911,0,0.2299,Active
SPOT-117912,0,0.4449,Active
SPOT-117913,1,0.6117,Price / Cost
SPOT-117914,0,0.5371,Active
SPOT-117915,0,0.1962,Active
SPOT-117916,0,0.5154,Active
SPOT-117917,0,0.4868,Active
SPOT-117918,0,0.2288,Active
SPOT-117919,1,0.5972,Switched to Competitor
SPOT-117920,1,0.6008,Too Many Ads
SPOT-117921,0,0.5565,Active
SPOT-117922,1,0.7175,Switched to Competitor
SPOT-117923,1,0.727,Too Many Ads
SPOT-117924,1,0.6499,Switched to Competitor
SPOT-117925,0,0.4731,Active
SPOT-117926,0,0.1229,Active
SPOT-117927,0,0.2117,Active
SPOT-117928,0,0.2752,Active
SPOT-117929,0,0.4621,Active
SPOT-117930,0,0.5558,Active
SPOT-117931,1,0.5862,Technical Bugs
SPOT-117932,0,0.3944,Active
SPOT-117933,0,0.4403,Active
SPOT-117934,0,0.5102,Active
SPOT-117935,0,0.5568,Active
SPOT-117936,0,0.3971,Active
SPOT-117937,0,0.3638,Active
SPOT-117938,0,0.2822,Active
SPOT-117939,0,0.5397,Active
SPOT-117940,0,0.5572,Active
SPOT-117941,0,0.3128,Active
SPOT-117942,0,0.3224,Active
SPOT-117943,0,0.4953,Active
SPOT-117944,0,0.484,Active
SPOT-117945,1,0.6023,Low Usage / No Time
SPOT-117946,0,0.1786,Active
SPOT-117947,1,0.7374,Technical Bugs
SPOT-117948,1,0.6339,Price / Cost
SPOT-117949,0,0.33,Active
SPOT-117950,0,0.3332,Active
SPOT-117951,0,0.4369,Active
SPOT-117952,0,0.299,Active
SPOT-117953,1,0.7308,Price / Cost
SPOT-117954,1,0.6004,Switched to Competitor
SPOT-117955,0,0.2743,Active
SPOT-117956,0,0.2564,Active
SPOT-117957,0,0.3048,Active
SPOT-117958,0,0.0893,Active
SPOT-117959,0,0.192,Active
SPOT-117960,1,0.5807,Price / Cost
SPOT-117961,0,0.0763,Active
SPOT-117962,0,0.5241,Active
SPOT-117963,0,0.3974,Active
SPOT-117964,0,0.5674,Active
SPOT-117965,0,0.3797,Active
SPOT-117966,0,0.1829,Active
SPOT-117967,1,0.6612,Low Usage / No Time
SPOT-117968,0,0.5468,Active
SPOT-117969,0,0.2789,Active
SPOT-117970,0,0.3805,Active
SPOT-117971,0,0.3917,Active
SPOT-117972,0,0.2962,Active
SPOT-117973,1,0.6187,Price / Cost
SPOT-117974,0,0.4381,Active
SPOT-117975,0,0.2941,Active
SPOT-117976,0,0.4777,Active
SPOT-117977,0,0.4412,Active
SPOT-117978,0,0.2591,Active
SPOT-117979,0,0.2502,Active
SPOT-117980,0,0.4522,Active
SPOT-117981,0,0.4819,Active
SPOT-117982,0,0.2631,Active
SPOT-117983,1,0.7032,Too Many Ads
SPOT-117984,0,0.3173,Active
SPOT-117985,0,0.3718,Active
SPOT-117986,0,0.2311,Active
SPOT-117987,0,0.2641,Active
SPOT-117988,0,0.474,Active
SPOT-117989,1,0.6106,Price / Cost
SPOT-117990,1,0.6524,Switched to Competitor
SPOT-117991,0,0.4616,Active
SPOT-117992,0,0.2742,Active
SPOT-117993,0,0.3975,Active
SPOT-117994,0,0.4231,Active
SPOT-117995,1,0.5999,Switched to Competitor
SPOT-117996,0,0.3421,Active
SPOT-117997,0,0.2918,Active
SPOT-117998,0,0.4603,Active
SPOT-117999,0,0.3938,Active
SPOT-118000,0,0.4108,Active
SPOT-118001,0,0.4417,Active
SPOT-118002,0,0.5372,Active
SPOT-118003,0,0.3279,Active
SPOT-118004,0,0.3875,Active
SPOT-118005,0,0.4975,Active
SPOT-118006,0,0.4382,Active
SPOT-118007,0,0.2034,Active
SPOT-118008,1,0.569,Price / Cost
SPOT-118009,1,0.6059,Technical Bugs
SPOT-118010,0,0.3134,Active
SPOT-118011,1,0.6728,Price / Cost
SPOT-118012,1,0.6443,Switched to Competitor
SPOT-118013,0,0.3615,Active
SPOT-118014,0,0.5136,Active
SPOT-118015,0,0.5178,Active
SPOT-118016,0,0.3048,Active
SPOT-118017,0,0.4534,Active
SPOT-118018,1,0.7297,Low Usage / No Time
SPOT-118019,0,0.2554,Active
SPOT-118020,0,0.5234,Active
SPOT-118021,0,0.3938,Active
SPOT-118022,0,0.4173,Active
SPOT-118023,0,0.2514,Active
SPOT-118024,0,0.4261,Active
SPOT-118025,1,0.581,Price / Cost
SPOT-118026,0,0.4143,Active
SPOT-118027,1,0.6146,Price / Cost
SPOT-118028,0,0.3871,Active
SPOT-118029,1,0.6122,Too Many Ads
SPOT-118030,0,0.3625,Active
SPOT-118031,0,0.5396,Active
SPOT-118032,0,0.1952,Active
SPOT-118033,0,0.333,Active
SPOT-118034,1,0.6688,Too Many Ads
SPOT-118035,0,0.3395,Active
SPOT-118036,0,0.292,Active
SPOT-118037,1,0.6214,Low Usage / No Time
SPOT-118038,0,0.4745,Active
SPOT-118039,0,0.4041,Active
SPOT-118040,0,0.4216,Active
SPOT-118041,0,0.3087,Active
SPOT-118042,0,0.3336,Active
SPOT-118043,1,0.6074,Low Usage / No Time
SPOT-118044,0,0.3291,Active
SPOT-118045,1,0.6839,Price / Cost
SPOT-118046,0,0.4078,Active
SPOT-118047,0,0.4186,Active
SPOT-118048,0,0.2726,Active
SPOT-118049,1,0.5773,Low Usage / No Time
SPOT-118050,1,0.6881,Price / Cost
SPOT-118051,0,0.5513,Active
SPOT-118052,0,0.3533,Active
SPOT-118053,0,0.1846,Active
SPOT-118054,0,0.2757,Active
SPOT-118055,0,0.4972,Active
SPOT-118056,0,0.3217,Active
SPOT-118057,0,0.3767,Active
SPOT-118058,0,0.2482,Active
SPOT-118059,0,0.2008,Active
SPOT-118060,0,0.4091,Active
SPOT-118061,0,0.4513,Active
SPOT-118062,0,0.2476,Active
SPOT-118063,0,0.2847,Active
SPOT-118064,0,0.4175,Active
SPOT-118065,0,0.3599,Active
SPOT-118066,0,0.4705,Active
SPOT-118067,1,0.6475,Switched to Competitor
SPOT-118068,0,0.4009,Active
SPOT-118069,0,0.468,Active
SPOT-118070,0,0.1836,Active
SPOT-118071,0,0.2799,Active
SPOT-118072,0,0.3464,Active
SPOT-118073,1,0.6075,Too Many Ads
SPOT-118074,0,0.5543,Active
SPOT-118075,0,0.4029,Active
SPOT-118076,0,0.5515,Active
SPOT-118077,0,0.3655,Active
SPOT-118078,0,0.4551,Active
SPOT-118079,0,0.5118,Active
SPOT-118080,0,0.438,Active
SPOT-118081,0,0.15,Active
SPOT-118082,0,0.3352,Active
SPOT-118083,0,0.5464,Active
SPOT-118084,0,0.3831,Active
SPOT-118085,1,0.6003,Low Usage / No Time
SPOT-118086,0,0.49,Active
SPOT-118087,0,0.1823,Active
SPOT-118088,0,0.3051,Active
SPOT-118089,0,0.4388,Active
SPOT-118090,0,0.5615,Active
SPOT-118091,0,0.3859,Active
SPOT-118092,0,0.2098,Active
SPOT-118093,1,0.6388,Technical Bugs
SPOT-118094,0,0.2203,Active
SPOT-118095,0,0.2824,Active
SPOT-118096,0,0.4646,Active
SPOT-118097,0,0.3602,Active
SPOT-118098,0,0.4329,Active
SPOT-118099,0,0.3989,Active
SPOT-118100,0,0.3325,Active
SPOT-118101,0,0.5048,Active
SPOT-118102,0,0.3432,Active
SPOT-118103,1,0.581,Too Many Ads
SPOT-118104,0,0.4095,Active
SPOT-118105,1,0.5756,Price / Cost
SPOT-118106,0,0.4762,Active
SPOT-118107,0,0.5572,Active
SPOT-118108,0,0.5104,Active
SPOT-118109,0,0.3054,Active
SPOT-118110,0,0.1784,Active
SPOT-118111,0,0.5048,Active
SPOT-118112,0,0.2034,Active
SPOT-118113,0,0.3691,Active
SPOT-118114,1,0.6441,Price / Cost
SPOT-118115,0,0.3528,Active
SPOT-118116,0,0.4685,Active
SPOT-118117,0,0.536,Active
SPOT-118118,0,0.2213,Active
SPOT-118119,0,0.2478,Active
SPOT-118120,0,0.5607,Active
SPOT-118121,0,0.2935,Active
SPOT-118122,0,0.328,Active
SPOT-118123,0,0.2729,Active
SPOT-118124,1,0.6037,Price / Cost
SPOT-118125,0,0.4989,Active
SPOT-118126,0,0.4274,Active
SPOT-118127,0,0.2996,Active
SPOT-118128,0,0.368,Active
SPOT-118129,0,0.2235,Active
SPOT-118130,0,0.089,Active
SPOT-118131,0,0.4715,Active
SPOT-118132,0,0.3481,Active
SPOT-118133,1,0.6618,Switched to Competitor
SPOT-118134,0,0.5315,Active
SPOT-118135,0,0.314,Active
SPOT-118136,0,0.4752,Active
SPOT-118137,0,0.4438,Active
SPOT-118138,0,0.5579,Active
SPOT-118139,1,0.5778,Price / Cost
SPOT-118140,0,0.3386,Active
SPOT-118141,0,0.2392,Active
SPOT-118142,0,0.4236,Active
SPOT-118143,0,0.1527,Active
SPOT-118144,0,0.2596,Active
SPOT-118145,0,0.5629,Active
SPOT-118146,1,0.5787,Switched to Competitor
SPOT-118147,0,0.3028,Active
SPOT-118148,0,0.5302,Active
SPOT-118149,0,0.31,Active
SPOT-118150,0,0.3354,Active
SPOT-118151,0,0.4525,Active
SPOT-118152,0,0.3723,Active
SPOT-118153,0,0.3753,Active
SPOT-118154,0,0.3674,Active
SPOT-118155,0,0.5604,Active
SPOT-118156,0,0.2598,Active
SPOT-118157,0,0.325,Active
SPOT-118158,1,0.6332,Price / Cost
SPOT-118159,0,0.189,Active
SPOT-118160,0,0.1161,Active
SPOT-118161,0,0.15,Active
SPOT-118162,0,0.0865,Active
SPOT-118163,0,0.4507,Active
SPOT-118164,0,0.4018,Active
SPOT-118165,0,0.4907,Active
SPOT-118166,0,0.353,Active
SPOT-118167,0,0.5307,Active
SPOT-118168,0,0.4777,Active
SPOT-118169,0,0.1589,Active
SPOT-118170,0,0.089,Active
SPOT-118171,0,0.3881,Active
SPOT-118172,0,0.5609,Active
SPOT-118173,0,0.3409,Active
SPOT-118174,0,0.2584,Active
SPOT-118175,0,0.4602,Active
SPOT-118176,0,0.5101,Active
SPOT-118177,0,0.2738,Active
SPOT-118178,0,0.1706,Active
SPOT-118179,0,0.5079,Active
SPOT-118180,0,0.2746,Active
SPOT-118181,0,0.2136,Active
SPOT-118182,0,0.5406,Active
SPOT-118183,0,0.3226,Active
SPOT-118184,1,0.7384,Switched to Competitor
SPOT-118185,1,0.5748,Too Many Ads
SPOT-118186,0,0.3436,Active
SPOT-118187,0,0.3788,Active
SPOT-118188,0,0.2887,Active
SPOT-118189,1,0.5933,Price / Cost
SPOT-118190,1,0.6186,Price / Cost
SPOT-118191,1,0.5897,Price / Cost
SPOT-118192,0,0.5298,Active
SPOT-118193,1,0.6861,Price / Cost
SPOT-118194,1,0.6875,Price / Cost
SPOT-118195,1,0.6001,Price / Cost
SPOT-118196,0,0.5031,Active
SPOT-118197,1,0.6081,Low Usage / No Time
SPOT-118198,0,0.2363,Active
SPOT-118199,1,0.6142,Low Usage / No Time
SPOT-118200,0,0.4804,Active
SPOT-118201,0,0.3129,Active
SPOT-118202,0,0.27,Active
SPOT-118203,0,0.2396,Active
SPOT-118204,0,0.4743,Active
SPOT-118205,0,0.3843,Active
SPOT-118206,0,0.5454,Active
SPOT-118207,0,0.3125,Active
SPOT-118208,0,0.2721,Active
SPOT-118209,0,0.4042,Active
SPOT-118210,0,0.3882,Active
SPOT-118211,0,0.554,Active
SPOT-118212,0,0.4894,Active
SPOT-118213,0,0.1651,Active
SPOT-118214,1,0.6852,Too Many Ads
SPOT-118215,0,0.436,Active
SPOT-118216,0,0.3364,Active
SPOT-118217,0,0.3528,Active
SPOT-118218,0,0.2725,Active
SPOT-118219,0,0.2759,Active
SPOT-118220,0,0.3847,Active
SPOT-118221,1,0.6076,Technical Bugs
SPOT-118222,0,0.5002,Active
SPOT-118223,0,0.4349,Active
SPOT-118224,1,0.7094,Low Usage / No Time
SPOT-118225,1,0.6036,Low Usage / No Time
SPOT-118226,0,0.481,Active
SPOT-118227,0,0.1768,Active
SPOT-118228,0,0.2082,Active
SPOT-118229,0,0.3412,Active
SPOT-118230,0,0.3507,Active
SPOT-118231,1,0.6187,Switched to Competitor
SPOT-118232,0,0.453,Active
SPOT-118233,0,0.2968,Active
SPOT-118234,0,0.1129,Active
SPOT-118235,0,0.3983,Active
SPOT-118236,0,0.4754,Active
SPOT-118237,0,0.2677,Active
SPOT-118238,0,0.3015,Active
SPOT-118239,0,0.3542,Active
SPOT-118240,0,0.3808,Active
SPOT-118241,0,0.3798,Active
SPOT-118242,0,0.3966,Active
SPOT-118243,0,0.2639,Active
SPOT-118244,0,0.4164,Active
SPOT-118245,1,0.699,Switched to Competitor
SPOT-118246,0,0.2743,Active
SPOT-118247,0,0.5583,Active
SPOT-118248,0,0.3133,Active
SPOT-118249,0,0.3838,Active
SPOT-118250,0,0.3457,Active
SPOT-118251,1,0.6189,Too Many Ads
SPOT-118252,0,0.3217,Active
SPOT-118253,0,0.1741,Active
SPOT-118254,0,0.2541,Active
SPOT-118255,0,0.2902,Active
SPOT-118256,0,0.2468,Active
SPOT-118257,1,0.6702,Switched to Competitor
SPOT-118258,0,0.3039,Active
SPOT-118259,0,0.4831,Active
SPOT-118260,0,0.1288,Active
SPOT-118261,1,0.5952,Low Usage / No Time
SPOT-118262,0,0.2656,Active
SPOT-118263,0,0.3214,Active
SPOT-118264,0,0.2206,Active
SPOT-118265,0,0.3274,Active
SPOT-118266,0,0.2616,Active
SPOT-118267,0,0.4077,Active
SPOT-118268,1,0.6564,Price / Cost
SPOT-118269,0,0.4269,Active
SPOT-118270,0,0.5274,Active
SPOT-118271,0,0.448,Active
SPOT-118272,1,0.6908,Price / Cost
SPOT-118273,0,0.4169,Active
SPOT-118274,0,0.4359,Active
SPOT-118275,0,0.2443,Active
SPOT-118276,0,0.3512,Active
SPOT-118277,0,0.5559,Active
SPOT-118278,0,0.565,Active
SPOT-118279,0,0.2928,Active
SPOT-118280,0,0.137,Active
SPOT-118281,0,0.4984,Active
SPOT-118282,0,0.4932,Active
SPOT-118283,0,0.3053,Active
SPOT-118284,1,0.5959,Switched to Competitor
SPOT-118285,0,0.1089,Active
SPOT-118286,0,0.3464,Active
SPOT-118287,0,0.3524,Active
SPOT-118288,0,0.3013,Active
SPOT-118289,0,0.4435,Active
SPOT-118290,0,0.3948,Active
SPOT-118291,0,0.3863,Active
SPOT-118292,0,0.3095,Active
SPOT-118293,0,0.2491,Active
SPOT-118294,0,0.3561,Active
SPOT-118295,0,0.3216,Active
SPOT-118296,0,0.5507,Active
SPOT-118297,0,0.3397,Active
SPOT-118298,1,0.611,Price / Cost
SPOT-118299,0,0.5128,Active
SPOT-118300,1,0.5765,Price / Cost
SPOT-118301,0,0.1777,Active
SPOT-118302,0,0.2397,Active
SPOT-118303,0,0.3139,Active
SPOT-118304,0,0.3749,Active
SPOT-118305,0,0.3671,Active
SPOT-118306,0,0.4665,Active
SPOT-118307,0,0.2746,Active
SPOT-118308,0,0.4742,Active
SPOT-118309,0,0.4589,Active
SPOT-118310,1,0.587,Too Many Ads
SPOT-118311,1,0.6541,Price / Cost
SPOT-118312,0,0.5192,Active
SPOT-118313,1,0.7344,Low Usage / No Time
SPOT-118314,0,0.5455,Active
SPOT-118315,0,0.1969,Active
SPOT-118316,0,0.5085,Active
SPOT-118317,0,0.5032,Active
SPOT-118318,0,0.1842,Active
SPOT-118319,0,0.3177,Active
SPOT-118320,0,0.446,Active
SPOT-118321,0,0.2367,Active
SPOT-118322,0,0.4058,Active
SPOT-118323,0,0.1146,Active
SPOT-118324,0,0.4224,Active
SPOT-118325,0,0.4332,Active
SPOT-118326,0,0.2683,Active
SPOT-118327,1,0.7506,Low Usage / No Time
SPOT-118328,0,0.1876,Active
SPOT-118329,0,0.3708,Active
SPOT-118330,0,0.4447,Active
SPOT-118331,0,0.4319,Active
SPOT-118332,0,0.4095,Active
SPOT-118333,0,0.1263,Active
SPOT-118334,0,0.3454,Active
SPOT-118335,0,0.2123,Active
SPOT-118336,0,0.1861,Active
SPOT-118337,0,0.4463,Active
SPOT-118338,0,0.5015,Active
SPOT-118339,0,0.2163,Active
SPOT-118340,0,0.281,Active
SPOT-118341,1,0.6746,Price / Cost
SPOT-118342,0,0.4712,Active
SPOT-118343,0,0.5014,Active
SPOT-118344,0,0.2076,Active
SPOT-118345,0,0.14,Active
SPOT-118346,0,0.2407,Active
SPOT-118347,0,0.4472,Active
SPOT-118348,0,0.4039,Active
SPOT-118349,0,0.3431,Active
SPOT-118350,0,0.5414,Active
SPOT-118351,1,0.7179,Switched to Competitor
SPOT-118352,0,0.459,Active
SPOT-118353,0,0.0734,Active
SPOT-118354,0,0.1397,Active
SPOT-118355,0,0.5349,Active
SPOT-118356,0,0.3433,Active
SPOT-118357,0,0.5049,Active
SPOT-118358,0,0.407,Active
SPOT-118359,1,0.6352,Switched to Competitor
SPOT-118360,0,0.2844,Active
SPOT-118361,0,0.1538,Active
SPOT-118362,0,0.2777,Active
SPOT-118363,0,0.0766,Active
SPOT-118364,0,0.2371,Active
SPOT-118365,1,0.722,Too Many Ads
SPOT-118366,0,0.5083,Active
SPOT-118367,0,0.2411,Active
SPOT-118368,0,0.4625,Active
SPOT-118369,0,0.3812,Active
SPOT-118370,1,0.6625,Technical Bugs
SPOT-118371,0,0.1239,Active
SPOT-118372,0,0.5102,Active
SPOT-118373,1,0.7513,Price / Cost
SPOT-118374,0,0.3936,Active
SPOT-118375,0,0.5348,Active
SPOT-118376,0,0.2917,Active
SPOT-118377,0,0.5085,Active
SPOT-118378,0,0.09,Active
SPOT-118379,1,0.6655,Switched to Competitor
SPOT-118380,0,0.4301,Active
SPOT-118381,0,0.5066,Active
SPOT-118382,0,0.4476,Active
SPOT-118383,1,0.5832,Switched to Competitor
SPOT-118384,0,0.4381,Active
SPOT-118385,0,0.2439,Active
SPOT-118386,0,0.2771,Active
SPOT-118387,0,0.3707,Active
SPOT-118388,1,0.5984,Technical Bugs
SPOT-118389,0,0.5093,Active
SPOT-118390,0,0.2778,Active
SPOT-118391,0,0.3308,Active
SPOT-118392,0,0.2751,Active
SPOT-118393,1,0.5785,Low Usage / No Time
SPOT-118394,0,0.4628,Active
SPOT-118395,0,0.5371,Active
SPOT-118396,0,0.4812,Active
SPOT-118397,0,0.2676,Active
SPOT-118398,0,0.3613,Active
SPOT-118399,1,0.6623,Switched to Competitor
SPOT-118400,0,0.3242,Active
SPOT-118401,0,0.284,Active
SPOT-118402,1,0.597,Price / Cost
SPOT-118403,0,0.4958,Active
SPOT-118404,0,0.2701,Active
SPOT-118405,0,0.5111,Active
SPOT-118406,0,0.363,Active
SPOT-118407,0,0.3826,Active
SPOT-118408,0,0.2792,Active
SPOT-118409,0,0.3717,Active
SPOT-118410,0,0.2434,Active
SPOT-118411,0,0.229,Active
SPOT-118412,0,0.1786,Active
SPOT-118413,1,0.5697,Price / Cost
SPOT-118414,0,0.5111,Active
SPOT-118415,0,0.3601,Active
SPOT-118416,0,0.2931,Active
SPOT-118417,0,0.5258,Active
SPOT-118418,0,0.2103,Active
SPOT-118419,0,0.2079,Active
SPOT-118420,0,0.2477,Active
SPOT-118421,0,0.3798,Active
SPOT-118422,1,0.6215,Low Usage / No Time
SPOT-118423,0,0.4734,Active
SPOT-118424,0,0.1873,Active
SPOT-118425,0,0.3962,Active
SPOT-118426,0,0.1086,Active
SPOT-118427,0,0.3232,Active
SPOT-118428,0,0.0918,Active
SPOT-118429,0,0.3376,Active
SPOT-118430,0,0.2297,Active
SPOT-118431,1,0.7046,Switched to Competitor
SPOT-118432,1,0.6206,Too Many Ads
SPOT-118433,0,0.4742,Active
SPOT-118434,0,0.4413,Active
SPOT-118435,0,0.4301,Active
SPOT-118436,0,0.4229,Active
SPOT-118437,0,0.3568,Active
SPOT-118438,0,0.5172,Active
SPOT-118439,0,0.5677,Active
SPOT-118440,0,0.4188,Active
SPOT-118441,0,0.564,Active
SPOT-118442,0,0.4798,Active
SPOT-118443,0,0.5502,Active
SPOT-118444,0,0.4383,Active
SPOT-118445,0,0.4213,Active
SPOT-118446,0,0.4829,Active
SPOT-118447,0,0.2268,Active
SPOT-118448,0,0.4957,Active
SPOT-118449,0,0.5613,Active
SPOT-118450,0,0.2827,Active
SPOT-118451,0,0.3138,Active
SPOT-118452,1,0.6014,Too Many Ads
SPOT-118453,0,0.3668,Active
SPOT-118454,1,0.7071,Price / Cost
SPOT-118455,0,0.2471,Active
SPOT-118456,1,0.6141,Switched to Competitor
SPOT-118457,0,0.4526,Active
SPOT-118458,0,0.2928,Active
SPOT-118459,1,0.619,Too Many Ads
SPOT-118460,0,0.2921,Active
SPOT-118461,0,0.4693,Active
SPOT-118462,0,0.2492,Active
SPOT-118463,0,0.381,Active
SPOT-118464,0,0.4916,Active
SPOT-118465,0,0.4538,Active
SPOT-118466,0,0.2542,Active
SPOT-118467,0,0.274,Active
SPOT-118468,0,0.3988,Active
SPOT-118469,1,0.5694,Low Usage / No Time
SPOT-118470,1,0.7696,Technical Bugs
SPOT-118471,0,0.4342,Active
SPOT-118472,0,0.3058,Active
SPOT-118473,0,0.2635,Active
SPOT-118474,1,0.6199,Technical Bugs
SPOT-118475,0,0.3377,Active
SPOT-118476,0,0.1972,Active
SPOT-118477,0,0.5534,Active
SPOT-118478,0,0.3768,Active
SPOT-118479,0,0.4511,Active
SPOT-118480,0,0.3237,Active
SPOT-118481,0,0.3698,Active
SPOT-118482,0,0.534,Active
SPOT-118483,0,0.3692,Active
SPOT-118484,0,0.5645,Active
SPOT-118485,0,0.5191,Active
SPOT-118486,1,0.5817,Switched to Competitor
SPOT-118487,0,0.3369,Active
SPOT-118488,0,0.4346,Active
SPOT-118489,0,0.2857,Active
SPOT-118490,0,0.322,Active
SPOT-118491,0,0.35,Active
SPOT-118492,0,0.2297,Active
SPOT-118493,0,0.5186,Active
SPOT-118494,0,0.3357,Active
SPOT-118495,0,0.5033,Active
SPOT-118496,1,0.5813,Too Many Ads
SPOT-118497,0,0.4793,Active
SPOT-118498,1,0.6177,Low Usage / No Time
SPOT-118499,0,0.5011,Active
SPOT-118500,0,0.4215,Active
SPOT-118501,0,0.4129,Active
SPOT-118502,0,0.1797,Active
SPOT-118503,1,0.6227,Price / Cost
SPOT-118504,0,0.3031,Active
SPOT-118505,1,0.5768,Price / Cost
SPOT-118506,0,0.5291,Active
SPOT-118507,1,0.61,Technical Bugs
SPOT-118508,1,0.6792,Too Many Ads
SPOT-118509,0,0.3153,Active
SPOT-118510,0,0.4387,Active
SPOT-118511,0,0.1868,Active
SPOT-118512,1,0.6575,Price / Cost
SPOT-118513,1,0.6978,Technical Bugs
SPOT-118514,0,0.3749,Active
SPOT-118515,0,0.5283,Active
SPOT-118516,0,0.5262,Active
SPOT-118517,0,0.3755,Active
SPOT-118518,1,0.6939,Too Many Ads
SPOT-118519,0,0.1104,Active
SPOT-118520,0,0.489,Active
SPOT-118521,0,0.4622,Active
SPOT-118522,0,0.3839,Active
SPOT-118523,0,0.2608,Active
SPOT-118524,0,0.4124,Active
SPOT-118525,0,0.4019,Active
SPOT-118526,0,0.3894,Active
SPOT-118527,0,0.4872,Active
SPOT-118528,0,0.2999,Active
SPOT-118529,0,0.2786,Active
SPOT-118530,1,0.6913,Technical Bugs
SPOT-118531,0,0.448,Active
SPOT-118532,0,0.2448,Active
SPOT-118533,0,0.4162,Active
SPOT-118534,0,0.2804,Active
SPOT-118535,0,0.3954,Active
SPOT-118536,0,0.323,Active
SPOT-118537,1,0.7768,Too Many Ads
SPOT-118538,0,0.3782,Active
SPOT-118539,0,0.2317,Active
SPOT-118540,0,0.5443,Active
SPOT-118541,0,0.4603,Active
SPOT-118542,1,0.6023,Too Many Ads
SPOT-118543,0,0.2662,Active
SPOT-118544,0,0.5596,Active
SPOT-118545,0,0.296,Active
SPOT-118546,0,0.4593,Active
SPOT-118547,0,0.4986,Active
SPOT-118548,1,0.6364,Price / Cost
SPOT-118549,0,0.4646,Active
SPOT-118550,0,0.4735,Active
SPOT-118551,0,0.2956,Active
SPOT-118552,0,0.5046,Active
SPOT-118553,0,0.3617,Active
SPOT-118554,1,0.6763,Switched to Competitor
SPOT-118555,0,0.1774,Active
SPOT-118556,0,0.5119,Active
SPOT-118557,0,0.5033,Active
SPOT-118558,0,0.2404,Active
SPOT-118559,0,0.4118,Active
SPOT-118560,0,0.2514,Active
SPOT-118561,0,0.3566,Active
SPOT-118562,0,0.3819,Active
SPOT-118563,0,0.3323,Active
SPOT-118564,0,0.4064,Active
SPOT-118565,0,0.2679,Active
SPOT-118566,0,0.3644,Active
SPOT-118567,0,0.3703,Active
SPOT-118568,0,0.3659,Active
SPOT-118569,1,0.6085,Too Many Ads
SPOT-118570,1,0.6983,Switched to Competitor
SPOT-118571,0,0.4695,Active
SPOT-118572,0,0.3106,Active
SPOT-118573,0,0.5672,Active
SPOT-118574,1,0.6071,Switched to Competitor
SPOT-118575,0,0.3995,Active
SPOT-118576,0,0.4831,Active
SPOT-118577,0,0.5405,Active
SPOT-118578,0,0.3825,Active
SPOT-118579,0,0.3801,Active
SPOT-118580,0,0.3257,Active
SPOT-118581,0,0.5653,Active
SPOT-118582,0,0.2322,Active
SPOT-118583,0,0.5473,Active
SPOT-118584,0,0.3397,Active
SPOT-118585,0,0.5369,Active
SPOT-118586,0,0.4117,Active
SPOT-118587,0,0.4917,Active
SPOT-118588,0,0.2587,Active
SPOT-118589,0,0.4557,Active
SPOT-118590,0,0.2863,Active
SPOT-118591,0,0.4726,Active
SPOT-118592,0,0.2446,Active
SPOT-118593,0,0.2633,Active
SPOT-118594,0,0.4258,Active
SPOT-118595,0,0.4389,Active
SPOT-118596,0,0.5421,Active
SPOT-118597,0,0.4324,Active
SPOT-118598,0,0.3845,Active
SPOT-118599,0,0.5424,Active
SPOT-118600,0,0.1772,Active
SPOT-118601,0,0.3878,Active
SPOT-118602,0,0.4307,Active
SPOT-118603,0,0.2067,Active
SPOT-118604,0,0.5351,Active
SPOT-118605,1,0.7213,Too Many Ads
SPOT-118606,0,0.3192,Active
SPOT-118607,1,0.6384,Price / Cost
SPOT-118608,0,0.5118,Active
SPOT-118609,0,0.5083,Active
SPOT-118610,1,0.6449,Low Usage / No Time
SPOT-118611,0,0.3915,Active
SPOT-118612,0,0.4534,Active
SPOT-118613,0,0.5388,Active
SPOT-118614,0,0.3499,Active
SPOT-118615,0,0.3949,Active
SPOT-118616,1,0.6601,Too Many Ads
SPOT-118617,1,0.6966,Price / Cost
SPOT-118618,1,0.773,Price / Cost
SPOT-118619,0,0.528,Active
SPOT-118620,1,0.6446,Low Usage / No Time
SPOT-118621,0,0.5643,Active
SPOT-118622,0,0.3053,Active
SPOT-118623,0,0.4291,Active
SPOT-118624,0,0.3191,Active
SPOT-118625,0,0.5527,Active
SPOT-118626,0,0.2563,Active
SPOT-118627,0,0.3972,Active
SPOT-118628,0,0.3182,Active
SPOT-118629,0,0.3831,Active
SPOT-118630,0,0.405,Active
SPOT-118631,0,0.4288,Active
SPOT-118632,0,0.5074,Active
SPOT-118633,1,0.5756,Technical Bugs
SPOT-118634,1,0.6687,Too Many Ads
SPOT-118635,0,0.4277,Active
SPOT-118636,0,0.3941,Active
SPOT-118637,1,0.5747,Switched to Competitor
SPOT-118638,0,0.3608,Active
SPOT-118639,0,0.5649,Active
SPOT-118640,1,0.7077,Low Usage / No Time
SPOT-118641,1,0.597,Too Many Ads
SPOT-118642,0,0.3371,Active
SPOT-118643,0,0.5477,Active
SPOT-118644,0,0.0811,Active
SPOT-118645,0,0.035,Active
SPOT-118646,0,0.4334,Active
SPOT-118647,0,0.2875,Active
SPOT-118648,0,0.2339,Active
SPOT-118649,0,0.5068,Active
SPOT-118650,0,0.3395,Active
SPOT-118651,0,0.4347,Active
SPOT-118652,0,0.4021,Active
SPOT-118653,0,0.3281,Active
SPOT-118654,0,0.4731,Active
SPOT-118655,0,0.1826,Active
SPOT-118656,0,0.4562,Active
SPOT-118657,1,0.6554,Price / Cost
SPOT-118658,0,0.4926,Active
SPOT-118659,1,0.6479,Price / Cost
SPOT-118660,0,0.4853,Active
SPOT-118661,0,0.3886,Active
SPOT-118662,0,0.5443,Active
SPOT-118663,0,0.4853,Active
SPOT-118664,0,0.4318,Active
SPOT-118665,0,0.4366,Active
SPOT-118666,1,0.593,Too Many Ads
SPOT-118667,0,0.3956,Active
SPOT-118668,0,0.445,Active
SPOT-118669,0,0.3414,Active
SPOT-118670,1,0.6339,Price / Cost
SPOT-118671,0,0.3941,Active
SPOT-118672,0,0.1353,Active
SPOT-118673,0,0.2966,Active
SPOT-118674,0,0.4491,Active
SPOT-118675,0,0.3188,Active
SPOT-118676,0,0.2441,Active
SPOT-118677,0,0.4014,Active
SPOT-118678,1,0.7687,Switched to Competitor
SPOT-118679,0,0.5477,Active
SPOT-118680,0,0.2566,Active
SPOT-118681,0,0.2626,Active
SPOT-118682,0,0.2757,Active
SPOT-118683,0,0.3599,Active
SPOT-118684,0,0.4899,Active
SPOT-118685,0,0.4348,Active
SPOT-118686,0,0.518,Active
SPOT-118687,1,0.5865,Switched to Competitor
SPOT-118688,0,0.4427,Active
SPOT-118689,0,0.2792,Active
SPOT-118690,0,0.4723,Active
SPOT-118691,0,0.3388,Active
SPOT-118692,1,0.6472,Low Usage / No Time
SPOT-118693,0,0.2111,Active
SPOT-118694,0,0.2094,Active
SPOT-118695,0,0.353,Active
SPOT-118696,1,0.5911,Price / Cost
SPOT-118697,0,0.2439,Active
SPOT-118698,0,0.2123,Active
SPOT-118699,1,0.6528,Technical Bugs
SPOT-118700,0,0.3776,Active
SPOT-118701,0,0.2813,Active
SPOT-118702,0,0.4175,Active
SPOT-118703,1,0.6662,Price / Cost
SPOT-118704,0,0.4649,Active
SPOT-118705,0,0.5078,Active
SPOT-118706,0,0.4704,Active
SPOT-118707,0,0.3744,Active
SPOT-118708,0,0.4236,Active
SPOT-118709,0,0.4085,Active
SPOT-118710,0,0.2625,Active
SPOT-118711,0,0.3886,Active
SPOT-118712,0,0.4352,Active
SPOT-118713,0,0.1818,Active
SPOT-118714,0,0.3637,Active
SPOT-118715,0,0.5612,Active
SPOT-118716,0,0.4803,Active
SPOT-118717,0,0.1692,Active
SPOT-118718,1,0.5924,Switched to Competitor
SPOT-118719,0,0.1502,Active
SPOT-118720,0,0.2007,Active
SPOT-118721,0,0.3551,Active
SPOT-118722,0,0.4723,Active
SPOT-118723,0,0.2874,Active
SPOT-118724,0,0.2288,Active
SPOT-118725,1,0.652,Price / Cost
SPOT-118726,0,0.2488,Active
SPOT-118727,1,0.7273,Price / Cost
SPOT-118728,0,0.4853,Active
SPOT-118729,0,0.1305,Active
SPOT-118730,0,0.1173,Active
SPOT-118731,0,0.2895,Active
SPOT-118732,0,0.2359,Active
SPOT-118733,0,0.2884,Active
SPOT-118734,0,0.3321,Active
SPOT-118735,0,0.4867,Active
SPOT-118736,0,0.4233,Active
SPOT-118737,0,0.3694,Active
SPOT-118738,0,0.3215,Active
SPOT-118739,1,0.7219,Switched to Competitor
SPOT-118740,1,0.7033,Switched to Competitor
SPOT-118741,0,0.275,Active
SPOT-118742,0,0.3014,Active
SPOT-118743,0,0.4835,Active
SPOT-118744,0,0.5275,Active
SPOT-118745,0,0.2972,Active
SPOT-118746,1,0.6485,Switched to Competitor
SPOT-118747,0,0.5514,Active
SPOT-118748,0,0.4711,Active
SPOT-118749,1,0.5739,Low Usage / No Time
SPOT-118750,0,0.2659,Active
SPOT-118751,0,0.3941,Active
SPOT-118752,0,0.3928,Active
SPOT-118753,0,0.387,Active
SPOT-118754,1,0.6503,Price / Cost
SPOT-118755,0,0.2403,Active
SPOT-118756,1,0.577,Too Many Ads
SPOT-118757,1,0.7614,Price / Cost
SPOT-118758,0,0.4678,Active
SPOT-118759,0,0.2585,Active
SPOT-118760,0,0.4949,Active
SPOT-118761,0,0.275,Active
SPOT-118762,0,0.3042,Active
SPOT-118763,0,0.2937,Active
SPOT-118764,0,0.5258,Active
SPOT-118765,0,0.275,Active
SPOT-118766,0,0.3438,Active
SPOT-118767,0,0.2633,Active
SPOT-118768,1,0.5909,Price / Cost
SPOT-118769,0,0.2277,Active
SPOT-118770,0,0.22,Active
SPOT-118771,0,0.3666,Active
SPOT-118772,0,0.256,Active
SPOT-118773,0,0.2437,Active
SPOT-118774,1,0.6103,Price / Cost
SPOT-118775,0,0.4592,Active
SPOT-118776,0,0.2823,Active
SPOT-118777,0,0.231,Active
SPOT-118778,0,0.3795,Active
SPOT-118779,0,0.2592,Active
SPOT-118780,0,0.4989,Active
SPOT-118781,0,0.5503,Active
SPOT-118782,0,0.2138,Active
SPOT-118783,1,0.583,Price / Cost
SPOT-118784,0,0.3232,Active
SPOT-118785,1,0.5921,Too Many Ads
SPOT-118786,0,0.3422,Active
SPOT-118787,1,0.6745,Low Usage / No Time
SPOT-118788,0,0.4251,Active
SPOT-118789,0,0.4661,Active
SPOT-118790,0,0.3437,Active
SPOT-118791,0,0.3593,Active
SPOT-118792,0,0.2967,Active
SPOT-118793,0,0.32,Active
SPOT-118794,0,0.4118,Active
SPOT-118795,0,0.3349,Active
SPOT-118796,0,0.4429,Active
SPOT-118797,0,0.3904,Active
SPOT-118798,1,0.6199,Price / Cost
SPOT-118799,0,0.2856,Active
SPOT-118800,1,0.5697,Price / Cost
SPOT-118801,0,0.4785,Active
SPOT-118802,1,0.7207,Price / Cost
SPOT-118803,0,0.3942,Active
SPOT-118804,0,0.4822,Active
SPOT-118805,0,0.3868,Active
SPOT-118806,0,0.1213,Active
SPOT-118807,0,0.2938,Active
SPOT-118808,0,0.3107,Active
SPOT-118809,0,0.3864,Active
SPOT-118810,0,0.4589,Active
SPOT-118811,0,0.2701,Active
SPOT-118812,0,0.2729,Active
SPOT-118813,0,0.3473,Active
SPOT-118814,1,0.6559,Too Many Ads
SPOT-118815,0,0.5383,Active
SPOT-118816,0,0.4908,Active
SPOT-118817,0,0.4589,Active
SPOT-118818,0,0.5392,Active
SPOT-118819,0,0.2244,Active
SPOT-118820,0,0.3143,Active
SPOT-118821,0,0.174,Active
SPOT-118822,0,0.3069,Active
SPOT-118823,1,0.7261,Low Usage / No Time
SPOT-118824,1,0.6317,Switched to Competitor
SPOT-118825,0,0.3477,Active
SPOT-118826,1,0.5721,Price / Cost
SPOT-118827,0,0.389,Active
SPOT-118828,0,0.561,Active
SPOT-118829,0,0.2148,Active
SPOT-118830,1,0.6813,Price / Cost
SPOT-118831,0,0.3151,Active
SPOT-118832,0,0.405,Active
SPOT-118833,1,0.5875,Low Usage / No Time
SPOT-118834,0,0.3258,Active
SPOT-118835,0,0.2257,Active
SPOT-118836,0,0.2809,Active
SPOT-118837,0,0.5407,Active
SPOT-118838,0,0.213,Active
SPOT-118839,0,0.5552,Active
SPOT-118840,1,0.5837,Price / Cost
SPOT-118841,0,0.3257,Active
SPOT-118842,0,0.5061,Active
SPOT-118843,0,0.4798,Active
SPOT-118844,0,0.5585,Active
SPOT-118845,1,0.6101,Too Many Ads
SPOT-118846,1,0.6009,Switched to Competitor
SPOT-118847,0,0.5015,Active
SPOT-118848,1,0.7722,Low Usage / No Time
SPOT-118849,0,0.3128,Active
SPOT-118850,0,0.2423,Active
SPOT-118851,0,0.3417,Active
SPOT-118852,0,0.1859,Active
SPOT-118853,0,0.4666,Active
SPOT-118854,0,0.2665,Active
SPOT-118855,0,0.4695,Active
SPOT-118856,0,0.479,Active
SPOT-118857,0,0.5603,Active
SPOT-118858,0,0.4502,Active
SPOT-118859,0,0.3629,Active
SPOT-118860,1,0.6357,Switched to Competitor
SPOT-118861,0,0.4163,Active
SPOT-118862,0,0.438,Active
SPOT-118863,0,0.2754,Active
SPOT-118864,0,0.4025,Active
SPOT-118865,0,0.386,Active
SPOT-118866,0,0.5485,Active
SPOT-118867,0,0.2944,Active
SPOT-118868,0,0.5259,Active
SPOT-118869,0,0.4111,Active
SPOT-118870,0,0.4179,Active
SPOT-118871,0,0.5641,Active
SPOT-118872,0,0.5197,Active
SPOT-118873,0,0.2041,Active
SPOT-118874,0,0.3295,Active
SPOT-118875,0,0.0768,Active
SPOT-118876,0,0.5662,Active
SPOT-118877,0,0.3157,Active
SPOT-118878,0,0.2158,Active
SPOT-118879,0,0.2102,Active
SPOT-118880,0,0.4502,Active
SPOT-118881,1,0.7189,Price / Cost
SPOT-118882,0,0.4293,Active
SPOT-118883,0,0.4515,Active
SPOT-118884,0,0.3395,Active
SPOT-118885,0,0.4791,Active
SPOT-118886,0,0.4033,Active
SPOT-118887,0,0.4918,Active
SPOT-118888,0,0.4151,Active
SPOT-118889,0,0.3474,Active
SPOT-118890,0,0.4085,Active
SPOT-118891,1,0.7867,Low Usage / No Time
SPOT-118892,0,0.5658,Active
SPOT-118893,0,0.3736,Active
SPOT-118894,0,0.5049,Active
SPOT-118895,0,0.1588,Active
SPOT-118896,0,0.3597,Active
SPOT-118897,1,0.6724,Price / Cost
SPOT-118898,1,0.5817,Price / Cost
SPOT-118899,0,0.2336,Active
SPOT-118900,0,0.5017,Active
SPOT-118901,0,0.1757,Active
SPOT-118902,1,0.6017,Price / Cost
SPOT-118903,0,0.4974,Active
SPOT-118904,1,0.6976,Low Usage / No Time
SPOT-118905,0,0.4222,Active
SPOT-118906,0,0.2904,Active
SPOT-118907,0,0.2409,Active
SPOT-118908,0,0.3158,Active
SPOT-118909,0,0.2018,Active
SPOT-118910,0,0.2899,Active
SPOT-118911,0,0.2053,Active
SPOT-118912,1,0.6398,Low Usage / No Time
SPOT-118913,0,0.5536,Active
SPOT-118914,1,0.6104,Low Usage / No Time
SPOT-118915,1,0.5768,Low Usage / No Time
SPOT-118916,0,0.4995,Active
SPOT-118917,0,0.2023,Active
SPOT-118918,0,0.4092,Active
SPOT-118919,0,0.5258,Active
SPOT-118920,0,0.1312,Active
SPOT-118921,1,0.6911,Switched to Competitor
SPOT-118922,0,0.2835,Active
SPOT-118923,1,0.5904,Technical Bugs
SPOT-118924,0,0.2686,Active
SPOT-118925,1,0.5763,Low Usage / No Time
SPOT-118926,0,0.5085,Active
SPOT-118927,0,0.3116,Active
SPOT-118928,0,0.3078,Active
SPOT-118929,0,0.3651,Active
SPOT-118930,1,0.6055,Switched to Competitor
SPOT-118931,0,0.4688,Active
SPOT-118932,0,0.5519,Active
SPOT-118933,0,0.3918,Active
SPOT-118934,0,0.1498,Active
SPOT-118935,0,0.2195,Active
SPOT-118936,0,0.343,Active
SPOT-118937,0,0.3496,Active
SPOT-118938,0,0.3043,Active
SPOT-118939,1,0.5875,Price / Cost
SPOT-118940,0,0.1628,Active
SPOT-118941,0,0.2993,Active
SPOT-118942,0,0.286,Active
SPOT-118943,0,0.45,Active
SPOT-118944,0,0.3849,Active
SPOT-118945,0,0.1546,Active
SPOT-118946,0,0.2071,Active
SPOT-118947,0,0.2542,Active
SPOT-118948,0,0.3922,Active
SPOT-118949,1,0.6249,Too Many Ads
SPOT-118950,0,0.4758,Active
SPOT-118951,0,0.4611,Active
SPOT-118952,0,0.3878,Active
SPOT-118953,0,0.3731,Active
SPOT-118954,0,0.4378,Active
SPOT-118955,0,0.3665,Active
SPOT-118956,1,0.5949,Switched to Competitor
SPOT-118957,0,0.0756,Active
SPOT-118958,0,0.2941,Active
SPOT-118959,0,0.4059,Active
SPOT-118960,0,0.2174,Active
SPOT-118961,0,0.5535,Active
SPOT-118962,0,0.4295,Active
SPOT-118963,0,0.546,Active
SPOT-118964,0,0.1637,Active
SPOT-118965,1,0.6118,Switched to Competitor
SPOT-118966,0,0.2216,Active
SPOT-118967,0,0.2839,Active
SPOT-118968,0,0.4421,Active
SPOT-118969,0,0.4308,Active
SPOT-118970,0,0.4854,Active
SPOT-118971,0,0.2226,Active
SPOT-118972,1,0.6105,Too Many Ads
SPOT-118973,0,0.5589,Active
SPOT-118974,0,0.4215,Active
SPOT-118975,0,0.5448,Active
SPOT-118976,0,0.3125,Active
SPOT-118977,0,0.4794,Active
SPOT-118978,0,0.3762,Active
SPOT-118979,0,0.5338,Active
SPOT-118980,0,0.1902,Active
SPOT-118981,0,0.3388,Active
SPOT-118982,0,0.3798,Active
SPOT-118983,1,0.6373,Switched to Competitor
SPOT-118984,0,0.3147,Active
SPOT-118985,1,0.6413,Too Many Ads
SPOT-118986,1,0.6444,Price / Cost
SPOT-118987,0,0.1236,Active
SPOT-118988,0,0.3888,Active
SPOT-118989,0,0.4834,Active
SPOT-118990,0,0.3854,Active
SPOT-118991,0,0.3991,Active
SPOT-118992,0,0.4014,Active
SPOT-118993,0,0.3725,Active
SPOT-118994,0,0.2647,Active
SPOT-118995,0,0.1338,Active
SPOT-118996,0,0.1406,Active
SPOT-118997,0,0.3499,Active
SPOT-118998,1,0.6122,Low Usage / No Time
SPOT-118999,0,0.3526,Active
SPOT-119000,0,0.3845,Active
SPOT-119001,0,0.1732,Active
SPOT-119002,0,0.4593,Active
SPOT-119003,0,0.4649,Active
SPOT-119004,0,0.5209,Active
SPOT-119005,0,0.3564,Active
SPOT-119006,0,0.0851,Active
SPOT-119007,0,0.4027,Active
SPOT-119008,1,0.6585,Switched to Competitor
SPOT-119009,0,0.2822,Active
SPOT-119010,0,0.4876,Active
SPOT-119011,0,0.4151,Active
SPOT-119012,0,0.3278,Active
SPOT-119013,1,0.6986,Price / Cost
SPOT-119014,0,0.4034,Active
SPOT-119015,0,0.3741,Active
SPOT-119016,0,0.5186,Active
SPOT-119017,0,0.2851,Active
SPOT-119018,1,0.725,Technical Bugs
SPOT-119019,0,0.3736,Active
SPOT-119020,0,0.5295,Active
SPOT-119021,1,0.7337,Price / Cost
SPOT-119022,0,0.2916,Active
SPOT-119023,0,0.4029,Active
SPOT-119024,0,0.1517,Active
SPOT-119025,1,0.6605,Switched to Competitor
SPOT-119026,0,0.3665,Active
SPOT-119027,0,0.0964,Active
SPOT-119028,0,0.5238,Active
SPOT-119029,0,0.3485,Active
SPOT-119030,0,0.3879,Active
SPOT-119031,0,0.1872,Active
SPOT-119032,0,0.5149,Active
SPOT-119033,0,0.3748,Active
SPOT-119034,0,0.3434,Active
SPOT-119035,0,0.3003,Active
SPOT-119036,0,0.5309,Active
SPOT-119037,1,0.6984,Too Many Ads
SPOT-119038,0,0.4316,Active
SPOT-119039,0,0.4921,Active
SPOT-119040,0,0.3981,Active
SPOT-119041,0,0.2607,Active
SPOT-119042,1,0.5931,Switched to Competitor
SPOT-119043,0,0.3548,Active
SPOT-119044,0,0.5296,Active
SPOT-119045,0,0.4241,Active
SPOT-119046,0,0.5491,Active
SPOT-119047,0,0.4262,Active
SPOT-119048,0,0.2801,Active
SPOT-119049,0,0.2823,Active
SPOT-119050,0,0.2699,Active
SPOT-119051,0,0.2374,Active
SPOT-119052,0,0.5437,Active
SPOT-119053,0,0.5462,Active
SPOT-119054,0,0.5554,Active
SPOT-119055,0,0.1521,Active
SPOT-119056,0,0.2187,Active
SPOT-119057,0,0.2901,Active
SPOT-119058,0,0.4903,Active
SPOT-119059,0,0.1047,Active
SPOT-119060,1,0.5828,Too Many Ads
SPOT-119061,0,0.3773,Active
SPOT-119062,0,0.5339,Active
SPOT-119063,1,0.7789,Switched to Competitor
SPOT-119064,0,0.4826,Active
SPOT-119065,1,0.6727,Technical Bugs
SPOT-119066,0,0.4426,Active
SPOT-119067,1,0.695,Technical Bugs
SPOT-119068,0,0.2936,Active
SPOT-119069,1,0.6554,Price / Cost
SPOT-119070,0,0.2456,Active
SPOT-119071,0,0.3689,Active
SPOT-119072,0,0.3825,Active
SPOT-119073,0,0.4286,Active
SPOT-119074,0,0.4668,Active
SPOT-119075,0,0.4249,Active
SPOT-119076,1,0.6435,Low Usage / No Time
SPOT-119077,0,0.1457,Active
SPOT-119078,0,0.3482,Active
SPOT-119079,0,0.3874,Active
SPOT-119080,0,0.2224,Active
SPOT-119081,0,0.2618,Active
SPOT-119082,0,0.4086,Active
SPOT-119083,1,0.648,Price / Cost
SPOT-119084,0,0.2234,Active
SPOT-119085,0,0.1122,Active
SPOT-119086,0,0.3969,Active
SPOT-119087,0,0.5209,Active
SPOT-119088,1,0.5981,Too Many Ads
SPOT-119089,0,0.3373,Active
SPOT-119090,0,0.3477,Active
SPOT-119091,0,0.1277,Active
SPOT-119092,0,0.4433,Active
SPOT-119093,0,0.5555,Active
SPOT-119094,0,0.114,Active
SPOT-119095,0,0.4677,Active
SPOT-119096,0,0.369,Active
SPOT-119097,0,0.2742,Active
SPOT-119098,0,0.5651,Active
SPOT-119099,0,0.3675,Active
SPOT-119100,0,0.2667,Active
SPOT-119101,0,0.3572,Active
SPOT-119102,0,0.4809,Active
SPOT-119103,0,0.3078,Active
SPOT-119104,0,0.1965,Active
SPOT-119105,0,0.3172,Active
SPOT-119106,1,0.633,Price / Cost
SPOT-119107,0,0.3165,Active
SPOT-119108,0,0.2517,Active
SPOT-119109,0,0.2951,Active
SPOT-119110,1,0.5685,Too Many Ads
SPOT-119111,0,0.4114,Active
SPOT-119112,0,0.3874,Active
SPOT-119113,0,0.4044,Active
SPOT-119114,0,0.3847,Active
SPOT-119115,0,0.3379,Active
SPOT-119116,0,0.4677,Active
SPOT-119117,1,0.6392,Price / Cost
SPOT-119118,0,0.3464,Active
SPOT-119119,0,0.3629,Active
SPOT-119120,0,0.1981,Active
SPOT-119121,0,0.3816,Active
SPOT-119122,0,0.2965,Active
SPOT-119123,0,0.3737,Active
SPOT-119124,1,0.6572,Too Many Ads
SPOT-119125,0,0.5122,Active
SPOT-119126,0,0.4642,Active
SPOT-119127,0,0.419,Active
SPOT-119128,1,0.6051,Switched to Competitor
SPOT-119129,0,0.4127,Active
SPOT-119130,0,0.369,Active
SPOT-119131,0,0.477,Active
SPOT-119132,0,0.3902,Active
SPOT-119133,0,0.5156,Active
SPOT-119134,0,0.3565,Active
SPOT-119135,1,0.7297,Switched to Competitor
SPOT-119136,0,0.1594,Active
SPOT-119137,0,0.4509,Active
SPOT-119138,0,0.1708,Active
SPOT-119139,0,0.3402,Active
SPOT-119140,0,0.5611,Active
SPOT-119141,0,0.3849,Active
SPOT-119142,0,0.3514,Active
SPOT-119143,0,0.4763,Active
SPOT-119144,0,0.3946,Active
SPOT-119145,0,0.5167,Active
SPOT-119146,0,0.2728,Active
SPOT-119147,0,0.3416,Active
SPOT-119148,1,0.5903,Too Many Ads
SPOT-119149,0,0.3131,Active
SPOT-119150,0,0.2464,Active
SPOT-119151,0,0.1965,Active
SPOT-119152,1,0.6274,Switched to Competitor
SPOT-119153,1,0.6397,Too Many Ads
SPOT-119154,0,0.4112,Active
SPOT-119155,0,0.3882,Active
SPOT-119156,0,0.409,Active
SPOT-119157,0,0.5277,Active
SPOT-119158,0,0.1822,Active
SPOT-119159,0,0.5464,Active
SPOT-119160,0,0.3926,Active
SPOT-119161,0,0.532,Active
SPOT-119162,0,0.25,Active
SPOT-119163,0,0.3703,Active
SPOT-119164,0,0.2159,Active
SPOT-119165,1,0.6013,Too Many Ads
SPOT-119166,1,0.6366,Switched to Competitor
SPOT-119167,0,0.4492,Active
SPOT-119168,0,0.4256,Active
SPOT-119169,0,0.3638,Active
SPOT-119170,1,0.5834,Price / Cost
SPOT-119171,0,0.2637,Active
SPOT-119172,1,0.6537,Too Many Ads
SPOT-119173,0,0.2644,Active
SPOT-119174,1,0.5906,Price / Cost
SPOT-119175,0,0.2414,Active
SPOT-119176,0,0.3991,Active
SPOT-119177,0,0.2381,Active
SPOT-119178,0,0.5211,Active
SPOT-119179,0,0.2297,Active
SPOT-119180,0,0.402,Active
SPOT-119181,1,0.6227,Low Usage / No Time
SPOT-119182,0,0.4279,Active
SPOT-119183,1,0.7701,Price / Cost
SPOT-119184,1,0.5826,Switched to Competitor
SPOT-119185,0,0.3315,Active
SPOT-119186,0,0.3137,Active
SPOT-119187,1,0.8069,Too Many Ads
SPOT-119188,0,0.5267,Active
SPOT-119189,0,0.3553,Active
SPOT-119190,1,0.6013,Too Many Ads
SPOT-119191,0,0.4765,Active
SPOT-119192,0,0.1996,Active
SPOT-119193,0,0.4083,Active
SPOT-119194,0,0.4231,Active
SPOT-119195,0,0.4897,Active
SPOT-119196,1,0.5793,Switched to Competitor
SPOT-119197,0,0.3028,Active
SPOT-119198,0,0.4862,Active
SPOT-119199,0,0.5166,Active
SPOT-119200,0,0.5448,Active
SPOT-119201,1,0.7453,Price / Cost
SPOT-119202,0,0.281,Active
SPOT-119203,0,0.3949,Active
SPOT-119204,0,0.2928,Active
SPOT-119205,0,0.43,Active
SPOT-119206,0,0.4276,Active
SPOT-119207,0,0.3504,Active
SPOT-119208,1,0.6927,Technical Bugs
SPOT-119209,1,0.6077,Price / Cost
SPOT-119210,0,0.3652,Active
SPOT-119211,0,0.3473,Active
SPOT-119212,0,0.5078,Active
SPOT-119213,1,0.6703,Switched to Competitor
SPOT-119214,0,0.2288,Active
SPOT-119215,0,0.3187,Active
SPOT-119216,0,0.3027,Active
SPOT-119217,0,0.2679,Active
SPOT-119218,0,0.1683,Active
SPOT-119219,0,0.4843,Active
SPOT-119220,1,0.5963,Too Many Ads
SPOT-119221,0,0.5444,Active
SPOT-119222,0,0.4139,Active
SPOT-119223,0,0.3696,Active
SPOT-119224,0,0.5081,Active
SPOT-119225,0,0.3784,Active
SPOT-119226,0,0.476,Active
SPOT-119227,0,0.2335,Active
SPOT-119228,0,0.2468,Active
SPOT-119229,0,0.5355,Active
SPOT-119230,1,0.7101,Price / Cost
SPOT-119231,0,0.4338,Active
SPOT-119232,1,0.6412,Too Many Ads
SPOT-119233,0,0.1095,Active
SPOT-119234,0,0.3002,Active
SPOT-119235,0,0.2272,Active
SPOT-119236,0,0.5005,Active
SPOT-119237,0,0.3927,Active
SPOT-119238,1,0.5711,Low Usage / No Time
SPOT-119239,0,0.5442,Active
SPOT-119240,1,0.7137,Price / Cost
SPOT-119241,0,0.5175,Active
SPOT-119242,0,0.2613,Active
SPOT-119243,0,0.4123,Active
SPOT-119244,0,0.3096,Active
SPOT-119245,1,0.6022,Price / Cost
SPOT-119246,0,0.5314,Active
SPOT-119247,0,0.4717,Active
SPOT-119248,0,0.3996,Active
SPOT-119249,1,0.6251,Price / Cost
SPOT-119250,0,0.5251,Active
SPOT-119251,1,0.6553,Low Usage / No Time
SPOT-119252,0,0.3082,Active
SPOT-119253,0,0.4208,Active
SPOT-119254,0,0.3301,Active
SPOT-119255,0,0.2791,Active
SPOT-119256,0,0.487,Active
SPOT-119257,0,0.3747,Active
SPOT-119258,1,0.6253,Switched to Competitor
SPOT-119259,0,0.3185,Active
SPOT-119260,0,0.3236,Active
SPOT-119261,0,0.2635,Active
SPOT-119262,0,0.3325,Active
SPOT-119263,1,0.5694,Switched to Competitor
SPOT-119264,0,0.5576,Active
SPOT-119265,0,0.2133,Active
SPOT-119266,0,0.5091,Active
SPOT-119267,0,0.2672,Active
SPOT-119268,0,0.3112,Active
SPOT-119269,0,0.4642,Active
SPOT-119270,1,0.7131,Price / Cost
SPOT-119271,1,0.6647,Switched to Competitor
SPOT-119272,1,0.7514,Switched to Competitor
SPOT-119273,0,0.2559,Active
SPOT-119274,0,0.5009,Active
SPOT-119275,0,0.3621,Active
SPOT-119276,0,0.411,Active
SPOT-119277,0,0.3262,Active
SPOT-119278,0,0.4987,Active
SPOT-119279,0,0.5259,Active
SPOT-119280,0,0.3891,Active
SPOT-119281,0,0.3354,Active
SPOT-119282,0,0.5046,Active
SPOT-119283,0,0.2442,Active
SPOT-119284,0,0.1378,Active
SPOT-119285,0,0.3839,Active
SPOT-119286,0,0.5663,Active
SPOT-119287,0,0.4925,Active
SPOT-119288,0,0.477,Active
SPOT-119289,0,0.1542,Active
SPOT-119290,1,0.6313,Switched to Competitor
SPOT-119291,1,0.6439,Switched to Competitor
SPOT-119292,1,0.6937,Low Usage / No Time
SPOT-119293,0,0.4801,Active
SPOT-119294,0,0.0819,Active
SPOT-119295,0,0.565,Active
SPOT-119296,0,0.3366,Active
SPOT-119297,0,0.4836,Active
SPOT-119298,0,0.3171,Active
SPOT-119299,0,0.2013,Active
SPOT-119300,1,0.6826,Price / Cost
SPOT-119301,1,0.7731,Switched to Competitor
SPOT-119302,0,0.3685,Active
SPOT-119303,0,0.4225,Active
SPOT-119304,0,0.5589,Active
SPOT-119305,0,0.422,Active
SPOT-119306,0,0.3281,Active
SPOT-119307,0,0.1822,Active
SPOT-119308,0,0.4094,Active
SPOT-119309,0,0.506,Active
SPOT-119310,1,0.5722,Price / Cost
SPOT-119311,1,0.5931,Low Usage / No Time
SPOT-119312,0,0.5426,Active
SPOT-119313,0,0.4019,Active
SPOT-119314,0,0.2638,Active
SPOT-119315,0,0.2771,Active
SPOT-119316,1,0.5906,Price / Cost
SPOT-119317,0,0.4176,Active
SPOT-119318,0,0.3133,Active
SPOT-119319,0,0.4596,Active
SPOT-119320,0,0.5094,Active
SPOT-119321,0,0.4354,Active
SPOT-119322,0,0.3721,Active
SPOT-119323,1,0.7464,Switched to Competitor
SPOT-119324,0,0.5241,Active
SPOT-119325,0,0.5671,Active
SPOT-119326,0,0.5261,Active
SPOT-119327,1,0.6167,Price / Cost
SPOT-119328,0,0.2936,Active
SPOT-119329,0,0.3932,Active
SPOT-119330,0,0.2176,Active
SPOT-119331,0,0.218,Active
SPOT-119332,1,0.6161,Too Many Ads
SPOT-119333,0,0.4396,Active
SPOT-119334,0,0.1763,Active
SPOT-119335,0,0.4518,Active
SPOT-119336,1,0.6455,Price / Cost
SPOT-119337,0,0.1187,Active
SPOT-119338,0,0.4172,Active
SPOT-119339,1,0.5882,Price / Cost
SPOT-119340,0,0.3872,Active
SPOT-119341,1,0.6366,Low Usage / No Time
SPOT-119342,0,0.2318,Active
SPOT-119343,0,0.3997,Active
SPOT-119344,0,0.1895,Active
SPOT-119345,0,0.4673,Active
SPOT-119346,0,0.4855,Active
SPOT-119347,0,0.3964,Active
SPOT-119348,0,0.3991,Active
SPOT-119349,0,0.2082,Active
SPOT-119350,0,0.3822,Active
SPOT-119351,0,0.4205,Active
SPOT-119352,0,0.5411,Active
SPOT-119353,0,0.2038,Active
SPOT-119354,0,0.3301,Active
SPOT-119355,0,0.5652,Active
SPOT-119356,0,0.3311,Active
SPOT-119357,0,0.1947,Active
SPOT-119358,0,0.338,Active
SPOT-119359,0,0.4793,Active
SPOT-119360,0,0.3463,Active
SPOT-119361,1,0.586,Switched to Competitor
SPOT-119362,0,0.4196,Active
SPOT-119363,0,0.216,Active
SPOT-119364,1,0.6483,Low Usage / No Time
SPOT-119365,1,0.7132,Switched to Competitor
SPOT-119366,0,0.3359,Active
SPOT-119367,0,0.3472,Active
SPOT-119368,1,0.5718,Price / Cost
SPOT-119369,0,0.4074,Active
SPOT-119370,0,0.3295,Active
SPOT-119371,0,0.4155,Active
SPOT-119372,1,0.5945,Price / Cost
SPOT-119373,0,0.4643,Active
SPOT-119374,0,0.5392,Active
SPOT-119375,0,0.2377,Active
SPOT-119376,0,0.4226,Active
SPOT-119377,0,0.188,Active
SPOT-119378,0,0.2579,Active
SPOT-119379,0,0.4786,Active
SPOT-119380,1,0.778,Switched to Competitor
SPOT-119381,0,0.4102,Active
SPOT-119382,0,0.2577,Active
SPOT-119383,0,0.3496,Active
SPOT-119384,0,0.4786,Active
SPOT-119385,0,0.4841,Active
SPOT-119386,0,0.1687,Active
SPOT-119387,0,0.3021,Active
SPOT-119388,0,0.3948,Active
SPOT-119389,1,0.5847,Too Many Ads
SPOT-119390,0,0.1982,Active
SPOT-119391,0,0.5601,Active
SPOT-119392,0,0.2051,Active
SPOT-119393,0,0.5446,Active
SPOT-119394,0,0.3346,Active
SPOT-119395,0,0.491,Active
SPOT-119396,0,0.4388,Active
SPOT-119397,0,0.3436,Active
SPOT-119398,0,0.419,Active
SPOT-119399,1,0.6668,Low Usage / No Time
SPOT-119400,1,0.5861,Switched to Competitor
SPOT-119401,0,0.3648,Active
SPOT-119402,0,0.3979,Active
SPOT-119403,0,0.2888,Active
SPOT-119404,0,0.2282,Active
SPOT-119405,0,0.5284,Active
SPOT-119406,1,0.6169,Too Many Ads
SPOT-119407,0,0.5189,Active
SPOT-119408,0,0.4109,Active
SPOT-119409,1,0.6428,Low Usage / No Time
SPOT-119410,0,0.3362,Active
SPOT-119411,0,0.3743,Active
SPOT-119412,0,0.5308,Active
SPOT-119413,0,0.477,Active
SPOT-119414,0,0.3789,Active
SPOT-119415,0,0.4278,Active
SPOT-119416,0,0.2864,Active
SPOT-119417,0,0.2894,Active
SPOT-119418,0,0.3852,Active
SPOT-119419,1,0.6427,Technical Bugs
SPOT-119420,0,0.1111,Active
SPOT-119421,0,0.3769,Active
SPOT-119422,0,0.3231,Active
SPOT-119423,0,0.5291,Active
SPOT-119424,0,0.228,Active
SPOT-119425,0,0.2227,Active
SPOT-119426,0,0.1162,Active
SPOT-119427,0,0.5262,Active
SPOT-119428,0,0.503,Active
SPOT-119429,1,0.6658,Too Many Ads
SPOT-119430,0,0.4454,Active
SPOT-119431,0,0.2848,Active
SPOT-119432,0,0.5492,Active
SPOT-119433,1,0.7003,Price / Cost
SPOT-119434,0,0.5219,Active
SPOT-119435,0,0.502,Active
SPOT-119436,0,0.2554,Active
SPOT-119437,0,0.3628,Active
SPOT-119438,0,0.3024,Active
SPOT-119439,0,0.4078,Active
SPOT-119440,1,0.6208,Price / Cost
SPOT-119441,0,0.3078,Active
SPOT-119442,0,0.2397,Active
SPOT-119443,0,0.2164,Active
SPOT-119444,0,0.5331,Active
SPOT-119445,0,0.5054,Active
SPOT-119446,0,0.2517,Active
SPOT-119447,0,0.4852,Active
SPOT-119448,0,0.2576,Active
SPOT-119449,1,0.6897,Low Usage / No Time
SPOT-119450,0,0.2884,Active
SPOT-119451,1,0.6075,Too Many Ads
SPOT-119452,1,0.7327,Low Usage / No Time
SPOT-119453,0,0.2976,Active
SPOT-119454,0,0.3148,Active
SPOT-119455,0,0.1331,Active
SPOT-119456,0,0.2036,Active
SPOT-119457,0,0.3134,Active
SPOT-119458,0,0.4043,Active
SPOT-119459,1,0.5876,Low Usage / No Time
SPOT-119460,0,0.2067,Active
SPOT-119461,0,0.4669,Active
SPOT-119462,0,0.3291,Active
SPOT-119463,0,0.2169,Active
SPOT-119464,0,0.332,Active
SPOT-119465,0,0.3531,Active
SPOT-119466,0,0.5136,Active
SPOT-119467,0,0.1996,Active
SPOT-119468,0,0.2004,Active
SPOT-119469,0,0.3592,Active
SPOT-119470,0,0.4999,Active
SPOT-119471,0,0.4934,Active
SPOT-119472,0,0.2335,Active
SPOT-119473,0,0.556,Active
SPOT-119474,0,0.3426,Active
SPOT-119475,1,0.5936,Technical Bugs
SPOT-119476,0,0.3225,Active
SPOT-119477,0,0.1708,Active
SPOT-119478,0,0.1916,Active
SPOT-119479,0,0.5055,Active
SPOT-119480,1,0.6275,Too Many Ads
SPOT-119481,1,0.6115,Switched to Competitor
SPOT-119482,0,0.4665,Active
SPOT-119483,0,0.3542,Active
SPOT-119484,0,0.4943,Active
SPOT-119485,0,0.2526,Active
SPOT-119486,0,0.3748,Active
SPOT-119487,0,0.4489,Active
SPOT-119488,0,0.2528,Active
SPOT-119489,0,0.2419,Active
SPOT-119490,0,0.3375,Active
SPOT-119491,0,0.4057,Active
SPOT-119492,0,0.4535,Active
SPOT-119493,0,0.3483,Active
SPOT-119494,0,0.1674,Active
SPOT-119495,0,0.268,Active
SPOT-119496,0,0.3579,Active
SPOT-119497,0,0.2985,Active
SPOT-119498,0,0.5438,Active
SPOT-119499,1,0.5908,Switched to Competitor
SPOT-119500,0,0.2677,Active
SPOT-119501,0,0.2931,Active
SPOT-119502,1,0.6997,Switched to Competitor
SPOT-119503,0,0.4078,Active
SPOT-119504,0,0.3222,Active
SPOT-119505,0,0.3999,Active
SPOT-119506,0,0.1561,Active
SPOT-119507,0,0.4879,Active
SPOT-119508,1,0.5846,Price / Cost
SPOT-119509,0,0.5054,Active
SPOT-119510,0,0.1732,Active
SPOT-119511,0,0.2218,Active
SPOT-119512,0,0.3111,Active
SPOT-119513,0,0.2892,Active
SPOT-119514,0,0.5074,Active
SPOT-119515,0,0.2068,Active
SPOT-119516,0,0.4697,Active
SPOT-119517,1,0.6754,Low Usage / No Time
SPOT-119518,0,0.1866,Active
SPOT-119519,0,0.3518,Active
SPOT-119520,0,0.4505,Active
SPOT-119521,0,0.129,Active
SPOT-119522,1,0.6736,Price / Cost
SPOT-119523,1,0.5739,Technical Bugs
SPOT-119524,0,0.4554,Active
SPOT-119525,0,0.4418,Active
SPOT-119526,0,0.3611,Active
SPOT-119527,0,0.2216,Active
SPOT-119528,0,0.3484,Active
SPOT-119529,0,0.1483,Active
SPOT-119530,0,0.5035,Active
SPOT-119531,0,0.3431,Active
SPOT-119532,0,0.3694,Active
SPOT-119533,1,0.5824,Price / Cost
SPOT-119534,0,0.4657,Active
SPOT-119535,1,0.5903,Low Usage / No Time
SPOT-119536,0,0.422,Active
SPOT-119537,0,0.1293,Active
SPOT-119538,0,0.3653,Active
SPOT-119539,0,0.3716,Active
SPOT-119540,0,0.3044,Active
SPOT-119541,1,0.5842,Too Many Ads
SPOT-119542,1,0.6089,Switched to Competitor
SPOT-119543,0,0.2753,Active
SPOT-119544,0,0.4614,Active
SPOT-119545,0,0.3222,Active
SPOT-119546,0,0.4397,Active
SPOT-119547,0,0.4164,Active
SPOT-119548,0,0.2587,Active
SPOT-119549,1,0.6303,Price / Cost
SPOT-119550,0,0.528,Active
SPOT-119551,0,0.5099,Active
SPOT-119552,0,0.2517,Active
SPOT-119553,0,0.4256,Active
SPOT-119554,0,0.4372,Active
SPOT-119555,0,0.5512,Active
SPOT-119556,1,0.6623,Switched to Competitor
SPOT-119557,0,0.5208,Active
SPOT-119558,0,0.3105,Active
SPOT-119559,0,0.5585,Active
SPOT-119560,0,0.3834,Active
SPOT-119561,0,0.4541,Active
SPOT-119562,0,0.4121,Active
SPOT-119563,0,0.5363,Active
SPOT-119564,0,0.3135,Active
SPOT-119565,0,0.3504,Active
SPOT-119566,0,0.3739,Active
SPOT-119567,1,0.5899,Price / Cost
SPOT-119568,0,0.322,Active
SPOT-119569,0,0.4851,Active
SPOT-119570,1,0.5718,Too Many Ads
SPOT-119571,1,0.703,Low Usage / No Time
SPOT-119572,0,0.4572,Active
SPOT-119573,0,0.5592,Active
SPOT-119574,0,0.4826,Active
SPOT-119575,0,0.3119,Active
SPOT-119576,1,0.6541,Low Usage / No Time
SPOT-119577,0,0.4635,Active
SPOT-119578,0,0.2509,Active
SPOT-119579,0,0.4876,Active
SPOT-119580,1,0.5836,Price / Cost
SPOT-119581,1,0.6635,Switched to Competitor
SPOT-119582,0,0.5219,Active
SPOT-119583,0,0.1606,Active
SPOT-119584,0,0.4293,Active
SPOT-119585,0,0.3692,Active
SPOT-119586,0,0.2749,Active
SPOT-119587,0,0.4242,Active
SPOT-119588,0,0.4446,Active
SPOT-119589,0,0.4507,Active
SPOT-119590,0,0.3988,Active
SPOT-119591,0,0.4822,Active
SPOT-119592,1,0.5831,Technical Bugs
SPOT-119593,0,0.465,Active
SPOT-119594,0,0.2376,Active
SPOT-119595,1,0.6159,Too Many Ads
SPOT-119596,0,0.4668,Active
SPOT-119597,0,0.3234,Active
SPOT-119598,0,0.5363,Active
SPOT-119599,1,0.6495,Switched to Competitor
SPOT-119600,0,0.3242,Active
SPOT-119601,0,0.5555,Active
SPOT-119602,0,0.2965,Active
SPOT-119603,0,0.4985,Active
SPOT-119604,0,0.1498,Active
SPOT-119605,0,0.4743,Active
SPOT-119606,0,0.3931,Active
SPOT-119607,0,0.3257,Active
SPOT-119608,0,0.4675,Active
SPOT-119609,0,0.2944,Active
SPOT-119610,0,0.3951,Active
SPOT-119611,0,0.1476,Active
SPOT-119612,0,0.3078,Active
SPOT-119613,1,0.5819,Too Many Ads
SPOT-119614,0,0.3894,Active
SPOT-119615,0,0.2056,Active
SPOT-119616,0,0.2679,Active
SPOT-119617,0,0.3124,Active
SPOT-119618,1,0.5687,Price / Cost
SPOT-119619,0,0.4174,Active
SPOT-119620,0,0.4852,Active
SPOT-119621,0,0.2661,Active
SPOT-119622,1,0.6172,Too Many Ads
SPOT-119623,0,0.2471,Active
SPOT-119624,1,0.6836,Too Many Ads
SPOT-119625,0,0.3263,Active
SPOT-119626,0,0.313,Active
SPOT-119627,0,0.5024,Active
SPOT-119628,1,0.6287,Too Many Ads
SPOT-119629,0,0.5674,Active
SPOT-119630,0,0.2571,Active
SPOT-119631,0,0.2041,Active
SPOT-119632,0,0.2701,Active
SPOT-119633,0,0.404,Active
SPOT-119634,1,0.6845,Low Usage / No Time
SPOT-119635,0,0.3497,Active
SPOT-119636,0,0.4753,Active
SPOT-119637,0,0.4564,Active
SPOT-119638,0,0.2981,Active
SPOT-119639,0,0.4034,Active
SPOT-119640,1,0.5954,Price / Cost
SPOT-119641,0,0.3469,Active
SPOT-119642,0,0.367,Active
SPOT-119643,0,0.2534,Active
SPOT-119644,0,0.333,Active
SPOT-119645,0,0.5505,Active
SPOT-119646,0,0.2996,Active
SPOT-119647,0,0.3629,Active
SPOT-119648,0,0.5195,Active
SPOT-119649,0,0.3201,Active
SPOT-119650,0,0.2406,Active
SPOT-119651,0,0.3511,Active
SPOT-119652,0,0.3172,Active
SPOT-119653,0,0.2471,Active
SPOT-119654,0,0.434,Active
SPOT-119655,0,0.4222,Active
SPOT-119656,0,0.5212,Active
SPOT-119657,1,0.615,Low Usage / No Time
SPOT-119658,0,0.4004,Active
SPOT-119659,0,0.4478,Active
SPOT-119660,0,0.4542,Active
SPOT-119661,0,0.3946,Active
SPOT-119662,0,0.4346,Active
SPOT-119663,0,0.2537,Active
SPOT-119664,0,0.42,Active
SPOT-119665,0,0.3992,Active
SPOT-119666,0,0.1541,Active
SPOT-119667,1,0.6556,Too Many Ads
SPOT-119668,0,0.2377,Active
SPOT-119669,0,0.2634,Active
SPOT-119670,0,0.4453,Active
SPOT-119671,0,0.1397,Active
SPOT-119672,0,0.4162,Active
SPOT-119673,0,0.3033,Active
SPOT-119674,0,0.1928,Active
SPOT-119675,0,0.5376,Active
SPOT-119676,0,0.2954,Active
SPOT-119677,0,0.158,Active
SPOT-119678,0,0.2908,Active
SPOT-119679,0,0.515,Active
SPOT-119680,1,0.6233,Too Many Ads
SPOT-119681,0,0.3077,Active
SPOT-119682,0,0.4565,Active
SPOT-119683,1,0.6606,Low Usage / No Time
SPOT-119684,0,0.2835,Active
SPOT-119685,1,0.635,Price / Cost
SPOT-119686,0,0.5237,Active
SPOT-119687,0,0.4553,Active
SPOT-119688,0,0.3056,Active
SPOT-119689,1,0.6753,Low Usage / No Time
SPOT-119690,0,0.5545,Active
SPOT-119691,0,0.2255,Active
SPOT-119692,0,0.4524,Active
SPOT-119693,0,0.3518,Active
SPOT-119694,0,0.2368,Active
SPOT-119695,1,0.5999,Price / Cost
SPOT-119696,0,0.3418,Active
SPOT-119697,0,0.3858,Active
SPOT-119698,0,0.2466,Active
SPOT-119699,0,0.3918,Active
SPOT-119700,0,0.5507,Active
SPOT-119701,0,0.3504,Active
SPOT-119702,0,0.3571,Active
SPOT-119703,0,0.3223,Active
SPOT-119704,0,0.2859,Active
SPOT-119705,0,0.2197,Active
SPOT-119706,0,0.4176,Active
SPOT-119707,0,0.4548,Active
SPOT-119708,0,0.357,Active
SPOT-119709,0,0.5164,Active
SPOT-119710,0,0.4389,Active
SPOT-119711,0,0.448,Active
SPOT-119712,0,0.4277,Active
SPOT-119713,0,0.3273,Active
SPOT-119714,0,0.3009,Active
SPOT-119715,0,0.1387,Active
SPOT-119716,0,0.2034,Active
SPOT-119717,0,0.498,Active
SPOT-119718,0,0.4127,Active
SPOT-119719,0,0.3095,Active
SPOT-119720,0,0.4665,Active
SPOT-119721,0,0.408,Active
SPOT-119722,0,0.3276,Active
SPOT-119723,0,0.4832,Active
SPOT-119724,0,0.2605,Active
SPOT-119725,0,0.488,Active
SPOT-119726,1,0.5906,Price / Cost
SPOT-119727,0,0.3218,Active
SPOT-119728,0,0.283,Active
SPOT-119729,0,0.267,Active
SPOT-119730,0,0.3642,Active
SPOT-119731,0,0.5342,Active
SPOT-119732,0,0.4597,Active
SPOT-119733,0,0.3323,Active
SPOT-119734,0,0.3397,Active
SPOT-119735,0,0.5604,Active
SPOT-119736,0,0.4625,Active
SPOT-119737,0,0.4215,Active
SPOT-119738,0,0.3605,Active
SPOT-119739,1,0.5739,Price / Cost
SPOT-119740,1,0.6392,Too Many Ads
SPOT-119741,1,0.6012,Too Many Ads
SPOT-119742,0,0.4815,Active
SPOT-119743,0,0.3025,Active
SPOT-119744,0,0.3372,Active
SPOT-119745,0,0.2221,Active
SPOT-119746,0,0.3916,Active
SPOT-119747,0,0.5079,Active
SPOT-119748,0,0.3928,Active
SPOT-119749,0,0.1075,Active
SPOT-119750,0,0.3789,Active
SPOT-119751,0,0.341,Active
SPOT-119752,0,0.4817,Active
SPOT-119753,0,0.1976,Active
SPOT-119754,0,0.3063,Active
SPOT-119755,1,0.6542,Switched to Competitor
SPOT-119756,0,0.2645,Active
SPOT-119757,0,0.354,Active
SPOT-119758,0,0.5006,Active
SPOT-119759,0,0.2992,Active
SPOT-119760,0,0.4728,Active
SPOT-119761,0,0.1933,Active
SPOT-119762,0,0.4616,Active
SPOT-119763,0,0.4612,Active
SPOT-119764,0,0.3072,Active
SPOT-119765,0,0.2198,Active
SPOT-119766,0,0.303,Active
SPOT-119767,0,0.3094,Active
SPOT-119768,0,0.1944,Active
SPOT-119769,1,0.6652,Too Many Ads
SPOT-119770,1,0.5852,Price / Cost
SPOT-119771,0,0.5529,Active
SPOT-119772,0,0.3849,Active
SPOT-119773,0,0.5114,Active
SPOT-119774,0,0.3326,Active
SPOT-119775,0,0.3049,Active
SPOT-119776,0,0.226,Active
SPOT-119777,0,0.5143,Active
SPOT-119778,0,0.4547,Active
SPOT-119779,0,0.5601,Active
SPOT-119780,0,0.3779,Active
SPOT-119781,1,0.6499,Technical Bugs
SPOT-119782,0,0.2505,Active
SPOT-119783,0,0.3021,Active
SPOT-119784,0,0.398,Active
SPOT-119785,1,0.5795,Too Many Ads
SPOT-119786,0,0.4582,Active
SPOT-119787,0,0.2733,Active
SPOT-119788,0,0.4263,Active
SPOT-119789,0,0.3785,Active
SPOT-119790,0,0.2838,Active
SPOT-119791,0,0.409,Active
SPOT-119792,1,0.7226,Switched to Competitor
SPOT-119793,0,0.4172,Active
SPOT-119794,0,0.5116,Active
SPOT-119795,1,0.628,Price / Cost
SPOT-119796,0,0.4112,Active
SPOT-119797,0,0.4976,Active
SPOT-119798,0,0.4828,Active
SPOT-119799,1,0.7366,Price / Cost
SPOT-119800,0,0.3697,Active
SPOT-119801,0,0.3096,Active
SPOT-119802,0,0.3322,Active
SPOT-119803,0,0.3711,Active
SPOT-119804,0,0.4084,Active
SPOT-119805,0,0.3606,Active
SPOT-119806,0,0.4395,Active
SPOT-119807,0,0.2799,Active
SPOT-119808,0,0.3374,Active
SPOT-119809,0,0.1897,Active
SPOT-119810,0,0.437,Active
SPOT-119811,1,0.6882,Price / Cost
SPOT-119812,0,0.3053,Active
SPOT-119813,0,0.2331,Active
SPOT-119814,0,0.5452,Active
SPOT-119815,0,0.422,Active
SPOT-119816,0,0.5187,Active
SPOT-119817,0,0.2284,Active
SPOT-119818,0,0.4402,Active
SPOT-119819,0,0.4329,Active
SPOT-119820,0,0.2999,Active
SPOT-119821,0,0.3447,Active
SPOT-119822,0,0.3862,Active
SPOT-119823,0,0.1653,Active
SPOT-119824,0,0.4173,Active
SPOT-119825,0,0.4951,Active
SPOT-119826,0,0.3233,Active
SPOT-119827,0,0.4234,Active
SPOT-119828,0,0.3577,Active
SPOT-119829,0,0.5647,Active
SPOT-119830,1,0.6798,Switched to Competitor
SPOT-119831,1,0.72,Price / Cost
SPOT-119832,0,0.3307,Active
SPOT-119833,0,0.127,Active
SPOT-119834,1,0.6044,Technical Bugs
SPOT-119835,0,0.3661,Active
SPOT-119836,0,0.4291,Active
SPOT-119837,1,0.7797,Price / Cost
SPOT-119838,0,0.1897,Active
SPOT-119839,0,0.2219,Active
SPOT-119840,0,0.4174,Active
SPOT-119841,0,0.1129,Active
SPOT-119842,0,0.5504,Active
SPOT-119843,1,0.7301,Price / Cost
SPOT-119844,0,0.2231,Active
SPOT-119845,0,0.5299,Active
SPOT-119846,0,0.1849,Active
SPOT-119847,0,0.2406,Active
SPOT-119848,1,0.5772,Price / Cost
SPOT-119849,1,0.6502,Switched to Competitor
SPOT-119850,0,0.5248,Active
SPOT-119851,0,0.3069,Active
SPOT-119852,0,0.4443,Active
SPOT-119853,0,0.4545,Active
SPOT-119854,0,0.3481,Active
SPOT-119855,0,0.4674,Active
SPOT-119856,0,0.2552,Active
SPOT-119857,0,0.548,Active
SPOT-119858,0,0.3814,Active
SPOT-119859,1,0.6742,Switched to Competitor
SPOT-119860,0,0.3657,Active
SPOT-119861,0,0.5382,Active
SPOT-119862,0,0.4664,Active
SPOT-119863,0,0.3077,Active
SPOT-119864,1,0.7343,Technical Bugs
SPOT-119865,0,0.4781,Active
SPOT-119866,0,0.3921,Active
SPOT-119867,1,0.5707,Price / Cost
SPOT-119868,0,0.3068,Active
SPOT-119869,0,0.2959,Active
SPOT-119870,1,0.5715,Switched to Competitor
SPOT-119871,1,0.5817,Switched to Competitor
SPOT-119872,0,0.5369,Active
SPOT-119873,0,0.3105,Active
SPOT-119874,1,0.5751,Price / Cost
SPOT-119875,0,0.5193,Active
SPOT-119876,1,0.7946,Too Many Ads
SPOT-119877,0,0.3807,Active
SPOT-119878,0,0.2259,Active
SPOT-119879,0,0.3519,Active
SPOT-119880,0,0.223,Active
SPOT-119881,0,0.3913,Active
SPOT-119882,0,0.4462,Active
SPOT-119883,0,0.3379,Active
SPOT-119884,0,0.5144,Active
SPOT-119885,0,0.3459,Active
SPOT-119886,0,0.3441,Active
SPOT-119887,0,0.3812,Active
SPOT-119888,0,0.5464,Active
SPOT-119889,0,0.1872,Active
SPOT-119890,0,0.4268,Active
SPOT-119891,0,0.2993,Active
SPOT-119892,0,0.5166,Active
SPOT-119893,0,0.4243,Active
SPOT-119894,0,0.4016,Active
SPOT-119895,1,0.6489,Switched to Competitor
SPOT-119896,0,0.5037,Active
SPOT-119897,0,0.4965,Active
SPOT-119898,0,0.3033,Active
SPOT-119899,0,0.3098,Active
SPOT-119900,0,0.0983,Active
SPOT-119901,0,0.4057,Active
SPOT-119902,0,0.4577,Active
SPOT-119903,0,0.5103,Active
SPOT-119904,1,0.626,Too Many Ads
SPOT-119905,0,0.3707,Active
SPOT-119906,0,0.4497,Active
SPOT-119907,0,0.3522,Active
SPOT-119908,0,0.3048,Active
SPOT-119909,0,0.4986,Active
SPOT-119910,1,0.6431,Switched to Competitor
SPOT-119911,0,0.2462,Active
SPOT-119912,0,0.4055,Active
SPOT-119913,0,0.3031,Active
SPOT-119914,0,0.4593,Active
SPOT-119915,0,0.3273,Active
SPOT-119916,0,0.2317,Active
SPOT-119917,0,0.4401,Active
SPOT-119918,0,0.1643,Active
SPOT-119919,1,0.6045,Too Many Ads
SPOT-119920,0,0.5154,Active
SPOT-119921,0,0.3642,Active
SPOT-119922,0,0.2995,Active
SPOT-119923,0,0.4439,Active
SPOT-119924,0,0.5014,Active
SPOT-119925,0,0.1704,Active
SPOT-119926,0,0.2821,Active
SPOT-119927,0,0.3818,Active
SPOT-119928,1,0.7532,Low Usage / No Time
SPOT-119929,0,0.269,Active
SPOT-119930,0,0.2054,Active
SPOT-119931,0,0.1808,Active
SPOT-119932,0,0.2164,Active
SPOT-119933,0,0.3201,Active
SPOT-119934,0,0.1325,Active
SPOT-119935,1,0.6332,Low Usage / No Time
SPOT-119936,0,0.1402,Active
SPOT-119937,0,0.1493,Active
SPOT-119938,0,0.259,Active
SPOT-119939,0,0.3941,Active
SPOT-119940,0,0.3177,Active
SPOT-119941,0,0.4915,Active
SPOT-119942,0,0.506,Active
SPOT-119943,0,0.5168,Active
SPOT-119944,0,0.4804,Active
SPOT-119945,0,0.0869,Active
SPOT-119946,0,0.3261,Active
SPOT-119947,0,0.408,Active
SPOT-119948,0,0.1095,Active
SPOT-119949,0,0.2615,Active
SPOT-119950,0,0.3549,Active
SPOT-119951,1,0.5712,Low Usage / No Time
SPOT-119952,0,0.5095,Active
SPOT-119953,1,0.602,Price / Cost
SPOT-119954,0,0.473,Active
SPOT-119955,0,0.4223,Active
SPOT-119956,0,0.3076,Active
SPOT-119957,0,0.2035,Active
SPOT-119958,0,0.5082,Active
SPOT-119959,0,0.1045,Active
SPOT-119960,0,0.5505,Active
SPOT-119961,0,0.3875,Active
SPOT-119962,0,0.2617,Active
SPOT-119963,0,0.5174,Active
SPOT-119964,0,0.5605,Active
SPOT-119965,0,0.4653,Active
SPOT-119966,0,0.4805,Active
SPOT-119967,0,0.312,Active
SPOT-119968,1,0.57,Price / Cost
SPOT-119969,0,0.4981,Active
SPOT-119970,0,0.1982,Active
SPOT-119971,0,0.2421,Active
SPOT-119972,0,0.5352,Active
SPOT-119973,0,0.2511,Active
SPOT-119974,0,0.2717,Active
SPOT-119975,0,0.3636,Active
SPOT-119976,0,0.4882,Active
SPOT-119977,0,0.3962,Active
SPOT-119978,1,0.7383,Too Many Ads
SPOT-119979,0,0.0456,Active
SPOT-119980,0,0.316,Active
SPOT-119981,0,0.381,Active
SPOT-119982,0,0.0698,Active
SPOT-119983,0,0.2195,Active
SPOT-119984,0,0.2458,Active
SPOT-119985,0,0.1169,Active
SPOT-119986,0,0.3349,Active
SPOT-119987,0,0.2262,Active
SPOT-119988,0,0.1235,Active
SPOT-119989,1,0.6648,Price / Cost
SPOT-119990,0,0.3162,Active
SPOT-119991,0,0.2182,Active
SPOT-119992,0,0.2436,Active
SPOT-119993,1,0.6448,Technical Bugs
SPOT-119994,0,0.4409,Active
SPOT-119995,0,0.4126,Active
SPOT-119996,0,0.4512,Active
SPOT-119997,0,0.3788,Active
SPOT-119998,0,0.3972,Active
SPOT-119999,1,0.6323,Switched to Competitor
SPOT-120000,0,0.4453,Active
SPOT-120001,0,0.2246,Active
SPOT-120002,0,0.2384,Active
SPOT-120003,0,0.352,Active
SPOT-120004,1,0.6483,Technical Bugs
SPOT-120005,0,0.3364,Active
SPOT-120006,0,0.2688,Active
SPOT-120007,0,0.5163,Active
SPOT-120008,0,0.3672,Active
SPOT-120009,1,0.6304,Too Many Ads
SPOT-120010,0,0.4823,Active
SPOT-120011,1,0.7359,Switched to Competitor
SPOT-120012,0,0.3112,Active
SPOT-120013,1,0.5946,Switched to Competitor
SPOT-120014,0,0.2753,Active
SPOT-120015,0,0.3605,Active
SPOT-120016,0,0.4919,Active
SPOT-120017,0,0.4042,Active
SPOT-120018,1,0.6819,Too Many Ads
SPOT-120019,0,0.3874,Active
SPOT-120020,1,0.5846,Low Usage / No Time
SPOT-120021,0,0.558,Active
SPOT-120022,1,0.6474,Switched to Competitor
SPOT-120023,0,0.3472,Active
SPOT-120024,0,0.4494,Active
SPOT-120025,1,0.632,Price / Cost
SPOT-120026,0,0.541,Active
SPOT-120027,0,0.318,Active
SPOT-120028,0,0.3983,Active
SPOT-120029,0,0.3976,Active
SPOT-120030,1,0.572,Price / Cost
SPOT-120031,0,0.5109,Active
SPOT-120032,0,0.2059,Active
SPOT-120033,1,0.5743,Switched to Competitor
SPOT-120034,0,0.4327,Active
SPOT-120035,0,0.3253,Active
SPOT-120036,0,0.2801,Active
SPOT-120037,0,0.3619,Active
SPOT-120038,1,0.7751,Price / Cost
SPOT-120039,0,0.2617,Active
SPOT-120040,1,0.6019,Price / Cost
SPOT-120041,0,0.4004,Active
SPOT-120042,0,0.3212,Active
SPOT-120043,0,0.41,Active
SPOT-120044,0,0.3894,Active
SPOT-120045,0,0.4927,Active
SPOT-120046,0,0.1988,Active
SPOT-120047,0,0.5583,Active
SPOT-120048,0,0.3451,Active
SPOT-120049,0,0.2594,Active
SPOT-120050,0,0.369,Active
SPOT-120051,1,0.6225,Switched to Competitor
SPOT-120052,0,0.2755,Active
SPOT-120053,0,0.4582,Active
SPOT-120054,0,0.3542,Active
SPOT-120055,0,0.4028,Active
SPOT-120056,1,0.6543,Price / Cost
SPOT-120057,1,0.6779,Price / Cost
SPOT-120058,0,0.5599,Active
SPOT-120059,0,0.3812,Active
SPOT-120060,0,0.261,Active
SPOT-120061,0,0.4522,Active
SPOT-120062,0,0.1377,Active
SPOT-120063,0,0.3727,Active
SPOT-120064,0,0.2991,Active
SPOT-120065,0,0.2648,Active
SPOT-120066,0,0.4663,Active
SPOT-120067,0,0.365,Active
SPOT-120068,0,0.4518,Active
SPOT-120069,0,0.3674,Active
SPOT-120070,0,0.2593,Active
SPOT-120071,0,0.247,Active
SPOT-120072,0,0.4348,Active
SPOT-120073,1,0.6279,Switched to Competitor
SPOT-120074,0,0.5334,Active
SPOT-120075,0,0.4929,Active
SPOT-120076,0,0.3206,Active
SPOT-120077,0,0.3844,Active
SPOT-120078,0,0.187,Active
SPOT-120079,1,0.6198,Low Usage / No Time
SPOT-120080,1,0.814,Price / Cost
SPOT-120081,0,0.493,Active
SPOT-120082,0,0.3417,Active
SPOT-120083,0,0.5439,Active
SPOT-120084,0,0.3485,Active
SPOT-120085,0,0.5071,Active
SPOT-120086,0,0.3124,Active
SPOT-120087,0,0.3202,Active
SPOT-120088,0,0.288,Active
SPOT-120089,0,0.5572,Active
SPOT-120090,0,0.3532,Active
SPOT-120091,0,0.2525,Active
SPOT-120092,1,0.6021,Price / Cost
SPOT-120093,0,0.4129,Active
SPOT-120094,0,0.2269,Active
SPOT-120095,0,0.518,Active
SPOT-120096,0,0.5562,Active
SPOT-120097,1,0.6798,Low Usage / No Time
SPOT-120098,0,0.2926,Active
SPOT-120099,0,0.2401,Active
SPOT-120100,0,0.4128,Active
SPOT-120101,0,0.3961,Active
SPOT-120102,1,0.5981,Price / Cost
SPOT-120103,0,0.4145,Active
SPOT-120104,0,0.5215,Active
SPOT-120105,0,0.4453,Active
SPOT-120106,0,0.3027,Active
SPOT-120107,1,0.5939,Switched to Competitor
SPOT-120108,1,0.6205,Switched to Competitor
SPOT-120109,0,0.3093,Active
SPOT-120110,0,0.4064,Active
SPOT-120111,0,0.4193,Active
SPOT-120112,0,0.2138,Active
SPOT-120113,1,0.6306,Price / Cost
SPOT-120114,0,0.1285,Active
SPOT-120115,0,0.44,Active
SPOT-120116,0,0.4258,Active
SPOT-120117,1,0.6709,Price / Cost
SPOT-120118,0,0.3559,Active
SPOT-120119,1,0.5701,Too Many Ads
SPOT-120120,0,0.538,Active
SPOT-120121,0,0.2979,Active
SPOT-120122,0,0.5498,Active
SPOT-120123,0,0.4296,Active
SPOT-120124,0,0.2501,Active
SPOT-120125,0,0.2266,Active
SPOT-120126,0,0.1793,Active
SPOT-120127,0,0.2917,Active
SPOT-120128,1,0.7002,Price / Cost
SPOT-120129,0,0.461,Active
SPOT-120130,0,0.4788,Active
SPOT-120131,0,0.5663,Active
SPOT-120132,0,0.3312,Active
SPOT-120133,0,0.0915,Active
SPOT-120134,0,0.3401,Active
SPOT-120135,0,0.252,Active
SPOT-120136,0,0.1725,Active
SPOT-120137,0,0.3822,Active
SPOT-120138,0,0.5051,Active
SPOT-120139,0,0.4033,Active
SPOT-120140,1,0.5805,Price / Cost
SPOT-120141,0,0.281,Active
SPOT-120142,0,0.5282,Active
SPOT-120143,0,0.2179,Active
SPOT-120144,0,0.0587,Active
SPOT-120145,0,0.3617,Active
SPOT-120146,0,0.2814,Active
SPOT-120147,0,0.4573,Active
SPOT-120148,0,0.2813,Active
SPOT-120149,0,0.1232,Active
SPOT-120150,0,0.4784,Active
SPOT-120151,0,0.4178,Active
SPOT-120152,0,0.4339,Active
SPOT-120153,0,0.5341,Active
SPOT-120154,0,0.4638,Active
SPOT-120155,0,0.339,Active
SPOT-120156,0,0.563,Active
SPOT-120157,0,0.3969,Active
SPOT-120158,0,0.3476,Active
SPOT-120159,0,0.4108,Active
SPOT-120160,0,0.2856,Active
SPOT-120161,0,0.0766,Active
SPOT-120162,0,0.3699,Active
SPOT-120163,0,0.2637,Active
SPOT-120164,1,0.632,Switched to Competitor
SPOT-120165,0,0.5202,Active
SPOT-120166,1,0.6736,Price / Cost
SPOT-120167,0,0.2844,Active
SPOT-120168,0,0.245,Active
SPOT-120169,0,0.5333,Active
SPOT-120170,0,0.3575,Active
SPOT-120171,0,0.3472,Active
SPOT-120172,1,0.6684,Price / Cost
SPOT-120173,0,0.5392,Active
SPOT-120174,0,0.428,Active
SPOT-120175,0,0.5184,Active
SPOT-120176,1,0.5963,Too Many Ads
SPOT-120177,0,0.286,Active
SPOT-120178,0,0.385,Active
SPOT-120179,1,0.5703,Low Usage / No Time
SPOT-120180,0,0.3947,Active
SPOT-120181,0,0.3949,Active
SPOT-120182,1,0.7207,Price / Cost
SPOT-120183,1,0.6798,Too Many Ads
SPOT-120184,1,0.6099,Too Many Ads
SPOT-120185,0,0.2883,Active
SPOT-120186,0,0.2591,Active
SPOT-120187,0,0.539,Active
SPOT-120188,0,0.5418,Active
SPOT-120189,0,0.4963,Active
SPOT-120190,0,0.5152,Active
SPOT-120191,1,0.5708,Too Many Ads
SPOT-120192,0,0.4146,Active
SPOT-120193,0,0.1741,Active
SPOT-120194,0,0.2211,Active
SPOT-120195,0,0.3717,Active
SPOT-120196,0,0.4899,Active
SPOT-120197,0,0.2956,Active
SPOT-120198,0,0.2199,Active
SPOT-120199,0,0.2905,Active
SPOT-120200,0,0.2608,Active
SPOT-120201,0,0.4253,Active
SPOT-120202,0,0.4475,Active
SPOT-120203,0,0.5418,Active
SPOT-120204,0,0.4909,Active
SPOT-120205,0,0.5183,Active
SPOT-120206,0,0.3881,Active
SPOT-120207,0,0.3834,Active
SPOT-120208,1,0.6656,Low Usage / No Time
SPOT-120209,0,0.4448,Active
SPOT-120210,0,0.5207,Active
SPOT-120211,0,0.5092,Active
SPOT-120212,0,0.4651,Active
SPOT-120213,0,0.3908,Active
SPOT-120214,0,0.2316,Active
SPOT-120215,0,0.5395,Active
SPOT-120216,1,0.7534,Low Usage / No Time
SPOT-120217,0,0.4457,Active
SPOT-120218,0,0.3892,Active
SPOT-120219,0,0.4925,Active
SPOT-120220,0,0.2758,Active
SPOT-120221,0,0.3492,Active
SPOT-120222,0,0.3661,Active
SPOT-120223,0,0.3228,Active
SPOT-120224,0,0.4805,Active
SPOT-120225,0,0.4935,Active
SPOT-120226,0,0.4109,Active
SPOT-120227,0,0.3043,Active
SPOT-120228,0,0.1521,Active
SPOT-120229,0,0.3597,Active
SPOT-120230,0,0.5149,Active
SPOT-120231,0,0.442,Active
SPOT-120232,0,0.0858,Active
SPOT-120233,0,0.4073,Active
SPOT-120234,0,0.4993,Active
SPOT-120235,0,0.4511,Active
SPOT-120236,1,0.6242,Too Many Ads
SPOT-120237,0,0.3039,Active
SPOT-120238,0,0.5374,Active
SPOT-120239,0,0.4756,Active
SPOT-120240,0,0.3573,Active
SPOT-120241,0,0.536,Active
SPOT-120242,0,0.3205,Active
SPOT-120243,1,0.6461,Too Many Ads
SPOT-120244,1,0.5898,Switched to Competitor
SPOT-120245,0,0.4368,Active
SPOT-120246,0,0.485,Active
SPOT-120247,0,0.3562,Active
SPOT-120248,0,0.5183,Active
SPOT-120249,0,0.2762,Active
SPOT-120250,0,0.2576,Active
SPOT-120251,0,0.2916,Active
SPOT-120252,1,0.5731,Price / Cost
SPOT-120253,0,0.5631,Active
SPOT-120254,0,0.3643,Active
SPOT-120255,0,0.3399,Active
SPOT-120256,0,0.4572,Active
SPOT-120257,0,0.395,Active
SPOT-120258,1,0.682,Price / Cost
SPOT-120259,0,0.4063,Active
SPOT-120260,0,0.276,Active
SPOT-120261,0,0.3226,Active
SPOT-120262,0,0.3584,Active
SPOT-120263,0,0.3686,Active
SPOT-120264,0,0.2197,Active
SPOT-120265,0,0.5283,Active
SPOT-120266,0,0.5176,Active
SPOT-120267,0,0.2996,Active
SPOT-120268,0,0.5491,Active
SPOT-120269,0,0.2202,Active
SPOT-120270,1,0.6125,Low Usage / No Time
SPOT-120271,0,0.4491,Active
SPOT-120272,0,0.2989,Active
SPOT-120273,0,0.4852,Active
SPOT-120274,0,0.161,Active
SPOT-120275,0,0.4553,Active
SPOT-120276,1,0.6672,Switched to Competitor
SPOT-120277,0,0.5664,Active
SPOT-120278,0,0.5416,Active
SPOT-120279,0,0.5423,Active
SPOT-120280,0,0.2518,Active
SPOT-120281,1,0.598,Too Many Ads
SPOT-120282,0,0.3473,Active
SPOT-120283,0,0.3321,Active
SPOT-120284,1,0.674,Price / Cost
SPOT-120285,0,0.2372,Active
SPOT-120286,1,0.7179,Price / Cost
SPOT-120287,0,0.5178,Active
SPOT-120288,0,0.3961,Active
SPOT-120289,0,0.3348,Active
SPOT-120290,0,0.4091,Active
SPOT-120291,0,0.4574,Active
SPOT-120292,0,0.5461,Active
SPOT-120293,0,0.4947,Active
SPOT-120294,0,0.4355,Active
SPOT-120295,0,0.4721,Active
SPOT-120296,0,0.4677,Active
SPOT-120297,0,0.1318,Active
SPOT-120298,1,0.6832,Price / Cost
SPOT-120299,0,0.362,Active
SPOT-120300,0,0.3198,Active
SPOT-120301,0,0.4824,Active
SPOT-120302,0,0.423,Active
SPOT-120303,0,0.531,Active
SPOT-120304,0,0.2642,Active
SPOT-120305,0,0.3193,Active
SPOT-120306,0,0.5316,Active
SPOT-120307,0,0.2945,Active
SPOT-120308,0,0.4522,Active
SPOT-120309,0,0.1426,Active
SPOT-120310,0,0.2646,Active
SPOT-120311,0,0.4929,Active
SPOT-120312,0,0.5459,Active
SPOT-120313,0,0.492,Active
SPOT-120314,0,0.3494,Active
SPOT-120315,1,0.6639,Too Many Ads
SPOT-120316,0,0.1261,Active
SPOT-120317,0,0.514,Active
SPOT-120318,1,0.6608,Too Many Ads
SPOT-120319,1,0.6502,Switched to Competitor
SPOT-120320,0,0.2706,Active
SPOT-120321,0,0.2044,Active
SPOT-120322,0,0.4262,Active
SPOT-120323,0,0.4194,Active
SPOT-120324,0,0.5532,Active
SPOT-120325,0,0.2617,Active
SPOT-120326,0,0.3045,Active
SPOT-120327,0,0.4295,Active
SPOT-120328,0,0.3027,Active
SPOT-120329,1,0.5717,Price / Cost
SPOT-120330,0,0.2436,Active
SPOT-120331,0,0.4164,Active
SPOT-120332,1,0.6826,Low Usage / No Time
SPOT-120333,0,0.3363,Active
SPOT-120334,0,0.5224,Active
SPOT-120335,0,0.3912,Active
SPOT-120336,0,0.2196,Active
SPOT-120337,1,0.6617,Price / Cost
SPOT-120338,0,0.4695,Active
SPOT-120339,0,0.2616,Active
SPOT-120340,1,0.5786,Low Usage / No Time
SPOT-120341,0,0.266,Active
SPOT-120342,0,0.3657,Active
SPOT-120343,0,0.2973,Active
SPOT-120344,0,0.2904,Active
SPOT-120345,0,0.318,Active
SPOT-120346,0,0.3655,Active
SPOT-120347,0,0.2606,Active
SPOT-120348,0,0.5117,Active
SPOT-120349,0,0.2192,Active
SPOT-120350,0,0.3414,Active
SPOT-120351,0,0.4761,Active
SPOT-120352,1,0.6825,Price / Cost
SPOT-120353,0,0.335,Active
SPOT-120354,0,0.4138,Active
SPOT-120355,0,0.1193,Active
SPOT-120356,1,0.5747,Switched to Competitor
SPOT-120357,0,0.1802,Active
SPOT-120358,1,0.62,Switched to Competitor
SPOT-120359,1,0.692,Price / Cost
SPOT-120360,0,0.2561,Active
SPOT-120361,0,0.4459,Active
SPOT-120362,0,0.5509,Active
SPOT-120363,0,0.2956,Active
SPOT-120364,0,0.454,Active
SPOT-120365,0,0.3006,Active
SPOT-120366,0,0.3386,Active
SPOT-120367,0,0.2827,Active
SPOT-120368,0,0.2505,Active
SPOT-120369,0,0.3517,Active
SPOT-120370,0,0.116,Active
SPOT-120371,0,0.4922,Active
SPOT-120372,0,0.3412,Active
SPOT-120373,0,0.1644,Active
SPOT-120374,1,0.5798,Too Many Ads
SPOT-120375,0,0.3134,Active
SPOT-120376,1,0.68,Switched to Competitor
SPOT-120377,0,0.44,Active
SPOT-120378,1,0.6217,Price / Cost
SPOT-120379,0,0.1406,Active
SPOT-120380,0,0.2026,Active
SPOT-120381,0,0.2836,Active
SPOT-120382,1,0.6485,Switched to Competitor
SPOT-120383,0,0.4756,Active
SPOT-120384,1,0.5871,Low Usage / No Time
SPOT-120385,0,0.5503,Active
SPOT-120386,0,0.3592,Active
SPOT-120387,0,0.4042,Active
SPOT-120388,1,0.6063,Too Many Ads
SPOT-120389,0,0.3919,Active
SPOT-120390,0,0.2979,Active
SPOT-120391,0,0.3717,Active
SPOT-120392,0,0.4122,Active
SPOT-120393,1,0.6011,Price / Cost
SPOT-120394,0,0.3739,Active
SPOT-120395,0,0.5227,Active
SPOT-120396,0,0.4041,Active
SPOT-120397,0,0.3143,Active
SPOT-120398,1,0.679,Switched to Competitor
SPOT-120399,0,0.3281,Active
SPOT-120400,0,0.2368,Active
SPOT-120401,0,0.4547,Active
SPOT-120402,0,0.0639,Active
SPOT-120403,0,0.067,Active
SPOT-120404,1,0.6346,Switched to Competitor
SPOT-120405,0,0.5241,Active
SPOT-120406,0,0.4686,Active
SPOT-120407,0,0.4491,Active
SPOT-120408,0,0.3653,Active
SPOT-120409,1,0.6462,Low Usage / No Time
SPOT-120410,1,0.6124,Price / Cost
SPOT-120411,0,0.1788,Active
SPOT-120412,0,0.3817,Active
SPOT-120413,0,0.3194,Active
SPOT-120414,1,0.7403,Price / Cost
SPOT-120415,0,0.4908,Active
SPOT-120416,1,0.7061,Switched to Competitor
SPOT-120417,0,0.4985,Active
SPOT-120418,0,0.4335,Active
SPOT-120419,0,0.346,Active
SPOT-120420,0,0.366,Active
SPOT-120421,0,0.5413,Active
SPOT-120422,0,0.3566,Active
SPOT-120423,0,0.2716,Active
SPOT-120424,0,0.2592,Active
SPOT-120425,0,0.3117,Active
SPOT-120426,0,0.4671,Active
SPOT-120427,0,0.361,Active
SPOT-120428,0,0.535,Active
SPOT-120429,0,0.2335,Active
SPOT-120430,1,0.5788,Price / Cost
SPOT-120431,0,0.2505,Active
SPOT-120432,0,0.1748,Active
SPOT-120433,0,0.1696,Active
SPOT-120434,0,0.3875,Active
SPOT-120435,0,0.5181,Active
SPOT-120436,0,0.2102,Active
SPOT-120437,0,0.3506,Active
SPOT-120438,0,0.3982,Active
SPOT-120439,0,0.2336,Active
SPOT-120440,0,0.4973,Active
SPOT-120441,0,0.2979,Active
SPOT-120442,0,0.5015,Active
SPOT-120443,0,0.1144,Active
SPOT-120444,0,0.4543,Active
SPOT-120445,0,0.4546,Active
SPOT-120446,0,0.3729,Active
SPOT-120447,0,0.2563,Active
SPOT-120448,0,0.3151,Active
SPOT-120449,0,0.3734,Active
SPOT-120450,0,0.468,Active
SPOT-120451,0,0.3859,Active
SPOT-120452,0,0.0901,Active
SPOT-120453,0,0.0515,Active
SPOT-120454,0,0.518,Active
SPOT-120455,0,0.2809,Active
SPOT-120456,1,0.5698,Switched to Competitor
SPOT-120457,0,0.4414,Active
SPOT-120458,1,0.6297,Low Usage / No Time
SPOT-120459,0,0.5269,Active
SPOT-120460,0,0.1887,Active
SPOT-120461,0,0.5601,Active
SPOT-120462,0,0.246,Active
SPOT-120463,1,0.6115,Low Usage / No Time
SPOT-120464,1,0.6189,Price / Cost
SPOT-120465,0,0.4746,Active
SPOT-120466,0,0.441,Active
SPOT-120467,0,0.5188,Active
SPOT-120468,0,0.2032,Active
SPOT-120469,0,0.3902,Active
SPOT-120470,0,0.2668,Active
SPOT-120471,0,0.4664,Active
SPOT-120472,1,0.7014,Low Usage / No Time
SPOT-120473,0,0.5107,Active
SPOT-120474,0,0.4347,Active
SPOT-120475,0,0.453,Active
SPOT-120476,1,0.5998,Price / Cost
SPOT-120477,0,0.4418,Active
SPOT-120478,0,0.3979,Active
SPOT-120479,0,0.4969,Active
SPOT-120480,0,0.3821,Active
SPOT-120481,0,0.4883,Active
SPOT-120482,1,0.577,Too Many Ads
SPOT-120483,1,0.7327,Too Many Ads
SPOT-120484,0,0.4542,Active
SPOT-120485,0,0.5369,Active
SPOT-120486,0,0.3408,Active
SPOT-120487,1,0.6211,Price / Cost
SPOT-120488,1,0.5709,Price / Cost
SPOT-120489,1,0.5799,Price / Cost
SPOT-120490,0,0.3133,Active
SPOT-120491,0,0.2325,Active
SPOT-120492,1,0.6777,Low Usage / No Time
SPOT-120493,0,0.5531,Active
SPOT-120494,0,0.529,Active
SPOT-120495,1,0.6547,Price / Cost
SPOT-120496,1,0.6352,Too Many Ads
SPOT-120497,0,0.2694,Active
SPOT-120498,0,0.3471,Active
SPOT-120499,1,0.6291,Price / Cost
SPOT-120500,0,0.3609,Active
SPOT-120501,0,0.2213,Active
SPOT-120502,0,0.202,Active
SPOT-120503,1,0.6033,Too Many Ads
SPOT-120504,1,0.5896,Low Usage / No Time
SPOT-120505,1,0.665,Price / Cost
SPOT-120506,0,0.312,Active
SPOT-120507,0,0.3712,Active
SPOT-120508,0,0.5297,Active
SPOT-120509,1,0.5983,Switched to Competitor
SPOT-120510,0,0.3292,Active
SPOT-120511,0,0.5531,Active
SPOT-120512,0,0.536,Active
SPOT-120513,0,0.3303,Active
SPOT-120514,0,0.3419,Active
SPOT-120515,0,0.4226,Active
SPOT-120516,0,0.3373,Active
SPOT-120517,0,0.195,Active
SPOT-120518,0,0.4276,Active
SPOT-120519,0,0.4535,Active
SPOT-120520,0,0.4464,Active
SPOT-120521,0,0.5188,Active
SPOT-120522,1,0.6969,Too Many Ads
SPOT-120523,0,0.2383,Active
SPOT-120524,0,0.4597,Active
SPOT-120525,0,0.5351,Active
SPOT-120526,0,0.2695,Active
SPOT-120527,0,0.5416,Active
SPOT-120528,0,0.5024,Active
SPOT-120529,0,0.3691,Active
SPOT-120530,0,0.3434,Active
SPOT-120531,0,0.1842,Active
SPOT-120532,0,0.4139,Active
SPOT-120533,0,0.143,Active
SPOT-120534,0,0.55,Active
SPOT-120535,0,0.2388,Active
SPOT-120536,1,0.6702,Switched to Competitor
SPOT-120537,0,0.4127,Active
SPOT-120538,0,0.2876,Active
SPOT-120539,0,0.2512,Active
SPOT-120540,0,0.1849,Active
SPOT-120541,0,0.4857,Active
SPOT-120542,0,0.4908,Active
SPOT-120543,0,0.297,Active
SPOT-120544,0,0.3473,Active
SPOT-120545,0,0.4483,Active
SPOT-120546,0,0.3899,Active
SPOT-120547,0,0.3014,Active
SPOT-120548,0,0.2269,Active
SPOT-120549,0,0.3232,Active
SPOT-120550,0,0.5458,Active
SPOT-120551,0,0.3215,Active
SPOT-120552,0,0.5403,Active
SPOT-120553,0,0.5074,Active
SPOT-120554,0,0.3645,Active
SPOT-120555,1,0.6413,Price / Cost
SPOT-120556,0,0.4096,Active
SPOT-120557,0,0.5115,Active
SPOT-120558,0,0.4028,Active
SPOT-120559,0,0.4629,Active
SPOT-120560,0,0.4002,Active
SPOT-120561,0,0.4326,Active
SPOT-120562,0,0.394,Active
SPOT-120563,0,0.389,Active
SPOT-120564,0,0.3234,Active
SPOT-120565,0,0.2719,Active
SPOT-120566,0,0.4257,Active
SPOT-120567,0,0.4927,Active
SPOT-120568,0,0.5104,Active
SPOT-120569,0,0.4185,Active
SPOT-120570,0,0.2481,Active
SPOT-120571,0,0.2329,Active
SPOT-120572,0,0.3709,Active
SPOT-120573,0,0.5244,Active
SPOT-120574,1,0.6415,Low Usage / No Time
SPOT-120575,0,0.3773,Active
SPOT-120576,0,0.439,Active
SPOT-120577,0,0.2415,Active
SPOT-120578,1,0.5811,Switched to Competitor
SPOT-120579,0,0.4368,Active
SPOT-120580,1,0.766,Switched to Competitor
SPOT-120581,0,0.1397,Active
SPOT-120582,0,0.3232,Active
SPOT-120583,1,0.6567,Price / Cost
SPOT-120584,0,0.2644,Active
SPOT-120585,0,0.2469,Active
SPOT-120586,0,0.4657,Active
SPOT-120587,1,0.6246,Price / Cost
SPOT-120588,0,0.2421,Active
SPOT-120589,1,0.784,Low Usage / No Time
SPOT-120590,0,0.3906,Active
SPOT-120591,0,0.4593,Active
SPOT-120592,0,0.3108,Active
SPOT-120593,1,0.6107,Switched to Competitor
SPOT-120594,0,0.4795,Active
SPOT-120595,0,0.3571,Active
SPOT-120596,0,0.5366,Active
SPOT-120597,0,0.3134,Active
SPOT-120598,0,0.4053,Active
SPOT-120599,0,0.4947,Active
SPOT-120600,0,0.2619,Active
SPOT-120601,0,0.2554,Active
SPOT-120602,1,0.6141,Price / Cost
SPOT-120603,0,0.5496,Active
SPOT-120604,1,0.6262,Too Many Ads
SPOT-120605,0,0.4106,Active
SPOT-120606,1,0.6787,Price / Cost
SPOT-120607,0,0.2996,Active
SPOT-120608,0,0.4179,Active
SPOT-120609,0,0.4889,Active
SPOT-120610,0,0.2506,Active
SPOT-120611,0,0.2533,Active
SPOT-120612,0,0.2942,Active
SPOT-120613,0,0.4054,Active
SPOT-120614,0,0.2353,Active
SPOT-120615,1,0.6471,Low Usage / No Time
SPOT-120616,1,0.6307,Price / Cost
SPOT-120617,0,0.352,Active
SPOT-120618,0,0.3744,Active
SPOT-120619,0,0.3028,Active
SPOT-120620,0,0.4351,Active
SPOT-120621,0,0.3477,Active
SPOT-120622,0,0.4469,Active
SPOT-120623,0,0.3168,Active
SPOT-120624,0,0.511,Active
SPOT-120625,0,0.5132,Active
SPOT-120626,0,0.3162,Active
SPOT-120627,0,0.2053,Active
SPOT-120628,0,0.4767,Active
SPOT-120629,0,0.1982,Active
SPOT-120630,1,0.5806,Switched to Competitor
SPOT-120631,0,0.558,Active
SPOT-120632,0,0.1917,Active
SPOT-120633,0,0.5232,Active
SPOT-120634,0,0.4685,Active
SPOT-120635,0,0.2524,Active
SPOT-120636,0,0.2932,Active
SPOT-120637,0,0.3707,Active
SPOT-120638,1,0.6993,Switched to Competitor
SPOT-120639,0,0.4916,Active
SPOT-120640,0,0.4434,Active
SPOT-120641,0,0.3992,Active
SPOT-120642,0,0.3654,Active
SPOT-120643,0,0.4537,Active
SPOT-120644,0,0.2272,Active
SPOT-120645,0,0.4412,Active
SPOT-120646,0,0.2604,Active
SPOT-120647,0,0.2505,Active
SPOT-120648,0,0.4883,Active
SPOT-120649,0,0.4592,Active
SPOT-120650,0,0.4628,Active
SPOT-120651,0,0.1111,Active
SPOT-120652,0,0.5484,Active
SPOT-120653,0,0.3891,Active
SPOT-120654,0,0.4456,Active
SPOT-120655,0,0.5009,Active
SPOT-120656,0,0.4865,Active
SPOT-120657,0,0.363,Active
SPOT-120658,1,0.6,Price / Cost
SPOT-120659,0,0.1888,Active
SPOT-120660,0,0.3729,Active
SPOT-120661,0,0.3769,Active
SPOT-120662,0,0.4922,Active
SPOT-120663,0,0.2706,Active
SPOT-120664,0,0.5445,Active
SPOT-120665,0,0.4513,Active
SPOT-120666,1,0.7104,Switched to Competitor
SPOT-120667,0,0.3405,Active
SPOT-120668,0,0.3936,Active
SPOT-120669,0,0.1899,Active
SPOT-120670,0,0.4649,Active
SPOT-120671,0,0.5507,Active
SPOT-120672,0,0.555,Active
SPOT-120673,0,0.4813,Active
SPOT-120674,0,0.4801,Active
SPOT-120675,1,0.6577,Low Usage / No Time
SPOT-120676,0,0.4086,Active
SPOT-120677,0,0.4756,Active
SPOT-120678,0,0.4085,Active
SPOT-120679,0,0.2612,Active
SPOT-120680,0,0.2526,Active
SPOT-120681,0,0.3144,Active
SPOT-120682,0,0.3198,Active
SPOT-120683,0,0.373,Active
SPOT-120684,0,0.2397,Active
SPOT-120685,0,0.4752,Active
SPOT-120686,0,0.3715,Active
SPOT-120687,1,0.643,Technical Bugs
SPOT-120688,0,0.3629,Active
SPOT-120689,0,0.552,Active
SPOT-120690,1,0.6855,Low Usage / No Time
SPOT-120691,0,0.2102,Active
SPOT-120692,0,0.3611,Active
SPOT-120693,0,0.4315,Active
SPOT-120694,1,0.6652,Switched to Competitor
SPOT-120695,0,0.4797,Active
SPOT-120696,1,0.7187,Price / Cost
SPOT-120697,0,0.5208,Active
SPOT-120698,1,0.5704,Price / Cost
SPOT-120699,1,0.6473,Too Many Ads
SPOT-120700,0,0.3185,Active
SPOT-120701,0,0.4996,Active
SPOT-120702,0,0.4796,Active
SPOT-120703,0,0.4926,Active
SPOT-120704,1,0.5985,Too Many Ads
SPOT-120705,0,0.2115,Active
SPOT-120706,0,0.2569,Active
SPOT-120707,0,0.1791,Active
SPOT-120708,1,0.632,Price / Cost
SPOT-120709,0,0.2265,Active
SPOT-120710,0,0.303,Active
SPOT-120711,0,0.311,Active
SPOT-120712,0,0.5395,Active
SPOT-120713,1,0.5711,Too Many Ads
SPOT-120714,0,0.218,Active
SPOT-120715,0,0.5393,Active
SPOT-120716,0,0.3957,Active
SPOT-120717,0,0.4943,Active
SPOT-120718,0,0.391,Active
SPOT-120719,0,0.4152,Active
SPOT-120720,1,0.6183,Switched to Competitor
SPOT-120721,0,0.4588,Active
SPOT-120722,0,0.4994,Active
SPOT-120723,0,0.3775,Active
SPOT-120724,1,0.617,Low Usage / No Time
SPOT-120725,1,0.6948,Low Usage / No Time
SPOT-120726,0,0.5493,Active
SPOT-120727,0,0.2687,Active
SPOT-120728,1,0.6235,Switched to Competitor
SPOT-120729,0,0.4764,Active
SPOT-120730,0,0.2825,Active
SPOT-120731,0,0.4493,Active
SPOT-120732,0,0.1662,Active
SPOT-120733,0,0.2118,Active
SPOT-120734,0,0.3506,Active
SPOT-120735,1,0.693,Price / Cost
SPOT-120736,0,0.5287,Active
SPOT-120737,0,0.3009,Active
SPOT-120738,0,0.3528,Active
SPOT-120739,0,0.2653,Active
SPOT-120740,0,0.394,Active
SPOT-120741,0,0.4242,Active
SPOT-120742,0,0.343,Active
SPOT-120743,0,0.4782,Active
SPOT-120744,0,0.5124,Active
SPOT-120745,0,0.2688,Active
SPOT-120746,0,0.2838,Active
SPOT-120747,0,0.52,Active
SPOT-120748,0,0.3439,Active
SPOT-120749,0,0.4498,Active
SPOT-120750,0,0.475,Active
SPOT-120751,0,0.3133,Active
SPOT-120752,0,0.2732,Active
SPOT-120753,1,0.6607,Switched to Competitor
SPOT-120754,0,0.2365,Active
SPOT-120755,0,0.4674,Active
SPOT-120756,0,0.0985,Active
SPOT-120757,0,0.5211,Active
SPOT-120758,0,0.4033,Active
SPOT-120759,0,0.3494,Active
SPOT-120760,0,0.4478,Active
SPOT-120761,0,0.4687,Active
SPOT-120762,0,0.4781,Active
SPOT-120763,0,0.3081,Active
SPOT-120764,0,0.4788,Active
SPOT-120765,0,0.3154,Active
SPOT-120766,1,0.6043,Switched to Competitor
SPOT-120767,0,0.1993,Active
SPOT-120768,1,0.6375,Price / Cost
SPOT-120769,0,0.3177,Active
SPOT-120770,1,0.5785,Low Usage / No Time
SPOT-120771,0,0.5337,Active
SPOT-120772,0,0.2495,Active
SPOT-120773,0,0.3863,Active
SPOT-120774,0,0.3116,Active
SPOT-120775,0,0.3775,Active
SPOT-120776,0,0.1931,Active
SPOT-120777,0,0.3018,Active
SPOT-120778,1,0.6514,Switched to Competitor
SPOT-120779,0,0.3999,Active
SPOT-120780,0,0.3256,Active
SPOT-120781,0,0.4793,Active
SPOT-120782,0,0.5371,Active
SPOT-120783,0,0.4619,Active
SPOT-120784,0,0.128,Active
SPOT-120785,0,0.4159,Active
SPOT-120786,0,0.2397,Active
SPOT-120787,0,0.2838,Active
SPOT-120788,0,0.1967,Active
SPOT-120789,0,0.5377,Active
SPOT-120790,0,0.2512,Active
SPOT-120791,0,0.5184,Active
SPOT-120792,0,0.5656,Active
SPOT-120793,0,0.3969,Active
SPOT-120794,0,0.2728,Active
SPOT-120795,0,0.3955,Active
SPOT-120796,0,0.3859,Active
SPOT-120797,0,0.4936,Active
SPOT-120798,1,0.6244,Switched to Competitor
SPOT-120799,0,0.4095,Active
SPOT-120800,0,0.3459,Active
SPOT-120801,0,0.3087,Active
SPOT-120802,1,0.7266,Price / Cost
SPOT-120803,0,0.3153,Active
SPOT-120804,0,0.5081,Active
SPOT-120805,0,0.262,Active
SPOT-120806,0,0.3233,Active
SPOT-120807,0,0.5192,Active
SPOT-120808,0,0.2454,Active
SPOT-120809,0,0.4876,Active
SPOT-120810,0,0.2992,Active
SPOT-120811,1,0.6133,Technical Bugs
SPOT-120812,0,0.3725,Active
SPOT-120813,0,0.2369,Active
SPOT-120814,0,0.3672,Active
SPOT-120815,0,0.3758,Active
SPOT-120816,0,0.5535,Active
SPOT-120817,0,0.2639,Active
SPOT-120818,0,0.4428,Active
SPOT-120819,0,0.4115,Active
SPOT-120820,0,0.4566,Active
SPOT-120821,0,0.4029,Active
SPOT-120822,0,0.3107,Active
SPOT-120823,1,0.6034,Switched to Competitor
SPOT-120824,0,0.3385,Active
SPOT-120825,0,0.3942,Active
SPOT-120826,0,0.1565,Active
SPOT-120827,0,0.5251,Active
SPOT-120828,0,0.5263,Active
SPOT-120829,1,0.6165,Switched to Competitor
SPOT-120830,0,0.4949,Active
SPOT-120831,0,0.3304,Active
SPOT-120832,1,0.5919,Switched to Competitor
SPOT-120833,1,0.7278,Low Usage / No Time
SPOT-120834,0,0.2218,Active
SPOT-120835,0,0.3282,Active
SPOT-120836,0,0.2039,Active
SPOT-120837,0,0.293,Active
SPOT-120838,0,0.5511,Active
SPOT-120839,0,0.2927,Active
SPOT-120840,1,0.7258,Too Many Ads
SPOT-120841,0,0.3136,Active
SPOT-120842,0,0.5011,Active
SPOT-120843,0,0.4626,Active
SPOT-120844,0,0.4326,Active
SPOT-120845,0,0.2807,Active
SPOT-120846,0,0.2253,Active
SPOT-120847,1,0.6284,Too Many Ads
SPOT-120848,0,0.4383,Active
SPOT-120849,0,0.4537,Active
SPOT-120850,0,0.2713,Active
SPOT-120851,1,0.6781,Too Many Ads
SPOT-120852,0,0.4044,Active
SPOT-120853,0,0.4071,Active
SPOT-120854,0,0.5579,Active
SPOT-120855,0,0.5589,Active
SPOT-120856,1,0.6055,Price / Cost
SPOT-120857,0,0.3642,Active
SPOT-120858,1,0.6241,Low Usage / No Time
SPOT-120859,0,0.4422,Active
SPOT-120860,0,0.2066,Active
SPOT-120861,0,0.272,Active
SPOT-120862,1,0.6138,Switched to Competitor
SPOT-120863,1,0.7523,Switched to Competitor
SPOT-120864,0,0.3604,Active
SPOT-120865,1,0.5702,Switched to Competitor
SPOT-120866,1,0.6667,Price / Cost
SPOT-120867,0,0.2742,Active
SPOT-120868,0,0.2424,Active
SPOT-120869,0,0.4277,Active
SPOT-120870,0,0.4057,Active
SPOT-120871,0,0.4568,Active
SPOT-120872,1,0.6103,Price / Cost
SPOT-120873,0,0.3854,Active
SPOT-120874,1,0.6138,Technical Bugs
SPOT-120875,0,0.4593,Active
SPOT-120876,0,0.4284,Active
SPOT-120877,0,0.5054,Active
SPOT-120878,1,0.5953,Low Usage / No Time
SPOT-120879,0,0.3917,Active
SPOT-120880,0,0.4726,Active
SPOT-120881,0,0.1784,Active
SPOT-120882,0,0.2465,Active
SPOT-120883,0,0.5148,Active
SPOT-120884,0,0.3919,Active
SPOT-120885,1,0.6747,Switched to Competitor
SPOT-120886,0,0.4604,Active
SPOT-120887,0,0.4424,Active
SPOT-120888,0,0.1994,Active
SPOT-120889,0,0.4412,Active
SPOT-120890,0,0.2564,Active
SPOT-120891,1,0.6721,Low Usage / No Time
SPOT-120892,0,0.3116,Active
SPOT-120893,0,0.4344,Active
SPOT-120894,0,0.5154,Active
SPOT-120895,1,0.6537,Low Usage / No Time
SPOT-120896,0,0.457,Active
SPOT-120897,1,0.6313,Too Many Ads
SPOT-120898,0,0.4076,Active
SPOT-120899,0,0.3612,Active
SPOT-120900,0,0.4911,Active
SPOT-120901,0,0.1789,Active
SPOT-120902,0,0.4951,Active
SPOT-120903,0,0.5113,Active
SPOT-120904,0,0.5522,Active
SPOT-120905,0,0.3011,Active
SPOT-120906,1,0.6838,Low Usage / No Time
SPOT-120907,0,0.1458,Active
SPOT-120908,0,0.1969,Active
SPOT-120909,1,0.6121,Too Many Ads
SPOT-120910,0,0.2968,Active
SPOT-120911,0,0.1697,Active
SPOT-120912,0,0.4293,Active
SPOT-120913,0,0.2332,Active
SPOT-120914,0,0.2171,Active
SPOT-120915,0,0.14,Active
SPOT-120916,0,0.5656,Active
SPOT-120917,0,0.3062,Active
SPOT-120918,0,0.3726,Active
SPOT-120919,1,0.6814,Switched to Competitor
SPOT-120920,0,0.5298,Active
SPOT-120921,0,0.2208,Active
SPOT-120922,0,0.3813,Active
SPOT-120923,0,0.4102,Active
SPOT-120924,0,0.363,Active
SPOT-120925,0,0.5673,Active
SPOT-120926,0,0.159,Active
SPOT-120927,0,0.2486,Active
SPOT-120928,0,0.3945,Active
SPOT-120929,0,0.1844,Active
SPOT-120930,1,0.7675,Price / Cost
SPOT-120931,0,0.3998,Active
SPOT-120932,0,0.1351,Active
SPOT-120933,0,0.4951,Active
SPOT-120934,0,0.1523,Active
SPOT-120935,1,0.6096,Too Many Ads
SPOT-120936,0,0.3927,Active
SPOT-120937,0,0.2599,Active
SPOT-120938,0,0.113,Active
SPOT-120939,0,0.1825,Active
SPOT-120940,0,0.5279,Active
SPOT-120941,0,0.3099,Active
SPOT-120942,0,0.5209,Active
SPOT-120943,0,0.3205,Active
SPOT-120944,0,0.2736,Active
SPOT-120945,1,0.6195,Price / Cost
SPOT-120946,1,0.5779,Switched to Competitor
SPOT-120947,0,0.2258,Active
SPOT-120948,0,0.3281,Active
SPOT-120949,0,0.2263,Active
SPOT-120950,1,0.5813,Switched to Competitor
SPOT-120951,0,0.3018,Active
SPOT-120952,0,0.5074,Active
SPOT-120953,0,0.3385,Active
SPOT-120954,0,0.3617,Active
SPOT-120955,0,0.3472,Active
SPOT-120956,0,0.3505,Active
SPOT-120957,0,0.5662,Active
SPOT-120958,0,0.4907,Active
SPOT-120959,0,0.2407,Active
SPOT-120960,0,0.3082,Active
SPOT-120961,0,0.416,Active
SPOT-120962,0,0.5166,Active
SPOT-120963,0,0.3098,Active
SPOT-120964,0,0.2914,Active
SPOT-120965,0,0.557,Active
SPOT-120966,0,0.139,Active
SPOT-120967,0,0.1191,Active
SPOT-120968,0,0.3772,Active
SPOT-120969,0,0.4137,Active
SPOT-120970,0,0.2038,Active
SPOT-120971,0,0.4534,Active
SPOT-120972,0,0.347,Active
SPOT-120973,0,0.4653,Active
SPOT-120974,0,0.2897,Active
SPOT-120975,0,0.417,Active
SPOT-120976,0,0.4274,Active
SPOT-120977,0,0.2289,Active
SPOT-120978,0,0.2574,Active
SPOT-120979,0,0.4861,Active
SPOT-120980,1,0.6108,Low Usage / No Time
SPOT-120981,0,0.5065,Active
SPOT-120982,0,0.3252,Active
SPOT-120983,0,0.3176,Active
SPOT-120984,0,0.2046,Active
SPOT-120985,0,0.4527,Active
SPOT-120986,1,0.616,Too Many Ads
SPOT-120987,0,0.5548,Active
SPOT-120988,0,0.4506,Active
SPOT-120989,0,0.2068,Active
SPOT-120990,1,0.6529,Technical Bugs
SPOT-120991,1,0.5898,Switched to Competitor
SPOT-120992,0,0.3794,Active
SPOT-120993,0,0.4122,Active
SPOT-120994,0,0.4868,Active
SPOT-120995,1,0.5699,Switched to Competitor
SPOT-120996,1,0.7772,Switched to Competitor
SPOT-120997,0,0.2881,Active
SPOT-120998,0,0.2287,Active
SPOT-120999,0,0.4599,Active
SPOT-121000,0,0.1703,Active
SPOT-121001,0,0.2783,Active
SPOT-121002,1,0.6494,Switched to Competitor
SPOT-121003,1,0.609,Too Many Ads
SPOT-121004,0,0.3033,Active
SPOT-121005,0,0.439,Active
SPOT-121006,0,0.4181,Active
SPOT-121007,0,0.5651,Active
SPOT-121008,0,0.2766,Active
SPOT-121009,0,0.5114,Active
SPOT-121010,0,0.5543,Active
SPOT-121011,0,0.396,Active
SPOT-121012,0,0.3166,Active
SPOT-121013,1,0.6155,Low Usage / No Time
SPOT-121014,1,0.7093,Price / Cost
SPOT-121015,1,0.6576,Price / Cost
SPOT-121016,1,0.6199,Switched to Competitor
SPOT-121017,0,0.4884,Active
SPOT-121018,0,0.3844,Active
SPOT-121019,0,0.4341,Active
SPOT-121020,0,0.5472,Active
SPOT-121021,0,0.3315,Active
SPOT-121022,0,0.4194,Active
SPOT-121023,0,0.483,Active
SPOT-121024,0,0.2574,Active
SPOT-121025,0,0.5126,Active
SPOT-121026,0,0.5665,Active
SPOT-121027,0,0.4708,Active
SPOT-121028,1,0.6872,Too Many Ads
SPOT-121029,1,0.6857,Low Usage / No Time
SPOT-121030,0,0.4437,Active
SPOT-121031,1,0.6516,Too Many Ads
SPOT-121032,0,0.3954,Active
SPOT-121033,0,0.4857,Active
SPOT-121034,1,0.6094,Price / Cost
SPOT-121035,0,0.4138,Active
SPOT-121036,0,0.4517,Active
SPOT-121037,1,0.5829,Price / Cost
SPOT-121038,1,0.5849,Technical Bugs
SPOT-121039,0,0.4056,Active
SPOT-121040,0,0.1745,Active
SPOT-121041,0,0.2865,Active
SPOT-121042,0,0.4946,Active
SPOT-121043,0,0.3797,Active
SPOT-121044,0,0.3807,Active
SPOT-121045,0,0.4692,Active
SPOT-121046,0,0.4579,Active
SPOT-121047,0,0.5033,Active
SPOT-121048,0,0.2781,Active
SPOT-121049,0,0.3343,Active
SPOT-121050,0,0.5244,Active
SPOT-121051,0,0.5571,Active
SPOT-121052,0,0.44,Active
SPOT-121053,0,0.4168,Active
SPOT-121054,0,0.2802,Active
SPOT-121055,0,0.449,Active
SPOT-121056,0,0.4284,Active
SPOT-121057,0,0.0903,Active
SPOT-121058,0,0.3596,Active
SPOT-121059,0,0.4674,Active
SPOT-121060,1,0.6335,Switched to Competitor
SPOT-121061,0,0.5448,Active
SPOT-121062,0,0.2968,Active
SPOT-121063,0,0.3932,Active
SPOT-121064,0,0.4065,Active
SPOT-121065,0,0.3581,Active
SPOT-121066,0,0.4325,Active
SPOT-121067,0,0.466,Active
SPOT-121068,0,0.4852,Active
SPOT-121069,0,0.5335,Active
SPOT-121070,1,0.5833,Price / Cost
SPOT-121071,1,0.5756,Low Usage / No Time
SPOT-121072,0,0.2178,Active
SPOT-121073,0,0.5666,Active
SPOT-121074,0,0.4633,Active
SPOT-121075,0,0.143,Active
SPOT-121076,0,0.3982,Active
SPOT-121077,1,0.5708,Price / Cost
SPOT-121078,0,0.5083,Active
SPOT-121079,0,0.3545,Active
SPOT-121080,1,0.6153,Switched to Competitor
SPOT-121081,0,0.2923,Active
SPOT-121082,0,0.4103,Active
SPOT-121083,0,0.2538,Active
SPOT-121084,0,0.3154,Active
SPOT-121085,0,0.3534,Active
SPOT-121086,0,0.2243,Active
SPOT-121087,0,0.1828,Active
SPOT-121088,0,0.4653,Active
SPOT-121089,1,0.6183,Low Usage / No Time
SPOT-121090,0,0.3919,Active
SPOT-121091,0,0.4426,Active
SPOT-121092,0,0.4099,Active
SPOT-121093,1,0.6557,Low Usage / No Time
SPOT-121094,0,0.2069,Active
SPOT-121095,0,0.4344,Active
SPOT-121096,0,0.2287,Active
SPOT-121097,1,0.6583,Too Many Ads
SPOT-121098,0,0.3784,Active
SPOT-121099,0,0.4261,Active
SPOT-121100,0,0.1448,Active
SPOT-121101,0,0.0768,Active
SPOT-121102,0,0.4274,Active
SPOT-121103,0,0.2669,Active
SPOT-121104,0,0.3029,Active
SPOT-121105,0,0.3534,Active
SPOT-121106,0,0.2964,Active
SPOT-121107,0,0.463,Active
SPOT-121108,1,0.6169,Low Usage / No Time
SPOT-121109,0,0.2785,Active
SPOT-121110,0,0.2267,Active
SPOT-121111,0,0.3917,Active
SPOT-121112,1,0.6211,Price / Cost
SPOT-121113,0,0.4032,Active
SPOT-121114,0,0.3135,Active
SPOT-121115,0,0.3844,Active
SPOT-121116,0,0.566,Active
SPOT-121117,0,0.4145,Active
SPOT-121118,0,0.523,Active
SPOT-121119,0,0.2565,Active
SPOT-121120,0,0.2989,Active
SPOT-121121,0,0.3754,Active
SPOT-121122,0,0.3571,Active
SPOT-121123,0,0.1991,Active
SPOT-121124,0,0.4731,Active
SPOT-121125,0,0.4119,Active
SPOT-121126,0,0.4658,Active
SPOT-121127,0,0.4297,Active
SPOT-121128,0,0.122,Active
SPOT-121129,0,0.4446,Active
SPOT-121130,1,0.6206,Price / Cost
SPOT-121131,0,0.4326,Active
SPOT-121132,0,0.3512,Active
SPOT-121133,0,0.3725,Active
SPOT-121134,0,0.4902,Active
SPOT-121135,0,0.3115,Active
SPOT-121136,1,0.6083,Switched to Competitor
SPOT-121137,1,0.6997,Price / Cost
SPOT-121138,0,0.3611,Active
SPOT-121139,1,0.6423,Low Usage / No Time
SPOT-121140,0,0.5023,Active
SPOT-121141,0,0.2442,Active
SPOT-121142,0,0.5404,Active
SPOT-121143,0,0.3624,Active
SPOT-121144,0,0.3569,Active
SPOT-121145,0,0.444,Active
SPOT-121146,1,0.7754,Price / Cost
SPOT-121147,0,0.4777,Active
SPOT-121148,0,0.4852,Active
SPOT-121149,0,0.4284,Active
SPOT-121150,1,0.5864,Low Usage / No Time
SPOT-121151,0,0.1938,Active
SPOT-121152,0,0.4617,Active
SPOT-121153,0,0.4538,Active
SPOT-121154,0,0.4001,Active
SPOT-121155,0,0.4461,Active
SPOT-121156,0,0.5015,Active
SPOT-121157,1,0.6561,Price / Cost
SPOT-121158,1,0.6027,Price / Cost
SPOT-121159,0,0.4731,Active
SPOT-121160,1,0.5891,Too Many Ads
SPOT-121161,0,0.2385,Active
SPOT-121162,0,0.4226,Active
SPOT-121163,0,0.252,Active
SPOT-121164,0,0.4991,Active
SPOT-121165,0,0.4537,Active
SPOT-121166,0,0.5519,Active
SPOT-121167,0,0.4496,Active
SPOT-121168,0,0.2824,Active
SPOT-121169,0,0.5065,Active
SPOT-121170,0,0.3395,Active
SPOT-121171,0,0.4653,Active
SPOT-121172,0,0.2754,Active
SPOT-121173,0,0.344,Active
SPOT-121174,0,0.1981,Active
SPOT-121175,0,0.4477,Active
SPOT-121176,0,0.3491,Active
SPOT-121177,0,0.2491,Active
SPOT-121178,0,0.4027,Active
SPOT-121179,0,0.3753,Active
SPOT-121180,0,0.1826,Active
SPOT-121181,0,0.3484,Active
SPOT-121182,0,0.3969,Active
SPOT-121183,0,0.444,Active
SPOT-121184,0,0.1508,Active
SPOT-121185,0,0.3825,Active
SPOT-121186,0,0.3689,Active
SPOT-121187,1,0.625,Low Usage / No Time
SPOT-121188,0,0.3696,Active
SPOT-121189,1,0.5712,Price / Cost
SPOT-121190,0,0.4889,Active
SPOT-121191,0,0.5529,Active
SPOT-121192,0,0.2473,Active
SPOT-121193,0,0.304,Active
SPOT-121194,0,0.4129,Active
SPOT-121195,0,0.478,Active
SPOT-121196,0,0.3979,Active
SPOT-121197,0,0.2265,Active
SPOT-121198,0,0.1544,Active
SPOT-121199,0,0.5303,Active
SPOT-121200,0,0.1483,Active
SPOT-121201,1,0.6495,Too Many Ads
SPOT-121202,0,0.3053,Active
SPOT-121203,0,0.361,Active
SPOT-121204,0,0.3843,Active
SPOT-121205,0,0.4823,Active
SPOT-121206,0,0.1551,Active
SPOT-121207,0,0.2079,Active
SPOT-121208,0,0.1689,Active
SPOT-121209,0,0.525,Active
SPOT-121210,1,0.63,Low Usage / No Time
SPOT-121211,0,0.4468,Active
SPOT-121212,0,0.2237,Active
SPOT-121213,0,0.5638,Active
SPOT-121214,0,0.4333,Active
SPOT-121215,0,0.4294,Active
SPOT-121216,0,0.4383,Active
SPOT-121217,0,0.4124,Active
SPOT-121218,0,0.5289,Active
SPOT-121219,0,0.294,Active
SPOT-121220,0,0.3449,Active
SPOT-121221,0,0.2929,Active
SPOT-121222,0,0.2179,Active
SPOT-121223,0,0.3584,Active
SPOT-121224,0,0.4105,Active
SPOT-121225,0,0.5647,Active
SPOT-121226,0,0.5438,Active
SPOT-121227,0,0.1917,Active
SPOT-121228,0,0.5214,Active
SPOT-121229,0,0.4963,Active
SPOT-121230,0,0.136,Active
SPOT-121231,0,0.2988,Active
SPOT-121232,1,0.5951,Price / Cost
SPOT-121233,0,0.3206,Active
SPOT-121234,1,0.6002,Low Usage / No Time
SPOT-121235,0,0.4416,Active
SPOT-121236,0,0.3029,Active
SPOT-121237,0,0.5383,Active
SPOT-121238,1,0.617,Price / Cost
SPOT-121239,0,0.2529,Active
SPOT-121240,0,0.3705,Active
SPOT-121241,1,0.6457,Too Many Ads
SPOT-121242,0,0.4062,Active
SPOT-121243,0,0.4238,Active
SPOT-121244,0,0.141,Active
SPOT-121245,0,0.28,Active
SPOT-121246,0,0.1265,Active
SPOT-121247,0,0.4058,Active
SPOT-121248,0,0.2992,Active
SPOT-121249,0,0.4311,Active
SPOT-121250,1,0.6384,Switched to Competitor
SPOT-121251,0,0.4802,Active
SPOT-121252,0,0.2582,Active
SPOT-121253,0,0.2786,Active
SPOT-121254,0,0.2989,Active
SPOT-121255,1,0.7287,Technical Bugs
SPOT-121256,0,0.3228,Active
SPOT-121257,0,0.3012,Active
SPOT-121258,0,0.4819,Active
SPOT-121259,0,0.3949,Active
SPOT-121260,0,0.3922,Active
SPOT-121261,0,0.3898,Active
SPOT-121262,0,0.4342,Active
SPOT-121263,0,0.3545,Active
SPOT-121264,0,0.4294,Active
SPOT-121265,0,0.2768,Active
SPOT-121266,0,0.3175,Active
SPOT-121267,0,0.2172,Active
SPOT-121268,1,0.5777,Too Many Ads
SPOT-121269,0,0.5252,Active
SPOT-121270,0,0.4661,Active
SPOT-121271,0,0.2333,Active
SPOT-121272,1,0.5814,Switched to Competitor
SPOT-121273,0,0.3954,Active
SPOT-121274,0,0.3983,Active
SPOT-121275,0,0.267,Active
SPOT-121276,0,0.2831,Active
SPOT-121277,0,0.5278,Active
SPOT-121278,0,0.3994,Active
SPOT-121279,0,0.3298,Active
SPOT-121280,0,0.1795,Active
SPOT-121281,0,0.1694,Active
SPOT-121282,0,0.2043,Active
SPOT-121283,0,0.196,Active
SPOT-121284,0,0.1363,Active
SPOT-121285,1,0.6179,Price / Cost
SPOT-121286,0,0.3338,Active
SPOT-121287,0,0.5488,Active
SPOT-121288,0,0.1395,Active
SPOT-121289,1,0.5845,Price / Cost
SPOT-121290,0,0.4817,Active
SPOT-121291,0,0.4707,Active
SPOT-121292,0,0.3104,Active
SPOT-121293,0,0.5454,Active
SPOT-121294,0,0.1347,Active
SPOT-121295,0,0.1492,Active
SPOT-121296,0,0.414,Active
SPOT-121297,0,0.2944,Active
SPOT-121298,0,0.1539,Active
SPOT-121299,0,0.2276,Active
SPOT-121300,0,0.3186,Active
SPOT-121301,0,0.3807,Active
SPOT-121302,1,0.6575,Too Many Ads
SPOT-121303,0,0.319,Active
SPOT-121304,0,0.4439,Active
SPOT-121305,1,0.5793,Price / Cost
SPOT-121306,1,0.6526,Too Many Ads
SPOT-121307,0,0.4423,Active
SPOT-121308,0,0.499,Active
SPOT-121309,0,0.2511,Active
SPOT-121310,0,0.4091,Active
SPOT-121311,1,0.7169,Switched to Competitor
SPOT-121312,0,0.1604,Active
SPOT-121313,0,0.3052,Active
SPOT-121314,0,0.5198,Active
SPOT-121315,1,0.5984,Low Usage / No Time
SPOT-121316,0,0.2964,Active
SPOT-121317,0,0.1817,Active
SPOT-121318,0,0.197,Active
SPOT-121319,0,0.3207,Active
SPOT-121320,0,0.4494,Active
SPOT-121321,0,0.4352,Active
SPOT-121322,0,0.2174,Active
SPOT-121323,1,0.6584,Price / Cost
SPOT-121324,0,0.4544,Active
SPOT-121325,0,0.376,Active
SPOT-121326,0,0.4954,Active
SPOT-121327,1,0.6387,Low Usage / No Time
SPOT-121328,0,0.4247,Active
SPOT-121329,0,0.2233,Active
SPOT-121330,1,0.7508,Technical Bugs
SPOT-121331,0,0.4659,Active
SPOT-121332,1,0.6892,Too Many Ads
SPOT-121333,0,0.4937,Active
SPOT-121334,0,0.2334,Active
SPOT-121335,0,0.4666,Active
SPOT-121336,0,0.3751,Active
SPOT-121337,1,0.6491,Low Usage / No Time
SPOT-121338,0,0.2363,Active
SPOT-121339,0,0.4031,Active
SPOT-121340,0,0.3319,Active
SPOT-121341,0,0.4978,Active
SPOT-121342,1,0.7031,Too Many Ads
SPOT-121343,1,0.7264,Price / Cost
SPOT-121344,1,0.5748,Price / Cost
SPOT-121345,0,0.3291,Active
SPOT-121346,0,0.5209,Active
SPOT-121347,0,0.1739,Active
SPOT-121348,1,0.6877,Switched to Competitor
SPOT-121349,0,0.2691,Active
SPOT-121350,0,0.5225,Active
SPOT-121351,1,0.6783,Price / Cost
SPOT-121352,0,0.5402,Active
SPOT-121353,0,0.3862,Active
SPOT-121354,0,0.2609,Active
SPOT-121355,0,0.4641,Active
SPOT-121356,0,0.4301,Active
SPOT-121357,0,0.5015,Active
SPOT-121358,1,0.5859,Price / Cost
SPOT-121359,0,0.3202,Active
SPOT-121360,0,0.4174,Active
SPOT-121361,0,0.2551,Active
SPOT-121362,0,0.568,Active
SPOT-121363,0,0.3051,Active
SPOT-121364,0,0.438,Active
SPOT-121365,1,0.691,Price / Cost
SPOT-121366,0,0.5092,Active
SPOT-121367,0,0.3354,Active
SPOT-121368,0,0.5095,Active
SPOT-121369,0,0.3124,Active
SPOT-121370,0,0.2932,Active
SPOT-121371,0,0.1941,Active
SPOT-121372,0,0.2295,Active
SPOT-121373,0,0.4236,Active
SPOT-121374,0,0.3967,Active
SPOT-121375,0,0.4274,Active
SPOT-121376,0,0.2903,Active
SPOT-121377,0,0.1759,Active
SPOT-121378,0,0.2378,Active
SPOT-121379,0,0.1972,Active
SPOT-121380,0,0.5481,Active
SPOT-121381,1,0.6844,Too Many Ads
SPOT-121382,0,0.3084,Active
SPOT-121383,0,0.2584,Active
SPOT-121384,0,0.4012,Active
SPOT-121385,1,0.6834,Technical Bugs
SPOT-121386,0,0.2894,Active
SPOT-121387,0,0.4269,Active
SPOT-121388,0,0.2321,Active
SPOT-121389,0,0.2874,Active
SPOT-121390,0,0.5416,Active
SPOT-121391,0,0.3713,Active
SPOT-121392,0,0.1991,Active
SPOT-121393,0,0.245,Active
SPOT-121394,0,0.5185,Active
SPOT-121395,1,0.6232,Price / Cost
SPOT-121396,0,0.4997,Active
SPOT-121397,1,0.6261,Low Usage / No Time
SPOT-121398,0,0.434,Active
SPOT-121399,0,0.2439,Active
SPOT-121400,0,0.4586,Active
SPOT-121401,0,0.1637,Active
SPOT-121402,1,0.5802,Technical Bugs
SPOT-121403,0,0.5096,Active
SPOT-121404,0,0.3235,Active
SPOT-121405,0,0.2722,Active
SPOT-121406,1,0.7534,Price / Cost
SPOT-121407,0,0.5041,Active
SPOT-121408,1,0.5904,Price / Cost
SPOT-121409,0,0.3587,Active
SPOT-121410,1,0.7703,Switched to Competitor
SPOT-121411,1,0.6667,Switched to Competitor
SPOT-121412,0,0.2841,Active
SPOT-121413,0,0.3085,Active
SPOT-121414,0,0.2706,Active
SPOT-121415,0,0.2924,Active
SPOT-121416,0,0.2646,Active
SPOT-121417,0,0.2891,Active
SPOT-121418,1,0.5976,Too Many Ads
SPOT-121419,1,0.5754,Too Many Ads
SPOT-121420,0,0.3614,Active
SPOT-121421,0,0.5433,Active
SPOT-121422,1,0.6878,Too Many Ads
SPOT-121423,0,0.4192,Active
SPOT-121424,0,0.3445,Active
SPOT-121425,0,0.4321,Active
SPOT-121426,0,0.5255,Active
SPOT-121427,0,0.3431,Active
SPOT-121428,1,0.6564,Price / Cost
SPOT-121429,0,0.4162,Active
SPOT-121430,0,0.5548,Active
SPOT-121431,0,0.2429,Active
SPOT-121432,0,0.5432,Active
SPOT-121433,0,0.4654,Active
SPOT-121434,0,0.4517,Active
SPOT-121435,0,0.5573,Active
SPOT-121436,0,0.3399,Active
SPOT-121437,1,0.6571,Too Many Ads
SPOT-121438,1,0.5844,Price / Cost
SPOT-121439,0,0.1122,Active
SPOT-121440,0,0.2455,Active
SPOT-121441,0,0.4324,Active
SPOT-121442,1,0.5937,Low Usage / No Time
SPOT-121443,0,0.351,Active
SPOT-121444,1,0.6534,Price / Cost
SPOT-121445,0,0.5603,Active
SPOT-121446,0,0.2738,Active
SPOT-121447,0,0.4459,Active
SPOT-121448,0,0.2537,Active
SPOT-121449,0,0.2583,Active
SPOT-121450,0,0.4687,Active
SPOT-121451,0,0.5044,Active
SPOT-121452,1,0.6934,Low Usage / No Time
SPOT-121453,0,0.422,Active
SPOT-121454,0,0.2973,Active
SPOT-121455,0,0.3768,Active
SPOT-121456,0,0.2056,Active
SPOT-121457,0,0.3492,Active
SPOT-121458,1,0.8044,Switched to Competitor
SPOT-121459,1,0.6433,Price / Cost
SPOT-121460,0,0.2531,Active
SPOT-121461,0,0.385,Active
SPOT-121462,0,0.5288,Active
SPOT-121463,0,0.4283,Active
SPOT-121464,1,0.5917,Too Many Ads
SPOT-121465,0,0.4703,Active
SPOT-121466,0,0.4199,Active
SPOT-121467,0,0.1521,Active
SPOT-121468,0,0.4503,Active
SPOT-121469,0,0.259,Active
SPOT-121470,0,0.2001,Active
SPOT-121471,0,0.3626,Active
SPOT-121472,0,0.3818,Active
SPOT-121473,0,0.3969,Active
SPOT-121474,0,0.4529,Active
SPOT-121475,0,0.4369,Active
SPOT-121476,0,0.0681,Active
SPOT-121477,0,0.3754,Active
SPOT-121478,0,0.4208,Active
SPOT-121479,0,0.2527,Active
SPOT-121480,0,0.3245,Active
SPOT-121481,0,0.4199,Active
SPOT-121482,0,0.2358,Active
SPOT-121483,0,0.4005,Active
SPOT-121484,1,0.6138,Too Many Ads
SPOT-121485,1,0.6223,Low Usage / No Time
SPOT-121486,0,0.3567,Active
SPOT-121487,0,0.4864,Active
SPOT-121488,0,0.3766,Active
SPOT-121489,1,0.6474,Too Many Ads
SPOT-121490,0,0.4485,Active
SPOT-121491,0,0.3041,Active
SPOT-121492,0,0.5615,Active
SPOT-121493,0,0.4982,Active
SPOT-121494,0,0.5237,Active
SPOT-121495,0,0.5031,Active
SPOT-121496,0,0.2356,Active
SPOT-121497,1,0.6323,Low Usage / No Time
SPOT-121498,0,0.5197,Active
SPOT-121499,0,0.08,Active
SPOT-121500,0,0.4034,Active
SPOT-121501,0,0.3376,Active
SPOT-121502,0,0.4063,Active
SPOT-121503,1,0.5853,Switched to Competitor
SPOT-121504,0,0.4127,Active
SPOT-121505,0,0.3403,Active
SPOT-121506,1,0.598,Price / Cost
SPOT-121507,0,0.3456,Active
SPOT-121508,0,0.4103,Active
SPOT-121509,0,0.387,Active
SPOT-121510,0,0.477,Active
SPOT-121511,0,0.5361,Active
SPOT-121512,0,0.284,Active
SPOT-121513,0,0.3205,Active
SPOT-121514,1,0.6425,Switched to Competitor
SPOT-121515,0,0.4778,Active
SPOT-121516,0,0.1664,Active
SPOT-121517,0,0.4143,Active
SPOT-121518,0,0.3872,Active
SPOT-121519,0,0.4084,Active
SPOT-121520,0,0.2553,Active
SPOT-121521,0,0.383,Active
SPOT-121522,1,0.6798,Low Usage / No Time
SPOT-121523,0,0.2196,Active
SPOT-121524,0,0.1858,Active
SPOT-121525,1,0.5764,Technical Bugs
SPOT-121526,0,0.2193,Active
SPOT-121527,1,0.6535,Price / Cost
SPOT-121528,0,0.2923,Active
SPOT-121529,0,0.4083,Active
SPOT-121530,0,0.2872,Active
SPOT-121531,0,0.3143,Active
SPOT-121532,0,0.2845,Active
SPOT-121533,1,0.5843,Switched to Competitor
SPOT-121534,0,0.3387,Active
SPOT-121535,0,0.5047,Active
SPOT-121536,0,0.401,Active
SPOT-121537,0,0.3041,Active
SPOT-121538,0,0.4638,Active
SPOT-121539,0,0.2567,Active
SPOT-121540,0,0.2459,Active
SPOT-121541,1,0.6439,Price / Cost
SPOT-121542,0,0.3878,Active
SPOT-121543,0,0.3195,Active
SPOT-121544,0,0.3613,Active
SPOT-121545,1,0.6268,Technical Bugs
SPOT-121546,0,0.2318,Active
SPOT-121547,0,0.4892,Active
SPOT-121548,1,0.7112,Price / Cost
SPOT-121549,0,0.3774,Active
SPOT-121550,0,0.4944,Active
SPOT-121551,0,0.3706,Active
SPOT-121552,0,0.3188,Active
SPOT-121553,0,0.3366,Active
SPOT-121554,0,0.3309,Active
SPOT-121555,0,0.1527,Active
SPOT-121556,0,0.5314,Active
SPOT-121557,0,0.3783,Active
SPOT-121558,0,0.3436,Active
SPOT-121559,0,0.4559,Active
SPOT-121560,0,0.414,Active
SPOT-121561,0,0.567,Active
SPOT-121562,0,0.2054,Active
SPOT-121563,1,0.6773,Price / Cost
SPOT-121564,0,0.1512,Active
SPOT-121565,1,0.5824,Price / Cost
SPOT-121566,0,0.4203,Active
SPOT-121567,1,0.6291,Too Many Ads
SPOT-121568,0,0.3308,Active
SPOT-121569,0,0.1971,Active
SPOT-121570,0,0.5204,Active
SPOT-121571,0,0.5592,Active
SPOT-121572,1,0.5801,Switched to Competitor
SPOT-121573,0,0.2742,Active
SPOT-121574,0,0.3448,Active
SPOT-121575,0,0.5133,Active
SPOT-121576,0,0.4877,Active
SPOT-121577,0,0.4735,Active
SPOT-121578,0,0.2346,Active
SPOT-121579,0,0.3046,Active
SPOT-121580,0,0.1894,Active
SPOT-121581,0,0.2006,Active
SPOT-121582,0,0.3913,Active
SPOT-121583,0,0.1854,Active
SPOT-121584,0,0.2057,Active
SPOT-121585,0,0.2447,Active
SPOT-121586,0,0.3497,Active
SPOT-121587,0,0.2972,Active
SPOT-121588,0,0.279,Active
SPOT-121589,0,0.1306,Active
SPOT-121590,0,0.4653,Active
SPOT-121591,0,0.2346,Active
SPOT-121592,0,0.4935,Active
SPOT-121593,1,0.6809,Low Usage / No Time
SPOT-121594,0,0.4848,Active
SPOT-121595,0,0.2252,Active
SPOT-121596,1,0.5992,Switched to Competitor
SPOT-121597,1,0.6176,Switched to Competitor
SPOT-121598,0,0.2769,Active
SPOT-121599,0,0.1058,Active
SPOT-121600,1,0.6448,Price / Cost
SPOT-121601,1,0.6965,Switched to Competitor
SPOT-121602,0,0.4194,Active
SPOT-121603,0,0.541,Active
SPOT-121604,0,0.3733,Active
SPOT-121605,1,0.6421,Switched to Competitor
SPOT-121606,0,0.4173,Active
SPOT-121607,1,0.6183,Switched to Competitor
SPOT-121608,1,0.6195,Too Many Ads
SPOT-121609,0,0.2418,Active
SPOT-121610,1,0.6018,Price / Cost
SPOT-121611,0,0.5036,Active
SPOT-121612,0,0.3736,Active
SPOT-121613,0,0.2053,Active
SPOT-121614,0,0.2616,Active
SPOT-121615,0,0.2287,Active
SPOT-121616,0,0.4077,Active
SPOT-121617,0,0.2729,Active
SPOT-121618,0,0.5085,Active
SPOT-121619,0,0.3962,Active
SPOT-121620,0,0.3615,Active
SPOT-121621,0,0.5542,Active
SPOT-121622,0,0.2519,Active
SPOT-121623,0,0.4143,Active
SPOT-121624,0,0.3817,Active
SPOT-121625,0,0.3223,Active
SPOT-121626,0,0.4671,Active
SPOT-121627,0,0.3968,Active
SPOT-121628,0,0.5179,Active
SPOT-121629,0,0.5505,Active
SPOT-121630,0,0.396,Active
SPOT-121631,1,0.5807,Price / Cost
SPOT-121632,0,0.1989,Active
SPOT-121633,0,0.5519,Active
SPOT-121634,0,0.4647,Active
SPOT-121635,0,0.2546,Active
SPOT-121636,0,0.4084,Active
SPOT-121637,0,0.2794,Active
SPOT-121638,0,0.449,Active
SPOT-121639,0,0.502,Active
SPOT-121640,1,0.5894,Switched to Competitor
SPOT-121641,0,0.5212,Active
SPOT-121642,0,0.4253,Active
SPOT-121643,0,0.1689,Active
SPOT-121644,1,0.629,Too Many Ads
SPOT-121645,0,0.2019,Active
SPOT-121646,1,0.7948,Low Usage / No Time
SPOT-121647,0,0.1992,Active
SPOT-121648,0,0.0915,Active
SPOT-121649,1,0.7049,Too Many Ads
SPOT-121650,0,0.2723,Active
SPOT-121651,1,0.5891,Too Many Ads
SPOT-121652,1,0.6308,Price / Cost
SPOT-121653,0,0.2258,Active
SPOT-121654,0,0.4104,Active
SPOT-121655,0,0.3199,Active
SPOT-121656,0,0.5352,Active
SPOT-121657,0,0.1728,Active
SPOT-121658,0,0.2289,Active
SPOT-121659,0,0.5199,Active
SPOT-121660,0,0.3673,Active
SPOT-121661,0,0.2973,Active
SPOT-121662,0,0.2005,Active
SPOT-121663,0,0.1702,Active
SPOT-121664,0,0.4772,Active
SPOT-121665,0,0.4215,Active
SPOT-121666,0,0.5258,Active
SPOT-121667,0,0.3204,Active
SPOT-121668,0,0.4826,Active
SPOT-121669,1,0.5986,Too Many Ads
SPOT-121670,0,0.3304,Active
SPOT-121671,0,0.5092,Active
SPOT-121672,0,0.411,Active
SPOT-121673,0,0.3545,Active
SPOT-121674,0,0.3671,Active
SPOT-121675,0,0.2783,Active
SPOT-121676,0,0.1909,Active
SPOT-121677,1,0.6266,Low Usage / No Time
SPOT-121678,0,0.4457,Active
SPOT-121679,0,0.3378,Active
SPOT-121680,0,0.5313,Active
SPOT-121681,0,0.4886,Active
SPOT-121682,1,0.7512,Price / Cost
SPOT-121683,0,0.3158,Active
SPOT-121684,0,0.2746,Active
SPOT-121685,0,0.2495,Active
SPOT-121686,0,0.466,Active
SPOT-121687,1,0.6997,Switched to Competitor
SPOT-121688,0,0.2681,Active
SPOT-121689,0,0.2523,Active
SPOT-121690,0,0.2767,Active
SPOT-121691,1,0.6187,Technical Bugs
SPOT-121692,0,0.1971,Active
SPOT-121693,0,0.3266,Active
SPOT-121694,0,0.5026,Active
SPOT-121695,0,0.3071,Active
SPOT-121696,0,0.4516,Active
SPOT-121697,0,0.532,Active
SPOT-121698,0,0.1537,Active
SPOT-121699,0,0.3383,Active
SPOT-121700,0,0.5262,Active
SPOT-121701,0,0.4601,Active
SPOT-121702,1,0.6075,Price / Cost
SPOT-121703,0,0.4389,Active
SPOT-121704,0,0.4208,Active
SPOT-121705,0,0.169,Active
SPOT-121706,0,0.4934,Active
SPOT-121707,0,0.4912,Active
SPOT-121708,0,0.2489,Active
SPOT-121709,0,0.352,Active
SPOT-121710,0,0.2851,Active
SPOT-121711,0,0.527,Active
SPOT-121712,0,0.3672,Active
SPOT-121713,0,0.2517,Active
SPOT-121714,0,0.1785,Active
SPOT-121715,0,0.2847,Active
SPOT-121716,0,0.352,Active
SPOT-121717,0,0.4498,Active
SPOT-121718,0,0.5426,Active
SPOT-121719,0,0.3621,Active
SPOT-121720,0,0.3401,Active
SPOT-121721,1,0.6533,Switched to Competitor
SPOT-121722,0,0.3805,Active
SPOT-121723,1,0.7263,Technical Bugs
SPOT-121724,0,0.3417,Active
SPOT-121725,1,0.6389,Price / Cost
SPOT-121726,0,0.2097,Active
SPOT-121727,0,0.3106,Active
SPOT-121728,0,0.1563,Active
SPOT-121729,0,0.3353,Active
SPOT-121730,0,0.374,Active
SPOT-121731,0,0.2724,Active
SPOT-121732,0,0.2262,Active
SPOT-121733,0,0.4668,Active
SPOT-121734,0,0.2055,Active
SPOT-121735,0,0.2193,Active
SPOT-121736,0,0.3791,Active
SPOT-121737,1,0.6379,Price / Cost
SPOT-121738,0,0.1353,Active
SPOT-121739,1,0.7193,Low Usage / No Time
SPOT-121740,0,0.3388,Active
SPOT-121741,0,0.2884,Active
SPOT-121742,0,0.5512,Active
SPOT-121743,0,0.3725,Active
SPOT-121744,0,0.5173,Active
SPOT-121745,0,0.3202,Active
SPOT-121746,0,0.3256,Active
SPOT-121747,0,0.4673,Active
SPOT-121748,0,0.3331,Active
SPOT-121749,0,0.2154,Active
SPOT-121750,1,0.6477,Too Many Ads
SPOT-121751,0,0.362,Active
SPOT-121752,0,0.5059,Active
SPOT-121753,0,0.3618,Active
SPOT-121754,0,0.2615,Active
SPOT-121755,0,0.5471,Active
SPOT-121756,0,0.3777,Active
SPOT-121757,0,0.3819,Active
SPOT-121758,0,0.3164,Active
SPOT-121759,0,0.5617,Active
SPOT-121760,0,0.3677,Active
SPOT-121761,1,0.6401,Switched to Competitor
SPOT-121762,0,0.4414,Active
SPOT-121763,0,0.5024,Active
SPOT-121764,1,0.5895,Switched to Competitor
SPOT-121765,0,0.1652,Active
SPOT-121766,0,0.457,Active
SPOT-121767,0,0.4459,Active
SPOT-121768,0,0.2991,Active
SPOT-121769,1,0.6172,Switched to Competitor
SPOT-121770,0,0.4725,Active
SPOT-121771,1,0.6759,Price / Cost
SPOT-121772,0,0.3617,Active
SPOT-121773,0,0.1198,Active
SPOT-121774,0,0.5647,Active
SPOT-121775,0,0.4529,Active
SPOT-121776,0,0.4552,Active
SPOT-121777,0,0.4834,Active
SPOT-121778,0,0.3585,Active
SPOT-121779,0,0.2523,Active
SPOT-121780,0,0.3688,Active
SPOT-121781,0,0.5245,Active
SPOT-121782,0,0.5561,Active
SPOT-121783,0,0.4539,Active
SPOT-121784,0,0.3538,Active
SPOT-121785,0,0.4702,Active
SPOT-121786,1,0.5813,Price / Cost
SPOT-121787,1,0.7198,Low Usage / No Time
SPOT-121788,0,0.2331,Active
SPOT-121789,0,0.2293,Active
SPOT-121790,0,0.2245,Active
SPOT-121791,0,0.3877,Active
SPOT-121792,0,0.3605,Active
SPOT-121793,0,0.443,Active
SPOT-121794,0,0.4882,Active
SPOT-121795,0,0.3052,Active
SPOT-121796,1,0.6383,Price / Cost
SPOT-121797,0,0.4438,Active
SPOT-121798,0,0.1944,Active
SPOT-121799,0,0.2887,Active
SPOT-121800,0,0.3995,Active
SPOT-121801,0,0.2295,Active
SPOT-121802,0,0.18,Active
SPOT-121803,0,0.3559,Active
SPOT-121804,0,0.1671,Active
SPOT-121805,0,0.3244,Active
SPOT-121806,0,0.4468,Active
SPOT-121807,1,0.7737,Price / Cost
SPOT-121808,0,0.4877,Active
SPOT-121809,1,0.6942,Price / Cost
SPOT-121810,0,0.2062,Active
SPOT-121811,0,0.4378,Active
SPOT-121812,0,0.3555,Active
SPOT-121813,0,0.3914,Active
SPOT-121814,0,0.1641,Active
SPOT-121815,0,0.3471,Active
SPOT-121816,0,0.3022,Active
SPOT-121817,0,0.4693,Active
SPOT-121818,1,0.6451,Too Many Ads
SPOT-121819,0,0.4296,Active
SPOT-121820,0,0.428,Active
SPOT-121821,0,0.2023,Active
SPOT-121822,0,0.2496,Active
SPOT-121823,0,0.2422,Active
SPOT-121824,0,0.541,Active
SPOT-121825,0,0.4094,Active
SPOT-121826,0,0.4303,Active
SPOT-121827,0,0.4061,Active
SPOT-121828,1,0.6507,Too Many Ads
SPOT-121829,0,0.4356,Active
SPOT-121830,0,0.2291,Active
SPOT-121831,0,0.4728,Active
SPOT-121832,0,0.2387,Active
SPOT-121833,0,0.407,Active
SPOT-121834,0,0.4622,Active
SPOT-121835,0,0.2432,Active
SPOT-121836,0,0.3822,Active
SPOT-121837,0,0.306,Active
SPOT-121838,0,0.5389,Active
SPOT-121839,1,0.6331,Too Many Ads
SPOT-121840,0,0.2974,Active
SPOT-121841,0,0.2729,Active
SPOT-121842,0,0.4938,Active
SPOT-121843,0,0.3627,Active
SPOT-121844,0,0.3414,Active
SPOT-121845,0,0.3795,Active
SPOT-121846,0,0.4383,Active
SPOT-121847,1,0.5984,Price / Cost
SPOT-121848,1,0.739,Too Many Ads
SPOT-121849,0,0.4041,Active
SPOT-121850,0,0.1488,Active
SPOT-121851,1,0.6028,Too Many Ads
SPOT-121852,0,0.306,Active
SPOT-121853,0,0.2476,Active
SPOT-121854,0,0.2848,Active
SPOT-121855,0,0.3341,Active
SPOT-121856,0,0.1903,Active
SPOT-121857,0,0.2882,Active
SPOT-121858,0,0.2602,Active
SPOT-121859,0,0.4834,Active
SPOT-121860,0,0.2448,Active
SPOT-121861,0,0.3592,Active
SPOT-121862,0,0.5534,Active
SPOT-121863,0,0.099,Active
SPOT-121864,0,0.1897,Active
SPOT-121865,0,0.3111,Active
SPOT-121866,1,0.6665,Low Usage / No Time
SPOT-121867,0,0.4516,Active
SPOT-121868,0,0.5124,Active
SPOT-121869,0,0.1928,Active
SPOT-121870,0,0.5284,Active
SPOT-121871,0,0.455,Active
SPOT-121872,0,0.313,Active
SPOT-121873,0,0.2905,Active
SPOT-121874,1,0.6427,Low Usage / No Time
SPOT-121875,0,0.2385,Active
SPOT-121876,0,0.4993,Active
SPOT-121877,0,0.3619,Active
SPOT-121878,0,0.3365,Active
SPOT-121879,0,0.5225,Active
SPOT-121880,0,0.5021,Active
SPOT-121881,0,0.2513,Active
SPOT-121882,0,0.478,Active
SPOT-121883,1,0.5897,Switched to Competitor
SPOT-121884,0,0.3703,Active
SPOT-121885,0,0.3265,Active
SPOT-121886,0,0.5681,Active
SPOT-121887,0,0.5625,Active
SPOT-121888,0,0.3545,Active
SPOT-121889,0,0.5202,Active
SPOT-121890,0,0.3867,Active
SPOT-121891,0,0.3702,Active
SPOT-121892,0,0.4789,Active
SPOT-121893,1,0.6643,Too Many Ads
SPOT-121894,0,0.5184,Active
SPOT-121895,0,0.2337,Active
SPOT-121896,0,0.1811,Active
SPOT-121897,0,0.2136,Active
SPOT-121898,0,0.2945,Active
SPOT-121899,0,0.3791,Active
SPOT-121900,0,0.5141,Active
SPOT-121901,0,0.3382,Active
SPOT-121902,1,0.6184,Switched to Competitor
SPOT-121903,0,0.1022,Active
SPOT-121904,0,0.2944,Active
SPOT-121905,0,0.2106,Active
SPOT-121906,0,0.3561,Active
SPOT-121907,0,0.3474,Active
SPOT-121908,1,0.5965,Low Usage / No Time
SPOT-121909,1,0.6087,Price / Cost
SPOT-121910,0,0.4095,Active
SPOT-121911,0,0.436,Active
SPOT-121912,0,0.2318,Active
SPOT-121913,0,0.3886,Active
SPOT-121914,0,0.3941,Active
SPOT-121915,0,0.3741,Active
SPOT-121916,0,0.3072,Active
SPOT-121917,0,0.4191,Active
SPOT-121918,0,0.4066,Active
SPOT-121919,0,0.2202,Active
SPOT-121920,0,0.5237,Active
SPOT-121921,0,0.5628,Active
SPOT-121922,1,0.6878,Price / Cost
SPOT-121923,0,0.2093,Active
SPOT-121924,0,0.2402,Active
SPOT-121925,1,0.7336,Price / Cost
SPOT-121926,0,0.4041,Active
SPOT-121927,0,0.3748,Active
SPOT-121928,0,0.5204,Active
SPOT-121929,1,0.6428,Low Usage / No Time
SPOT-121930,1,0.6856,Technical Bugs
SPOT-121931,0,0.505,Active
SPOT-121932,1,0.6391,Price / Cost
SPOT-121933,0,0.3059,Active
SPOT-121934,1,0.5927,Too Many Ads
SPOT-121935,0,0.4786,Active
SPOT-121936,0,0.5418,Active
SPOT-121937,0,0.2662,Active
SPOT-121938,0,0.2449,Active
SPOT-121939,0,0.3145,Active
SPOT-121940,1,0.7028,Low Usage / No Time
SPOT-121941,0,0.4177,Active
SPOT-121942,0,0.3822,Active
SPOT-121943,0,0.3124,Active
SPOT-121944,1,0.6131,Price / Cost
SPOT-121945,0,0.4159,Active
SPOT-121946,0,0.4669,Active
SPOT-121947,0,0.346,Active
SPOT-121948,0,0.5019,Active
SPOT-121949,0,0.1781,Active
SPOT-121950,0,0.3556,Active
SPOT-121951,0,0.3803,Active
SPOT-121952,0,0.4808,Active
SPOT-121953,1,0.6597,Price / Cost
SPOT-121954,0,0.2112,Active
SPOT-121955,0,0.4188,Active
SPOT-121956,0,0.2403,Active
SPOT-121957,0,0.2036,Active
SPOT-121958,0,0.4316,Active
SPOT-121959,0,0.2293,Active
SPOT-121960,1,0.6342,Price / Cost
SPOT-121961,1,0.6869,Too Many Ads
SPOT-121962,1,0.6754,Price / Cost
SPOT-121963,0,0.1194,Active
SPOT-121964,0,0.2036,Active
SPOT-121965,0,0.4843,Active
SPOT-121966,0,0.2963,Active
SPOT-121967,0,0.1434,Active
SPOT-121968,0,0.4619,Active
SPOT-121969,0,0.5216,Active
SPOT-121970,0,0.4782,Active
SPOT-121971,0,0.1998,Active
SPOT-121972,0,0.2601,Active
SPOT-121973,1,0.5728,Price / Cost
SPOT-121974,1,0.7247,Switched to Competitor
SPOT-121975,0,0.4649,Active
SPOT-121976,0,0.2205,Active
SPOT-121977,0,0.3987,Active
SPOT-121978,1,0.5998,Too Many Ads
SPOT-121979,0,0.3463,Active
SPOT-121980,0,0.4546,Active
SPOT-121981,0,0.2901,Active
SPOT-121982,0,0.2948,Active
SPOT-121983,0,0.3764,Active
SPOT-121984,0,0.4069,Active
SPOT-121985,0,0.5555,Active
SPOT-121986,0,0.4078,Active
SPOT-121987,1,0.575,Too Many Ads
SPOT-121988,1,0.5719,Switched to Competitor
SPOT-121989,0,0.1713,Active
SPOT-121990,0,0.3864,Active
SPOT-121991,0,0.541,Active
SPOT-121992,0,0.2762,Active
SPOT-121993,0,0.4042,Active
SPOT-121994,0,0.2245,Active
SPOT-121995,1,0.6031,Switched to Competitor
SPOT-121996,0,0.2602,Active
SPOT-121997,1,0.6391,Too Many Ads
SPOT-121998,0,0.3533,Active
SPOT-121999,0,0.4231,Active
SPOT-122000,0,0.5275,Active
SPOT-122001,0,0.2499,Active
SPOT-122002,0,0.5638,Active
SPOT-122003,0,0.2674,Active
SPOT-122004,0,0.3418,Active
SPOT-122005,0,0.1605,Active
SPOT-122006,1,0.6182,Low Usage / No Time
SPOT-122007,0,0.3086,Active
SPOT-122008,0,0.2508,Active
SPOT-122009,0,0.5476,Active
SPOT-122010,0,0.4322,Active
SPOT-122011,0,0.3479,Active
SPOT-122012,0,0.2539,Active
SPOT-122013,0,0.3698,Active
SPOT-122014,0,0.5183,Active
SPOT-122015,0,0.3227,Active
SPOT-122016,1,0.779,Price / Cost
SPOT-122017,0,0.3155,Active
SPOT-122018,0,0.1243,Active
SPOT-122019,0,0.3793,Active
SPOT-122020,0,0.2555,Active
SPOT-122021,0,0.2157,Active
SPOT-122022,0,0.4586,Active
SPOT-122023,0,0.3842,Active
SPOT-122024,0,0.1743,Active
SPOT-122025,1,0.661,Price / Cost
SPOT-122026,0,0.2613,Active
SPOT-122027,1,0.7221,Price / Cost
SPOT-122028,0,0.4348,Active
SPOT-122029,0,0.4289,Active
SPOT-122030,0,0.5238,Active
SPOT-122031,0,0.5668,Active
SPOT-122032,0,0.5133,Active
SPOT-122033,0,0.1476,Active
SPOT-122034,0,0.2326,Active
SPOT-122035,0,0.399,Active
SPOT-122036,0,0.152,Active
SPOT-122037,0,0.382,Active
SPOT-122038,0,0.3496,Active
SPOT-122039,1,0.672,Price / Cost
SPOT-122040,0,0.2804,Active
SPOT-122041,0,0.5081,Active
SPOT-122042,0,0.3438,Active
SPOT-122043,0,0.1649,Active
SPOT-122044,0,0.1947,Active
SPOT-122045,0,0.2684,Active
SPOT-122046,0,0.5102,Active
SPOT-122047,1,0.6453,Price / Cost
SPOT-122048,0,0.3362,Active
SPOT-122049,0,0.3754,Active
SPOT-122050,1,0.6143,Switched to Competitor
SPOT-122051,0,0.4843,Active
SPOT-122052,1,0.5745,Too Many Ads
SPOT-122053,1,0.6331,Price / Cost
SPOT-122054,0,0.4792,Active
SPOT-122055,0,0.4849,Active
SPOT-122056,0,0.4796,Active
SPOT-122057,0,0.3321,Active
SPOT-122058,0,0.0885,Active
SPOT-122059,0,0.4211,Active
SPOT-122060,0,0.4278,Active
SPOT-122061,0,0.4801,Active
SPOT-122062,0,0.4473,Active
SPOT-122063,0,0.5388,Active
SPOT-122064,0,0.3824,Active
SPOT-122065,0,0.4365,Active
SPOT-122066,0,0.2308,Active
SPOT-122067,0,0.433,Active
SPOT-122068,0,0.3521,Active
SPOT-122069,0,0.3993,Active
SPOT-122070,0,0.4,Active
SPOT-122071,1,0.5869,Low Usage / No Time
SPOT-122072,0,0.3628,Active
SPOT-122073,0,0.1639,Active
SPOT-122074,0,0.5084,Active
SPOT-122075,0,0.4364,Active
SPOT-122076,0,0.4615,Active
SPOT-122077,0,0.3738,Active
SPOT-122078,0,0.3217,Active
SPOT-122079,1,0.6131,Price / Cost
SPOT-122080,0,0.4619,Active
SPOT-122081,0,0.3546,Active
SPOT-122082,0,0.3595,Active
SPOT-122083,0,0.2564,Active
SPOT-122084,1,0.5949,Too Many Ads
SPOT-122085,0,0.2779,Active
SPOT-122086,0,0.3753,Active
SPOT-122087,0,0.2998,Active
SPOT-122088,0,0.5539,Active
SPOT-122089,0,0.4736,Active
SPOT-122090,0,0.3629,Active
SPOT-122091,0,0.4938,Active
SPOT-122092,0,0.1382,Active
SPOT-122093,0,0.4367,Active
SPOT-122094,0,0.3319,Active
SPOT-122095,0,0.3533,Active
SPOT-122096,0,0.3392,Active
SPOT-122097,0,0.2629,Active
SPOT-122098,0,0.2297,Active
SPOT-122099,0,0.5002,Active
SPOT-122100,0,0.4124,Active
SPOT-122101,0,0.3406,Active
SPOT-122102,0,0.3969,Active
SPOT-122103,0,0.1637,Active
SPOT-122104,1,0.6799,Too Many Ads
SPOT-122105,0,0.472,Active
SPOT-122106,1,0.5849,Too Many Ads
SPOT-122107,0,0.2892,Active
SPOT-122108,0,0.1917,Active
SPOT-122109,0,0.4079,Active
SPOT-122110,0,0.0954,Active
SPOT-122111,1,0.5988,Price / Cost
SPOT-122112,1,0.5869,Low Usage / No Time
SPOT-122113,0,0.5429,Active
SPOT-122114,1,0.5959,Too Many Ads
SPOT-122115,1,0.6577,Too Many Ads
SPOT-122116,0,0.5225,Active
SPOT-122117,0,0.3054,Active
SPOT-122118,0,0.266,Active
SPOT-122119,1,0.6218,Price / Cost
SPOT-122120,0,0.4235,Active
SPOT-122121,1,0.5843,Switched to Competitor
SPOT-122122,0,0.3532,Active
SPOT-122123,0,0.2519,Active
SPOT-122124,0,0.4099,Active
SPOT-122125,1,0.6013,Switched to Competitor
SPOT-122126,1,0.6649,Switched to Competitor
SPOT-122127,0,0.3664,Active
SPOT-122128,1,0.6076,Price / Cost
SPOT-122129,0,0.1688,Active
SPOT-122130,0,0.4811,Active
SPOT-122131,0,0.3901,Active
SPOT-122132,1,0.5765,Price / Cost
SPOT-122133,0,0.2785,Active
SPOT-122134,0,0.2703,Active
SPOT-122135,0,0.4678,Active
SPOT-122136,0,0.506,Active
SPOT-122137,0,0.5293,Active
SPOT-122138,0,0.3494,Active
SPOT-122139,0,0.2628,Active
SPOT-122140,0,0.3059,Active
SPOT-122141,1,0.6115,Switched to Competitor
SPOT-122142,0,0.3089,Active
SPOT-122143,1,0.6023,Switched to Competitor
SPOT-122144,0,0.4279,Active
SPOT-122145,1,0.6334,Price / Cost
SPOT-122146,1,0.5712,Price / Cost
SPOT-122147,0,0.2772,Active
SPOT-122148,0,0.4624,Active
SPOT-122149,0,0.3091,Active
SPOT-122150,0,0.3795,Active
SPOT-122151,0,0.4753,Active
SPOT-122152,0,0.2264,Active
SPOT-122153,0,0.1161,Active
SPOT-122154,0,0.4302,Active
SPOT-122155,0,0.3696,Active
SPOT-122156,1,0.6234,Too Many Ads
SPOT-122157,0,0.245,Active
SPOT-122158,0,0.2969,Active
SPOT-122159,1,0.5839,Low Usage / No Time
SPOT-122160,0,0.3664,Active
SPOT-122161,0,0.2012,Active
SPOT-122162,0,0.2167,Active
SPOT-122163,0,0.4218,Active
SPOT-122164,0,0.5407,Active
SPOT-122165,0,0.5628,Active
SPOT-122166,0,0.4073,Active
SPOT-122167,0,0.3065,Active
SPOT-122168,0,0.3244,Active
SPOT-122169,0,0.5507,Active
SPOT-122170,0,0.4664,Active
SPOT-122171,0,0.4235,Active
SPOT-122172,0,0.4322,Active
SPOT-122173,0,0.2254,Active
SPOT-122174,0,0.5635,Active
SPOT-122175,0,0.5066,Active
SPOT-122176,1,0.8611,Too Many Ads
SPOT-122177,0,0.377,Active
SPOT-122178,0,0.4753,Active
SPOT-122179,1,0.5851,Price / Cost
SPOT-122180,0,0.2917,Active
SPOT-122181,0,0.2334,Active
SPOT-122182,0,0.2737,Active
SPOT-122183,1,0.6771,Too Many Ads
SPOT-122184,0,0.1624,Active
SPOT-122185,0,0.1789,Active
SPOT-122186,1,0.5939,Price / Cost
SPOT-122187,0,0.2499,Active
SPOT-122188,1,0.6079,Low Usage / No Time
SPOT-122189,1,0.6395,Switched to Competitor
SPOT-122190,0,0.1944,Active
SPOT-122191,0,0.1529,Active
SPOT-122192,1,0.6035,Technical Bugs
SPOT-122193,0,0.3394,Active
SPOT-122194,0,0.369,Active
SPOT-122195,0,0.4021,Active
SPOT-122196,1,0.6473,Price / Cost
SPOT-122197,0,0.5184,Active
SPOT-122198,0,0.4351,Active
SPOT-122199,0,0.4844,Active
SPOT-122200,0,0.4083,Active
SPOT-122201,0,0.2243,Active
SPOT-122202,0,0.2382,Active
SPOT-122203,0,0.2734,Active
SPOT-122204,0,0.5393,Active
SPOT-122205,0,0.5373,Active
SPOT-122206,1,0.6039,Price / Cost
SPOT-122207,0,0.4869,Active
SPOT-122208,0,0.387,Active
SPOT-122209,0,0.4141,Active
SPOT-122210,0,0.3376,Active
SPOT-122211,0,0.4645,Active
SPOT-122212,0,0.3324,Active
SPOT-122213,0,0.3897,Active
SPOT-122214,0,0.468,Active
SPOT-122215,0,0.3286,Active
SPOT-122216,1,0.6347,Technical Bugs
SPOT-122217,0,0.5603,Active
SPOT-122218,0,0.4056,Active
SPOT-122219,0,0.1377,Active
SPOT-122220,1,0.6094,Switched to Competitor
SPOT-122221,0,0.2824,Active
SPOT-122222,0,0.3565,Active
SPOT-122223,1,0.6183,Price / Cost
SPOT-122224,0,0.4746,Active
SPOT-122225,1,0.5829,Low Usage / No Time
SPOT-122226,0,0.44,Active
SPOT-122227,0,0.2383,Active
SPOT-122228,0,0.2154,Active
SPOT-122229,0,0.474,Active
SPOT-122230,0,0.4334,Active
SPOT-122231,0,0.309,Active
SPOT-122232,0,0.3333,Active
SPOT-122233,0,0.2024,Active
SPOT-122234,0,0.5328,Active
SPOT-122235,0,0.5421,Active
SPOT-122236,0,0.3528,Active
SPOT-122237,1,0.7288,Too Many Ads
SPOT-122238,1,0.6363,Technical Bugs
SPOT-122239,0,0.2919,Active
SPOT-122240,0,0.2127,Active
SPOT-122241,1,0.7541,Switched to Competitor
SPOT-122242,0,0.519,Active
SPOT-122243,0,0.5065,Active
SPOT-122244,0,0.4591,Active
SPOT-122245,0,0.4972,Active
SPOT-122246,0,0.4396,Active
SPOT-122247,0,0.3917,Active
SPOT-122248,0,0.3895,Active
SPOT-122249,0,0.3176,Active
SPOT-122250,0,0.5435,Active
SPOT-122251,0,0.4231,Active
SPOT-122252,0,0.3831,Active
SPOT-122253,0,0.1461,Active
SPOT-122254,0,0.1379,Active
SPOT-122255,1,0.8026,Price / Cost
SPOT-122256,0,0.1995,Active
SPOT-122257,0,0.4772,Active
SPOT-122258,0,0.2112,Active
SPOT-122259,1,0.6154,Price / Cost
SPOT-122260,1,0.6276,Switched to Competitor
SPOT-122261,0,0.3939,Active
SPOT-122262,1,0.5909,Switched to Competitor
SPOT-122263,0,0.4912,Active
SPOT-122264,0,0.5677,Active
SPOT-122265,0,0.5078,Active
SPOT-122266,1,0.7654,Low Usage / No Time
SPOT-122267,0,0.1554,Active
SPOT-122268,1,0.6727,Switched to Competitor
SPOT-122269,0,0.5581,Active
SPOT-122270,0,0.3051,Active
SPOT-122271,0,0.4804,Active
SPOT-122272,0,0.3309,Active
SPOT-122273,0,0.4953,Active
SPOT-122274,1,0.6323,Switched to Competitor
SPOT-122275,1,0.609,Low Usage / No Time
SPOT-122276,0,0.1595,Active
SPOT-122277,1,0.6345,Price / Cost
SPOT-122278,0,0.3002,Active
SPOT-122279,0,0.4564,Active
SPOT-122280,0,0.3453,Active
SPOT-122281,0,0.4668,Active
SPOT-122282,0,0.3263,Active
SPOT-122283,1,0.7492,Low Usage / No Time
SPOT-122284,0,0.5427,Active
SPOT-122285,0,0.5002,Active
SPOT-122286,0,0.5367,Active
SPOT-122287,0,0.4,Active
SPOT-122288,0,0.2623,Active
SPOT-122289,0,0.2628,Active
SPOT-122290,0,0.5121,Active
SPOT-122291,0,0.5351,Active
SPOT-122292,0,0.4876,Active
SPOT-122293,0,0.5506,Active
SPOT-122294,0,0.2462,Active
SPOT-122295,0,0.3374,Active
SPOT-122296,0,0.3181,Active
SPOT-122297,0,0.1177,Active
SPOT-122298,0,0.329,Active
SPOT-122299,0,0.386,Active
SPOT-122300,0,0.3245,Active
SPOT-122301,1,0.6411,Switched to Competitor
SPOT-122302,1,0.6787,Switched to Competitor
SPOT-122303,0,0.2791,Active
SPOT-122304,0,0.3889,Active
SPOT-122305,0,0.4299,Active
SPOT-122306,0,0.3469,Active
SPOT-122307,0,0.3669,Active
SPOT-122308,1,0.5968,Switched to Competitor
SPOT-122309,1,0.6374,Switched to Competitor
SPOT-122310,0,0.3388,Active
SPOT-122311,0,0.3786,Active
SPOT-122312,0,0.5646,Active
SPOT-122313,0,0.4731,Active
SPOT-122314,1,0.5711,Switched to Competitor
SPOT-122315,0,0.4498,Active
SPOT-122316,0,0.4522,Active
SPOT-122317,0,0.4823,Active
SPOT-122318,0,0.449,Active
SPOT-122319,0,0.2509,Active
SPOT-122320,0,0.1506,Active
SPOT-122321,1,0.5714,Price / Cost
SPOT-122322,0,0.2861,Active
SPOT-122323,0,0.4565,Active
SPOT-122324,1,0.6158,Technical Bugs
SPOT-122325,1,0.6249,Too Many Ads
SPOT-122326,0,0.2049,Active
SPOT-122327,1,0.6773,Price / Cost
SPOT-122328,1,0.584,Too Many Ads
SPOT-122329,0,0.5266,Active
SPOT-122330,0,0.5647,Active
SPOT-122331,0,0.4108,Active
SPOT-122332,0,0.5409,Active
SPOT-122333,0,0.5557,Active
SPOT-122334,1,0.7322,Too Many Ads
SPOT-122335,1,0.6443,Too Many Ads
SPOT-122336,1,0.6804,Too Many Ads
SPOT-122337,0,0.5043,Active
SPOT-122338,0,0.2519,Active
SPOT-122339,0,0.2918,Active
SPOT-122340,0,0.176,Active
SPOT-122341,0,0.3641,Active
SPOT-122342,1,0.6414,Too Many Ads
SPOT-122343,0,0.3675,Active
SPOT-122344,0,0.4711,Active
SPOT-122345,0,0.2833,Active
SPOT-122346,0,0.2259,Active
SPOT-122347,0,0.4567,Active
SPOT-122348,0,0.4824,Active
SPOT-122349,0,0.5245,Active
SPOT-122350,0,0.5244,Active
SPOT-122351,0,0.3361,Active
SPOT-122352,0,0.3216,Active
SPOT-122353,0,0.5197,Active
SPOT-122354,0,0.2998,Active
SPOT-122355,0,0.3381,Active
SPOT-122356,0,0.2802,Active
SPOT-122357,0,0.3315,Active
SPOT-122358,0,0.4195,Active
SPOT-122359,0,0.4154,Active
SPOT-122360,0,0.3395,Active
SPOT-122361,0,0.3866,Active
SPOT-122362,0,0.1694,Active
SPOT-122363,0,0.2974,Active
SPOT-122364,0,0.5246,Active
SPOT-122365,0,0.2223,Active
SPOT-122366,0,0.4289,Active
SPOT-122367,0,0.1795,Active
SPOT-122368,0,0.3266,Active
SPOT-122369,1,0.5718,Technical Bugs
SPOT-122370,0,0.2888,Active
SPOT-122371,0,0.3479,Active
SPOT-122372,1,0.629,Low Usage / No Time
SPOT-122373,0,0.4845,Active
SPOT-122374,0,0.4265,Active
SPOT-122375,0,0.5286,Active
SPOT-122376,1,0.5707,Price / Cost
SPOT-122377,1,0.6809,Price / Cost
SPOT-122378,0,0.5579,Active
SPOT-122379,0,0.2379,Active
SPOT-122380,0,0.2141,Active
SPOT-122381,1,0.6457,Low Usage / No Time
SPOT-122382,0,0.4282,Active
SPOT-122383,0,0.3431,Active
SPOT-122384,0,0.5499,Active
SPOT-122385,1,0.6293,Low Usage / No Time
SPOT-122386,0,0.2652,Active
SPOT-122387,0,0.3961,Active
SPOT-122388,0,0.2873,Active
SPOT-122389,0,0.2199,Active
SPOT-122390,0,0.3084,Active
SPOT-122391,0,0.4673,Active
SPOT-122392,1,0.7168,Too Many Ads
SPOT-122393,0,0.4077,Active
SPOT-122394,0,0.382,Active
SPOT-122395,1,0.5943,Price / Cost
SPOT-122396,0,0.4049,Active
SPOT-122397,0,0.3475,Active
SPOT-122398,1,0.6538,Switched to Competitor
SPOT-122399,0,0.3203,Active
SPOT-122400,0,0.2757,Active
SPOT-122401,1,0.6891,Too Many Ads
SPOT-122402,0,0.506,Active
SPOT-122403,0,0.4132,Active
SPOT-122404,1,0.5774,Switched to Competitor
SPOT-122405,0,0.1833,Active
SPOT-122406,1,0.6016,Too Many Ads
SPOT-122407,0,0.3036,Active
SPOT-122408,0,0.4878,Active
SPOT-122409,1,0.5837,Price / Cost
SPOT-122410,0,0.5004,Active
SPOT-122411,0,0.0888,Active
SPOT-122412,0,0.2528,Active
SPOT-122413,0,0.2551,Active
SPOT-122414,1,0.667,Low Usage / No Time
SPOT-122415,1,0.7255,Too Many Ads
SPOT-122416,0,0.1613,Active
SPOT-122417,0,0.4811,Active
SPOT-122418,0,0.1984,Active
SPOT-122419,0,0.5389,Active
SPOT-122420,0,0.2062,Active
SPOT-122421,0,0.425,Active
SPOT-122422,1,0.6176,Price / Cost
SPOT-122423,0,0.2353,Active
SPOT-122424,0,0.244,Active
SPOT-122425,0,0.3619,Active
SPOT-122426,1,0.8012,Too Many Ads
SPOT-122427,0,0.1771,Active
SPOT-122428,0,0.4347,Active
SPOT-122429,0,0.2753,Active
SPOT-122430,0,0.4219,Active
SPOT-122431,0,0.212,Active
SPOT-122432,0,0.3687,Active
SPOT-122433,0,0.3615,Active
SPOT-122434,1,0.6036,Switched to Competitor
SPOT-122435,0,0.2539,Active
SPOT-122436,0,0.4286,Active
SPOT-122437,0,0.5362,Active
SPOT-122438,0,0.3266,Active
SPOT-122439,0,0.264,Active
SPOT-122440,0,0.5535,Active
SPOT-122441,0,0.1304,Active
SPOT-122442,0,0.2495,Active
SPOT-122443,0,0.2722,Active
SPOT-122444,0,0.2892,Active
SPOT-122445,0,0.5659,Active
SPOT-122446,0,0.3331,Active
SPOT-122447,1,0.5875,Price / Cost
SPOT-122448,1,0.5744,Too Many Ads
SPOT-122449,0,0.4971,Active
SPOT-122450,1,0.7184,Price / Cost
SPOT-122451,0,0.5482,Active
SPOT-122452,0,0.4544,Active
SPOT-122453,1,0.6773,Switched to Competitor
SPOT-122454,0,0.5611,Active
SPOT-122455,0,0.2765,Active
SPOT-122456,1,0.6014,Too Many Ads
SPOT-122457,0,0.4768,Active
SPOT-122458,1,0.5789,Price / Cost
SPOT-122459,0,0.5144,Active
SPOT-122460,1,0.7105,Price / Cost
SPOT-122461,0,0.2798,Active
SPOT-122462,0,0.3179,Active
SPOT-122463,0,0.5104,Active
SPOT-122464,0,0.2431,Active
SPOT-122465,0,0.4195,Active
SPOT-122466,0,0.4788,Active
SPOT-122467,0,0.4599,Active
SPOT-122468,0,0.3386,Active
SPOT-122469,1,0.5874,Switched to Competitor
SPOT-122470,1,0.6744,Low Usage / No Time
SPOT-122471,0,0.3899,Active
SPOT-122472,0,0.4603,Active
SPOT-122473,0,0.3021,Active
SPOT-122474,0,0.3912,Active
SPOT-122475,1,0.7003,Low Usage / No Time
SPOT-122476,0,0.5321,Active
SPOT-122477,0,0.3702,Active
SPOT-122478,0,0.4051,Active
SPOT-122479,0,0.2562,Active
SPOT-122480,0,0.404,Active
SPOT-122481,0,0.5496,Active
SPOT-122482,1,0.7755,Price / Cost
SPOT-122483,0,0.3788,Active
SPOT-122484,0,0.2755,Active
SPOT-122485,1,0.7776,Too Many Ads
SPOT-122486,0,0.3774,Active
SPOT-122487,0,0.2086,Active
SPOT-122488,0,0.4863,Active
SPOT-122489,0,0.184,Active
SPOT-122490,0,0.3426,Active
SPOT-122491,0,0.2137,Active
SPOT-122492,0,0.3011,Active
SPOT-122493,0,0.3974,Active
SPOT-122494,0,0.5379,Active
SPOT-122495,0,0.1575,Active
SPOT-122496,1,0.6191,Price / Cost
SPOT-122497,0,0.2268,Active
SPOT-122498,0,0.315,Active
SPOT-122499,0,0.4223,Active
SPOT-122500,0,0.5432,Active
SPOT-122501,1,0.6187,Switched to Competitor
SPOT-122502,0,0.291,Active
SPOT-122503,0,0.1441,Active
SPOT-122504,0,0.5376,Active
SPOT-122505,0,0.4746,Active
SPOT-122506,1,0.763,Price / Cost
SPOT-122507,0,0.2431,Active
SPOT-122508,0,0.1197,Active
SPOT-122509,1,0.7162,Too Many Ads
SPOT-122510,0,0.4525,Active
SPOT-122511,0,0.3605,Active
SPOT-122512,0,0.2756,Active
SPOT-122513,0,0.5611,Active
SPOT-122514,0,0.2297,Active
SPOT-122515,0,0.3599,Active
SPOT-122516,1,0.5703,Low Usage / No Time
SPOT-122517,0,0.3462,Active
SPOT-122518,1,0.644,Price / Cost
SPOT-122519,0,0.1915,Active
SPOT-122520,0,0.5466,Active
SPOT-122521,0,0.4559,Active
SPOT-122522,0,0.5209,Active
SPOT-122523,0,0.5057,Active
SPOT-122524,0,0.3193,Active
SPOT-122525,0,0.2897,Active
SPOT-122526,0,0.537,Active
SPOT-122527,0,0.5308,Active
SPOT-122528,0,0.1772,Active
SPOT-122529,0,0.4754,Active
SPOT-122530,0,0.1973,Active
SPOT-122531,0,0.3695,Active
SPOT-122532,1,0.6085,Low Usage / No Time
SPOT-122533,1,0.6957,Price / Cost
SPOT-122534,0,0.4314,Active
SPOT-122535,0,0.3359,Active
SPOT-122536,1,0.5773,Too Many Ads
SPOT-122537,1,0.6975,Too Many Ads
SPOT-122538,0,0.261,Active
SPOT-122539,0,0.1884,Active
SPOT-122540,1,0.6174,Too Many Ads
SPOT-122541,1,0.5821,Switched to Competitor
SPOT-122542,0,0.4792,Active
SPOT-122543,0,0.4231,Active
SPOT-122544,0,0.5263,Active
SPOT-122545,0,0.19,Active
SPOT-122546,0,0.1246,Active
SPOT-122547,0,0.4731,Active
SPOT-122548,0,0.4648,Active
SPOT-122549,0,0.4416,Active
SPOT-122550,0,0.3504,Active
SPOT-122551,0,0.2389,Active
SPOT-122552,0,0.2965,Active
SPOT-122553,1,0.7127,Too Many Ads
SPOT-122554,0,0.5019,Active
SPOT-122555,0,0.5211,Active
SPOT-122556,0,0.4954,Active
SPOT-122557,0,0.3775,Active
SPOT-122558,0,0.289,Active
SPOT-122559,0,0.3084,Active
SPOT-122560,0,0.2182,Active
SPOT-122561,1,0.6667,Price / Cost
SPOT-122562,0,0.3328,Active
SPOT-122563,0,0.3126,Active
SPOT-122564,0,0.3837,Active
SPOT-122565,0,0.172,Active
SPOT-122566,0,0.2468,Active
SPOT-122567,0,0.5179,Active
SPOT-122568,0,0.4204,Active
SPOT-122569,0,0.5266,Active
SPOT-122570,0,0.4825,Active
SPOT-122571,0,0.3587,Active
SPOT-122572,0,0.1947,Active
SPOT-122573,1,0.6656,Switched to Competitor
SPOT-122574,1,0.7358,Switched to Competitor
SPOT-122575,0,0.4131,Active
SPOT-122576,0,0.4865,Active
SPOT-122577,0,0.3882,Active
SPOT-122578,0,0.2635,Active
SPOT-122579,0,0.3037,Active
SPOT-122580,0,0.321,Active
SPOT-122581,0,0.521,Active
SPOT-122582,1,0.6783,Low Usage / No Time
SPOT-122583,0,0.3819,Active
SPOT-122584,0,0.3609,Active
SPOT-122585,0,0.3735,Active
SPOT-122586,0,0.4728,Active
SPOT-122587,0,0.3263,Active
SPOT-122588,1,0.6021,Price / Cost
SPOT-122589,0,0.3676,Active
SPOT-122590,0,0.2659,Active
SPOT-122591,0,0.5266,Active
SPOT-122592,0,0.3605,Active
SPOT-122593,0,0.436,Active
SPOT-122594,0,0.2078,Active
SPOT-122595,1,0.7242,Switched to Competitor
SPOT-122596,0,0.4134,Active
SPOT-122597,0,0.2333,Active
SPOT-122598,0,0.363,Active
SPOT-122599,0,0.3029,Active
SPOT-122600,0,0.4495,Active
SPOT-122601,0,0.4303,Active
SPOT-122602,0,0.2797,Active
SPOT-122603,0,0.145,Active
SPOT-122604,1,0.7269,Too Many Ads
SPOT-122605,0,0.1067,Active
SPOT-122606,0,0.4946,Active
SPOT-122607,1,0.7357,Technical Bugs
SPOT-122608,0,0.382,Active
SPOT-122609,0,0.3781,Active
SPOT-122610,0,0.4871,Active
SPOT-122611,0,0.4241,Active
SPOT-122612,1,0.62,Too Many Ads
SPOT-122613,0,0.5602,Active
SPOT-122614,0,0.5251,Active
SPOT-122615,0,0.3748,Active
SPOT-122616,0,0.4484,Active
SPOT-122617,0,0.219,Active
SPOT-122618,1,0.6342,Price / Cost
SPOT-122619,0,0.3797,Active
SPOT-122620,0,0.5082,Active
SPOT-122621,0,0.3862,Active
SPOT-122622,0,0.1723,Active
SPOT-122623,0,0.5165,Active
SPOT-122624,0,0.532,Active
SPOT-122625,1,0.6022,Price / Cost
SPOT-122626,0,0.3774,Active
SPOT-122627,0,0.4803,Active
SPOT-122628,0,0.3788,Active
SPOT-122629,0,0.3871,Active
SPOT-122630,0,0.5339,Active
SPOT-122631,0,0.394,Active
SPOT-122632,1,0.6981,Switched to Competitor
SPOT-122633,0,0.2207,Active
SPOT-122634,0,0.3495,Active
SPOT-122635,0,0.5544,Active
SPOT-122636,0,0.3361,Active
SPOT-122637,0,0.423,Active
SPOT-122638,0,0.3375,Active
SPOT-122639,0,0.3188,Active
SPOT-122640,0,0.4445,Active
SPOT-122641,1,0.6657,Price / Cost
SPOT-122642,0,0.3292,Active
SPOT-122643,0,0.2266,Active
SPOT-122644,0,0.4697,Active
SPOT-122645,0,0.4408,Active
SPOT-122646,0,0.3273,Active
SPOT-122647,1,0.6983,Price / Cost
SPOT-122648,0,0.4298,Active
SPOT-122649,0,0.2804,Active
SPOT-122650,0,0.3997,Active
SPOT-122651,0,0.4414,Active
SPOT-122652,0,0.1896,Active
SPOT-122653,0,0.3684,Active
SPOT-122654,0,0.2548,Active
SPOT-122655,0,0.2661,Active
SPOT-122656,0,0.2137,Active
SPOT-122657,0,0.4102,Active
SPOT-122658,0,0.3965,Active
SPOT-122659,0,0.372,Active
SPOT-122660,0,0.2201,Active
SPOT-122661,0,0.3355,Active
SPOT-122662,0,0.2401,Active
SPOT-122663,0,0.3644,Active
SPOT-122664,0,0.4324,Active
SPOT-122665,1,0.5979,Switched to Competitor
SPOT-122666,0,0.2422,Active
SPOT-122667,0,0.4886,Active
SPOT-122668,0,0.4868,Active
SPOT-122669,0,0.2103,Active
SPOT-122670,0,0.3029,Active
SPOT-122671,0,0.2366,Active
SPOT-122672,0,0.1888,Active
SPOT-122673,0,0.2953,Active
SPOT-122674,0,0.2555,Active
SPOT-122675,0,0.382,Active
SPOT-122676,0,0.5353,Active
SPOT-122677,1,0.6926,Too Many Ads
SPOT-122678,0,0.4142,Active
SPOT-122679,0,0.2195,Active
SPOT-122680,1,0.6314,Low Usage / No Time
SPOT-122681,0,0.2141,Active
SPOT-122682,0,0.3198,Active
SPOT-122683,0,0.2957,Active
SPOT-122684,0,0.5488,Active
SPOT-122685,0,0.5205,Active
SPOT-122686,1,0.6268,Price / Cost
SPOT-122687,0,0.5084,Active
SPOT-122688,1,0.6229,Too Many Ads
SPOT-122689,1,0.5888,Too Many Ads
SPOT-122690,0,0.3225,Active
SPOT-122691,0,0.2184,Active
SPOT-122692,0,0.397,Active
SPOT-122693,0,0.491,Active
SPOT-122694,0,0.5509,Active
SPOT-122695,0,0.4864,Active
SPOT-122696,0,0.301,Active
SPOT-122697,1,0.572,Too Many Ads
SPOT-122698,0,0.3526,Active
SPOT-122699,1,0.7101,Low Usage / No Time
SPOT-122700,0,0.4703,Active
SPOT-122701,0,0.3271,Active
SPOT-122702,0,0.3059,Active
SPOT-122703,0,0.5331,Active
SPOT-122704,0,0.3009,Active
SPOT-122705,1,0.5786,Too Many Ads
SPOT-122706,0,0.3887,Active
SPOT-122707,0,0.4954,Active
SPOT-122708,0,0.3625,Active
SPOT-122709,0,0.1709,Active
SPOT-122710,0,0.2018,Active
SPOT-122711,0,0.4423,Active
SPOT-122712,0,0.4933,Active
SPOT-122713,0,0.2993,Active
SPOT-122714,1,0.5756,Price / Cost
SPOT-122715,0,0.228,Active
SPOT-122716,0,0.3119,Active
SPOT-122717,0,0.2276,Active
SPOT-122718,0,0.2919,Active
SPOT-122719,0,0.5205,Active
SPOT-122720,0,0.5355,Active
SPOT-122721,0,0.17,Active
SPOT-122722,0,0.4254,Active
SPOT-122723,0,0.2394,Active
SPOT-122724,0,0.3583,Active
SPOT-122725,0,0.3641,Active
SPOT-122726,0,0.5235,Active
SPOT-122727,1,0.7032,Technical Bugs
SPOT-122728,0,0.37,Active
SPOT-122729,1,0.5955,Too Many Ads
SPOT-122730,0,0.341,Active
SPOT-122731,0,0.4417,Active
SPOT-122732,1,0.6423,Low Usage / No Time
SPOT-122733,0,0.1633,Active
SPOT-122734,0,0.5367,Active
SPOT-122735,1,0.6901,Price / Cost
SPOT-122736,0,0.4758,Active
SPOT-122737,0,0.28,Active
SPOT-122738,0,0.0648,Active
SPOT-122739,0,0.4109,Active
SPOT-122740,0,0.3521,Active
SPOT-122741,0,0.1373,Active
SPOT-122742,0,0.377,Active
SPOT-122743,0,0.4507,Active
SPOT-122744,0,0.2585,Active
SPOT-122745,0,0.4224,Active
SPOT-122746,1,0.6972,Low Usage / No Time
SPOT-122747,0,0.1216,Active
SPOT-122748,0,0.316,Active
SPOT-122749,0,0.2198,Active
SPOT-122750,0,0.1234,Active
SPOT-122751,0,0.3465,Active
SPOT-122752,0,0.3197,Active
SPOT-122753,1,0.6886,Low Usage / No Time
SPOT-122754,0,0.3661,Active
SPOT-122755,0,0.3955,Active
SPOT-122756,0,0.4998,Active
SPOT-122757,0,0.3281,Active
SPOT-122758,0,0.5243,Active
SPOT-122759,0,0.2753,Active
SPOT-122760,0,0.4775,Active
SPOT-122761,0,0.3097,Active
SPOT-122762,0,0.3844,Active
SPOT-122763,1,0.6227,Switched to Competitor
SPOT-122764,0,0.2115,Active
SPOT-122765,0,0.5248,Active
SPOT-122766,0,0.5108,Active
SPOT-122767,0,0.2877,Active
SPOT-122768,0,0.2991,Active
SPOT-122769,0,0.3513,Active
SPOT-122770,0,0.4802,Active
SPOT-122771,0,0.3712,Active
SPOT-122772,0,0.3979,Active
SPOT-122773,0,0.2216,Active
SPOT-122774,0,0.3833,Active
SPOT-122775,1,0.5769,Price / Cost
SPOT-122776,0,0.5188,Active
SPOT-122777,0,0.5198,Active
SPOT-122778,1,0.6293,Switched to Competitor
SPOT-122779,0,0.3824,Active
SPOT-122780,0,0.4061,Active
SPOT-122781,1,0.6591,Switched to Competitor
SPOT-122782,0,0.4531,Active
SPOT-122783,1,0.5787,Price / Cost
SPOT-122784,0,0.3412,Active
SPOT-122785,1,0.6608,Switched to Competitor
SPOT-122786,0,0.4946,Active
SPOT-122787,0,0.3203,Active
SPOT-122788,0,0.176,Active
SPOT-122789,0,0.4026,Active
SPOT-122790,0,0.3596,Active
SPOT-122791,0,0.2856,Active
SPOT-122792,0,0.3497,Active
SPOT-122793,1,0.5785,Low Usage / No Time
SPOT-122794,0,0.2309,Active
SPOT-122795,0,0.2202,Active
SPOT-122796,1,0.6727,Price / Cost
SPOT-122797,0,0.4726,Active
SPOT-122798,0,0.5077,Active
SPOT-122799,0,0.2038,Active
SPOT-122800,0,0.5326,Active
SPOT-122801,0,0.3105,Active
SPOT-122802,0,0.5569,Active
SPOT-122803,0,0.5087,Active
SPOT-122804,0,0.3911,Active
SPOT-122805,1,0.7235,Price / Cost
SPOT-122806,0,0.2339,Active
SPOT-122807,0,0.4844,Active
SPOT-122808,0,0.1897,Active
SPOT-122809,0,0.146,Active
SPOT-122810,0,0.5481,Active
SPOT-122811,0,0.3102,Active
SPOT-122812,0,0.444,Active
SPOT-122813,0,0.2177,Active
SPOT-122814,0,0.5562,Active
SPOT-122815,1,0.6622,Technical Bugs
SPOT-122816,0,0.4751,Active
SPOT-122817,0,0.4914,Active
SPOT-122818,0,0.4145,Active
SPOT-122819,0,0.3035,Active
SPOT-122820,1,0.7775,Price / Cost
SPOT-122821,0,0.404,Active
SPOT-122822,0,0.2939,Active
SPOT-122823,0,0.4032,Active
SPOT-122824,0,0.4646,Active
SPOT-122825,0,0.2925,Active
SPOT-122826,0,0.551,Active
SPOT-122827,0,0.4837,Active
SPOT-122828,0,0.3377,Active
SPOT-122829,0,0.4001,Active
SPOT-122830,0,0.2501,Active
SPOT-122831,0,0.5237,Active
SPOT-122832,0,0.5545,Active
SPOT-122833,0,0.3532,Active
SPOT-122834,0,0.2188,Active
SPOT-122835,0,0.5205,Active
SPOT-122836,0,0.2589,Active
SPOT-122837,0,0.4761,Active
SPOT-122838,0,0.545,Active
SPOT-122839,0,0.1734,Active
SPOT-122840,0,0.3239,Active
SPOT-122841,0,0.4488,Active
SPOT-122842,0,0.5162,Active
SPOT-122843,1,0.6337,Price / Cost
SPOT-122844,0,0.4253,Active
SPOT-122845,1,0.587,Too Many Ads
SPOT-122846,0,0.1882,Active
SPOT-122847,0,0.5224,Active
SPOT-122848,0,0.3446,Active
SPOT-122849,0,0.4094,Active
SPOT-122850,0,0.4229,Active
SPOT-122851,0,0.561,Active
SPOT-122852,0,0.1594,Active
SPOT-122853,0,0.3825,Active
SPOT-122854,0,0.2914,Active
SPOT-122855,1,0.6087,Switched to Competitor
SPOT-122856,0,0.4535,Active
SPOT-122857,0,0.2029,Active
SPOT-122858,1,0.6146,Price / Cost
SPOT-122859,0,0.2246,Active
SPOT-122860,0,0.485,Active
SPOT-122861,0,0.422,Active
SPOT-122862,0,0.4407,Active
SPOT-122863,1,0.7164,Technical Bugs
SPOT-122864,0,0.1757,Active
SPOT-122865,0,0.5126,Active
SPOT-122866,0,0.2462,Active
SPOT-122867,0,0.2931,Active
SPOT-122868,0,0.2096,Active
SPOT-122869,0,0.1707,Active
SPOT-122870,0,0.4491,Active
SPOT-122871,0,0.5648,Active
SPOT-122872,0,0.2082,Active
SPOT-122873,0,0.2793,Active
SPOT-122874,0,0.4204,Active
SPOT-122875,0,0.4269,Active
SPOT-122876,0,0.357,Active
SPOT-122877,0,0.2793,Active
SPOT-122878,0,0.5046,Active
SPOT-122879,1,0.5961,Price / Cost
SPOT-122880,0,0.4776,Active
SPOT-122881,0,0.3364,Active
SPOT-122882,0,0.3862,Active
SPOT-122883,0,0.3383,Active
SPOT-122884,1,0.5722,Low Usage / No Time
SPOT-122885,0,0.1779,Active
SPOT-122886,0,0.4897,Active
SPOT-122887,1,0.6136,Switched to Competitor
SPOT-122888,0,0.4781,Active
SPOT-122889,0,0.2809,Active
SPOT-122890,0,0.5035,Active
SPOT-122891,0,0.3421,Active
SPOT-122892,0,0.4466,Active
SPOT-122893,0,0.2575,Active
SPOT-122894,0,0.3695,Active
SPOT-122895,0,0.2665,Active
SPOT-122896,0,0.4692,Active
SPOT-122897,0,0.5456,Active
SPOT-122898,0,0.4419,Active
SPOT-122899,0,0.4487,Active
SPOT-122900,0,0.3721,Active
SPOT-122901,0,0.5119,Active
SPOT-122902,0,0.224,Active
SPOT-122903,0,0.2388,Active
SPOT-122904,0,0.5455,Active
SPOT-122905,0,0.2698,Active
SPOT-122906,0,0.5261,Active
SPOT-122907,0,0.4658,Active
SPOT-122908,0,0.4982,Active
SPOT-122909,0,0.3915,Active
SPOT-122910,0,0.4421,Active
SPOT-122911,0,0.4604,Active
SPOT-122912,0,0.4397,Active
SPOT-122913,0,0.5019,Active
SPOT-122914,0,0.2606,Active
SPOT-122915,0,0.3812,Active
SPOT-122916,0,0.4657,Active
SPOT-122917,0,0.3201,Active
SPOT-122918,0,0.2778,Active
SPOT-122919,1,0.6824,Too Many Ads
SPOT-122920,0,0.3994,Active
SPOT-122921,0,0.3058,Active
SPOT-122922,0,0.4901,Active
SPOT-122923,0,0.4196,Active
SPOT-122924,0,0.2932,Active
SPOT-122925,0,0.4467,Active
SPOT-122926,0,0.5548,Active
SPOT-122927,1,0.6011,Switched to Competitor
SPOT-122928,0,0.0838,Active
SPOT-122929,1,0.7395,Too Many Ads
SPOT-122930,0,0.267,Active
SPOT-122931,1,0.5703,Price / Cost
SPOT-122932,0,0.0978,Active
SPOT-122933,0,0.2447,Active
SPOT-122934,0,0.2739,Active
SPOT-122935,0,0.5305,Active
SPOT-122936,0,0.3276,Active
SPOT-122937,0,0.2926,Active
SPOT-122938,1,0.6985,Too Many Ads
SPOT-122939,0,0.4176,Active
SPOT-122940,0,0.4459,Active
SPOT-122941,0,0.403,Active
SPOT-122942,0,0.3359,Active
SPOT-122943,0,0.2501,Active
SPOT-122944,0,0.3753,Active
SPOT-122945,0,0.4859,Active
SPOT-122946,1,0.6534,Switched to Competitor
SPOT-122947,0,0.1953,Active
SPOT-122948,0,0.5266,Active
SPOT-122949,0,0.2295,Active
SPOT-122950,0,0.2098,Active
SPOT-122951,0,0.3892,Active
SPOT-122952,0,0.2547,Active
SPOT-122953,1,0.6742,Price / Cost
SPOT-122954,0,0.2545,Active
SPOT-122955,0,0.5188,Active
SPOT-122956,0,0.5068,Active
SPOT-122957,0,0.4805,Active
SPOT-122958,1,0.6635,Too Many Ads
SPOT-122959,0,0.5556,Active
SPOT-122960,0,0.4817,Active
SPOT-122961,0,0.2968,Active
SPOT-122962,0,0.5096,Active
SPOT-122963,1,0.7132,Too Many Ads
SPOT-122964,0,0.2747,Active
SPOT-122965,0,0.2723,Active
SPOT-122966,0,0.2195,Active
SPOT-122967,0,0.4256,Active
SPOT-122968,0,0.4222,Active
SPOT-122969,0,0.2951,Active
SPOT-122970,0,0.2909,Active
SPOT-122971,1,0.6225,Too Many Ads
SPOT-122972,0,0.4191,Active
SPOT-122973,0,0.5356,Active
SPOT-122974,0,0.3044,Active
SPOT-122975,0,0.2716,Active
SPOT-122976,1,0.637,Switched to Competitor
SPOT-122977,0,0.2753,Active
SPOT-122978,0,0.4986,Active
SPOT-122979,0,0.1335,Active
SPOT-122980,0,0.416,Active
SPOT-122981,0,0.2847,Active
SPOT-122982,0,0.2813,Active
SPOT-122983,0,0.3413,Active
SPOT-122984,1,0.6381,Too Many Ads
SPOT-122985,1,0.6603,Price / Cost
SPOT-122986,0,0.3187,Active
SPOT-122987,1,0.5812,Price / Cost
SPOT-122988,0,0.3806,Active
SPOT-122989,0,0.559,Active
SPOT-122990,0,0.4475,Active
SPOT-122991,1,0.6379,Low Usage / No Time
SPOT-122992,0,0.2996,Active
SPOT-122993,0,0.3868,Active
SPOT-122994,0,0.4918,Active
SPOT-122995,0,0.1286,Active
SPOT-122996,0,0.3608,Active
SPOT-122997,0,0.1725,Active
SPOT-122998,0,0.4403,Active
SPOT-122999,0,0.1187,Active
SPOT-123000,1,0.6833,Price / Cost
SPOT-123001,0,0.2616,Active
SPOT-123002,0,0.2198,Active
SPOT-123003,0,0.4293,Active
SPOT-123004,1,0.5708,Price / Cost
SPOT-123005,1,0.6782,Too Many Ads
SPOT-123006,1,0.6292,Price / Cost
SPOT-123007,0,0.1344,Active
SPOT-123008,0,0.3642,Active
SPOT-123009,0,0.312,Active
SPOT-123010,0,0.3275,Active
SPOT-123011,0,0.3763,Active
SPOT-123012,0,0.3784,Active
SPOT-123013,0,0.4401,Active
SPOT-123014,1,0.6451,Price / Cost
SPOT-123015,0,0.4394,Active
SPOT-123016,0,0.2037,Active
SPOT-123017,0,0.5449,Active
SPOT-123018,0,0.2992,Active
SPOT-123019,0,0.3677,Active
SPOT-123020,0,0.2831,Active
SPOT-123021,0,0.5213,Active
SPOT-123022,0,0.4401,Active
SPOT-123023,0,0.2074,Active
SPOT-123024,0,0.1867,Active
SPOT-123025,0,0.4391,Active
SPOT-123026,0,0.3906,Active
SPOT-123027,0,0.2193,Active
SPOT-123028,0,0.4833,Active
SPOT-123029,0,0.5289,Active
SPOT-123030,0,0.412,Active
SPOT-123031,0,0.1652,Active
SPOT-123032,1,0.6609,Switched to Competitor
SPOT-123033,0,0.2813,Active
SPOT-123034,0,0.2534,Active
SPOT-123035,0,0.5298,Active
SPOT-123036,0,0.3608,Active
SPOT-123037,1,0.637,Price / Cost
SPOT-123038,0,0.5365,Active
SPOT-123039,0,0.4842,Active
SPOT-123040,0,0.3658,Active
SPOT-123041,0,0.2733,Active
SPOT-123042,0,0.4446,Active
SPOT-123043,0,0.5407,Active
SPOT-123044,0,0.4681,Active
SPOT-123045,0,0.3871,Active
SPOT-123046,0,0.3664,Active
SPOT-123047,0,0.126,Active
SPOT-123048,0,0.3454,Active
SPOT-123049,1,0.614,Price / Cost
SPOT-123050,0,0.4402,Active
SPOT-123051,1,0.5966,Price / Cost
SPOT-123052,1,0.5876,Too Many Ads
SPOT-123053,0,0.3937,Active
SPOT-123054,0,0.4224,Active
SPOT-123055,0,0.4026,Active
SPOT-123056,0,0.3362,Active
SPOT-123057,1,0.6217,Too Many Ads
SPOT-123058,0,0.1784,Active
SPOT-123059,1,0.6171,Price / Cost
SPOT-123060,0,0.3855,Active
SPOT-123061,1,0.6165,Switched to Competitor
SPOT-123062,0,0.5174,Active
SPOT-123063,1,0.6915,Technical Bugs
SPOT-123064,0,0.2336,Active
SPOT-123065,0,0.4666,Active
SPOT-123066,0,0.5475,Active
SPOT-123067,0,0.5006,Active
SPOT-123068,0,0.4598,Active
SPOT-123069,1,0.6195,Price / Cost
SPOT-123070,0,0.2206,Active
SPOT-123071,1,0.7185,Price / Cost
SPOT-123072,0,0.3911,Active
SPOT-123073,0,0.2416,Active
SPOT-123074,0,0.279,Active
SPOT-123075,0,0.552,Active
SPOT-123076,0,0.418,Active
SPOT-123077,0,0.3504,Active
SPOT-123078,0,0.3896,Active
SPOT-123079,0,0.1701,Active
SPOT-123080,0,0.2417,Active
SPOT-123081,1,0.6462,Switched to Competitor
SPOT-123082,0,0.3144,Active
SPOT-123083,0,0.4749,Active
SPOT-123084,0,0.5559,Active
SPOT-123085,0,0.2542,Active
SPOT-123086,0,0.3264,Active
SPOT-123087,0,0.3977,Active
SPOT-123088,0,0.3951,Active
SPOT-123089,0,0.3447,Active
SPOT-123090,0,0.4757,Active
SPOT-123091,1,0.7429,Switched to Competitor
SPOT-123092,0,0.4958,Active
SPOT-123093,0,0.3024,Active
SPOT-123094,1,0.6139,Price / Cost
SPOT-123095,0,0.3767,Active
SPOT-123096,0,0.4397,Active
SPOT-123097,0,0.3924,Active
SPOT-123098,0,0.1975,Active
SPOT-123099,0,0.3989,Active
SPOT-123100,0,0.3787,Active
SPOT-123101,0,0.215,Active
SPOT-123102,0,0.3171,Active
SPOT-123103,0,0.3785,Active
SPOT-123104,0,0.4028,Active
SPOT-123105,0,0.5312,Active
SPOT-123106,1,0.6563,Price / Cost
SPOT-123107,0,0.542,Active
SPOT-123108,0,0.4764,Active
SPOT-123109,0,0.3179,Active
SPOT-123110,0,0.3938,Active
SPOT-123111,0,0.3146,Active
SPOT-123112,0,0.5437,Active
SPOT-123113,0,0.2544,Active
SPOT-123114,0,0.548,Active
SPOT-123115,0,0.4654,Active
SPOT-123116,0,0.2789,Active
SPOT-123117,0,0.4774,Active
SPOT-123118,0,0.3476,Active
SPOT-123119,1,0.6472,Too Many Ads
SPOT-123120,0,0.48,Active
SPOT-123121,1,0.6318,Too Many Ads
SPOT-123122,1,0.5949,Switched to Competitor
SPOT-123123,0,0.2592,Active
SPOT-123124,0,0.1295,Active
SPOT-123125,0,0.2779,Active
SPOT-123126,0,0.3462,Active
SPOT-123127,1,0.6424,Too Many Ads
SPOT-123128,0,0.3121,Active
SPOT-123129,0,0.3957,Active
SPOT-123130,0,0.2509,Active
SPOT-123131,0,0.4781,Active
SPOT-123132,0,0.4514,Active
SPOT-123133,0,0.4949,Active
SPOT-123134,0,0.3341,Active
SPOT-123135,1,0.5755,Switched to Competitor
SPOT-123136,0,0.3161,Active
SPOT-123137,0,0.249,Active
SPOT-123138,1,0.7611,Switched to Competitor
SPOT-123139,0,0.4426,Active
SPOT-123140,0,0.3438,Active
SPOT-123141,0,0.2527,Active
SPOT-123142,0,0.5471,Active
SPOT-123143,0,0.4931,Active
SPOT-123144,1,0.6803,Price / Cost
SPOT-123145,1,0.6251,Price / Cost
SPOT-123146,0,0.5504,Active
SPOT-123147,0,0.3426,Active
SPOT-123148,0,0.4216,Active
SPOT-123149,1,0.6823,Too Many Ads
SPOT-123150,0,0.4528,Active
SPOT-123151,0,0.5305,Active
SPOT-123152,0,0.4256,Active
SPOT-123153,0,0.4302,Active
SPOT-123154,0,0.355,Active
SPOT-123155,0,0.3494,Active
SPOT-123156,0,0.3674,Active
SPOT-123157,0,0.3783,Active
SPOT-123158,0,0.5631,Active
SPOT-123159,0,0.4314,Active
SPOT-123160,0,0.2311,Active
SPOT-123161,0,0.482,Active
SPOT-123162,0,0.5395,Active
SPOT-123163,0,0.2771,Active
SPOT-123164,0,0.5403,Active
SPOT-123165,0,0.1146,Active
SPOT-123166,0,0.368,Active
SPOT-123167,0,0.4476,Active
SPOT-123168,1,0.6347,Price / Cost
SPOT-123169,0,0.462,Active
SPOT-123170,0,0.2201,Active
SPOT-123171,0,0.4426,Active
SPOT-123172,0,0.3321,Active
SPOT-123173,1,0.5881,Price / Cost
SPOT-123174,0,0.4558,Active
SPOT-123175,0,0.3337,Active
SPOT-123176,0,0.3227,Active
SPOT-123177,0,0.3851,Active
SPOT-123178,0,0.5091,Active
SPOT-123179,0,0.5608,Active
SPOT-123180,0,0.3457,Active
SPOT-123181,0,0.47,Active
SPOT-123182,1,0.7051,Price / Cost
SPOT-123183,0,0.2002,Active
SPOT-123184,1,0.6798,Price / Cost
SPOT-123185,1,0.8038,Low Usage / No Time
SPOT-123186,0,0.2458,Active
SPOT-123187,0,0.4123,Active
SPOT-123188,0,0.5383,Active
SPOT-123189,1,0.6207,Price / Cost
SPOT-123190,0,0.2356,Active
SPOT-123191,0,0.242,Active
SPOT-123192,1,0.5997,Too Many Ads
SPOT-123193,0,0.4164,Active
SPOT-123194,1,0.6134,Price / Cost
SPOT-123195,0,0.3234,Active
SPOT-123196,0,0.4355,Active
SPOT-123197,1,0.5851,Price / Cost
SPOT-123198,0,0.2217,Active
SPOT-123199,0,0.5074,Active
SPOT-123200,0,0.5189,Active
SPOT-123201,0,0.5066,Active
SPOT-123202,1,0.6991,Too Many Ads
SPOT-123203,0,0.5039,Active
SPOT-123204,0,0.2624,Active
SPOT-123205,0,0.3757,Active
SPOT-123206,0,0.5042,Active
SPOT-123207,0,0.322,Active
SPOT-123208,0,0.213,Active
SPOT-123209,0,0.4838,Active
SPOT-123210,0,0.4411,Active
SPOT-123211,0,0.2933,Active
SPOT-123212,0,0.2657,Active
SPOT-123213,0,0.3392,Active
SPOT-123214,0,0.5093,Active
SPOT-123215,0,0.2269,Active
SPOT-123216,0,0.2978,Active
SPOT-123217,0,0.4685,Active
SPOT-123218,1,0.6532,Price / Cost
SPOT-123219,0,0.2464,Active
SPOT-123220,1,0.7418,Price / Cost
SPOT-123221,0,0.2476,Active
SPOT-123222,0,0.2739,Active
SPOT-123223,0,0.5246,Active
SPOT-123224,1,0.6537,Too Many Ads
SPOT-123225,0,0.2525,Active
SPOT-123226,0,0.4887,Active
SPOT-123227,0,0.359,Active
SPOT-123228,0,0.51,Active
SPOT-123229,0,0.5098,Active
SPOT-123230,0,0.1681,Active
SPOT-123231,0,0.4836,Active
SPOT-123232,1,0.5698,Price / Cost
SPOT-123233,1,0.7057,Price / Cost
SPOT-123234,0,0.4445,Active
SPOT-123235,0,0.5298,Active
SPOT-123236,0,0.4406,Active
SPOT-123237,0,0.3243,Active
SPOT-123238,1,0.5973,Too Many Ads
SPOT-123239,1,0.6157,Price / Cost
SPOT-123240,0,0.3211,Active
SPOT-123241,0,0.4805,Active
SPOT-123242,0,0.1162,Active
SPOT-123243,1,0.6023,Low Usage / No Time
SPOT-123244,0,0.4246,Active
SPOT-123245,1,0.6044,Price / Cost
SPOT-123246,0,0.4242,Active
SPOT-123247,0,0.392,Active
SPOT-123248,0,0.2219,Active
SPOT-123249,0,0.4251,Active
SPOT-123250,0,0.4877,Active
SPOT-123251,1,0.6208,Low Usage / No Time
SPOT-123252,0,0.3516,Active
SPOT-123253,1,0.5815,Low Usage / No Time
SPOT-123254,0,0.4599,Active
SPOT-123255,1,0.5693,Technical Bugs
SPOT-123256,0,0.2899,Active
SPOT-123257,0,0.3073,Active
SPOT-123258,0,0.2916,Active
SPOT-123259,0,0.4336,Active
SPOT-123260,0,0.3956,Active
SPOT-123261,1,0.6166,Price / Cost
SPOT-123262,0,0.1961,Active
SPOT-123263,0,0.5426,Active
SPOT-123264,1,0.5718,Switched to Competitor
SPOT-123265,0,0.3916,Active
SPOT-123266,0,0.3204,Active
SPOT-123267,0,0.3698,Active
SPOT-123268,0,0.3826,Active
SPOT-123269,0,0.517,Active
SPOT-123270,0,0.2336,Active
SPOT-123271,1,0.6192,Too Many Ads
SPOT-123272,0,0.2261,Active
SPOT-123273,0,0.3249,Active
SPOT-123274,0,0.3958,Active
SPOT-123275,1,0.6604,Price / Cost
SPOT-123276,0,0.4932,Active
SPOT-123277,0,0.267,Active
SPOT-123278,1,0.7606,Price / Cost
SPOT-123279,0,0.4387,Active
SPOT-123280,1,0.5792,Switched to Competitor
SPOT-123281,0,0.2816,Active
SPOT-123282,0,0.3289,Active
SPOT-123283,0,0.1255,Active
SPOT-123284,0,0.2485,Active
SPOT-123285,1,0.6093,Low Usage / No Time
SPOT-123286,0,0.4934,Active
SPOT-123287,1,0.7231,Price / Cost
SPOT-123288,0,0.3804,Active
SPOT-123289,0,0.2909,Active
SPOT-123290,0,0.4832,Active
SPOT-123291,0,0.4811,Active
SPOT-123292,0,0.2587,Active
SPOT-123293,1,0.5903,Low Usage / No Time
SPOT-123294,0,0.242,Active
SPOT-123295,1,0.5839,Price / Cost
SPOT-123296,0,0.4881,Active
SPOT-123297,0,0.3855,Active
SPOT-123298,0,0.2613,Active
SPOT-123299,0,0.0915,Active
SPOT-123300,0,0.283,Active
SPOT-123301,0,0.4461,Active
SPOT-123302,0,0.514,Active
SPOT-123303,1,0.6451,Switched to Competitor
SPOT-123304,0,0.1402,Active
SPOT-123305,0,0.4964,Active
SPOT-123306,0,0.2483,Active
SPOT-123307,0,0.2338,Active
SPOT-123308,0,0.504,Active
SPOT-123309,0,0.3748,Active
SPOT-123310,0,0.222,Active
SPOT-123311,1,0.584,Price / Cost
SPOT-123312,0,0.1735,Active
SPOT-123313,0,0.3959,Active
SPOT-123314,0,0.3623,Active
SPOT-123315,0,0.4526,Active
SPOT-123316,0,0.2813,Active
SPOT-123317,0,0.5106,Active
SPOT-123318,0,0.5527,Active
SPOT-123319,0,0.4223,Active
SPOT-123320,0,0.2279,Active
SPOT-123321,0,0.4031,Active
SPOT-123322,0,0.3094,Active
SPOT-123323,0,0.3831,Active
SPOT-123324,0,0.1733,Active
SPOT-123325,0,0.4689,Active
SPOT-123326,0,0.3215,Active
SPOT-123327,0,0.5223,Active
SPOT-123328,0,0.2911,Active
SPOT-123329,0,0.385,Active
SPOT-123330,0,0.2522,Active
SPOT-123331,0,0.2917,Active
SPOT-123332,0,0.3212,Active
SPOT-123333,1,0.6049,Low Usage / No Time
SPOT-123334,0,0.2531,Active
SPOT-123335,1,0.6214,Price / Cost
SPOT-123336,0,0.4681,Active
SPOT-123337,0,0.5284,Active
SPOT-123338,0,0.1881,Active
SPOT-123339,0,0.2936,Active
SPOT-123340,1,0.735,Price / Cost
SPOT-123341,0,0.1807,Active
SPOT-123342,0,0.4969,Active
SPOT-123343,0,0.5067,Active
SPOT-123344,0,0.235,Active
SPOT-123345,0,0.3846,Active
SPOT-123346,0,0.3709,Active
SPOT-123347,0,0.3637,Active
SPOT-123348,0,0.5149,Active
SPOT-123349,0,0.3487,Active
SPOT-123350,0,0.482,Active
SPOT-123351,0,0.349,Active
SPOT-123352,0,0.2557,Active
SPOT-123353,0,0.2176,Active
SPOT-123354,0,0.2614,Active
SPOT-123355,0,0.4033,Active
SPOT-123356,1,0.6273,Too Many Ads
SPOT-123357,0,0.2929,Active
SPOT-123358,0,0.4727,Active
SPOT-123359,1,0.6591,Switched to Competitor
SPOT-123360,0,0.3458,Active
SPOT-123361,0,0.1295,Active
SPOT-123362,1,0.6946,Price / Cost
SPOT-123363,0,0.283,Active
SPOT-123364,0,0.2343,Active
SPOT-123365,1,0.5812,Price / Cost
SPOT-123366,0,0.5514,Active
SPOT-123367,0,0.5251,Active
SPOT-123368,0,0.2306,Active
SPOT-123369,0,0.5,Active
SPOT-123370,0,0.2673,Active
SPOT-123371,0,0.2415,Active
SPOT-123372,0,0.2869,Active
SPOT-123373,0,0.2148,Active
SPOT-123374,0,0.205,Active
SPOT-123375,0,0.4209,Active
SPOT-123376,1,0.6182,Switched to Competitor
SPOT-123377,0,0.237,Active
SPOT-123378,0,0.4686,Active
SPOT-123379,0,0.5186,Active
SPOT-123380,0,0.5627,Active
SPOT-123381,1,0.6205,Too Many Ads
SPOT-123382,0,0.4379,Active
SPOT-123383,1,0.6183,Price / Cost
SPOT-123384,0,0.2898,Active
SPOT-123385,0,0.163,Active
SPOT-123386,0,0.4083,Active
SPOT-123387,0,0.3214,Active
SPOT-123388,1,0.7735,Price / Cost
SPOT-123389,0,0.5569,Active
SPOT-123390,0,0.5216,Active
SPOT-123391,0,0.4802,Active
SPOT-123392,0,0.2635,Active
SPOT-123393,0,0.2577,Active
SPOT-123394,0,0.4298,Active
SPOT-123395,1,0.5773,Switched to Competitor
SPOT-123396,1,0.6001,Switched to Competitor
SPOT-123397,0,0.3347,Active
SPOT-123398,0,0.3308,Active
SPOT-123399,1,0.6739,Low Usage / No Time
SPOT-123400,0,0.2625,Active
SPOT-123401,0,0.5454,Active
SPOT-123402,0,0.3772,Active
SPOT-123403,0,0.3487,Active
SPOT-123404,0,0.201,Active
SPOT-123405,0,0.3076,Active
SPOT-123406,0,0.3553,Active
SPOT-123407,0,0.4688,Active
SPOT-123408,0,0.3281,Active
SPOT-123409,0,0.164,Active
SPOT-123410,1,0.6105,Too Many Ads
SPOT-123411,1,0.6518,Price / Cost
SPOT-123412,0,0.2965,Active
SPOT-123413,0,0.3858,Active
SPOT-123414,1,0.615,Price / Cost
SPOT-123415,0,0.1758,Active
SPOT-123416,1,0.5929,Too Many Ads
SPOT-123417,0,0.1243,Active
SPOT-123418,0,0.4057,Active
SPOT-123419,0,0.3926,Active
SPOT-123420,0,0.3675,Active
SPOT-123421,0,0.5182,Active
SPOT-123422,0,0.1449,Active
SPOT-123423,0,0.1721,Active
SPOT-123424,1,0.6014,Switched to Competitor
SPOT-123425,0,0.3792,Active
SPOT-123426,0,0.429,Active
SPOT-123427,0,0.5486,Active
SPOT-123428,0,0.2816,Active
SPOT-123429,0,0.3685,Active
SPOT-123430,0,0.282,Active
SPOT-123431,1,0.7259,Price / Cost
SPOT-123432,0,0.3616,Active
SPOT-123433,0,0.4494,Active
SPOT-123434,0,0.2216,Active
SPOT-123435,0,0.4559,Active
SPOT-123436,0,0.5322,Active
SPOT-123437,0,0.4449,Active
SPOT-123438,0,0.339,Active
SPOT-123439,1,0.6635,Switched to Competitor
SPOT-123440,0,0.5085,Active
SPOT-123441,0,0.2793,Active
SPOT-123442,0,0.3439,Active
SPOT-123443,0,0.4876,Active
SPOT-123444,0,0.3701,Active
SPOT-123445,0,0.3414,Active
SPOT-123446,0,0.4795,Active
SPOT-123447,0,0.4111,Active
SPOT-123448,0,0.2166,Active
SPOT-123449,1,0.7527,Technical Bugs
SPOT-123450,0,0.5134,Active
SPOT-123451,0,0.2534,Active
SPOT-123452,0,0.5659,Active
SPOT-123453,0,0.1839,Active
SPOT-123454,0,0.2444,Active
SPOT-123455,0,0.3711,Active
SPOT-123456,0,0.5328,Active
SPOT-123457,0,0.4277,Active
SPOT-123458,0,0.4158,Active
SPOT-123459,0,0.4341,Active
SPOT-123460,0,0.3038,Active
SPOT-123461,1,0.6277,Too Many Ads
SPOT-123462,0,0.4267,Active
SPOT-123463,0,0.4712,Active
SPOT-123464,0,0.3242,Active
SPOT-123465,0,0.1495,Active
SPOT-123466,0,0.3406,Active
SPOT-123467,0,0.3499,Active
SPOT-123468,0,0.5109,Active
SPOT-123469,0,0.4462,Active
SPOT-123470,0,0.1905,Active
SPOT-123471,0,0.1938,Active
SPOT-123472,0,0.5168,Active
SPOT-123473,0,0.1612,Active
SPOT-123474,0,0.3609,Active
SPOT-123475,0,0.4685,Active
SPOT-123476,0,0.4358,Active
SPOT-123477,0,0.3498,Active
SPOT-123478,1,0.6905,Price / Cost
SPOT-123479,0,0.1964,Active
SPOT-123480,0,0.4794,Active
SPOT-123481,1,0.6501,Switched to Competitor
SPOT-123482,0,0.3721,Active
SPOT-123483,0,0.3499,Active
SPOT-123484,0,0.4044,Active
SPOT-123485,0,0.5206,Active
SPOT-123486,0,0.4227,Active
SPOT-123487,0,0.509,Active
SPOT-123488,0,0.4858,Active
SPOT-123489,0,0.4531,Active
SPOT-123490,0,0.4558,Active
SPOT-123491,1,0.6733,Price / Cost
SPOT-123492,0,0.2878,Active
SPOT-123493,0,0.466,Active
SPOT-123494,0,0.3732,Active
SPOT-123495,0,0.4003,Active
SPOT-123496,0,0.3976,Active
SPOT-123497,0,0.5066,Active
SPOT-123498,0,0.1862,Active
SPOT-123499,0,0.4012,Active
SPOT-123500,1,0.5999,Switched to Competitor
SPOT-123501,1,0.5866,Low Usage / No Time
SPOT-123502,0,0.2093,Active
SPOT-123503,1,0.6805,Technical Bugs
SPOT-123504,1,0.5748,Switched to Competitor
SPOT-123505,1,0.668,Price / Cost
SPOT-123506,0,0.2838,Active
SPOT-123507,0,0.5393,Active
SPOT-123508,0,0.3242,Active
SPOT-123509,0,0.3185,Active
SPOT-123510,0,0.3592,Active
SPOT-123511,0,0.4867,Active
SPOT-123512,1,0.704,Price / Cost
SPOT-123513,0,0.5601,Active
SPOT-123514,0,0.3241,Active
SPOT-123515,1,0.6532,Too Many Ads
SPOT-123516,1,0.6748,Price / Cost
SPOT-123517,0,0.1134,Active
SPOT-123518,0,0.347,Active
SPOT-123519,0,0.4295,Active
SPOT-123520,0,0.4748,Active
SPOT-123521,1,0.6749,Price / Cost
SPOT-123522,0,0.4405,Active
SPOT-123523,1,0.6989,Switched to Competitor
SPOT-123524,0,0.5186,Active
SPOT-123525,0,0.4112,Active
SPOT-123526,1,0.5772,Price / Cost
SPOT-123527,0,0.5081,Active
SPOT-123528,0,0.2774,Active
SPOT-123529,0,0.2319,Active
SPOT-123530,0,0.4068,Active
SPOT-123531,0,0.3462,Active
SPOT-123532,0,0.2032,Active
SPOT-123533,0,0.4549,Active
SPOT-123534,0,0.3869,Active
SPOT-123535,0,0.4541,Active
SPOT-123536,0,0.3265,Active
SPOT-123537,0,0.3424,Active
SPOT-123538,0,0.5051,Active
SPOT-123539,0,0.2619,Active
SPOT-123540,0,0.3122,Active
SPOT-123541,0,0.5379,Active
SPOT-123542,0,0.3267,Active
SPOT-123543,0,0.2995,Active
SPOT-123544,0,0.5245,Active
SPOT-123545,0,0.3525,Active
SPOT-123546,0,0.2169,Active
SPOT-123547,0,0.4547,Active
SPOT-123548,0,0.5358,Active
SPOT-123549,0,0.5525,Active
SPOT-123550,0,0.2266,Active
SPOT-123551,0,0.1751,Active
SPOT-123552,1,0.7142,Too Many Ads
SPOT-123553,0,0.3561,Active
SPOT-123554,0,0.4961,Active
SPOT-123555,0,0.5453,Active
SPOT-123556,0,0.444,Active
SPOT-123557,0,0.2876,Active
SPOT-123558,0,0.3976,Active
SPOT-123559,0,0.369,Active
SPOT-123560,0,0.3961,Active
SPOT-123561,0,0.4328,Active
SPOT-123562,1,0.636,Low Usage / No Time
SPOT-123563,0,0.2804,Active
SPOT-123564,0,0.3469,Active
SPOT-123565,0,0.4798,Active
SPOT-123566,0,0.3259,Active
SPOT-123567,1,0.6266,Price / Cost
SPOT-123568,0,0.4458,Active
SPOT-123569,0,0.5262,Active
SPOT-123570,0,0.2887,Active
SPOT-123571,1,0.7278,Price / Cost
SPOT-123572,0,0.5002,Active
SPOT-123573,0,0.2404,Active
SPOT-123574,0,0.5346,Active
SPOT-123575,0,0.5408,Active
SPOT-123576,0,0.2439,Active
SPOT-123577,0,0.3974,Active
SPOT-123578,1,0.7451,Price / Cost
SPOT-123579,0,0.2644,Active
SPOT-123580,0,0.3913,Active
SPOT-123581,0,0.5299,Active
SPOT-123582,0,0.3173,Active
SPOT-123583,0,0.5205,Active
SPOT-123584,0,0.4396,Active
SPOT-123585,1,0.6835,Too Many Ads
SPOT-123586,1,0.6491,Switched to Competitor
SPOT-123587,0,0.5335,Active
SPOT-123588,1,0.5753,Low Usage / No Time
SPOT-123589,1,0.6838,Low Usage / No Time
SPOT-123590,0,0.5444,Active
SPOT-123591,0,0.5174,Active
SPOT-123592,0,0.196,Active
SPOT-123593,0,0.2773,Active
SPOT-123594,1,0.6641,Low Usage / No Time
SPOT-123595,0,0.3058,Active
SPOT-123596,0,0.4196,Active
SPOT-123597,0,0.1535,Active
SPOT-123598,1,0.5703,Price / Cost
SPOT-123599,0,0.5535,Active
SPOT-123600,0,0.2824,Active
SPOT-123601,0,0.3267,Active
SPOT-123602,1,0.6375,Low Usage / No Time
SPOT-123603,0,0.5109,Active
SPOT-123604,0,0.4201,Active
SPOT-123605,0,0.2426,Active
SPOT-123606,1,0.6282,Price / Cost
SPOT-123607,0,0.2125,Active
SPOT-123608,1,0.6888,Price / Cost
SPOT-123609,0,0.3071,Active
SPOT-123610,0,0.1815,Active
SPOT-123611,0,0.2527,Active
SPOT-123612,1,0.5697,Price / Cost
SPOT-123613,0,0.2362,Active
SPOT-123614,0,0.5276,Active
SPOT-123615,0,0.1728,Active
SPOT-123616,0,0.3966,Active
SPOT-123617,0,0.4012,Active
SPOT-123618,1,0.6998,Price / Cost
SPOT-123619,0,0.2221,Active
SPOT-123620,0,0.312,Active
SPOT-123621,1,0.7307,Price / Cost
SPOT-123622,1,0.6174,Too Many Ads
SPOT-123623,1,0.7256,Too Many Ads
SPOT-123624,0,0.4427,Active
SPOT-123625,0,0.5223,Active
SPOT-123626,0,0.4665,Active
SPOT-123627,0,0.1518,Active
SPOT-123628,0,0.3942,Active
SPOT-123629,0,0.2887,Active
SPOT-123630,0,0.5471,Active
SPOT-123631,0,0.3278,Active
SPOT-123632,1,0.6624,Technical Bugs
SPOT-123633,1,0.5804,Too Many Ads
SPOT-123634,1,0.5762,Too Many Ads
SPOT-123635,0,0.2021,Active
SPOT-123636,0,0.1105,Active
SPOT-123637,0,0.4396,Active
SPOT-123638,0,0.4631,Active
SPOT-123639,0,0.3475,Active
SPOT-123640,0,0.5534,Active
SPOT-123641,0,0.3914,Active
SPOT-123642,1,0.6416,Price / Cost
SPOT-123643,0,0.2984,Active
SPOT-123644,0,0.3298,Active
SPOT-123645,0,0.5243,Active
SPOT-123646,0,0.2598,Active
SPOT-123647,0,0.4835,Active
SPOT-123648,0,0.4875,Active
SPOT-123649,0,0.4462,Active
SPOT-123650,0,0.4716,Active
SPOT-123651,0,0.5475,Active
SPOT-123652,1,0.5879,Price / Cost
SPOT-123653,0,0.2708,Active
SPOT-123654,0,0.3757,Active
SPOT-123655,0,0.4086,Active
SPOT-123656,1,0.6151,Too Many Ads
SPOT-123657,0,0.3858,Active
SPOT-123658,0,0.524,Active
SPOT-123659,0,0.5549,Active
SPOT-123660,0,0.3434,Active
SPOT-123661,0,0.2414,Active
SPOT-123662,0,0.3804,Active
SPOT-123663,0,0.3828,Active
SPOT-123664,0,0.2988,Active
SPOT-123665,0,0.3694,Active
SPOT-123666,0,0.4523,Active
SPOT-123667,0,0.4938,Active
SPOT-123668,1,0.7084,Switched to Competitor
SPOT-123669,0,0.3183,Active
SPOT-123670,1,0.577,Switched to Competitor
SPOT-123671,0,0.3444,Active
SPOT-123672,0,0.2098,Active
SPOT-123673,0,0.5397,Active
SPOT-123674,0,0.2782,Active
SPOT-123675,0,0.453,Active
SPOT-123676,1,0.6094,Low Usage / No Time
SPOT-123677,0,0.4712,Active
SPOT-123678,1,0.6027,Price / Cost
SPOT-123679,0,0.4277,Active
SPOT-123680,0,0.2477,Active
SPOT-123681,1,0.6309,Price / Cost
SPOT-123682,0,0.4727,Active
SPOT-123683,0,0.3466,Active
SPOT-123684,0,0.5496,Active
SPOT-123685,0,0.3329,Active
SPOT-123686,0,0.3627,Active
SPOT-123687,0,0.4173,Active
SPOT-123688,1,0.5786,Too Many Ads
SPOT-123689,0,0.3845,Active
SPOT-123690,0,0.5157,Active
SPOT-123691,1,0.7152,Price / Cost
SPOT-123692,1,0.7511,Too Many Ads
SPOT-123693,0,0.4233,Active
SPOT-123694,0,0.553,Active
SPOT-123695,0,0.3021,Active
SPOT-123696,0,0.4474,Active
SPOT-123697,0,0.4679,Active
SPOT-123698,0,0.422,Active
SPOT-123699,0,0.4025,Active
SPOT-123700,0,0.2162,Active
SPOT-123701,0,0.2809,Active
SPOT-123702,0,0.4932,Active
SPOT-123703,0,0.1964,Active
SPOT-123704,0,0.3354,Active
SPOT-123705,0,0.4339,Active
SPOT-123706,0,0.3749,Active
SPOT-123707,0,0.3945,Active
SPOT-123708,0,0.3344,Active
SPOT-123709,1,0.5768,Low Usage / No Time
SPOT-123710,1,0.5938,Too Many Ads
SPOT-123711,0,0.3819,Active
SPOT-123712,1,0.5975,Too Many Ads
SPOT-123713,0,0.4133,Active
SPOT-123714,0,0.2581,Active
SPOT-123715,0,0.2804,Active
SPOT-123716,1,0.6544,Price / Cost
SPOT-123717,1,0.7992,Price / Cost
SPOT-123718,0,0.383,Active
SPOT-123719,0,0.3184,Active
SPOT-123720,0,0.3945,Active
SPOT-123721,0,0.18,Active
SPOT-123722,0,0.1526,Active
SPOT-123723,0,0.1577,Active
SPOT-123724,0,0.5571,Active
SPOT-123725,1,0.6093,Low Usage / No Time
SPOT-123726,0,0.261,Active
SPOT-123727,0,0.4378,Active
SPOT-123728,0,0.4192,Active
SPOT-123729,0,0.1933,Active
SPOT-123730,0,0.4856,Active
SPOT-123731,0,0.3006,Active
SPOT-123732,0,0.258,Active
SPOT-123733,0,0.1919,Active
SPOT-123734,0,0.3155,Active
SPOT-123735,1,0.6887,Too Many Ads
SPOT-123736,0,0.3549,Active
SPOT-123737,0,0.4426,Active
SPOT-123738,0,0.1931,Active
SPOT-123739,1,0.5711,Low Usage / No Time
SPOT-123740,0,0.2918,Active
SPOT-123741,0,0.4105,Active
SPOT-123742,0,0.5462,Active
SPOT-123743,1,0.7166,Switched to Competitor
SPOT-123744,0,0.4147,Active
SPOT-123745,0,0.3385,Active
SPOT-123746,0,0.3815,Active
SPOT-123747,0,0.5288,Active
SPOT-123748,1,0.6092,Switched to Competitor
SPOT-123749,0,0.3589,Active
SPOT-123750,0,0.4439,Active
SPOT-123751,0,0.4266,Active
SPOT-123752,0,0.5024,Active
SPOT-123753,0,0.4501,Active
SPOT-123754,0,0.3135,Active
SPOT-123755,0,0.4687,Active
SPOT-123756,0,0.2497,Active
SPOT-123757,1,0.6055,Too Many Ads
SPOT-123758,0,0.2397,Active
SPOT-123759,0,0.2194,Active
SPOT-123760,0,0.4138,Active
SPOT-123761,0,0.3236,Active
SPOT-123762,0,0.2137,Active
SPOT-123763,0,0.4276,Active
SPOT-123764,0,0.5657,Active
SPOT-123765,1,0.7491,Switched to Competitor
SPOT-123766,0,0.1529,Active
SPOT-123767,0,0.3726,Active
SPOT-123768,0,0.4747,Active
SPOT-123769,0,0.2967,Active
SPOT-123770,0,0.5112,Active
SPOT-123771,0,0.5036,Active
SPOT-123772,1,0.5699,Switched to Competitor
SPOT-123773,0,0.4555,Active
SPOT-123774,1,0.5985,Switched to Competitor
SPOT-123775,0,0.3045,Active
SPOT-123776,1,0.7314,Price / Cost
SPOT-123777,0,0.3067,Active
SPOT-123778,0,0.3732,Active
SPOT-123779,0,0.4212,Active
SPOT-123780,0,0.3284,Active
SPOT-123781,0,0.2916,Active
SPOT-123782,0,0.4167,Active
SPOT-123783,0,0.3666,Active
SPOT-123784,1,0.6263,Too Many Ads
SPOT-123785,0,0.3599,Active
SPOT-123786,0,0.414,Active
SPOT-123787,0,0.5088,Active
SPOT-123788,1,0.5689,Price / Cost
SPOT-123789,1,0.6468,Low Usage / No Time
SPOT-123790,0,0.3448,Active
SPOT-123791,0,0.5007,Active
SPOT-123792,0,0.4238,Active
SPOT-123793,0,0.3195,Active
SPOT-123794,0,0.4022,Active
SPOT-123795,0,0.5587,Active
SPOT-123796,0,0.2543,Active
SPOT-123797,0,0.3173,Active
SPOT-123798,0,0.2977,Active
SPOT-123799,0,0.1399,Active
SPOT-123800,0,0.5495,Active
SPOT-123801,0,0.3724,Active
SPOT-123802,0,0.2966,Active
SPOT-123803,0,0.4847,Active
SPOT-123804,0,0.4878,Active
SPOT-123805,0,0.33,Active
SPOT-123806,1,0.6047,Price / Cost
SPOT-123807,0,0.1308,Active
SPOT-123808,0,0.194,Active
SPOT-123809,0,0.2332,Active
SPOT-123810,0,0.5639,Active
SPOT-123811,1,0.6869,Too Many Ads
SPOT-123812,0,0.3915,Active
SPOT-123813,0,0.4773,Active
SPOT-123814,0,0.3341,Active
SPOT-123815,1,0.5701,Too Many Ads
SPOT-123816,0,0.3522,Active
SPOT-123817,0,0.5455,Active
SPOT-123818,0,0.2644,Active
SPOT-123819,0,0.2401,Active
SPOT-123820,0,0.5594,Active
SPOT-123821,0,0.2931,Active
SPOT-123822,0,0.3961,Active
SPOT-123823,0,0.3914,Active
SPOT-123824,0,0.4029,Active
SPOT-123825,0,0.5624,Active
SPOT-123826,0,0.2995,Active
SPOT-123827,0,0.52,Active
SPOT-123828,1,0.5689,Low Usage / No Time
SPOT-123829,0,0.3128,Active
SPOT-123830,0,0.4559,Active
SPOT-123831,0,0.4033,Active
SPOT-123832,1,0.7748,Too Many Ads
SPOT-123833,0,0.4425,Active
SPOT-123834,1,0.5931,Too Many Ads
SPOT-123835,0,0.4326,Active
SPOT-123836,0,0.2584,Active
SPOT-123837,0,0.1873,Active
SPOT-123838,0,0.308,Active
SPOT-123839,0,0.4306,Active
SPOT-123840,0,0.4292,Active
SPOT-123841,0,0.2621,Active
SPOT-123842,0,0.2887,Active
SPOT-123843,0,0.3022,Active
SPOT-123844,0,0.4093,Active
SPOT-123845,0,0.2061,Active
SPOT-123846,0,0.1448,Active
SPOT-123847,0,0.2887,Active
SPOT-123848,0,0.5195,Active
SPOT-123849,0,0.2672,Active
SPOT-123850,0,0.275,Active
SPOT-123851,0,0.5184,Active
SPOT-123852,0,0.47,Active
SPOT-123853,0,0.4947,Active
SPOT-123854,0,0.3923,Active
SPOT-123855,1,0.5872,Too Many Ads
SPOT-123856,0,0.4819,Active
SPOT-123857,0,0.4376,Active
SPOT-123858,0,0.1703,Active
SPOT-123859,0,0.371,Active
SPOT-123860,0,0.3419,Active
SPOT-123861,0,0.1771,Active
SPOT-123862,0,0.4786,Active
SPOT-123863,0,0.4015,Active
SPOT-123864,1,0.6081,Switched to Competitor
SPOT-123865,1,0.6246,Low Usage / No Time
SPOT-123866,0,0.4182,Active
SPOT-123867,0,0.308,Active
SPOT-123868,0,0.5066,Active
SPOT-123869,0,0.2397,Active
SPOT-123870,0,0.2868,Active
SPOT-123871,0,0.3005,Active
SPOT-123872,0,0.4635,Active
SPOT-123873,0,0.4778,Active
SPOT-123874,0,0.5527,Active
SPOT-123875,0,0.5067,Active
SPOT-123876,0,0.3693,Active
SPOT-123877,0,0.4218,Active
SPOT-123878,0,0.4991,Active
SPOT-123879,0,0.5136,Active
SPOT-123880,0,0.5138,Active
SPOT-123881,0,0.4967,Active
SPOT-123882,0,0.3735,Active
SPOT-123883,0,0.5533,Active
SPOT-123884,0,0.213,Active
SPOT-123885,0,0.4533,Active
SPOT-123886,0,0.273,Active
SPOT-123887,1,0.6274,Too Many Ads
SPOT-123888,0,0.2256,Active
SPOT-123889,0,0.5314,Active
SPOT-123890,0,0.3183,Active
SPOT-123891,0,0.4648,Active
SPOT-123892,0,0.3568,Active
SPOT-123893,0,0.3403,Active
SPOT-123894,0,0.2858,Active
SPOT-123895,0,0.5561,Active
SPOT-123896,1,0.6192,Low Usage / No Time
SPOT-123897,1,0.6422,Too Many Ads
SPOT-123898,0,0.4078,Active
SPOT-123899,0,0.4657,Active
SPOT-123900,0,0.3957,Active
SPOT-123901,0,0.2657,Active
SPOT-123902,0,0.2223,Active
SPOT-123903,0,0.2823,Active
SPOT-123904,0,0.418,Active
SPOT-123905,0,0.5457,Active
SPOT-123906,1,0.6253,Price / Cost
SPOT-123907,0,0.255,Active
SPOT-123908,0,0.2495,Active
SPOT-123909,0,0.4697,Active
SPOT-123910,0,0.1968,Active
SPOT-123911,0,0.3018,Active
SPOT-123912,0,0.1704,Active
SPOT-123913,0,0.221,Active
SPOT-123914,0,0.3064,Active
SPOT-123915,0,0.3205,Active
SPOT-123916,0,0.1197,Active
SPOT-123917,0,0.4356,Active
SPOT-123918,1,0.6009,Price / Cost
SPOT-123919,0,0.5028,Active
SPOT-123920,0,0.2475,Active
SPOT-123921,0,0.4345,Active
SPOT-123922,0,0.5089,Active
SPOT-123923,0,0.4601,Active
SPOT-123924,0,0.536,Active
SPOT-123925,1,0.7808,Low Usage / No Time
SPOT-123926,0,0.3085,Active
SPOT-123927,0,0.4502,Active
SPOT-123928,0,0.5109,Active
SPOT-123929,0,0.2114,Active
SPOT-123930,0,0.2495,Active
SPOT-123931,0,0.1632,Active
SPOT-123932,0,0.2796,Active
SPOT-123933,0,0.5638,Active
SPOT-123934,0,0.5645,Active
SPOT-123935,0,0.1888,Active
SPOT-123936,0,0.1852,Active
SPOT-123937,0,0.4149,Active
SPOT-123938,0,0.4253,Active
SPOT-123939,0,0.5584,Active
SPOT-123940,0,0.3359,Active
SPOT-123941,0,0.5163,Active
SPOT-123942,0,0.3137,Active
SPOT-123943,1,0.7196,Too Many Ads
SPOT-123944,0,0.4138,Active
SPOT-123945,1,0.6093,Technical Bugs
SPOT-123946,0,0.2219,Active
SPOT-123947,1,0.574,Too Many Ads
SPOT-123948,0,0.1595,Active
SPOT-123949,0,0.2792,Active
SPOT-123950,0,0.4848,Active
SPOT-123951,0,0.5494,Active
SPOT-123952,0,0.397,Active
SPOT-123953,1,0.7435,Low Usage / No Time
SPOT-123954,0,0.5294,Active
SPOT-123955,0,0.4162,Active
SPOT-123956,1,0.6423,Price / Cost
SPOT-123957,0,0.3122,Active
SPOT-123958,0,0.2261,Active
SPOT-123959,0,0.2836,Active
SPOT-123960,0,0.3636,Active
SPOT-123961,0,0.3859,Active
SPOT-123962,1,0.5712,Switched to Competitor
SPOT-123963,0,0.3395,Active
SPOT-123964,0,0.3467,Active
SPOT-123965,0,0.344,Active
SPOT-123966,1,0.8387,Low Usage / No Time
SPOT-123967,0,0.3566,Active
SPOT-123968,0,0.3713,Active
SPOT-123969,1,0.6351,Switched to Competitor
SPOT-123970,0,0.4343,Active
SPOT-123971,0,0.4461,Active
SPOT-123972,0,0.2202,Active
SPOT-123973,0,0.3731,Active
SPOT-123974,0,0.4729,Active
SPOT-123975,0,0.2924,Active
SPOT-123976,0,0.5073,Active
SPOT-123977,0,0.1109,Active
SPOT-123978,0,0.4829,Active
SPOT-123979,0,0.5662,Active
SPOT-123980,0,0.464,Active
SPOT-123981,0,0.3058,Active
SPOT-123982,0,0.2358,Active
SPOT-123983,1,0.6252,Switched to Competitor
SPOT-123984,1,0.647,Price / Cost
SPOT-123985,0,0.1864,Active
SPOT-123986,0,0.4667,Active
SPOT-123987,0,0.1884,Active
SPOT-123988,0,0.3266,Active
SPOT-123989,0,0.5188,Active
SPOT-123990,0,0.4571,Active
SPOT-123991,0,0.2272,Active
SPOT-123992,0,0.4502,Active
SPOT-123993,1,0.6612,Price / Cost
SPOT-123994,0,0.3883,Active
SPOT-123995,0,0.2422,Active
SPOT-123996,0,0.4577,Active
SPOT-123997,0,0.4154,Active
SPOT-123998,0,0.4023,Active
SPOT-123999,0,0.3417,Active
SPOT-124000,0,0.1524,Active
SPOT-124001,0,0.5628,Active
SPOT-124002,0,0.563,Active
SPOT-124003,0,0.5542,Active
SPOT-124004,0,0.3347,Active
SPOT-124005,0,0.2579,Active
SPOT-124006,0,0.5381,Active
SPOT-124007,1,0.6249,Switched to Competitor
SPOT-124008,1,0.6924,Price / Cost
SPOT-124009,0,0.3857,Active
SPOT-124010,0,0.422,Active
SPOT-124011,0,0.229,Active
SPOT-124012,0,0.5222,Active
SPOT-124013,0,0.4468,Active
SPOT-124014,0,0.2477,Active
SPOT-124015,0,0.4967,Active
SPOT-124016,1,0.6022,Too Many Ads
SPOT-124017,0,0.4902,Active
SPOT-124018,1,0.8546,Switched to Competitor
SPOT-124019,0,0.2769,Active
SPOT-124020,0,0.4972,Active
SPOT-124021,0,0.473,Active
SPOT-124022,0,0.3175,Active
SPOT-124023,0,0.3997,Active
SPOT-124024,1,0.7284,Low Usage / No Time
SPOT-124025,0,0.5286,Active
SPOT-124026,0,0.5297,Active
SPOT-124027,1,0.6015,Price / Cost
SPOT-124028,0,0.4937,Active
SPOT-124029,0,0.3783,Active
SPOT-124030,0,0.4955,Active
SPOT-124031,0,0.3371,Active
SPOT-124032,1,0.6185,Too Many Ads
SPOT-124033,0,0.1552,Active
SPOT-124034,0,0.3339,Active
SPOT-124035,0,0.4847,Active
SPOT-124036,0,0.2633,Active
SPOT-124037,0,0.4669,Active
SPOT-124038,0,0.5532,Active
SPOT-124039,0,0.1503,Active
SPOT-124040,0,0.375,Active
SPOT-124041,0,0.1024,Active
SPOT-124042,0,0.4541,Active
SPOT-124043,0,0.3985,Active
SPOT-124044,1,0.7011,Too Many Ads
SPOT-124045,0,0.3224,Active
SPOT-124046,0,0.2952,Active
SPOT-124047,0,0.4741,Active
SPOT-124048,0,0.3395,Active
SPOT-124049,0,0.3374,Active
SPOT-124050,0,0.1804,Active
SPOT-124051,0,0.5266,Active
SPOT-124052,0,0.1853,Active
SPOT-124053,0,0.292,Active
SPOT-124054,0,0.2722,Active
SPOT-124055,0,0.4283,Active
SPOT-124056,0,0.2523,Active
SPOT-124057,0,0.2532,Active
SPOT-124058,0,0.395,Active
SPOT-124059,1,0.605,Price / Cost
SPOT-124060,0,0.4864,Active
SPOT-124061,0,0.0871,Active
SPOT-124062,0,0.552,Active
SPOT-124063,0,0.3371,Active
SPOT-124064,1,0.6577,Too Many Ads
SPOT-124065,0,0.5545,Active
SPOT-124066,0,0.181,Active
SPOT-124067,0,0.3808,Active
SPOT-124068,0,0.4042,Active
SPOT-124069,0,0.3939,Active
SPOT-124070,0,0.3877,Active
SPOT-124071,1,0.6441,Too Many Ads
SPOT-124072,1,0.5773,Price / Cost
SPOT-124073,0,0.1267,Active
SPOT-124074,0,0.3198,Active
SPOT-124075,0,0.5368,Active
SPOT-124076,0,0.3547,Active
SPOT-124077,0,0.4041,Active
SPOT-124078,0,0.5095,Active
SPOT-124079,1,0.7539,Price / Cost
SPOT-124080,0,0.4547,Active
SPOT-124081,0,0.3346,Active
SPOT-124082,0,0.5085,Active
SPOT-124083,1,0.63,Price / Cost
SPOT-124084,1,0.7359,Switched to Competitor
SPOT-124085,0,0.3921,Active
SPOT-124086,0,0.2455,Active
SPOT-124087,0,0.0868,Active
SPOT-124088,1,0.6032,Price / Cost
SPOT-124089,0,0.2028,Active
SPOT-124090,0,0.3465,Active
SPOT-124091,0,0.1839,Active
SPOT-124092,0,0.174,Active
SPOT-124093,0,0.5012,Active
SPOT-124094,0,0.3396,Active
SPOT-124095,1,0.7156,Price / Cost
SPOT-124096,0,0.3802,Active
SPOT-124097,0,0.4566,Active
SPOT-124098,0,0.3375,Active
SPOT-124099,0,0.402,Active
SPOT-124100,0,0.5527,Active
SPOT-124101,1,0.6534,Price / Cost
SPOT-124102,0,0.5224,Active
SPOT-124103,0,0.3513,Active
SPOT-124104,0,0.4453,Active
SPOT-124105,0,0.519,Active
SPOT-124106,0,0.3791,Active
SPOT-124107,1,0.5782,Low Usage / No Time
SPOT-124108,0,0.1702,Active
SPOT-124109,0,0.5387,Active
SPOT-124110,0,0.4527,Active
SPOT-124111,0,0.4868,Active
SPOT-124112,1,0.6317,Too Many Ads
SPOT-124113,0,0.1569,Active
SPOT-124114,1,0.7518,Switched to Competitor
SPOT-124115,0,0.2687,Active
SPOT-124116,0,0.3525,Active
SPOT-124117,1,0.5695,Price / Cost
SPOT-124118,1,0.6012,Price / Cost
SPOT-124119,1,0.7158,Price / Cost
SPOT-124120,1,0.6058,Low Usage / No Time
SPOT-124121,0,0.4691,Active
SPOT-124122,0,0.3988,Active
SPOT-124123,0,0.5621,Active
SPOT-124124,0,0.5126,Active
SPOT-124125,0,0.5257,Active
SPOT-124126,0,0.5182,Active
SPOT-124127,0,0.3321,Active
SPOT-124128,0,0.3579,Active
SPOT-124129,1,0.6324,Too Many Ads
SPOT-124130,0,0.4901,Active
SPOT-124131,1,0.6376,Switched to Competitor
SPOT-124132,0,0.5027,Active
SPOT-124133,1,0.6207,Switched to Competitor
SPOT-124134,0,0.5588,Active
SPOT-124135,0,0.2208,Active
SPOT-124136,0,0.1072,Active
SPOT-124137,1,0.5781,Technical Bugs
SPOT-124138,0,0.437,Active
SPOT-124139,0,0.3714,Active
SPOT-124140,1,0.6107,Technical Bugs
SPOT-124141,0,0.5666,Active
SPOT-124142,0,0.2498,Active
SPOT-124143,0,0.2044,Active
SPOT-124144,0,0.5399,Active
SPOT-124145,1,0.5845,Too Many Ads
SPOT-124146,0,0.473,Active
SPOT-124147,0,0.2962,Active
SPOT-124148,0,0.3191,Active
SPOT-124149,0,0.3129,Active
SPOT-124150,0,0.2358,Active
SPOT-124151,0,0.5103,Active
SPOT-124152,0,0.3368,Active
SPOT-124153,0,0.3664,Active
SPOT-124154,1,0.7128,Price / Cost
SPOT-124155,0,0.2674,Active
SPOT-124156,0,0.169,Active
SPOT-124157,0,0.3682,Active
SPOT-124158,0,0.2778,Active
SPOT-124159,0,0.4194,Active
SPOT-124160,0,0.4222,Active
SPOT-124161,0,0.2826,Active
SPOT-124162,0,0.4919,Active
SPOT-124163,0,0.2915,Active
SPOT-124164,0,0.3649,Active
SPOT-124165,0,0.2358,Active
SPOT-124166,1,0.6271,Too Many Ads
SPOT-124167,0,0.4647,Active
SPOT-124168,1,0.5913,Switched to Competitor
SPOT-124169,0,0.239,Active
SPOT-124170,0,0.4334,Active
SPOT-124171,1,0.5986,Price / Cost
SPOT-124172,1,0.5893,Price / Cost
SPOT-124173,0,0.3719,Active
SPOT-124174,0,0.3989,Active
SPOT-124175,0,0.0988,Active
SPOT-124176,1,0.6792,Price / Cost
SPOT-124177,1,0.7158,Too Many Ads
SPOT-124178,0,0.403,Active
SPOT-124179,0,0.228,Active
SPOT-124180,0,0.1887,Active
SPOT-124181,1,0.6982,Technical Bugs
SPOT-124182,0,0.4294,Active
SPOT-124183,0,0.3164,Active
SPOT-124184,0,0.1247,Active
SPOT-124185,1,0.6374,Price / Cost
SPOT-124186,1,0.7534,Price / Cost
SPOT-124187,0,0.3033,Active
SPOT-124188,0,0.1394,Active
SPOT-124189,0,0.2558,Active
SPOT-124190,0,0.5158,Active
SPOT-124191,0,0.2346,Active
SPOT-124192,0,0.484,Active
SPOT-124193,1,0.6642,Too Many Ads
SPOT-124194,0,0.4488,Active
SPOT-124195,0,0.2991,Active
SPOT-124196,0,0.2801,Active
SPOT-124197,0,0.328,Active
SPOT-124198,1,0.7456,Too Many Ads
SPOT-124199,0,0.422,Active
SPOT-124200,1,0.6153,Price / Cost
SPOT-124201,0,0.359,Active
SPOT-124202,1,0.6506,Switched to Competitor
SPOT-124203,0,0.5371,Active
SPOT-124204,0,0.4723,Active
SPOT-124205,0,0.4631,Active
SPOT-124206,0,0.558,Active
SPOT-124207,0,0.5059,Active
SPOT-124208,0,0.3104,Active
SPOT-124209,1,0.6515,Technical Bugs
SPOT-124210,1,0.5854,Switched to Competitor
SPOT-124211,0,0.5327,Active
SPOT-124212,0,0.2808,Active
SPOT-124213,1,0.5892,Technical Bugs
SPOT-124214,1,0.7708,Switched to Competitor
SPOT-124215,1,0.6401,Price / Cost
SPOT-124216,0,0.5297,Active
SPOT-124217,0,0.3089,Active
SPOT-124218,0,0.4398,Active
SPOT-124219,1,0.5973,Technical Bugs
SPOT-124220,0,0.376,Active
SPOT-124221,0,0.4119,Active
SPOT-124222,0,0.273,Active
SPOT-124223,0,0.292,Active
SPOT-124224,0,0.2016,Active
SPOT-124225,1,0.6194,Switched to Competitor
SPOT-124226,0,0.2537,Active
SPOT-124227,0,0.4046,Active
SPOT-124228,1,0.6008,Price / Cost
SPOT-124229,0,0.363,Active
SPOT-124230,0,0.3165,Active
SPOT-124231,0,0.4582,Active
SPOT-124232,0,0.3524,Active
SPOT-124233,0,0.4574,Active
SPOT-124234,1,0.6196,Too Many Ads
SPOT-124235,0,0.2949,Active
SPOT-124236,1,0.6871,Price / Cost
SPOT-124237,0,0.3622,Active
SPOT-124238,1,0.6638,Price / Cost
SPOT-124239,0,0.3507,Active
SPOT-124240,0,0.2514,Active
SPOT-124241,0,0.1568,Active
SPOT-124242,1,0.5782,Too Many Ads
SPOT-124243,0,0.5611,Active
SPOT-124244,0,0.2509,Active
SPOT-124245,0,0.486,Active
SPOT-124246,1,0.724,Too Many Ads
SPOT-124247,1,0.5827,Switched to Competitor
SPOT-124248,0,0.3529,Active
SPOT-124249,0,0.4243,Active
SPOT-124250,0,0.4431,Active
SPOT-124251,0,0.3134,Active
SPOT-124252,0,0.3133,Active
SPOT-124253,0,0.4731,Active
SPOT-124254,1,0.7297,Too Many Ads
SPOT-124255,0,0.2988,Active
SPOT-124256,0,0.0867,Active
SPOT-124257,0,0.5089,Active
SPOT-124258,0,0.3533,Active
SPOT-124259,0,0.4592,Active
SPOT-124260,1,0.5709,Too Many Ads
SPOT-124261,1,0.7382,Price / Cost
SPOT-124262,0,0.3391,Active
SPOT-124263,1,0.7142,Switched to Competitor
SPOT-124264,1,0.6507,Price / Cost
SPOT-124265,0,0.127,Active
SPOT-124266,1,0.5885,Price / Cost
SPOT-124267,0,0.551,Active
SPOT-124268,0,0.3838,Active
SPOT-124269,0,0.2689,Active
SPOT-124270,0,0.4542,Active
SPOT-124271,0,0.5137,Active
SPOT-124272,1,0.7114,Too Many Ads
SPOT-124273,1,0.627,Switched to Competitor
SPOT-124274,1,0.6926,Too Many Ads
SPOT-124275,0,0.2756,Active
SPOT-124276,0,0.3431,Active
SPOT-124277,0,0.559,Active
SPOT-124278,1,0.578,Too Many Ads
SPOT-124279,0,0.3779,Active
SPOT-124280,1,0.6138,Price / Cost
SPOT-124281,1,0.6067,Too Many Ads
SPOT-124282,0,0.3796,Active
SPOT-124283,0,0.2136,Active
SPOT-124284,0,0.3521,Active
SPOT-124285,1,0.5683,Low Usage / No Time
SPOT-124286,1,0.6815,Switched to Competitor
SPOT-124287,0,0.4454,Active
SPOT-124288,0,0.2259,Active
SPOT-124289,0,0.4782,Active
SPOT-124290,0,0.354,Active
SPOT-124291,0,0.389,Active
SPOT-124292,1,0.5989,Price / Cost
SPOT-124293,0,0.5351,Active
SPOT-124294,0,0.51,Active
SPOT-124295,0,0.3581,Active
SPOT-124296,0,0.4516,Active
SPOT-124297,0,0.4332,Active
SPOT-124298,1,0.6672,Low Usage / No Time
SPOT-124299,0,0.2443,Active
SPOT-124300,0,0.333,Active
SPOT-124301,0,0.4697,Active
SPOT-124302,1,0.6254,Price / Cost
SPOT-124303,0,0.388,Active
SPOT-124304,0,0.2946,Active
SPOT-124305,0,0.327,Active
SPOT-124306,0,0.3066,Active
SPOT-124307,1,0.6572,Price / Cost
SPOT-124308,0,0.2022,Active
SPOT-124309,0,0.2381,Active
SPOT-124310,0,0.2384,Active
SPOT-124311,0,0.3635,Active
SPOT-124312,1,0.6599,Price / Cost
SPOT-124313,0,0.2329,Active
SPOT-124314,0,0.3067,Active
SPOT-124315,1,0.5744,Price / Cost
SPOT-124316,0,0.3569,Active
SPOT-124317,0,0.4843,Active
SPOT-124318,0,0.3534,Active
SPOT-124319,0,0.2014,Active
SPOT-124320,0,0.4285,Active
SPOT-124321,0,0.3491,Active
SPOT-124322,0,0.2086,Active
SPOT-124323,0,0.5128,Active
SPOT-124324,0,0.2586,Active
SPOT-124325,0,0.5354,Active
SPOT-124326,0,0.2974,Active
SPOT-124327,0,0.1847,Active
SPOT-124328,0,0.4805,Active
SPOT-124329,1,0.71,Switched to Competitor
SPOT-124330,0,0.4794,Active
SPOT-124331,1,0.6771,Technical Bugs
SPOT-124332,0,0.1816,Active
SPOT-124333,0,0.4872,Active
SPOT-124334,1,0.7351,Too Many Ads
SPOT-124335,0,0.358,Active
SPOT-124336,1,0.5763,Switched to Competitor
SPOT-124337,0,0.1862,Active
SPOT-124338,0,0.3461,Active
SPOT-124339,0,0.3034,Active
SPOT-124340,0,0.2828,Active
SPOT-124341,0,0.3292,Active
SPOT-124342,0,0.4573,Active
SPOT-124343,0,0.4032,Active
SPOT-124344,0,0.3152,Active
SPOT-124345,0,0.5082,Active
SPOT-124346,0,0.3673,Active
SPOT-124347,0,0.3464,Active
SPOT-124348,0,0.295,Active
SPOT-124349,0,0.4612,Active
SPOT-124350,0,0.3455,Active
SPOT-124351,0,0.344,Active
SPOT-124352,0,0.3675,Active
SPOT-124353,0,0.3703,Active
SPOT-124354,0,0.2468,Active
SPOT-124355,0,0.3529,Active
SPOT-124356,1,0.6732,Price / Cost
SPOT-124357,0,0.3338,Active
SPOT-124358,0,0.3895,Active
SPOT-124359,0,0.2707,Active
SPOT-124360,0,0.472,Active
SPOT-124361,0,0.5442,Active
SPOT-124362,0,0.4713,Active
SPOT-124363,0,0.3067,Active
SPOT-124364,0,0.4846,Active
SPOT-124365,1,0.6438,Too Many Ads
SPOT-124366,0,0.4229,Active
SPOT-124367,1,0.7211,Price / Cost
SPOT-124368,1,0.5758,Price / Cost
SPOT-124369,0,0.4853,Active
SPOT-124370,0,0.266,Active
SPOT-124371,0,0.3175,Active
SPOT-124372,0,0.2781,Active
SPOT-124373,0,0.3562,Active
SPOT-124374,1,0.6654,Price / Cost
SPOT-124375,0,0.3251,Active
SPOT-124376,0,0.2983,Active
SPOT-124377,0,0.1668,Active
SPOT-124378,0,0.4655,Active
SPOT-124379,0,0.3912,Active
SPOT-124380,0,0.2712,Active
SPOT-124381,0,0.2265,Active
SPOT-124382,0,0.4858,Active
SPOT-124383,0,0.3819,Active
SPOT-124384,0,0.1714,Active
SPOT-124385,1,0.5902,Price / Cost
SPOT-124386,0,0.4665,Active
SPOT-124387,0,0.1768,Active
SPOT-124388,0,0.3084,Active
SPOT-124389,0,0.4619,Active
SPOT-124390,1,0.5742,Price / Cost
SPOT-124391,0,0.456,Active
SPOT-124392,1,0.667,Switched to Competitor
SPOT-124393,0,0.5031,Active
SPOT-124394,0,0.2991,Active
SPOT-124395,1,0.6554,Too Many Ads
SPOT-124396,1,0.6076,Switched to Competitor
SPOT-124397,0,0.2851,Active
SPOT-124398,0,0.4934,Active
SPOT-124399,0,0.345,Active
SPOT-124400,0,0.3265,Active
SPOT-124401,0,0.2947,Active
SPOT-124402,0,0.1775,Active
SPOT-124403,0,0.4768,Active
SPOT-124404,0,0.3212,Active
SPOT-124405,0,0.4496,Active
SPOT-124406,0,0.4604,Active
SPOT-124407,0,0.3404,Active
SPOT-124408,1,0.7253,Price / Cost
SPOT-124409,0,0.3024,Active
SPOT-124410,0,0.4889,Active
SPOT-124411,0,0.2479,Active
SPOT-124412,0,0.256,Active
SPOT-124413,0,0.4243,Active
SPOT-124414,0,0.4672,Active
SPOT-124415,0,0.5047,Active
SPOT-124416,0,0.2936,Active
SPOT-124417,0,0.3152,Active
SPOT-124418,0,0.4639,Active
SPOT-124419,1,0.643,Price / Cost
SPOT-124420,0,0.4552,Active
SPOT-124421,0,0.2384,Active
SPOT-124422,0,0.4589,Active
SPOT-124423,0,0.3334,Active
SPOT-124424,0,0.3211,Active
SPOT-124425,0,0.2837,Active
SPOT-124426,0,0.4218,Active
SPOT-124427,0,0.3415,Active
SPOT-124428,1,0.6137,Too Many Ads
SPOT-124429,0,0.3881,Active
SPOT-124430,0,0.4556,Active
SPOT-124431,1,0.5794,Price / Cost
SPOT-124432,0,0.2552,Active
SPOT-124433,0,0.4621,Active
SPOT-124434,0,0.2808,Active
SPOT-124435,0,0.4676,Active
SPOT-124436,0,0.3697,Active
SPOT-124437,0,0.2996,Active
SPOT-124438,0,0.2462,Active
SPOT-124439,0,0.4348,Active
SPOT-124440,0,0.3172,Active
SPOT-124441,0,0.5211,Active
SPOT-124442,0,0.5649,Active
SPOT-124443,1,0.581,Price / Cost
SPOT-124444,0,0.5073,Active
SPOT-124445,0,0.2592,Active
SPOT-124446,0,0.4552,Active
SPOT-124447,1,0.5874,Low Usage / No Time
SPOT-124448,0,0.507,Active
SPOT-124449,1,0.7308,Too Many Ads
SPOT-124450,0,0.375,Active
SPOT-124451,0,0.1112,Active
SPOT-124452,0,0.3593,Active
SPOT-124453,1,0.6303,Too Many Ads
SPOT-124454,1,0.5807,Price / Cost
SPOT-124455,0,0.5364,Active
SPOT-124456,0,0.2286,Active
SPOT-124457,0,0.3691,Active
SPOT-124458,0,0.3256,Active
SPOT-124459,0,0.5357,Active
SPOT-124460,0,0.4233,Active
SPOT-124461,0,0.2486,Active
SPOT-124462,0,0.3429,Active
SPOT-124463,0,0.3341,Active
SPOT-124464,1,0.6253,Too Many Ads
SPOT-124465,0,0.361,Active
SPOT-124466,1,0.5937,Too Many Ads
SPOT-124467,0,0.2069,Active
SPOT-124468,0,0.2364,Active
SPOT-124469,0,0.2894,Active
SPOT-124470,0,0.1592,Active
SPOT-124471,0,0.2567,Active
SPOT-124472,0,0.4808,Active
SPOT-124473,0,0.4346,Active
SPOT-124474,0,0.4425,Active
SPOT-124475,1,0.5828,Too Many Ads
SPOT-124476,0,0.4459,Active
SPOT-124477,0,0.3145,Active
SPOT-124478,1,0.6048,Switched to Competitor
SPOT-124479,0,0.2581,Active
SPOT-124480,0,0.2423,Active
SPOT-124481,1,0.6513,Technical Bugs
SPOT-124482,1,0.612,Switched to Competitor
SPOT-124483,0,0.2595,Active
SPOT-124484,0,0.2241,Active
SPOT-124485,0,0.2998,Active
SPOT-124486,0,0.2976,Active
SPOT-124487,1,0.6442,Price / Cost
SPOT-124488,1,0.6455,Price / Cost
SPOT-124489,0,0.446,Active
SPOT-124490,1,0.6403,Switched to Competitor
SPOT-124491,0,0.4156,Active
SPOT-124492,0,0.2958,Active
SPOT-124493,0,0.1217,Active
SPOT-124494,0,0.2105,Active
SPOT-124495,0,0.5629,Active
SPOT-124496,0,0.4628,Active
SPOT-124497,1,0.5946,Too Many Ads
SPOT-124498,0,0.1777,Active
SPOT-124499,0,0.1696,Active
SPOT-124500,0,0.4602,Active
SPOT-124501,0,0.2414,Active
SPOT-124502,0,0.484,Active
SPOT-124503,1,0.7051,Price / Cost
SPOT-124504,0,0.3713,Active
SPOT-124505,0,0.4086,Active
SPOT-124506,0,0.4809,Active
SPOT-124507,0,0.5015,Active
SPOT-124508,0,0.3649,Active
SPOT-124509,1,0.5866,Switched to Competitor
SPOT-124510,0,0.413,Active
SPOT-124511,0,0.2566,Active
SPOT-124512,1,0.6065,Low Usage / No Time
SPOT-124513,0,0.2915,Active
SPOT-124514,0,0.3307,Active
SPOT-124515,0,0.5631,Active
SPOT-124516,0,0.3635,Active
SPOT-124517,1,0.5741,Too Many Ads
SPOT-124518,0,0.3057,Active
SPOT-124519,0,0.2831,Active
SPOT-124520,0,0.3915,Active
SPOT-124521,0,0.3076,Active
SPOT-124522,0,0.2894,Active
SPOT-124523,0,0.1647,Active
SPOT-124524,0,0.4046,Active
SPOT-124525,0,0.4922,Active
SPOT-124526,0,0.2871,Active
SPOT-124527,1,0.6491,Price / Cost
SPOT-124528,0,0.3116,Active
SPOT-124529,0,0.4377,Active
SPOT-124530,1,0.6254,Too Many Ads
SPOT-124531,0,0.1979,Active
SPOT-124532,1,0.58,Low Usage / No Time
SPOT-124533,0,0.4918,Active
SPOT-124534,0,0.5112,Active
SPOT-124535,0,0.316,Active
SPOT-124536,0,0.455,Active
SPOT-124537,0,0.3956,Active
SPOT-124538,0,0.4481,Active
SPOT-124539,0,0.3057,Active
SPOT-124540,0,0.4046,Active
SPOT-124541,0,0.1566,Active
SPOT-124542,0,0.4081,Active
SPOT-124543,0,0.4738,Active
SPOT-124544,0,0.316,Active
SPOT-124545,0,0.4782,Active
SPOT-124546,0,0.2689,Active
SPOT-124547,0,0.1479,Active
SPOT-124548,0,0.4516,Active
SPOT-124549,0,0.5532,Active
SPOT-124550,0,0.332,Active
SPOT-124551,0,0.4822,Active
SPOT-124552,0,0.3646,Active
SPOT-124553,0,0.4459,Active
SPOT-124554,0,0.2995,Active
SPOT-124555,0,0.2625,Active
SPOT-124556,0,0.2789,Active
SPOT-124557,0,0.4425,Active
SPOT-124558,0,0.3699,Active
SPOT-124559,0,0.4586,Active
SPOT-124560,0,0.4688,Active
SPOT-124561,0,0.4465,Active
SPOT-124562,0,0.2985,Active
SPOT-124563,0,0.5242,Active
SPOT-124564,1,0.5716,Too Many Ads
SPOT-124565,0,0.2923,Active
SPOT-124566,0,0.2484,Active
SPOT-124567,1,0.6225,Too Many Ads
SPOT-124568,0,0.3135,Active
SPOT-124569,0,0.2356,Active
SPOT-124570,0,0.3147,Active
SPOT-124571,0,0.3437,Active
SPOT-124572,1,0.6855,Price / Cost
SPOT-124573,0,0.5607,Active
SPOT-124574,0,0.1926,Active
SPOT-124575,0,0.1802,Active
SPOT-124576,1,0.6736,Switched to Competitor
SPOT-124577,0,0.2626,Active
SPOT-124578,1,0.6227,Price / Cost
SPOT-124579,1,0.678,Price / Cost
SPOT-124580,0,0.4016,Active
SPOT-124581,0,0.3711,Active
SPOT-124582,1,0.6613,Price / Cost
SPOT-124583,0,0.5339,Active
SPOT-124584,0,0.4424,Active
SPOT-124585,0,0.5424,Active
SPOT-124586,0,0.5319,Active
SPOT-124587,0,0.2588,Active
SPOT-124588,0,0.211,Active
SPOT-124589,0,0.1812,Active
SPOT-124590,0,0.2445,Active
SPOT-124591,0,0.4005,Active
SPOT-124592,0,0.3208,Active
SPOT-124593,0,0.5047,Active
SPOT-124594,0,0.5433,Active
SPOT-124595,0,0.3097,Active
SPOT-124596,0,0.3067,Active
SPOT-124597,0,0.4854,Active
SPOT-124598,0,0.2311,Active
SPOT-124599,0,0.295,Active
SPOT-124600,0,0.2945,Active
SPOT-124601,0,0.0839,Active
SPOT-124602,0,0.2296,Active
SPOT-124603,0,0.3747,Active
SPOT-124604,0,0.3003,Active
SPOT-124605,0,0.4574,Active
SPOT-124606,0,0.518,Active
SPOT-124607,0,0.4548,Active
SPOT-124608,0,0.3813,Active
SPOT-124609,0,0.2212,Active
SPOT-124610,1,0.5822,Price / Cost
SPOT-124611,0,0.5534,Active
SPOT-124612,0,0.4502,Active
SPOT-124613,0,0.2893,Active
SPOT-124614,0,0.4131,Active
SPOT-124615,0,0.4746,Active
SPOT-124616,0,0.2444,Active
SPOT-124617,1,0.6401,Price / Cost
SPOT-124618,0,0.2932,Active
SPOT-124619,0,0.2187,Active
SPOT-124620,0,0.2586,Active
SPOT-124621,0,0.3426,Active
SPOT-124622,0,0.3658,Active
SPOT-124623,0,0.321,Active
SPOT-124624,0,0.321,Active
SPOT-124625,0,0.3161,Active
SPOT-124626,0,0.3987,Active
SPOT-124627,0,0.3208,Active
SPOT-124628,1,0.6282,Price / Cost
SPOT-124629,1,0.5718,Switched to Competitor
SPOT-124630,0,0.4234,Active
SPOT-124631,0,0.3378,Active
SPOT-124632,0,0.4773,Active
SPOT-124633,0,0.3809,Active
SPOT-124634,0,0.3146,Active
SPOT-124635,1,0.6188,Switched to Competitor
SPOT-124636,0,0.1594,Active
SPOT-124637,1,0.7678,Low Usage / No Time
SPOT-124638,0,0.3144,Active
SPOT-124639,0,0.3981,Active
SPOT-124640,0,0.5277,Active
SPOT-124641,0,0.5372,Active
SPOT-124642,0,0.4402,Active
SPOT-124643,0,0.544,Active
SPOT-124644,0,0.3768,Active
SPOT-124645,0,0.2682,Active
SPOT-124646,0,0.5457,Active
SPOT-124647,0,0.3163,Active
SPOT-124648,0,0.2043,Active
SPOT-124649,0,0.1506,Active
SPOT-124650,0,0.3658,Active
SPOT-124651,1,0.6119,Too Many Ads
SPOT-124652,0,0.2817,Active
SPOT-124653,0,0.2137,Active
SPOT-124654,0,0.3381,Active
SPOT-124655,0,0.3649,Active
SPOT-124656,1,0.5831,Too Many Ads
SPOT-124657,0,0.3579,Active
SPOT-124658,0,0.2499,Active
SPOT-124659,0,0.3009,Active
SPOT-124660,0,0.5209,Active
SPOT-124661,1,0.747,Switched to Competitor
SPOT-124662,0,0.4669,Active
SPOT-124663,0,0.1992,Active
SPOT-124664,0,0.2149,Active
SPOT-124665,0,0.4567,Active
SPOT-124666,1,0.6048,Too Many Ads
SPOT-124667,0,0.4287,Active
SPOT-124668,0,0.5236,Active
SPOT-124669,1,0.7048,Technical Bugs
SPOT-124670,0,0.2738,Active
SPOT-124671,1,0.5749,Price / Cost
SPOT-124672,1,0.6771,Low Usage / No Time
SPOT-124673,0,0.3751,Active
SPOT-124674,0,0.1835,Active
SPOT-124675,0,0.43,Active
SPOT-124676,0,0.092,Active
SPOT-124677,0,0.405,Active
SPOT-124678,0,0.3799,Active
SPOT-124679,0,0.4176,Active
SPOT-124680,1,0.6539,Switched to Competitor
SPOT-124681,0,0.3837,Active
SPOT-124682,0,0.3405,Active
SPOT-124683,0,0.5471,Active
SPOT-124684,0,0.3779,Active
SPOT-124685,0,0.3081,Active
SPOT-124686,0,0.3422,Active
SPOT-124687,0,0.2761,Active
SPOT-124688,0,0.2485,Active
SPOT-124689,0,0.4351,Active
SPOT-124690,0,0.3011,Active
SPOT-124691,0,0.3577,Active
SPOT-124692,0,0.134,Active
SPOT-124693,1,0.5871,Price / Cost
SPOT-124694,0,0.2648,Active
SPOT-124695,0,0.4042,Active
SPOT-124696,1,0.5755,Low Usage / No Time
SPOT-124697,0,0.5343,Active
SPOT-124698,0,0.4011,Active
SPOT-124699,1,0.7406,Low Usage / No Time
SPOT-124700,0,0.5316,Active
SPOT-124701,0,0.3521,Active
SPOT-124702,0,0.3533,Active
SPOT-124703,0,0.2841,Active
SPOT-124704,0,0.5447,Active
SPOT-124705,0,0.3884,Active
SPOT-124706,1,0.7116,Too Many Ads
SPOT-124707,0,0.5132,Active
SPOT-124708,0,0.534,Active
SPOT-124709,0,0.4017,Active
SPOT-124710,0,0.3696,Active
SPOT-124711,0,0.2452,Active
SPOT-124712,1,0.5846,Switched to Competitor
SPOT-124713,0,0.3787,Active
SPOT-124714,1,0.5767,Too Many Ads
SPOT-124715,0,0.3818,Active
SPOT-124716,0,0.2861,Active
SPOT-124717,0,0.1534,Active
SPOT-124718,0,0.3243,Active
SPOT-124719,1,0.6119,Too Many Ads
SPOT-124720,0,0.2488,Active
SPOT-124721,0,0.5535,Active
SPOT-124722,0,0.3362,Active
SPOT-124723,0,0.2533,Active
SPOT-124724,0,0.302,Active
SPOT-124725,0,0.4781,Active
SPOT-124726,1,0.5735,Switched to Competitor
SPOT-124727,0,0.2107,Active
SPOT-124728,0,0.1888,Active
SPOT-124729,0,0.3336,Active
SPOT-124730,0,0.4078,Active
SPOT-124731,0,0.2918,Active
SPOT-124732,0,0.2301,Active
SPOT-124733,0,0.2236,Active
SPOT-124734,0,0.3496,Active
SPOT-124735,1,0.597,Low Usage / No Time
SPOT-124736,1,0.6044,Switched to Competitor
SPOT-124737,0,0.2823,Active
SPOT-124738,1,0.6373,Price / Cost
SPOT-124739,0,0.3575,Active
SPOT-124740,1,0.6435,Price / Cost
SPOT-124741,0,0.3761,Active
SPOT-124742,0,0.4405,Active
SPOT-124743,0,0.4368,Active
SPOT-124744,0,0.4278,Active
SPOT-124745,0,0.5096,Active
SPOT-124746,0,0.3281,Active
SPOT-124747,0,0.3881,Active
SPOT-124748,0,0.5014,Active
SPOT-124749,1,0.6087,Price / Cost
SPOT-124750,0,0.372,Active
SPOT-124751,0,0.2332,Active
SPOT-124752,0,0.4519,Active
SPOT-124753,0,0.374,Active
SPOT-124754,0,0.4357,Active
SPOT-124755,1,0.8052,Too Many Ads
SPOT-124756,0,0.2006,Active
SPOT-124757,0,0.534,Active
SPOT-124758,0,0.2254,Active
SPOT-124759,0,0.3524,Active
SPOT-124760,1,0.5766,Low Usage / No Time
SPOT-124761,0,0.3246,Active
SPOT-124762,0,0.5013,Active
SPOT-124763,0,0.4583,Active
SPOT-124764,0,0.3021,Active
SPOT-124765,0,0.2964,Active
SPOT-124766,0,0.3111,Active
SPOT-124767,0,0.4229,Active
SPOT-124768,0,0.4707,Active
SPOT-124769,1,0.6415,Too Many Ads
SPOT-124770,0,0.1714,Active
SPOT-124771,0,0.4292,Active
SPOT-124772,0,0.1938,Active
SPOT-124773,0,0.5409,Active
SPOT-124774,1,0.6205,Technical Bugs
SPOT-124775,0,0.3414,Active
SPOT-124776,1,0.6369,Price / Cost
SPOT-124777,1,0.6616,Technical Bugs
SPOT-124778,1,0.689,Price / Cost
SPOT-124779,1,0.5753,Switched to Competitor
SPOT-124780,0,0.4305,Active
SPOT-124781,0,0.2907,Active
SPOT-124782,1,0.7258,Too Many Ads
SPOT-124783,0,0.1767,Active
SPOT-124784,0,0.3275,Active
SPOT-124785,0,0.417,Active
SPOT-124786,0,0.2651,Active
SPOT-124787,0,0.29,Active
SPOT-124788,0,0.4125,Active
SPOT-124789,0,0.4785,Active
SPOT-124790,1,0.5991,Price / Cost
SPOT-124791,1,0.5742,Too Many Ads
SPOT-124792,1,0.59,Price / Cost
SPOT-124793,0,0.4664,Active
SPOT-124794,0,0.3446,Active
SPOT-124795,0,0.3934,Active
SPOT-124796,0,0.4438,Active
SPOT-124797,1,0.6869,Price / Cost
SPOT-124798,0,0.5335,Active
SPOT-124799,0,0.5275,Active
SPOT-124800,1,0.6329,Low Usage / No Time
SPOT-124801,0,0.228,Active
SPOT-124802,0,0.2698,Active
SPOT-124803,1,0.6078,Price / Cost
SPOT-124804,0,0.5507,Active
SPOT-124805,0,0.2011,Active
SPOT-124806,0,0.3782,Active
SPOT-124807,0,0.4501,Active
SPOT-124808,0,0.351,Active
SPOT-124809,0,0.3614,Active
SPOT-124810,1,0.5943,Price / Cost
SPOT-124811,0,0.3929,Active
SPOT-124812,0,0.4436,Active
SPOT-124813,0,0.2413,Active
SPOT-124814,0,0.3112,Active
SPOT-124815,0,0.3563,Active
SPOT-124816,1,0.5699,Too Many Ads
SPOT-124817,0,0.18,Active
SPOT-124818,0,0.2645,Active
SPOT-124819,0,0.1616,Active
SPOT-124820,0,0.3842,Active
SPOT-124821,0,0.3801,Active
SPOT-124822,0,0.4214,Active
SPOT-124823,0,0.5131,Active
SPOT-124824,1,0.6222,Switched to Competitor
SPOT-124825,0,0.4479,Active
SPOT-124826,1,0.6086,Price / Cost
SPOT-124827,0,0.4714,Active
SPOT-124828,1,0.697,Technical Bugs
SPOT-124829,0,0.2787,Active
SPOT-124830,0,0.5245,Active
SPOT-124831,0,0.1964,Active
SPOT-124832,0,0.3761,Active
SPOT-124833,0,0.1916,Active
SPOT-124834,0,0.2267,Active
SPOT-124835,1,0.606,Switched to Competitor
SPOT-124836,0,0.5339,Active
SPOT-124837,0,0.4616,Active
SPOT-124838,0,0.1591,Active
SPOT-124839,1,0.612,Price / Cost
SPOT-124840,0,0.4119,Active
SPOT-124841,0,0.476,Active
SPOT-124842,0,0.3851,Active
SPOT-124843,1,0.6361,Switched to Competitor
SPOT-124844,1,0.716,Price / Cost
SPOT-124845,1,0.6184,Too Many Ads
SPOT-124846,0,0.3869,Active
SPOT-124847,0,0.3594,Active
SPOT-124848,0,0.5665,Active
SPOT-124849,0,0.562,Active
SPOT-124850,1,0.7504,Price / Cost
SPOT-124851,0,0.3776,Active
SPOT-124852,0,0.5282,Active
SPOT-124853,0,0.3711,Active
SPOT-124854,1,0.6057,Price / Cost
SPOT-124855,0,0.4086,Active
SPOT-124856,0,0.2529,Active
SPOT-124857,1,0.6359,Switched to Competitor
SPOT-124858,1,0.5906,Price / Cost
SPOT-124859,0,0.527,Active
SPOT-124860,0,0.3394,Active
SPOT-124861,1,0.6563,Low Usage / No Time
SPOT-124862,0,0.4166,Active
SPOT-124863,0,0.1807,Active
SPOT-124864,0,0.2163,Active
SPOT-124865,0,0.2651,Active
SPOT-124866,0,0.4512,Active
SPOT-124867,1,0.5692,Low Usage / No Time
SPOT-124868,0,0.4565,Active
SPOT-124869,0,0.355,Active
SPOT-124870,0,0.2629,Active
SPOT-124871,0,0.4891,Active
SPOT-124872,0,0.2707,Active
SPOT-124873,1,0.7868,Too Many Ads
SPOT-124874,0,0.4392,Active
SPOT-124875,0,0.4503,Active
SPOT-124876,0,0.3816,Active
SPOT-124877,0,0.3262,Active
SPOT-124878,0,0.4396,Active
SPOT-124879,0,0.5169,Active
SPOT-124880,0,0.2375,Active
SPOT-124881,0,0.3355,Active
SPOT-124882,1,0.7399,Low Usage / No Time
SPOT-124883,0,0.2248,Active
SPOT-124884,0,0.147,Active
SPOT-124885,0,0.1172,Active
SPOT-124886,0,0.3307,Active
SPOT-124887,0,0.4222,Active
SPOT-124888,0,0.3134,Active
SPOT-124889,0,0.4355,Active
SPOT-124890,0,0.5065,Active
SPOT-124891,0,0.4091,Active
SPOT-124892,0,0.3194,Active
SPOT-124893,0,0.2023,Active
SPOT-124894,0,0.2624,Active
SPOT-124895,0,0.5491,Active
SPOT-124896,0,0.3495,Active
SPOT-124897,0,0.5563,Active
SPOT-124898,0,0.1902,Active
SPOT-124899,0,0.4214,Active
SPOT-124900,0,0.5371,Active
SPOT-124901,0,0.4687,Active
SPOT-124902,0,0.5547,Active
SPOT-124903,0,0.2404,Active
SPOT-124904,0,0.2369,Active
SPOT-124905,0,0.5435,Active
SPOT-124906,0,0.3055,Active
SPOT-124907,0,0.5495,Active
SPOT-124908,0,0.4621,Active
SPOT-124909,0,0.2667,Active
SPOT-124910,0,0.1879,Active
SPOT-124911,0,0.4474,Active
SPOT-124912,0,0.4261,Active
SPOT-124913,0,0.5657,Active
SPOT-124914,0,0.4521,Active
SPOT-124915,0,0.1628,Active
SPOT-124916,0,0.4835,Active
SPOT-124917,0,0.3575,Active
SPOT-124918,0,0.3984,Active
SPOT-124919,0,0.3595,Active
SPOT-124920,0,0.3406,Active
SPOT-124921,0,0.348,Active
SPOT-124922,0,0.528,Active
SPOT-124923,0,0.3637,Active
SPOT-124924,0,0.2404,Active
SPOT-124925,0,0.1581,Active
SPOT-124926,0,0.3024,Active
SPOT-124927,0,0.4965,Active
SPOT-124928,1,0.6319,Switched to Competitor
SPOT-124929,0,0.3024,Active
SPOT-124930,1,0.7524,Too Many Ads
SPOT-124931,0,0.4407,Active
SPOT-124932,0,0.2797,Active
SPOT-124933,0,0.4158,Active
SPOT-124934,0,0.4189,Active
SPOT-124935,0,0.461,Active
SPOT-124936,0,0.246,Active
SPOT-124937,0,0.3006,Active
SPOT-124938,0,0.3226,Active
SPOT-124939,0,0.1251,Active
SPOT-124940,0,0.393,Active
SPOT-124941,0,0.2278,Active
SPOT-124942,1,0.6478,Too Many Ads
SPOT-124943,0,0.4172,Active
SPOT-124944,0,0.5591,Active
SPOT-124945,0,0.5498,Active
SPOT-124946,0,0.4352,Active
SPOT-124947,0,0.4235,Active
SPOT-124948,0,0.2897,Active
SPOT-124949,0,0.4511,Active
SPOT-124950,0,0.2037,Active
SPOT-124951,0,0.5339,Active
SPOT-124952,0,0.2059,Active
SPOT-124953,0,0.4745,Active
SPOT-124954,0,0.1494,Active
SPOT-124955,0,0.2369,Active
SPOT-124956,0,0.4044,Active
SPOT-124957,1,0.669,Too Many Ads
SPOT-124958,0,0.5492,Active
SPOT-124959,0,0.262,Active
SPOT-124960,0,0.4111,Active
SPOT-124961,0,0.27,Active
SPOT-124962,0,0.2871,Active
SPOT-124963,0,0.2606,Active
SPOT-124964,0,0.514,Active
SPOT-124965,0,0.1915,Active
SPOT-124966,0,0.3281,Active
SPOT-124967,0,0.5592,Active
SPOT-124968,0,0.3142,Active
SPOT-124969,0,0.2886,Active
SPOT-124970,0,0.3777,Active
SPOT-124971,0,0.4872,Active
SPOT-124972,0,0.226,Active
SPOT-124973,0,0.2484,Active
SPOT-124974,0,0.4149,Active
SPOT-124975,0,0.32,Active
SPOT-124976,0,0.225,Active
SPOT-124977,1,0.6646,Too Many Ads
SPOT-124978,0,0.4223,Active
SPOT-124979,0,0.3962,Active
SPOT-124980,1,0.5927,Too Many Ads
SPOT-124981,0,0.2659,Active
SPOT-124982,0,0.2722,Active
SPOT-124983,0,0.3916,Active
SPOT-124984,0,0.5373,Active
SPOT-124985,0,0.3639,Active
SPOT-124986,0,0.2024,Active
SPOT-124987,0,0.2891,Active
SPOT-124988,0,0.485,Active
SPOT-124989,0,0.3462,Active
SPOT-124990,0,0.4353,Active
SPOT-124991,0,0.4286,Active
SPOT-124992,0,0.2781,Active
SPOT-124993,0,0.5339,Active
SPOT-124994,0,0.4051,Active
SPOT-124995,0,0.4717,Active
SPOT-124996,1,0.5812,Switched to Competitor
SPOT-124997,0,0.4875,Active
SPOT-124998,1,0.6014,Switched to Competitor
SPOT-124999,0,0.2917,Active
