user_id,age_group,gender,country,signup_date
SPOT-100000,25-34,Male,AR,2024-12-19
SPOT-100001,55+,Male,BR,2024-02-24
SPOT-100002,35-44,Female,US,2025-04-13
SPOT-100003,25-34,Female,ES,2024-03-07
SPOT-100004,18-24,Female,DE,2024-10-13
SPOT-100005,18-24,Male,BR,2025-01-21
SPOT-100006,18-24,Male,US,2024-03-12
SPOT-100007,45-54,Male,MX,2024-05-21
SPOT-100008,25-34,Male,DE,2025-05-21
SPOT-100009,35-44,Male,GB,2026-03-13
SPOT-100010,18-24,Female,AU,2024-01-02
SPOT-100011,55+,Female,DE,2024-01-29
SPOT-100012,35-44,Female,MX,2024-04-25
SPOT-100013,18-24,Male,MX,2025-01-30
SPOT-100014,18-24,Male,US,2025-07-16
SPOT-100015,18-24,Female,ES,2025-12-17
SPOT-100016,18-24,Female,GB,2026-01-02
SPOT-100017,25-34,Female,AR,2024-05-20
SPOT-100018,25-34,Female,MX,2024-11-16
SPOT-100019,18-24,Female,GB,2026-06-01
SPOT-100020,25-34,Male,GB,2024-07-02
SPOT-100021,18-24,Male,ES,2023-11-23
SPOT-100022,18-24,Female,BR,2024-06-27
SPOT-100023,25-34,Male,MX,2025-06-25
SPOT-100024,25-34,Male,US,2023-11-17
SPOT-100025,35-44,Male,AR,2023-11-16
SPOT-100026,18-24,Male,GB,2024-03-25
SPOT-100027,25-34,Female,MX,2024-04-23
SPOT-100028,25-34,Male,US,2024-11-13
SPOT-100029,18-24,Male,GB,2024-03-30
SPOT-100030,25-34,Female,MX,2025-11-11
SPOT-100031,18-24,Female,GB,2026-05-26
SPOT-100032,18-24,Female,FR,2024-04-06
SPOT-100033,45-54,Female,MX,2024-07-11
SPOT-100034,55+,Female,FR,2025-01-13
SPOT-100035,35-44,Female,DE,2025-09-03
SPOT-100036,18-24,Male,US,2024-09-20
SPOT-100037,18-24,Male,BR,2025-08-18
SPOT-100038,25-34,Female,GB,2025-07-27
SPOT-100039,25-34,Female,DE,2025-11-12
SPOT-100040,18-24,Female,MX,2025-07-09
SPOT-100041,25-34,Female,ES,2026-02-25
SPOT-100042,18-24,Female,US,2025-06-04
SPOT-100043,45-54,Male,ES,2025-01-28
SPOT-100044,18-24,Male,BR,2023-12-04
SPOT-100045,25-34,Male,BR,2024-01-26
SPOT-100046,18-24,Male,GB,2026-03-16
SPOT-100047,25-34,Male,DE,2025-07-18
SPOT-100048,25-34,Male,ES,2026-03-07
SPOT-100049,18-24,Female,ES,2025-06-11
SPOT-100050,55+,Female,DE,2025-05-30
SPOT-100051,35-44,Female,MX,2025-12-17
SPOT-100052,45-54,Male,GB,2025-11-29
SPOT-100053,45-54,Male,AR,2024-10-16
SPOT-100054,25-34,Female,MX,2026-05-11
SPOT-100055,45-54,Male,ES,2024-09-26
SPOT-100056,18-24,Female,BR,2025-06-17
SPOT-100057,18-24,Male,US,2025-06-18
SPOT-100058,18-24,Female,DE,2024-12-31
SPOT-100059,18-24,Male,DE,2025-03-17
SPOT-100060,25-34,Male,GB,2026-02-14
SPOT-100061,18-24,Male,US,2024-02-27
SPOT-100062,35-44,Female,ES,2025-05-29
SPOT-100063,25-34,Male,US,2024-04-23
SPOT-100064,18-24,Female,FR,2025-02-02
SPOT-100065,25-34,Male,US,2026-02-11
SPOT-100066,18-24,Male,AU,2025-08-21
SPOT-100067,35-44,Female,AU,2024-04-30
SPOT-100068,18-24,Female,DE,2025-05-05
SPOT-100069,55+,Female,AU,2026-02-25
SPOT-100070,35-44,Male,FR,2024-12-25
SPOT-100071,18-24,Male,US,2025-12-18
SPOT-100072,18-24,Female,CA,2024-10-22
SPOT-100073,35-44,Male,US,2025-03-12
SPOT-100074,35-44,Female,US,2025-08-26
SPOT-100075,35-44,Male,BR,2025-12-16
SPOT-100076,35-44,Non-binary,US,2025-10-20
SPOT-100077,18-24,Male,US,2023-11-10
SPOT-100078,25-34,Male,AU,2025-07-20
SPOT-100079,18-24,Female,AU,2026-04-24
SPOT-100080,45-54,Female,AR,2025-01-31
SPOT-100081,25-34,Non-binary,BR,2025-04-11
SPOT-100082,18-24,Female,CA,2025-07-03
SPOT-100083,18-24,Female,US,2025-01-04
SPOT-100084,18-24,Female,CA,2025-03-24
SPOT-100085,18-24,Female,GB,2025-09-25
SPOT-100086,35-44,Female,FR,2024-03-11
SPOT-100087,25-34,Male,MX,2024-01-31
SPOT-100088,45-54,Female,AU,2026-02-25
SPOT-100089,25-34,Female,FR,2025-07-13
SPOT-100090,18-24,Female,FR,2024-03-16
SPOT-100091,35-44,Female,MX,2025-02-18
SPOT-100092,35-44,Male,AR,2024-02-26
SPOT-100093,25-34,Male,ES,2024-08-03
SPOT-100094,35-44,Male,US,2023-12-12
SPOT-100095,25-34,Male,MX,2024-01-19
SPOT-100096,25-34,Female,US,2025-01-03
SPOT-100097,25-34,Female,FR,2025-01-17
SPOT-100098,18-24,Female,US,2025-08-26
SPOT-100099,18-24,Female,AU,2025-09-24
SPOT-100100,18-24,Male,DE,2025-03-26
SPOT-100101,25-34,Female,US,2025-09-21
SPOT-100102,18-24,Female,CA,2025-04-22
SPOT-100103,25-34,Male,US,2025-04-20
SPOT-100104,45-54,Female,BR,2024-01-19
SPOT-100105,18-24,Female,ES,2025-07-12
SPOT-100106,25-34,Male,GB,2026-02-25
SPOT-100107,35-44,Female,BR,2026-01-05
SPOT-100108,18-24,Female,ES,2026-02-15
SPOT-100109,18-24,Male,AU,2025-06-18
SPOT-100110,18-24,Female,US,2026-01-31
SPOT-100111,18-24,Male,US,2025-07-26
SPOT-100112,45-54,Male,BR,2025-09-17
SPOT-100113,35-44,Female,DE,2024-10-20
SPOT-100114,25-34,Male,DE,2025-04-24
SPOT-100115,45-54,Female,GB,2025-11-04
SPOT-100116,35-44,Male,BR,2025-12-08
SPOT-100117,18-24,Male,FR,2024-03-11
SPOT-100118,45-54,Female,US,2025-05-17
SPOT-100119,25-34,Male,US,2023-12-29
SPOT-100120,35-44,Male,MX,2024-02-08
SPOT-100121,45-54,Female,US,2024-10-31
SPOT-100122,18-24,Female,MX,2025-08-20
SPOT-100123,18-24,Female,GB,2025-08-05
SPOT-100124,18-24,Female,GB,2023-11-06
SPOT-100125,25-34,Female,DE,2025-08-06
SPOT-100126,35-44,Female,GB,2025-03-01
SPOT-100127,45-54,Male,AR,2024-04-22
SPOT-100128,18-24,Male,CA,2024-09-04
SPOT-100129,25-34,Male,BR,2024-06-13
SPOT-100130,25-34,Male,BR,2025-03-19
SPOT-100131,18-24,Female,US,2025-07-26
SPOT-100132,18-24,Female,ES,2025-12-19
SPOT-100133,18-24,Female,BR,2025-09-14
SPOT-100134,45-54,Male,US,2024-02-04
SPOT-100135,18-24,Male,US,2025-01-18
SPOT-100136,25-34,Male,US,2024-06-04
SPOT-100137,35-44,Female,US,2023-11-26
SPOT-100138,25-34,Male,MX,2024-03-18
SPOT-100139,55+,Female,CA,2026-02-12
SPOT-100140,55+,Male,ES,2026-03-22
SPOT-100141,18-24,Female,BR,2025-12-20
SPOT-100142,25-34,Female,DE,2024-10-01
SPOT-100143,18-24,Female,DE,2025-04-11
SPOT-100144,18-24,Male,MX,2025-05-16
SPOT-100145,18-24,Male,GB,2026-04-24
SPOT-100146,25-34,Male,US,2025-09-28
SPOT-100147,25-34,Female,MX,2025-12-17
SPOT-100148,18-24,Male,DE,2024-03-20
SPOT-100149,18-24,Male,US,2024-09-03
SPOT-100150,45-54,Female,US,2026-04-14
SPOT-100151,18-24,Female,GB,2025-01-23
SPOT-100152,18-24,Female,BR,2024-04-15
SPOT-100153,25-34,Female,GB,2024-06-15
SPOT-100154,55+,Female,US,2024-02-27
SPOT-100155,18-24,Female,US,2023-11-24
SPOT-100156,25-34,Female,US,2024-04-30
SPOT-100157,35-44,Male,CA,2024-12-30
SPOT-100158,18-24,Female,GB,2024-03-29
SPOT-100159,35-44,Female,US,2024-06-09
SPOT-100160,25-34,Male,MX,2024-11-08
SPOT-100161,25-34,Female,US,2024-04-26
SPOT-100162,25-34,Male,BR,2025-06-23
SPOT-100163,25-34,Male,US,2025-09-10
SPOT-100164,18-24,Female,AU,2024-11-05
SPOT-100165,35-44,Female,AU,2025-11-26
SPOT-100166,18-24,Female,MX,2025-07-07
SPOT-100167,18-24,Male,ES,2025-12-31
SPOT-100168,18-24,Female,DE,2024-08-09
SPOT-100169,25-34,Male,AU,2024-08-13
SPOT-100170,25-34,Male,DE,2026-01-08
SPOT-100171,18-24,Male,US,2025-12-07
SPOT-100172,25-34,Male,US,2026-01-07
SPOT-100173,18-24,Male,US,2024-05-21
SPOT-100174,25-34,Female,BR,2024-05-20
SPOT-100175,18-24,Female,US,2025-09-05
SPOT-100176,25-34,Non-binary,MX,2026-05-18
SPOT-100177,25-34,Female,DE,2023-11-30
SPOT-100178,45-54,Male,FR,2025-01-07
SPOT-100179,18-24,Female,BR,2026-01-07
SPOT-100180,18-24,Female,MX,2025-03-05
SPOT-100181,18-24,Male,BR,2025-04-26
SPOT-100182,45-54,Female,FR,2025-06-24
SPOT-100183,45-54,Male,US,2024-03-26
SPOT-100184,18-24,Male,US,2024-07-15
SPOT-100185,25-34,Female,ES,2026-05-26
SPOT-100186,35-44,Female,ES,2026-04-14
SPOT-100187,25-34,Female,DE,2024-07-02
SPOT-100188,25-34,Male,GB,2024-10-11
SPOT-100189,18-24,Female,GB,2023-12-12
SPOT-100190,18-24,Female,US,2026-05-21
SPOT-100191,45-54,Non-binary,CA,2025-11-13
SPOT-100192,45-54,Male,GB,2024-08-13
SPOT-100193,25-34,Male,MX,2025-03-26
SPOT-100194,18-24,Female,AR,2025-04-22
SPOT-100195,18-24,Male,US,2024-01-11
SPOT-100196,35-44,Male,US,2024-01-20
SPOT-100197,45-54,Male,GB,2025-12-27
SPOT-100198,45-54,Female,MX,2023-11-21
SPOT-100199,35-44,Female,GB,2025-02-03
SPOT-100200,25-34,Female,US,2024-11-07
SPOT-100201,18-24,Male,GB,2024-12-03
SPOT-100202,18-24,Female,US,2025-05-06
SPOT-100203,45-54,Male,US,2025-05-31
SPOT-100204,25-34,Female,GB,2024-04-01
SPOT-100205,18-24,Male,US,2025-05-22
SPOT-100206,18-24,Male,ES,2026-02-17
SPOT-100207,25-34,Male,GB,2024-02-22
SPOT-100208,18-24,Female,MX,2025-05-28
SPOT-100209,18-24,Female,BR,2026-02-13
SPOT-100210,25-34,Male,FR,2024-03-20
SPOT-100211,25-34,Male,US,2025-08-13
SPOT-100212,25-34,Male,US,2025-09-12
SPOT-100213,18-24,Female,FR,2025-07-07
SPOT-100214,35-44,Male,AR,2025-04-05
SPOT-100215,18-24,Male,US,2025-08-28
SPOT-100216,18-24,Female,US,2025-10-22
SPOT-100217,35-44,Female,FR,2025-12-12
SPOT-100218,25-34,Male,US,2026-01-25
SPOT-100219,35-44,Male,FR,2025-09-30
SPOT-100220,25-34,Female,AU,2024-12-29
SPOT-100221,25-34,Female,US,2025-08-11
SPOT-100222,18-24,Male,AR,2025-12-29
SPOT-100223,25-34,Female,DE,2024-10-02
SPOT-100224,18-24,Female,AR,2025-06-16
SPOT-100225,18-24,Non-binary,DE,2024-08-24
SPOT-100226,55+,Male,US,2025-08-14
SPOT-100227,25-34,Female,ES,2024-06-11
SPOT-100228,45-54,Female,US,2025-03-05
SPOT-100229,25-34,Female,CA,2025-09-02
SPOT-100230,35-44,Female,DE,2026-02-11
SPOT-100231,25-34,Male,US,2024-06-17
SPOT-100232,25-34,Male,US,2025-03-08
SPOT-100233,25-34,Male,FR,2026-03-18
SPOT-100234,18-24,Female,GB,2024-10-24
SPOT-100235,35-44,Female,FR,2026-03-15
SPOT-100236,18-24,Female,US,2024-11-24
SPOT-100237,18-24,Female,DE,2026-03-17
SPOT-100238,25-34,Male,FR,2023-12-04
SPOT-100239,18-24,Male,US,2025-03-24
SPOT-100240,45-54,Female,GB,2024-07-10
SPOT-100241,55+,Non-binary,CA,2024-06-07
SPOT-100242,45-54,Male,BR,2024-04-08
SPOT-100243,25-34,Male,ES,2023-11-10
SPOT-100244,18-24,Male,AR,2025-11-26
SPOT-100245,45-54,Male,BR,2024-04-01
SPOT-100246,25-34,Male,AR,2026-04-29
SPOT-100247,55+,Female,MX,2024-10-28
SPOT-100248,55+,Male,MX,2025-11-03
SPOT-100249,45-54,Male,US,2025-08-24
SPOT-100250,18-24,Female,CA,2024-05-31
SPOT-100251,25-34,Female,AR,2026-01-16
SPOT-100252,45-54,Male,GB,2024-10-24
SPOT-100253,18-24,Female,BR,2023-11-30
SPOT-100254,18-24,Male,DE,2024-07-30
SPOT-100255,25-34,Female,MX,2024-05-17
SPOT-100256,45-54,Female,AU,2025-02-03
SPOT-100257,25-34,Female,US,2024-05-06
SPOT-100258,25-34,Male,AU,2025-11-10
SPOT-100259,18-24,Female,US,2025-07-02
SPOT-100260,25-34,Female,DE,2023-12-09
SPOT-100261,55+,Male,BR,2025-03-07
SPOT-100262,18-24,Male,GB,2025-02-02
SPOT-100263,25-34,Female,BR,2024-02-19
SPOT-100264,45-54,Female,AR,2024-07-04
SPOT-100265,35-44,Male,GB,2025-03-23
SPOT-100266,25-34,Female,US,2025-04-07
SPOT-100267,35-44,Male,MX,2026-01-16
SPOT-100268,25-34,Male,ES,2026-05-28
SPOT-100269,18-24,Female,AU,2025-11-02
SPOT-100270,35-44,Male,US,2026-02-28
SPOT-100271,35-44,Male,CA,2023-11-16
SPOT-100272,45-54,Male,BR,2024-11-19
SPOT-100273,45-54,Female,US,2024-04-27
SPOT-100274,25-34,Male,AU,2024-03-25
SPOT-100275,25-34,Female,US,2025-08-22
SPOT-100276,35-44,Male,ES,2025-05-21
SPOT-100277,25-34,Female,AR,2025-01-17
SPOT-100278,35-44,Male,DE,2025-03-11
SPOT-100279,35-44,Female,MX,2025-04-12
SPOT-100280,45-54,Female,BR,2024-05-22
SPOT-100281,18-24,Male,US,2024-04-09
SPOT-100282,25-34,Male,ES,2026-02-25
SPOT-100283,18-24,Male,CA,2024-11-19
SPOT-100284,25-34,Male,BR,2024-08-16
SPOT-100285,18-24,Male,AU,2026-01-19
SPOT-100286,25-34,Female,DE,2024-05-24
SPOT-100287,25-34,Female,BR,2024-04-13
SPOT-100288,18-24,Male,MX,2024-06-09
SPOT-100289,25-34,Male,US,2025-05-11
SPOT-100290,18-24,Male,CA,2025-07-19
SPOT-100291,18-24,Male,AR,2025-11-18
SPOT-100292,35-44,Female,FR,2026-01-30
SPOT-100293,25-34,Female,MX,2025-07-09
SPOT-100294,18-24,Male,FR,2024-05-17
SPOT-100295,25-34,Male,MX,2024-02-10
SPOT-100296,35-44,Female,BR,2026-03-17
SPOT-100297,18-24,Male,CA,2024-04-11
SPOT-100298,25-34,Male,DE,2023-12-15
SPOT-100299,18-24,Female,BR,2024-03-15
SPOT-100300,18-24,Female,US,2025-09-02
SPOT-100301,25-34,Male,CA,2024-02-14
SPOT-100302,25-34,Female,US,2026-01-18
SPOT-100303,25-34,Male,US,2025-02-15
SPOT-100304,35-44,Female,US,2025-07-14
SPOT-100305,55+,Male,DE,2025-05-28
SPOT-100306,25-34,Female,GB,2025-12-31
SPOT-100307,18-24,Female,ES,2024-10-24
SPOT-100308,35-44,Male,GB,2024-02-16
SPOT-100309,18-24,Female,ES,2025-04-12
SPOT-100310,25-34,Female,US,2026-05-12
SPOT-100311,18-24,Male,US,2025-09-20
SPOT-100312,18-24,Female,AR,2024-10-30
SPOT-100313,55+,Female,DE,2024-08-31
SPOT-100314,35-44,Female,US,2024-01-31
SPOT-100315,25-34,Male,AU,2026-04-29
SPOT-100316,25-34,Male,US,2025-12-01
SPOT-100317,18-24,Male,US,2025-10-23
SPOT-100318,18-24,Male,GB,2026-01-28
SPOT-100319,18-24,Female,US,2024-02-19
SPOT-100320,25-34,Male,US,2024-08-29
SPOT-100321,35-44,Male,AR,2025-11-16
SPOT-100322,25-34,Male,US,2026-01-25
SPOT-100323,18-24,Male,US,2024-03-15
SPOT-100324,55+,Female,FR,2024-11-10
SPOT-100325,35-44,Female,DE,2024-01-29
SPOT-100326,25-34,Male,US,2025-10-17
SPOT-100327,25-34,Male,BR,2025-10-24
SPOT-100328,25-34,Male,US,2024-05-28
SPOT-100329,18-24,Male,DE,2024-01-21
SPOT-100330,25-34,Male,BR,2024-10-14
SPOT-100331,35-44,Female,AU,2024-05-12
SPOT-100332,18-24,Male,GB,2025-03-12
SPOT-100333,18-24,Female,ES,2025-02-24
SPOT-100334,18-24,Male,US,2025-09-16
SPOT-100335,18-24,Male,DE,2025-01-12
SPOT-100336,45-54,Female,US,2026-05-17
SPOT-100337,35-44,Female,BR,2024-10-22
SPOT-100338,25-34,Female,DE,2025-06-13
SPOT-100339,18-24,Female,AU,2023-11-10
SPOT-100340,25-34,Male,CA,2025-04-11
SPOT-100341,25-34,Female,BR,2025-03-20
SPOT-100342,18-24,Male,US,2024-12-27
SPOT-100343,25-34,Female,BR,2025-08-11
SPOT-100344,25-34,Male,AR,2024-08-19
SPOT-100345,25-34,Male,US,2024-08-08
SPOT-100346,25-34,Female,DE,2026-02-23
SPOT-100347,18-24,Male,US,2025-08-17
SPOT-100348,25-34,Male,US,2026-01-18
SPOT-100349,25-34,Male,US,2025-09-29
SPOT-100350,25-34,Female,AU,2025-11-05
SPOT-100351,45-54,Female,US,2023-12-13
SPOT-100352,25-34,Female,US,2025-07-20
SPOT-100353,18-24,Female,AU,2024-11-22
SPOT-100354,18-24,Female,BR,2025-11-01
SPOT-100355,25-34,Male,ES,2025-11-16
SPOT-100356,18-24,Male,GB,2026-01-27
SPOT-100357,25-34,Female,BR,2025-05-17
SPOT-100358,45-54,Male,US,2026-05-21
SPOT-100359,25-34,Male,DE,2025-05-13
SPOT-100360,25-34,Male,BR,2024-05-16
SPOT-100361,25-34,Female,BR,2024-04-24
SPOT-100362,25-34,Male,DE,2026-05-05
SPOT-100363,25-34,Female,AR,2024-01-26
SPOT-100364,45-54,Female,BR,2025-01-31
SPOT-100365,25-34,Female,MX,2025-06-30
SPOT-100366,55+,Non-binary,US,2025-01-05
SPOT-100367,45-54,Male,FR,2024-06-25
SPOT-100368,18-24,Female,GB,2025-07-21
SPOT-100369,18-24,Female,BR,2024-07-17
SPOT-100370,18-24,Female,GB,2025-07-10
SPOT-100371,18-24,Female,FR,2024-09-29
SPOT-100372,18-24,Male,CA,2024-11-09
SPOT-100373,25-34,Female,US,2025-08-03
SPOT-100374,18-24,Male,ES,2023-12-11
SPOT-100375,18-24,Non-binary,US,2025-04-27
SPOT-100376,35-44,Female,US,2025-08-01
SPOT-100377,18-24,Female,AR,2024-01-31
SPOT-100378,35-44,Female,US,2024-05-15
SPOT-100379,18-24,Male,US,2025-11-12
SPOT-100380,18-24,Male,MX,2025-12-30
SPOT-100381,25-34,Female,AR,2025-04-13
SPOT-100382,25-34,Male,US,2025-07-16
SPOT-100383,45-54,Male,US,2024-11-02
SPOT-100384,35-44,Female,US,2025-10-24
SPOT-100385,35-44,Male,US,2024-04-04
SPOT-100386,18-24,Female,US,2025-06-26
SPOT-100387,18-24,Male,CA,2026-01-02
SPOT-100388,35-44,Female,US,2024-01-26
SPOT-100389,35-44,Female,BR,2024-06-18
SPOT-100390,55+,Male,CA,2023-12-07
SPOT-100391,25-34,Male,MX,2023-12-26
SPOT-100392,25-34,Male,US,2024-06-02
SPOT-100393,35-44,Female,BR,2026-01-11
SPOT-100394,18-24,Male,CA,2025-05-31
SPOT-100395,45-54,Male,GB,2025-03-27
SPOT-100396,45-54,Female,GB,2024-08-15
SPOT-100397,25-34,Male,US,2025-08-12
SPOT-100398,35-44,Female,BR,2024-06-20
SPOT-100399,35-44,Female,US,2026-03-08
SPOT-100400,18-24,Female,ES,2026-05-30
SPOT-100401,45-54,Female,MX,2025-03-19
SPOT-100402,25-34,Male,DE,2024-12-23
SPOT-100403,35-44,Female,ES,2025-12-14
SPOT-100404,18-24,Female,US,2023-12-24
SPOT-100405,45-54,Male,ES,2023-11-19
SPOT-100406,25-34,Male,MX,2025-09-14
SPOT-100407,18-24,Female,MX,2024-02-21
SPOT-100408,45-54,Male,US,2025-06-26
SPOT-100409,18-24,Female,MX,2026-05-04
SPOT-100410,18-24,Male,BR,2024-02-28
SPOT-100411,55+,Male,BR,2026-03-09
SPOT-100412,55+,Female,GB,2024-05-27
SPOT-100413,25-34,Male,US,2024-11-12
SPOT-100414,25-34,Female,DE,2024-06-24
SPOT-100415,25-34,Male,DE,2025-04-09
SPOT-100416,18-24,Male,DE,2025-08-05
SPOT-100417,18-24,Female,MX,2025-05-14
SPOT-100418,25-34,Female,GB,2025-10-01
SPOT-100419,35-44,Female,GB,2025-05-03
SPOT-100420,35-44,Female,BR,2024-01-04
SPOT-100421,35-44,Female,BR,2024-11-01
SPOT-100422,18-24,Female,BR,2026-01-29
SPOT-100423,25-34,Male,FR,2026-05-24
SPOT-100424,18-24,Female,ES,2025-01-06
SPOT-100425,25-34,Male,US,2025-09-01
SPOT-100426,25-34,Male,BR,2024-02-04
SPOT-100427,45-54,Male,DE,2024-05-15
SPOT-100428,25-34,Male,GB,2025-05-27
SPOT-100429,18-24,Female,AU,2024-10-04
SPOT-100430,18-24,Male,DE,2025-12-02
SPOT-100431,35-44,Male,ES,2024-07-14
SPOT-100432,25-34,Male,AU,2025-12-02
SPOT-100433,18-24,Male,US,2025-11-01
SPOT-100434,18-24,Female,US,2024-02-18
SPOT-100435,35-44,Male,GB,2024-03-16
SPOT-100436,18-24,Male,US,2025-12-02
SPOT-100437,35-44,Male,US,2025-03-02
SPOT-100438,35-44,Male,AU,2024-06-14
SPOT-100439,18-24,Female,AU,2024-10-30
SPOT-100440,18-24,Male,MX,2024-01-03
SPOT-100441,55+,Male,ES,2024-07-20
SPOT-100442,25-34,Male,US,2025-01-26
SPOT-100443,25-34,Male,BR,2025-02-23
SPOT-100444,35-44,Non-binary,US,2026-03-13
SPOT-100445,45-54,Male,DE,2025-07-25
SPOT-100446,55+,Female,GB,2024-03-09
SPOT-100447,35-44,Female,MX,2024-03-07
SPOT-100448,25-34,Male,US,2023-12-12
SPOT-100449,18-24,Non-binary,US,2024-07-07
SPOT-100450,35-44,Female,MX,2024-09-19
SPOT-100451,25-34,Female,MX,2025-10-29
SPOT-100452,25-34,Male,GB,2026-02-07
SPOT-100453,45-54,Female,US,2025-04-19
SPOT-100454,18-24,Male,FR,2024-09-20
SPOT-100455,25-34,Male,US,2025-08-28
SPOT-100456,18-24,Female,ES,2024-11-27
SPOT-100457,25-34,Female,US,2026-03-08
SPOT-100458,18-24,Male,MX,2026-03-02
SPOT-100459,18-24,Female,MX,2025-10-21
SPOT-100460,18-24,Female,AR,2025-07-23
SPOT-100461,25-34,Male,DE,2025-09-21
SPOT-100462,35-44,Male,US,2025-09-02
SPOT-100463,25-34,Male,AR,2025-07-11
SPOT-100464,55+,Female,DE,2025-10-22
SPOT-100465,25-34,Female,AR,2024-06-22
SPOT-100466,18-24,Male,ES,2023-12-24
SPOT-100467,45-54,Female,BR,2026-01-18
SPOT-100468,18-24,Female,AU,2024-09-15
SPOT-100469,55+,Female,DE,2025-03-18
SPOT-100470,18-24,Male,MX,2025-06-06
SPOT-100471,55+,Female,MX,2025-09-03
SPOT-100472,18-24,Female,BR,2024-03-06
SPOT-100473,45-54,Male,BR,2025-04-12
SPOT-100474,25-34,Male,AR,2024-03-27
SPOT-100475,55+,Female,BR,2024-11-02
SPOT-100476,18-24,Male,DE,2025-11-27
SPOT-100477,25-34,Female,MX,2024-07-17
SPOT-100478,55+,Male,US,2025-08-29
SPOT-100479,25-34,Male,US,2026-05-02
SPOT-100480,25-34,Male,US,2025-04-20
SPOT-100481,25-34,Male,DE,2024-05-11
SPOT-100482,25-34,Male,FR,2026-01-18
SPOT-100483,25-34,Female,MX,2026-04-01
SPOT-100484,25-34,Male,AU,2024-12-09
SPOT-100485,45-54,Female,US,2025-11-06
SPOT-100486,18-24,Female,ES,2026-04-24
SPOT-100487,18-24,Male,GB,2024-07-18
SPOT-100488,55+,Male,US,2025-01-05
SPOT-100489,45-54,Female,AR,2024-04-26
SPOT-100490,25-34,Male,US,2024-03-08
SPOT-100491,25-34,Male,US,2025-10-06
SPOT-100492,18-24,Female,GB,2024-05-11
SPOT-100493,18-24,Male,AR,2024-12-07
SPOT-100494,25-34,Male,MX,2024-10-31
SPOT-100495,25-34,Female,GB,2025-10-12
SPOT-100496,25-34,Female,US,2025-06-22
SPOT-100497,18-24,Male,US,2025-05-06
SPOT-100498,55+,Female,US,2026-05-24
SPOT-100499,55+,Female,FR,2026-04-13
SPOT-100500,25-34,Female,CA,2024-06-23
SPOT-100501,25-34,Male,AU,2025-12-13
SPOT-100502,18-24,Female,AR,2026-05-08
SPOT-100503,35-44,Male,FR,2025-11-12
SPOT-100504,25-34,Female,AR,2025-07-03
SPOT-100505,18-24,Male,AU,2024-09-08
SPOT-100506,45-54,Female,AR,2025-02-20
SPOT-100507,35-44,Male,DE,2024-05-16
SPOT-100508,45-54,Male,GB,2023-11-29
SPOT-100509,35-44,Female,BR,2024-09-21
SPOT-100510,25-34,Male,MX,2024-10-08
SPOT-100511,25-34,Male,BR,2026-05-04
SPOT-100512,45-54,Female,ES,2024-06-22
SPOT-100513,45-54,Female,MX,2025-10-17
SPOT-100514,18-24,Male,US,2024-08-17
SPOT-100515,18-24,Male,GB,2024-10-19
SPOT-100516,25-34,Female,FR,2026-01-31
SPOT-100517,35-44,Female,BR,2025-10-11
SPOT-100518,55+,Male,GB,2025-03-17
SPOT-100519,18-24,Female,FR,2026-03-11
SPOT-100520,25-34,Female,US,2024-09-16
SPOT-100521,25-34,Male,DE,2024-01-15
SPOT-100522,55+,Male,GB,2025-06-28
SPOT-100523,35-44,Male,FR,2024-02-16
SPOT-100524,35-44,Female,ES,2024-01-09
SPOT-100525,25-34,Male,DE,2025-01-19
SPOT-100526,25-34,Male,CA,2024-09-25
SPOT-100527,18-24,Female,CA,2024-08-12
SPOT-100528,18-24,Male,ES,2025-11-18
SPOT-100529,45-54,Female,FR,2024-03-04
SPOT-100530,35-44,Male,ES,2025-11-12
SPOT-100531,55+,Female,MX,2026-01-24
SPOT-100532,55+,Male,DE,2024-08-02
SPOT-100533,25-34,Male,GB,2024-08-24
SPOT-100534,35-44,Female,US,2024-03-17
SPOT-100535,45-54,Female,AR,2023-12-26
SPOT-100536,35-44,Female,US,2024-08-24
SPOT-100537,18-24,Female,DE,2024-08-15
SPOT-100538,25-34,Female,US,2024-05-21
SPOT-100539,18-24,Female,DE,2026-02-24
SPOT-100540,55+,Female,GB,2026-05-04
SPOT-100541,25-34,Female,AR,2025-05-14
SPOT-100542,18-24,Female,AU,2025-11-18
SPOT-100543,25-34,Female,CA,2026-03-31
SPOT-100544,25-34,Male,MX,2025-02-24
SPOT-100545,25-34,Male,AU,2026-04-28
SPOT-100546,18-24,Male,DE,2024-10-20
SPOT-100547,25-34,Female,BR,2024-07-14
SPOT-100548,25-34,Female,GB,2026-03-14
SPOT-100549,35-44,Female,FR,2024-06-16
SPOT-100550,25-34,Male,US,2024-12-14
SPOT-100551,45-54,Male,MX,2024-09-22
SPOT-100552,25-34,Female,AR,2024-05-12
SPOT-100553,25-34,Female,BR,2024-08-28
SPOT-100554,45-54,Male,US,2024-05-13
SPOT-100555,25-34,Female,MX,2025-01-27
SPOT-100556,18-24,Male,ES,2025-05-20
SPOT-100557,18-24,Male,US,2024-09-19
SPOT-100558,35-44,Female,ES,2024-10-22
SPOT-100559,25-34,Female,FR,2025-03-14
SPOT-100560,35-44,Female,AU,2025-01-10
SPOT-100561,18-24,Male,DE,2024-08-23
SPOT-100562,18-24,Male,US,2024-03-31
SPOT-100563,18-24,Male,DE,2024-03-10
SPOT-100564,25-34,Male,MX,2023-12-04
SPOT-100565,25-34,Female,FR,2025-10-12
SPOT-100566,25-34,Male,CA,2025-12-20
SPOT-100567,25-34,Male,CA,2026-02-16
SPOT-100568,45-54,Male,MX,2025-03-06
SPOT-100569,18-24,Female,MX,2025-09-09
SPOT-100570,25-34,Female,US,2023-12-18
SPOT-100571,35-44,Female,GB,2024-09-06
SPOT-100572,25-34,Male,CA,2024-10-16
SPOT-100573,25-34,Male,MX,2024-04-03
SPOT-100574,45-54,Male,DE,2025-12-10
SPOT-100575,45-54,Male,US,2024-02-24
SPOT-100576,18-24,Male,US,2025-07-06
SPOT-100577,45-54,Male,BR,2024-11-29
SPOT-100578,25-34,Female,FR,2025-05-09
SPOT-100579,18-24,Non-binary,US,2025-04-09
SPOT-100580,25-34,Male,US,2025-03-14
SPOT-100581,55+,Female,MX,2025-07-22
SPOT-100582,25-34,Male,GB,2024-09-19
SPOT-100583,18-24,Female,US,2025-07-03
SPOT-100584,25-34,Female,US,2024-03-21
SPOT-100585,18-24,Female,BR,2024-10-22
SPOT-100586,18-24,Male,BR,2025-07-10
SPOT-100587,18-24,Male,CA,2025-06-24
SPOT-100588,18-24,Male,BR,2025-12-26
SPOT-100589,18-24,Male,MX,2024-07-23
SPOT-100590,18-24,Female,US,2026-04-04
SPOT-100591,25-34,Female,ES,2025-05-02
SPOT-100592,18-24,Female,MX,2024-01-24
SPOT-100593,18-24,Female,US,2025-02-08
SPOT-100594,45-54,Female,MX,2024-05-17
SPOT-100595,25-34,Male,US,2024-12-01
SPOT-100596,25-34,Male,BR,2025-09-25
SPOT-100597,18-24,Female,MX,2026-04-03
SPOT-100598,18-24,Male,MX,2024-08-14
SPOT-100599,18-24,Male,CA,2025-04-27
SPOT-100600,18-24,Male,CA,2023-11-16
SPOT-100601,18-24,Female,AR,2025-07-28
SPOT-100602,18-24,Female,FR,2025-05-21
SPOT-100603,18-24,Male,US,2025-08-20
SPOT-100604,18-24,Female,GB,2024-10-20
SPOT-100605,25-34,Female,US,2024-07-26
SPOT-100606,18-24,Female,US,2025-06-28
SPOT-100607,25-34,Female,DE,2024-01-25
SPOT-100608,25-34,Female,FR,2024-10-31
SPOT-100609,25-34,Female,BR,2023-12-20
SPOT-100610,18-24,Male,MX,2025-11-05
SPOT-100611,35-44,Male,GB,2025-06-16
SPOT-100612,25-34,Male,MX,2024-10-12
SPOT-100613,18-24,Male,AR,2026-04-02
SPOT-100614,45-54,Male,GB,2026-03-16
SPOT-100615,45-54,Male,CA,2024-05-16
SPOT-100616,18-24,Male,US,2025-09-13
SPOT-100617,18-24,Male,CA,2024-01-05
SPOT-100618,35-44,Male,US,2025-12-26
SPOT-100619,35-44,Female,BR,2025-09-21
SPOT-100620,18-24,Female,AU,2024-01-21
SPOT-100621,18-24,Female,MX,2026-04-24
SPOT-100622,25-34,Male,BR,2024-10-21
SPOT-100623,25-34,Male,MX,2025-06-29
SPOT-100624,25-34,Male,GB,2024-07-13
SPOT-100625,25-34,Male,US,2026-03-15
SPOT-100626,25-34,Female,GB,2023-12-11
SPOT-100627,35-44,Male,US,2025-11-22
SPOT-100628,18-24,Female,CA,2026-05-09
SPOT-100629,18-24,Female,FR,2024-08-24
SPOT-100630,35-44,Male,GB,2025-08-12
SPOT-100631,45-54,Female,AR,2025-12-25
SPOT-100632,25-34,Male,US,2024-04-18
SPOT-100633,25-34,Male,US,2024-08-19
SPOT-100634,18-24,Female,ES,2024-06-26
SPOT-100635,25-34,Non-binary,GB,2025-11-21
SPOT-100636,25-34,Female,US,2024-01-08
SPOT-100637,18-24,Female,ES,2023-11-22
SPOT-100638,18-24,Male,AU,2025-01-03
SPOT-100639,25-34,Male,BR,2025-08-28
SPOT-100640,18-24,Male,GB,2025-08-17
SPOT-100641,18-24,Male,DE,2024-02-15
SPOT-100642,18-24,Male,MX,2024-10-05
SPOT-100643,18-24,Female,ES,2025-11-29
SPOT-100644,18-24,Female,FR,2025-07-09
SPOT-100645,45-54,Female,CA,2025-09-01
SPOT-100646,25-34,Female,FR,2024-08-23
SPOT-100647,25-34,Male,MX,2024-12-15
SPOT-100648,35-44,Female,DE,2024-06-18
SPOT-100649,25-34,Male,MX,2024-12-25
SPOT-100650,18-24,Male,MX,2025-02-11
SPOT-100651,25-34,Female,US,2023-11-19
SPOT-100652,25-34,Male,BR,2025-07-10
SPOT-100653,35-44,Female,US,2025-06-02
SPOT-100654,25-34,Female,FR,2024-04-07
SPOT-100655,18-24,Female,GB,2026-05-29
SPOT-100656,18-24,Non-binary,AR,2025-02-13
SPOT-100657,25-34,Female,DE,2025-04-06
SPOT-100658,25-34,Male,ES,2025-05-23
SPOT-100659,25-34,Male,US,2023-12-06
SPOT-100660,25-34,Male,ES,2026-01-04
SPOT-100661,55+,Male,US,2025-04-23
SPOT-100662,25-34,Female,BR,2024-04-21
SPOT-100663,18-24,Male,US,2025-03-14
SPOT-100664,18-24,Non-binary,BR,2025-03-24
SPOT-100665,18-24,Female,AR,2024-02-06
SPOT-100666,18-24,Male,ES,2025-04-06
SPOT-100667,18-24,Male,US,2024-03-31
SPOT-100668,18-24,Male,BR,2026-02-06
SPOT-100669,18-24,Female,FR,2024-10-19
SPOT-100670,18-24,Female,MX,2026-01-29
SPOT-100671,45-54,Male,US,2025-03-20
SPOT-100672,18-24,Female,GB,2025-05-03
SPOT-100673,25-34,Male,BR,2024-03-08
SPOT-100674,25-34,Female,US,2024-08-20
SPOT-100675,55+,Female,MX,2025-06-16
SPOT-100676,18-24,Male,MX,2025-05-10
SPOT-100677,25-34,Male,US,2024-09-29
SPOT-100678,55+,Female,BR,2024-10-07
SPOT-100679,45-54,Non-binary,AR,2025-01-17
SPOT-100680,35-44,Male,DE,2024-09-05
SPOT-100681,18-24,Male,US,2024-05-05
SPOT-100682,18-24,Male,ES,2025-03-25
SPOT-100683,25-34,Male,US,2025-10-10
SPOT-100684,45-54,Male,AR,2025-01-03
SPOT-100685,25-34,Male,CA,2025-06-09
SPOT-100686,25-34,Female,AU,2024-01-14
SPOT-100687,18-24,Male,DE,2024-10-06
SPOT-100688,35-44,Male,MX,2024-04-01
SPOT-100689,18-24,Male,FR,2024-05-25
SPOT-100690,18-24,Female,US,2024-08-08
SPOT-100691,25-34,Female,US,2025-12-01
SPOT-100692,25-34,Female,DE,2025-09-01
SPOT-100693,18-24,Female,FR,2024-04-03
SPOT-100694,18-24,Male,BR,2024-01-22
SPOT-100695,25-34,Male,BR,2024-10-16
SPOT-100696,18-24,Female,MX,2024-10-03
SPOT-100697,25-34,Female,BR,2025-11-10
SPOT-100698,18-24,Female,US,2026-04-18
SPOT-100699,25-34,Female,BR,2024-08-14
SPOT-100700,25-34,Female,MX,2025-11-26
SPOT-100701,18-24,Male,MX,2024-10-28
SPOT-100702,18-24,Female,ES,2026-04-19
SPOT-100703,18-24,Female,BR,2024-06-05
SPOT-100704,18-24,Male,CA,2024-09-08
SPOT-100705,55+,Female,DE,2025-03-30
SPOT-100706,18-24,Female,BR,2026-05-17
SPOT-100707,35-44,Male,AR,2025-04-30
SPOT-100708,18-24,Male,AR,2025-07-09
SPOT-100709,25-34,Male,MX,2024-03-23
SPOT-100710,35-44,Male,US,2024-09-30
SPOT-100711,25-34,Male,GB,2023-12-12
SPOT-100712,25-34,Male,US,2026-04-14
SPOT-100713,25-34,Male,GB,2025-05-24
SPOT-100714,18-24,Male,BR,2024-08-21
SPOT-100715,45-54,Female,AR,2024-01-29
SPOT-100716,35-44,Male,BR,2024-07-21
SPOT-100717,55+,Male,US,2024-10-05
SPOT-100718,18-24,Male,GB,2025-11-02
SPOT-100719,35-44,Female,BR,2023-11-07
SPOT-100720,45-54,Male,ES,2026-04-29
SPOT-100721,18-24,Male,FR,2026-04-05
SPOT-100722,18-24,Male,AU,2024-08-20
SPOT-100723,35-44,Non-binary,FR,2024-12-26
SPOT-100724,25-34,Female,DE,2024-12-10
SPOT-100725,35-44,Male,ES,2024-05-31
SPOT-100726,18-24,Male,US,2024-07-17
SPOT-100727,35-44,Male,US,2024-01-08
SPOT-100728,18-24,Male,US,2024-03-17
SPOT-100729,18-24,Female,US,2024-01-18
SPOT-100730,18-24,Female,US,2024-03-28
SPOT-100731,35-44,Female,FR,2025-05-23
SPOT-100732,25-34,Male,BR,2026-01-26
SPOT-100733,25-34,Female,AR,2025-01-20
SPOT-100734,25-34,Male,CA,2024-08-16
SPOT-100735,45-54,Male,AU,2024-04-26
SPOT-100736,25-34,Female,CA,2024-03-11
SPOT-100737,35-44,Male,ES,2025-10-26
SPOT-100738,25-34,Female,DE,2025-11-22
SPOT-100739,25-34,Female,BR,2024-03-28
SPOT-100740,25-34,Male,AR,2026-04-12
SPOT-100741,18-24,Female,FR,2024-11-28
SPOT-100742,35-44,Male,AU,2025-01-01
SPOT-100743,25-34,Male,ES,2024-03-30
SPOT-100744,18-24,Female,BR,2025-12-20
SPOT-100745,45-54,Female,AU,2023-11-28
SPOT-100746,25-34,Male,AU,2025-09-13
SPOT-100747,25-34,Female,BR,2025-05-14
SPOT-100748,45-54,Non-binary,MX,2024-10-22
SPOT-100749,25-34,Male,AR,2025-12-09
SPOT-100750,18-24,Female,DE,2025-03-25
SPOT-100751,45-54,Female,AR,2025-10-10
SPOT-100752,25-34,Female,US,2026-01-12
SPOT-100753,18-24,Male,BR,2025-07-03
SPOT-100754,18-24,Female,BR,2024-04-27
SPOT-100755,35-44,Male,MX,2023-12-08
SPOT-100756,25-34,Female,US,2024-07-14
SPOT-100757,25-34,Female,US,2025-04-04
SPOT-100758,45-54,Male,CA,2024-06-25
SPOT-100759,35-44,Male,GB,2025-10-04
SPOT-100760,18-24,Female,GB,2024-05-16
SPOT-100761,18-24,Female,ES,2026-02-16
SPOT-100762,18-24,Male,DE,2024-06-08
SPOT-100763,35-44,Male,AR,2023-12-18
SPOT-100764,18-24,Female,DE,2023-12-29
SPOT-100765,25-34,Male,ES,2024-10-14
SPOT-100766,35-44,Male,BR,2025-03-14
SPOT-100767,45-54,Female,CA,2025-07-25
SPOT-100768,18-24,Male,GB,2026-01-12
SPOT-100769,35-44,Male,GB,2023-11-06
SPOT-100770,18-24,Male,AU,2024-02-20
SPOT-100771,35-44,Female,ES,2026-03-20
SPOT-100772,18-24,Male,ES,2024-07-26
SPOT-100773,25-34,Female,GB,2024-10-21
SPOT-100774,35-44,Female,BR,2025-03-29
SPOT-100775,18-24,Male,GB,2025-11-26
SPOT-100776,18-24,Female,GB,2025-06-28
SPOT-100777,35-44,Male,BR,2025-10-19
SPOT-100778,35-44,Female,AU,2025-08-24
SPOT-100779,25-34,Male,US,2024-07-14
SPOT-100780,25-34,Female,US,2025-03-16
SPOT-100781,25-34,Male,US,2025-03-06
SPOT-100782,18-24,Male,AR,2024-10-28
SPOT-100783,18-24,Female,BR,2025-03-31
SPOT-100784,18-24,Male,DE,2025-09-19
SPOT-100785,45-54,Female,AR,2024-04-13
SPOT-100786,25-34,Male,GB,2025-08-13
SPOT-100787,25-34,Male,DE,2025-04-28
SPOT-100788,25-34,Female,US,2025-06-12
SPOT-100789,45-54,Male,US,2025-04-07
SPOT-100790,18-24,Female,US,2026-01-25
SPOT-100791,25-34,Female,GB,2023-12-19
SPOT-100792,25-34,Male,BR,2024-10-16
SPOT-100793,25-34,Female,US,2025-01-17
SPOT-100794,18-24,Male,US,2024-01-02
SPOT-100795,45-54,Male,US,2024-08-02
SPOT-100796,45-54,Female,GB,2025-02-27
SPOT-100797,25-34,Male,US,2026-05-27
SPOT-100798,25-34,Male,US,2025-06-05
SPOT-100799,45-54,Female,AU,2024-08-12
SPOT-100800,35-44,Female,BR,2026-04-20
SPOT-100801,18-24,Female,ES,2024-12-25
SPOT-100802,25-34,Female,AR,2024-03-18
SPOT-100803,25-34,Female,MX,2024-12-18
SPOT-100804,25-34,Female,ES,2026-05-29
SPOT-100805,35-44,Male,MX,2026-02-11
SPOT-100806,45-54,Non-binary,MX,2024-11-16
SPOT-100807,45-54,Male,CA,2024-01-03
SPOT-100808,25-34,Female,US,2025-04-20
SPOT-100809,18-24,Female,GB,2023-12-08
SPOT-100810,55+,Female,US,2025-03-20
SPOT-100811,35-44,Female,AR,2025-02-18
SPOT-100812,18-24,Male,DE,2025-05-14
SPOT-100813,45-54,Male,CA,2024-10-27
SPOT-100814,45-54,Female,DE,2025-02-04
SPOT-100815,25-34,Male,DE,2025-12-08
SPOT-100816,25-34,Female,DE,2024-12-16
SPOT-100817,25-34,Male,MX,2025-05-29
SPOT-100818,18-24,Female,ES,2025-02-19
SPOT-100819,18-24,Female,GB,2024-10-14
SPOT-100820,35-44,Male,MX,2024-12-07
SPOT-100821,18-24,Female,US,2023-12-19
SPOT-100822,18-24,Female,BR,2024-05-19
SPOT-100823,25-34,Male,BR,2023-11-23
SPOT-100824,25-34,Female,FR,2024-04-24
SPOT-100825,45-54,Female,FR,2025-05-22
SPOT-100826,18-24,Male,BR,2025-06-19
SPOT-100827,18-24,Female,US,2025-01-13
SPOT-100828,35-44,Male,AR,2025-01-25
SPOT-100829,25-34,Male,US,2023-12-19
SPOT-100830,18-24,Male,BR,2025-08-09
SPOT-100831,25-34,Female,US,2025-05-07
SPOT-100832,18-24,Female,GB,2025-08-16
SPOT-100833,18-24,Male,MX,2024-09-20
SPOT-100834,25-34,Male,DE,2024-12-03
SPOT-100835,25-34,Male,CA,2023-12-13
SPOT-100836,45-54,Female,MX,2024-04-03
SPOT-100837,25-34,Male,MX,2024-12-15
SPOT-100838,25-34,Female,DE,2024-05-17
SPOT-100839,25-34,Male,US,2025-08-05
SPOT-100840,18-24,Female,ES,2024-04-07
SPOT-100841,25-34,Female,ES,2026-03-16
SPOT-100842,18-24,Female,BR,2024-10-27
SPOT-100843,55+,Male,DE,2024-10-02
SPOT-100844,18-24,Female,BR,2025-02-05
SPOT-100845,25-34,Female,ES,2024-05-20
SPOT-100846,18-24,Female,ES,2026-05-21
SPOT-100847,55+,Male,MX,2025-03-26
SPOT-100848,25-34,Non-binary,CA,2025-04-14
SPOT-100849,25-34,Male,MX,2024-06-22
SPOT-100850,18-24,Male,US,2024-02-02
SPOT-100851,35-44,Male,MX,2024-09-02
SPOT-100852,18-24,Female,MX,2023-11-12
SPOT-100853,45-54,Female,US,2025-07-25
SPOT-100854,18-24,Male,DE,2024-04-18
SPOT-100855,18-24,Male,MX,2024-09-29
SPOT-100856,18-24,Female,ES,2025-01-16
SPOT-100857,25-34,Male,FR,2024-12-24
SPOT-100858,25-34,Female,AR,2025-06-18
SPOT-100859,18-24,Female,US,2025-12-06
SPOT-100860,35-44,Male,MX,2024-12-29
SPOT-100861,25-34,Male,BR,2024-08-19
SPOT-100862,25-34,Female,GB,2024-06-17
SPOT-100863,25-34,Male,US,2025-11-21
SPOT-100864,25-34,Male,US,2024-11-30
SPOT-100865,25-34,Male,US,2024-12-17
SPOT-100866,18-24,Male,AR,2024-08-03
SPOT-100867,18-24,Female,US,2024-10-15
SPOT-100868,45-54,Female,GB,2023-12-20
SPOT-100869,45-54,Female,US,2025-12-07
SPOT-100870,25-34,Male,ES,2024-06-29
SPOT-100871,18-24,Male,US,2025-05-15
SPOT-100872,25-34,Non-binary,US,2024-04-17
SPOT-100873,25-34,Female,DE,2025-09-05
SPOT-100874,18-24,Female,GB,2024-05-27
SPOT-100875,18-24,Male,DE,2025-12-04
SPOT-100876,35-44,Female,ES,2025-09-17
SPOT-100877,25-34,Male,US,2024-01-30
SPOT-100878,18-24,Female,US,2026-05-12
SPOT-100879,18-24,Female,GB,2025-08-12
SPOT-100880,18-24,Female,FR,2024-04-17
SPOT-100881,25-34,Female,US,2023-11-16
SPOT-100882,18-24,Female,AU,2024-12-26
SPOT-100883,18-24,Male,AR,2024-12-04
SPOT-100884,35-44,Male,DE,2025-08-06
SPOT-100885,18-24,Female,ES,2025-06-15
SPOT-100886,25-34,Male,BR,2024-05-01
SPOT-100887,18-24,Male,BR,2024-03-07
SPOT-100888,18-24,Male,BR,2024-01-18
SPOT-100889,18-24,Male,MX,2024-08-04
SPOT-100890,35-44,Non-binary,US,2024-03-18
SPOT-100891,45-54,Male,MX,2025-09-17
SPOT-100892,35-44,Female,ES,2025-12-10
SPOT-100893,25-34,Female,GB,2024-12-26
SPOT-100894,25-34,Male,AU,2024-11-25
SPOT-100895,18-24,Female,US,2025-07-05
SPOT-100896,18-24,Male,CA,2025-05-23
SPOT-100897,45-54,Female,MX,2024-06-26
SPOT-100898,18-24,Male,MX,2025-01-09
SPOT-100899,18-24,Male,FR,2024-04-08
SPOT-100900,18-24,Male,AR,2024-09-18
SPOT-100901,18-24,Male,GB,2026-03-05
SPOT-100902,18-24,Female,ES,2024-04-16
SPOT-100903,25-34,Male,US,2025-01-19
SPOT-100904,25-34,Female,DE,2025-09-16
SPOT-100905,45-54,Male,CA,2024-01-16
SPOT-100906,35-44,Female,GB,2025-09-08
SPOT-100907,18-24,Female,US,2026-04-11
SPOT-100908,18-24,Female,BR,2024-07-12
SPOT-100909,25-34,Male,GB,2025-09-04
SPOT-100910,25-34,Female,DE,2026-01-09
SPOT-100911,18-24,Male,BR,2025-01-31
SPOT-100912,25-34,Male,MX,2024-01-22
SPOT-100913,25-34,Female,DE,2025-04-19
SPOT-100914,25-34,Non-binary,BR,2024-04-24
SPOT-100915,25-34,Female,AU,2026-05-05
SPOT-100916,18-24,Female,AU,2025-01-11
SPOT-100917,45-54,Female,ES,2025-06-18
SPOT-100918,35-44,Non-binary,US,2025-01-23
SPOT-100919,18-24,Female,GB,2024-07-16
SPOT-100920,45-54,Male,FR,2023-12-09
SPOT-100921,25-34,Female,DE,2025-06-11
SPOT-100922,45-54,Male,AU,2024-07-29
SPOT-100923,35-44,Male,BR,2025-01-17
SPOT-100924,25-34,Female,FR,2025-10-15
SPOT-100925,18-24,Male,US,2024-12-09
SPOT-100926,18-24,Male,DE,2026-02-02
SPOT-100927,25-34,Male,ES,2025-12-08
SPOT-100928,25-34,Female,FR,2024-09-09
SPOT-100929,18-24,Non-binary,MX,2025-06-21
SPOT-100930,18-24,Male,US,2026-01-10
SPOT-100931,35-44,Male,FR,2025-07-01
SPOT-100932,55+,Male,BR,2024-06-18
SPOT-100933,25-34,Female,US,2023-12-06
SPOT-100934,18-24,Female,DE,2025-09-07
SPOT-100935,18-24,Male,MX,2023-11-15
SPOT-100936,18-24,Male,DE,2026-04-12
SPOT-100937,45-54,Female,FR,2024-12-13
SPOT-100938,18-24,Female,DE,2024-05-20
SPOT-100939,25-34,Male,BR,2025-10-10
SPOT-100940,18-24,Male,US,2025-05-18
SPOT-100941,25-34,Male,BR,2025-01-28
SPOT-100942,25-34,Non-binary,US,2025-03-17
SPOT-100943,35-44,Female,US,2025-02-28
SPOT-100944,18-24,Female,GB,2024-05-13
SPOT-100945,18-24,Female,US,2023-12-31
SPOT-100946,18-24,Female,US,2026-03-27
SPOT-100947,45-54,Female,DE,2023-11-08
SPOT-100948,45-54,Male,US,2024-05-11
SPOT-100949,25-34,Male,US,2024-06-02
SPOT-100950,25-34,Female,AU,2026-02-05
SPOT-100951,25-34,Female,DE,2025-03-31
SPOT-100952,18-24,Male,DE,2026-03-23
SPOT-100953,45-54,Male,GB,2024-05-05
SPOT-100954,25-34,Male,BR,2024-10-27
SPOT-100955,25-34,Male,BR,2025-08-22
SPOT-100956,25-34,Male,DE,2025-01-04
SPOT-100957,18-24,Female,DE,2024-04-05
SPOT-100958,18-24,Female,ES,2023-11-19
SPOT-100959,35-44,Female,CA,2024-08-19
SPOT-100960,18-24,Female,FR,2025-10-23
SPOT-100961,25-34,Female,US,2024-07-15
SPOT-100962,18-24,Male,MX,2024-01-21
SPOT-100963,25-34,Male,US,2025-08-27
SPOT-100964,18-24,Male,MX,2024-04-24
SPOT-100965,25-34,Female,DE,2025-10-12
SPOT-100966,35-44,Male,BR,2025-01-04
SPOT-100967,18-24,Female,BR,2024-08-06
SPOT-100968,25-34,Male,ES,2026-06-01
SPOT-100969,25-34,Female,ES,2024-12-05
SPOT-100970,25-34,Male,US,2026-04-30
SPOT-100971,45-54,Female,ES,2024-01-27
SPOT-100972,35-44,Male,AR,2024-10-01
SPOT-100973,18-24,Male,US,2026-04-26
SPOT-100974,18-24,Female,GB,2026-01-27
SPOT-100975,18-24,Non-binary,AR,2024-06-15
SPOT-100976,25-34,Female,BR,2024-05-29
SPOT-100977,18-24,Female,MX,2026-01-06
SPOT-100978,25-34,Female,BR,2024-08-22
SPOT-100979,25-34,Female,AU,2025-12-24
SPOT-100980,18-24,Male,CA,2024-09-07
SPOT-100981,35-44,Male,GB,2026-04-19
SPOT-100982,18-24,Male,DE,2025-01-23
SPOT-100983,18-24,Female,DE,2026-04-04
SPOT-100984,35-44,Female,US,2025-03-10
SPOT-100985,25-34,Female,DE,2024-05-14
SPOT-100986,25-34,Male,ES,2024-07-02
SPOT-100987,25-34,Male,AR,2024-07-12
SPOT-100988,18-24,Non-binary,FR,2026-05-22
SPOT-100989,35-44,Male,US,2024-06-13
SPOT-100990,35-44,Female,AR,2026-01-17
SPOT-100991,25-34,Male,BR,2025-09-09
SPOT-100992,18-24,Male,US,2026-01-05
SPOT-100993,25-34,Female,BR,2024-06-17
SPOT-100994,25-34,Male,AR,2024-06-25
SPOT-100995,18-24,Male,DE,2024-03-31
SPOT-100996,45-54,Female,AU,2026-01-07
SPOT-100997,18-24,Female,MX,2025-01-24
SPOT-100998,55+,Female,BR,2024-04-09
SPOT-100999,25-34,Female,GB,2025-09-25
SPOT-101000,18-24,Male,US,2024-07-19
SPOT-101001,25-34,Male,MX,2025-11-26
SPOT-101002,45-54,Female,BR,2026-01-25
SPOT-101003,35-44,Male,BR,2025-10-06
SPOT-101004,35-44,Male,BR,2025-05-21
SPOT-101005,25-34,Female,AR,2025-11-15
SPOT-101006,25-34,Male,GB,2025-03-18
SPOT-101007,35-44,Female,BR,2025-06-18
SPOT-101008,18-24,Male,MX,2026-02-02
SPOT-101009,25-34,Male,US,2024-09-14
SPOT-101010,18-24,Male,CA,2026-04-23
SPOT-101011,55+,Female,ES,2026-01-02
SPOT-101012,45-54,Male,US,2025-12-14
SPOT-101013,18-24,Female,FR,2025-07-01
SPOT-101014,35-44,Female,CA,2025-05-25
SPOT-101015,45-54,Male,AR,2026-03-01
SPOT-101016,18-24,Female,DE,2026-02-07
SPOT-101017,25-34,Female,AU,2024-05-17
SPOT-101018,45-54,Female,US,2024-04-17
SPOT-101019,18-24,Male,BR,2025-03-10
SPOT-101020,25-34,Female,US,2025-10-28
SPOT-101021,18-24,Female,DE,2025-12-25
SPOT-101022,45-54,Male,CA,2025-10-27
SPOT-101023,55+,Male,AR,2025-04-04
SPOT-101024,45-54,Male,AR,2026-05-23
SPOT-101025,25-34,Male,GB,2026-02-07
SPOT-101026,45-54,Male,CA,2024-05-23
SPOT-101027,35-44,Male,GB,2025-09-02
SPOT-101028,18-24,Male,US,2025-01-17
SPOT-101029,35-44,Female,MX,2026-05-26
SPOT-101030,18-24,Female,GB,2025-08-24
SPOT-101031,25-34,Female,US,2025-11-05
SPOT-101032,18-24,Female,CA,2024-04-17
SPOT-101033,18-24,Male,MX,2025-01-05
SPOT-101034,18-24,Male,CA,2024-10-18
SPOT-101035,25-34,Female,BR,2025-08-05
SPOT-101036,18-24,Male,US,2025-11-17
SPOT-101037,35-44,Male,US,2025-05-10
SPOT-101038,18-24,Male,CA,2024-08-20
SPOT-101039,18-24,Male,US,2024-07-19
SPOT-101040,25-34,Male,MX,2025-04-03
SPOT-101041,35-44,Male,GB,2024-01-18
SPOT-101042,18-24,Male,MX,2025-05-28
SPOT-101043,25-34,Female,GB,2025-02-16
SPOT-101044,45-54,Male,US,2025-12-27
SPOT-101045,25-34,Female,ES,2026-04-12
SPOT-101046,18-24,Female,GB,2025-02-23
SPOT-101047,18-24,Female,BR,2025-08-04
SPOT-101048,45-54,Male,ES,2024-12-02
SPOT-101049,18-24,Female,ES,2024-10-29
SPOT-101050,45-54,Male,GB,2024-03-25
SPOT-101051,25-34,Male,ES,2024-05-26
SPOT-101052,45-54,Female,CA,2024-03-13
SPOT-101053,35-44,Male,MX,2025-04-29
SPOT-101054,55+,Male,ES,2024-10-28
SPOT-101055,25-34,Male,FR,2024-01-21
SPOT-101056,35-44,Male,AR,2024-08-15
SPOT-101057,25-34,Male,GB,2024-07-31
SPOT-101058,25-34,Non-binary,AU,2026-05-20
SPOT-101059,25-34,Male,US,2025-04-19
SPOT-101060,45-54,Male,AU,2025-03-03
SPOT-101061,55+,Female,US,2026-01-13
SPOT-101062,35-44,Female,DE,2024-09-01
SPOT-101063,25-34,Female,FR,2024-06-04
SPOT-101064,25-34,Female,US,2024-04-14
SPOT-101065,35-44,Female,US,2024-07-18
SPOT-101066,18-24,Female,MX,2024-08-16
SPOT-101067,18-24,Male,ES,2025-01-22
SPOT-101068,25-34,Female,US,2024-03-05
SPOT-101069,18-24,Female,DE,2024-08-11
SPOT-101070,18-24,Female,BR,2024-12-14
SPOT-101071,18-24,Non-binary,GB,2024-11-25
SPOT-101072,18-24,Male,BR,2024-09-06
SPOT-101073,18-24,Male,US,2025-05-10
SPOT-101074,55+,Non-binary,GB,2024-09-18
SPOT-101075,25-34,Male,ES,2025-08-18
SPOT-101076,25-34,Female,FR,2025-01-22
SPOT-101077,25-34,Male,BR,2025-12-26
SPOT-101078,18-24,Female,US,2024-12-29
SPOT-101079,45-54,Female,MX,2025-10-05
SPOT-101080,35-44,Male,FR,2026-04-29
SPOT-101081,18-24,Male,BR,2024-12-30
SPOT-101082,25-34,Male,BR,2024-02-11
SPOT-101083,45-54,Female,AU,2026-01-09
SPOT-101084,45-54,Female,MX,2024-10-19
SPOT-101085,25-34,Male,AR,2026-05-14
SPOT-101086,25-34,Male,MX,2025-02-13
SPOT-101087,18-24,Female,US,2025-09-28
SPOT-101088,55+,Female,GB,2025-07-04
SPOT-101089,18-24,Male,MX,2026-05-12
SPOT-101090,45-54,Male,DE,2025-03-22
SPOT-101091,25-34,Female,DE,2024-01-04
SPOT-101092,25-34,Female,US,2024-10-28
SPOT-101093,25-34,Female,FR,2025-03-01
SPOT-101094,18-24,Male,FR,2025-11-06
SPOT-101095,18-24,Female,DE,2024-10-22
SPOT-101096,18-24,Female,ES,2025-05-28
SPOT-101097,18-24,Female,US,2026-03-14
SPOT-101098,35-44,Male,BR,2025-09-28
SPOT-101099,25-34,Male,DE,2025-03-08
SPOT-101100,18-24,Male,MX,2024-06-13
SPOT-101101,55+,Female,DE,2025-12-26
SPOT-101102,45-54,Female,BR,2025-06-27
SPOT-101103,45-54,Male,GB,2026-01-13
SPOT-101104,55+,Female,US,2026-02-10
SPOT-101105,18-24,Male,CA,2024-04-29
SPOT-101106,25-34,Male,US,2026-05-05
SPOT-101107,35-44,Male,GB,2025-02-25
SPOT-101108,25-34,Female,DE,2024-08-22
SPOT-101109,18-24,Female,GB,2025-04-12
SPOT-101110,35-44,Female,BR,2023-12-05
SPOT-101111,18-24,Female,DE,2026-01-31
SPOT-101112,18-24,Male,GB,2025-06-05
SPOT-101113,25-34,Female,US,2025-01-12
SPOT-101114,25-34,Male,US,2024-10-22
SPOT-101115,25-34,Male,BR,2025-01-07
SPOT-101116,18-24,Male,AR,2025-01-11
SPOT-101117,45-54,Male,US,2024-12-03
SPOT-101118,18-24,Male,MX,2024-03-03
SPOT-101119,18-24,Male,AR,2023-11-29
SPOT-101120,45-54,Female,GB,2025-12-27
SPOT-101121,55+,Male,MX,2024-01-05
SPOT-101122,45-54,Female,MX,2024-07-17
SPOT-101123,35-44,Male,ES,2024-05-17
SPOT-101124,25-34,Male,FR,2024-03-15
SPOT-101125,25-34,Male,DE,2025-01-26
SPOT-101126,18-24,Male,US,2025-11-16
SPOT-101127,25-34,Male,BR,2025-12-08
SPOT-101128,25-34,Female,US,2023-11-26
SPOT-101129,18-24,Female,GB,2025-11-07
SPOT-101130,35-44,Male,FR,2024-10-30
SPOT-101131,25-34,Male,BR,2026-01-20
SPOT-101132,18-24,Female,DE,2023-12-18
SPOT-101133,18-24,Male,GB,2023-12-27
SPOT-101134,25-34,Male,GB,2025-01-04
SPOT-101135,18-24,Female,US,2025-07-29
SPOT-101136,45-54,Female,AR,2024-12-28
SPOT-101137,25-34,Female,AU,2024-12-14
SPOT-101138,25-34,Female,BR,2026-02-11
SPOT-101139,25-34,Male,US,2025-04-12
SPOT-101140,35-44,Male,ES,2025-01-09
SPOT-101141,18-24,Male,FR,2025-06-28
SPOT-101142,25-34,Female,CA,2025-08-29
SPOT-101143,25-34,Female,MX,2024-02-25
SPOT-101144,18-24,Male,BR,2025-02-08
SPOT-101145,45-54,Male,MX,2025-10-24
SPOT-101146,35-44,Male,US,2024-02-19
SPOT-101147,25-34,Male,MX,2025-09-16
SPOT-101148,45-54,Male,ES,2025-12-06
SPOT-101149,45-54,Female,ES,2025-01-03
SPOT-101150,35-44,Non-binary,BR,2024-03-18
SPOT-101151,35-44,Male,ES,2026-05-03
SPOT-101152,25-34,Male,MX,2025-03-19
SPOT-101153,25-34,Male,US,2025-11-14
SPOT-101154,25-34,Male,FR,2026-05-04
SPOT-101155,35-44,Male,MX,2025-10-01
SPOT-101156,18-24,Female,ES,2024-01-24
SPOT-101157,45-54,Male,GB,2025-02-15
SPOT-101158,45-54,Non-binary,CA,2025-01-19
SPOT-101159,18-24,Female,BR,2025-12-18
SPOT-101160,35-44,Female,MX,2024-09-30
SPOT-101161,18-24,Male,AU,2026-05-09
SPOT-101162,18-24,Female,CA,2025-09-27
SPOT-101163,35-44,Male,MX,2024-11-10
SPOT-101164,18-24,Male,US,2025-10-17
SPOT-101165,35-44,Male,AU,2025-12-21
SPOT-101166,35-44,Female,AU,2025-05-04
SPOT-101167,25-34,Male,US,2025-02-14
SPOT-101168,18-24,Male,DE,2024-09-23
SPOT-101169,18-24,Male,BR,2025-08-05
SPOT-101170,25-34,Male,US,2024-01-28
SPOT-101171,55+,Male,US,2024-04-05
SPOT-101172,25-34,Male,BR,2025-01-22
SPOT-101173,18-24,Female,AU,2025-05-13
SPOT-101174,25-34,Male,US,2025-11-13
SPOT-101175,25-34,Female,CA,2024-03-18
SPOT-101176,35-44,Female,FR,2026-02-24
SPOT-101177,18-24,Male,FR,2025-04-12
SPOT-101178,35-44,Female,DE,2024-05-19
SPOT-101179,25-34,Female,BR,2026-05-03
SPOT-101180,55+,Female,DE,2025-05-11
SPOT-101181,18-24,Female,CA,2024-02-19
SPOT-101182,25-34,Female,BR,2025-03-07
SPOT-101183,45-54,Male,US,2025-02-23
SPOT-101184,18-24,Female,GB,2023-12-07
SPOT-101185,45-54,Male,DE,2023-12-25
SPOT-101186,25-34,Female,AU,2024-11-03
SPOT-101187,18-24,Male,BR,2025-12-12
SPOT-101188,18-24,Female,MX,2025-12-18
SPOT-101189,35-44,Male,US,2024-05-16
SPOT-101190,18-24,Female,FR,2024-10-12
SPOT-101191,25-34,Female,BR,2024-01-12
SPOT-101192,18-24,Female,CA,2024-05-10
SPOT-101193,25-34,Female,DE,2025-10-29
SPOT-101194,18-24,Male,MX,2025-01-19
SPOT-101195,45-54,Female,BR,2023-11-19
SPOT-101196,55+,Female,US,2026-01-13
SPOT-101197,55+,Female,GB,2023-12-19
SPOT-101198,35-44,Female,US,2024-10-01
SPOT-101199,18-24,Male,DE,2025-12-28
SPOT-101200,35-44,Male,MX,2024-02-25
SPOT-101201,18-24,Female,US,2025-06-17
SPOT-101202,18-24,Female,BR,2024-10-27
SPOT-101203,18-24,Male,DE,2025-05-13
SPOT-101204,25-34,Female,BR,2024-04-14
SPOT-101205,35-44,Male,US,2024-03-01
SPOT-101206,25-34,Female,BR,2024-05-27
SPOT-101207,25-34,Female,GB,2024-01-23
SPOT-101208,18-24,Male,GB,2024-03-16
SPOT-101209,55+,Female,BR,2024-09-08
SPOT-101210,25-34,Female,US,2025-04-18
SPOT-101211,25-34,Male,CA,2025-02-15
SPOT-101212,18-24,Male,CA,2025-04-07
SPOT-101213,35-44,Male,MX,2025-05-29
SPOT-101214,25-34,Female,GB,2025-02-07
SPOT-101215,18-24,Male,MX,2025-03-24
SPOT-101216,18-24,Male,MX,2025-07-02
SPOT-101217,25-34,Male,DE,2024-05-01
SPOT-101218,25-34,Female,GB,2025-12-25
SPOT-101219,18-24,Female,US,2025-02-16
SPOT-101220,55+,Female,US,2025-05-13
SPOT-101221,18-24,Male,MX,2024-02-20
SPOT-101222,25-34,Female,FR,2026-01-06
SPOT-101223,45-54,Female,DE,2026-04-07
SPOT-101224,25-34,Male,US,2026-04-02
SPOT-101225,25-34,Male,US,2024-10-13
SPOT-101226,25-34,Female,DE,2025-02-01
SPOT-101227,18-24,Female,US,2025-01-07
SPOT-101228,55+,Female,GB,2024-07-15
SPOT-101229,25-34,Male,US,2025-11-04
SPOT-101230,45-54,Female,MX,2024-08-25
SPOT-101231,18-24,Female,MX,2026-03-28
SPOT-101232,18-24,Female,CA,2024-03-07
SPOT-101233,18-24,Non-binary,MX,2024-04-30
SPOT-101234,25-34,Female,US,2024-03-23
SPOT-101235,25-34,Female,ES,2026-02-18
SPOT-101236,45-54,Male,US,2024-01-30
SPOT-101237,25-34,Female,BR,2026-03-26
SPOT-101238,55+,Male,US,2025-06-05
SPOT-101239,18-24,Female,US,2025-07-15
SPOT-101240,45-54,Male,DE,2024-10-11
SPOT-101241,35-44,Female,US,2024-06-02
SPOT-101242,35-44,Male,GB,2025-12-23
SPOT-101243,35-44,Female,GB,2024-09-14
SPOT-101244,35-44,Male,ES,2025-08-08
SPOT-101245,25-34,Male,GB,2024-12-17
SPOT-101246,18-24,Female,BR,2024-12-26
SPOT-101247,18-24,Female,ES,2026-05-02
SPOT-101248,45-54,Male,US,2024-07-16
SPOT-101249,25-34,Male,AR,2025-05-30
SPOT-101250,35-44,Male,AR,2025-02-18
SPOT-101251,25-34,Female,AU,2025-06-14
SPOT-101252,18-24,Female,DE,2024-10-12
SPOT-101253,18-24,Female,DE,2025-07-27
SPOT-101254,25-34,Male,ES,2025-03-11
SPOT-101255,25-34,Male,US,2024-02-18
SPOT-101256,18-24,Non-binary,US,2024-04-09
SPOT-101257,25-34,Male,GB,2024-03-31
SPOT-101258,18-24,Female,ES,2024-01-22
SPOT-101259,25-34,Male,US,2025-06-09
SPOT-101260,18-24,Female,MX,2024-01-16
SPOT-101261,35-44,Female,GB,2024-01-13
SPOT-101262,18-24,Male,MX,2025-12-24
SPOT-101263,25-34,Female,DE,2025-11-23
SPOT-101264,18-24,Female,US,2025-02-12
SPOT-101265,18-24,Male,US,2026-01-16
SPOT-101266,25-34,Male,US,2024-01-17
SPOT-101267,25-34,Female,US,2025-01-08
SPOT-101268,25-34,Male,DE,2025-02-14
SPOT-101269,18-24,Female,AU,2025-01-22
SPOT-101270,25-34,Male,MX,2026-02-13
SPOT-101271,45-54,Male,AR,2026-04-13
SPOT-101272,35-44,Male,AU,2024-03-23
SPOT-101273,18-24,Male,BR,2023-12-06
SPOT-101274,25-34,Male,US,2024-07-22
SPOT-101275,18-24,Male,CA,2025-02-14
SPOT-101276,18-24,Female,MX,2025-06-11
SPOT-101277,55+,Female,AU,2025-02-09
SPOT-101278,18-24,Female,MX,2025-08-13
SPOT-101279,25-34,Male,ES,2024-11-20
SPOT-101280,25-34,Female,FR,2025-04-02
SPOT-101281,35-44,Male,ES,2026-05-06
SPOT-101282,25-34,Male,BR,2025-05-23
SPOT-101283,18-24,Male,BR,2023-11-09
SPOT-101284,18-24,Male,AR,2025-10-10
SPOT-101285,25-34,Female,ES,2025-01-31
SPOT-101286,18-24,Male,GB,2025-05-21
SPOT-101287,25-34,Female,BR,2024-10-23
SPOT-101288,18-24,Male,MX,2025-07-17
SPOT-101289,18-24,Female,US,2026-04-04
SPOT-101290,25-34,Female,US,2025-10-21
SPOT-101291,18-24,Male,GB,2024-04-13
SPOT-101292,25-34,Female,FR,2025-03-07
SPOT-101293,25-34,Female,GB,2026-04-12
SPOT-101294,35-44,Female,BR,2024-09-28
SPOT-101295,18-24,Female,AR,2025-06-08
SPOT-101296,18-24,Female,GB,2024-03-14
SPOT-101297,18-24,Male,US,2024-06-01
SPOT-101298,25-34,Female,CA,2025-09-26
SPOT-101299,35-44,Male,ES,2024-06-09
SPOT-101300,18-24,Male,US,2025-04-05
SPOT-101301,45-54,Female,AR,2026-04-22
SPOT-101302,18-24,Male,AR,2025-04-08
SPOT-101303,25-34,Male,AR,2025-04-22
SPOT-101304,35-44,Male,GB,2025-07-15
SPOT-101305,45-54,Male,DE,2025-07-13
SPOT-101306,35-44,Male,MX,2025-07-03
SPOT-101307,35-44,Non-binary,DE,2024-09-19
SPOT-101308,18-24,Male,US,2026-02-06
SPOT-101309,35-44,Female,US,2024-10-30
SPOT-101310,18-24,Male,BR,2026-02-25
SPOT-101311,45-54,Female,DE,2025-09-26
SPOT-101312,25-34,Non-binary,US,2025-02-01
SPOT-101313,35-44,Male,ES,2023-12-25
SPOT-101314,25-34,Female,DE,2025-11-29
SPOT-101315,25-34,Non-binary,GB,2024-05-21
SPOT-101316,25-34,Female,ES,2025-01-15
SPOT-101317,35-44,Male,DE,2024-03-11
SPOT-101318,18-24,Female,MX,2024-01-30
SPOT-101319,18-24,Female,US,2025-03-29
SPOT-101320,18-24,Male,US,2024-04-09
SPOT-101321,18-24,Male,BR,2025-05-06
SPOT-101322,45-54,Male,AU,2024-02-18
SPOT-101323,18-24,Male,GB,2024-05-30
SPOT-101324,55+,Female,MX,2024-05-12
SPOT-101325,18-24,Male,US,2025-08-21
SPOT-101326,18-24,Male,GB,2024-01-22
SPOT-101327,35-44,Female,US,2024-11-07
SPOT-101328,25-34,Male,FR,2025-11-22
SPOT-101329,25-34,Male,GB,2025-04-18
SPOT-101330,25-34,Female,US,2025-11-21
SPOT-101331,35-44,Male,ES,2024-03-12
SPOT-101332,18-24,Male,US,2026-04-24
SPOT-101333,55+,Male,US,2025-07-21
SPOT-101334,55+,Female,US,2025-05-22
SPOT-101335,25-34,Female,AU,2025-08-10
SPOT-101336,18-24,Female,US,2025-11-13
SPOT-101337,25-34,Male,AU,2024-10-11
SPOT-101338,18-24,Female,US,2025-02-20
SPOT-101339,18-24,Female,US,2025-12-15
SPOT-101340,18-24,Male,FR,2025-11-25
SPOT-101341,25-34,Female,BR,2026-02-04
SPOT-101342,45-54,Female,GB,2024-10-19
SPOT-101343,35-44,Male,BR,2024-09-24
SPOT-101344,35-44,Male,GB,2024-11-30
SPOT-101345,25-34,Male,MX,2024-05-16
SPOT-101346,18-24,Male,MX,2025-12-08
SPOT-101347,25-34,Female,US,2024-05-18
SPOT-101348,55+,Female,CA,2024-05-17
SPOT-101349,18-24,Male,DE,2024-05-19
SPOT-101350,45-54,Female,US,2023-12-02
SPOT-101351,25-34,Female,GB,2025-06-13
SPOT-101352,25-34,Male,FR,2024-05-30
SPOT-101353,35-44,Female,DE,2025-02-03
SPOT-101354,25-34,Female,BR,2024-04-21
SPOT-101355,45-54,Male,CA,2025-06-11
SPOT-101356,45-54,Male,MX,2024-08-21
SPOT-101357,25-34,Male,MX,2026-05-30
SPOT-101358,18-24,Male,US,2025-06-11
SPOT-101359,25-34,Male,MX,2026-04-03
SPOT-101360,45-54,Male,DE,2026-01-30
SPOT-101361,18-24,Female,CA,2024-01-02
SPOT-101362,25-34,Female,US,2024-06-18
SPOT-101363,25-34,Male,GB,2024-12-26
SPOT-101364,35-44,Male,US,2024-03-08
SPOT-101365,18-24,Female,DE,2024-09-18
SPOT-101366,35-44,Female,US,2025-08-23
SPOT-101367,45-54,Male,AR,2025-09-29
SPOT-101368,18-24,Male,CA,2025-10-28
SPOT-101369,18-24,Female,MX,2025-08-17
SPOT-101370,55+,Male,US,2025-11-22
SPOT-101371,18-24,Male,GB,2024-04-20
SPOT-101372,45-54,Male,AU,2023-11-17
SPOT-101373,25-34,Male,US,2025-03-29
SPOT-101374,18-24,Male,BR,2026-01-02
SPOT-101375,45-54,Male,GB,2026-04-30
SPOT-101376,25-34,Female,AU,2026-03-23
SPOT-101377,25-34,Female,GB,2026-05-18
SPOT-101378,25-34,Non-binary,US,2026-03-15
SPOT-101379,25-34,Male,ES,2025-09-04
SPOT-101380,18-24,Male,GB,2024-01-01
SPOT-101381,25-34,Female,MX,2024-01-02
SPOT-101382,55+,Female,US,2025-02-06
SPOT-101383,18-24,Male,BR,2026-03-11
SPOT-101384,25-34,Male,DE,2026-01-12
SPOT-101385,18-24,Male,BR,2024-09-07
SPOT-101386,35-44,Male,FR,2024-02-27
SPOT-101387,18-24,Male,AU,2024-07-01
SPOT-101388,55+,Female,ES,2024-06-03
SPOT-101389,25-34,Male,ES,2025-03-10
SPOT-101390,18-24,Non-binary,BR,2025-04-26
SPOT-101391,18-24,Female,US,2024-07-02
SPOT-101392,18-24,Male,MX,2025-01-21
SPOT-101393,25-34,Female,US,2025-08-25
SPOT-101394,18-24,Female,US,2025-10-29
SPOT-101395,35-44,Male,ES,2025-03-27
SPOT-101396,25-34,Male,MX,2025-09-01
SPOT-101397,18-24,Female,GB,2025-05-19
SPOT-101398,25-34,Female,ES,2025-01-25
SPOT-101399,35-44,Female,CA,2023-12-20
SPOT-101400,18-24,Male,BR,2025-08-02
SPOT-101401,18-24,Male,MX,2025-10-03
SPOT-101402,18-24,Female,GB,2024-06-12
SPOT-101403,35-44,Male,AU,2024-12-08
SPOT-101404,25-34,Female,GB,2024-11-11
SPOT-101405,25-34,Female,FR,2026-03-10
SPOT-101406,35-44,Female,CA,2025-08-15
SPOT-101407,35-44,Female,ES,2024-07-23
SPOT-101408,25-34,Female,AR,2024-03-29
SPOT-101409,45-54,Female,DE,2026-02-26
SPOT-101410,18-24,Female,CA,2024-07-17
SPOT-101411,18-24,Male,ES,2025-03-03
SPOT-101412,18-24,Non-binary,GB,2025-11-05
SPOT-101413,18-24,Male,US,2024-06-05
SPOT-101414,25-34,Male,BR,2024-12-06
SPOT-101415,45-54,Male,AR,2026-03-08
SPOT-101416,18-24,Male,FR,2025-03-18
SPOT-101417,18-24,Female,AR,2025-07-06
SPOT-101418,25-34,Male,US,2024-05-26
SPOT-101419,45-54,Female,DE,2024-08-06
SPOT-101420,18-24,Male,MX,2025-07-12
SPOT-101421,25-34,Male,MX,2025-11-18
SPOT-101422,18-24,Male,GB,2026-03-08
SPOT-101423,18-24,Female,MX,2025-12-07
SPOT-101424,55+,Female,BR,2024-01-07
SPOT-101425,55+,Male,BR,2024-10-20
SPOT-101426,18-24,Male,MX,2024-12-06
SPOT-101427,55+,Non-binary,MX,2025-11-29
SPOT-101428,25-34,Male,US,2024-11-04
SPOT-101429,45-54,Male,FR,2025-07-05
SPOT-101430,25-34,Male,US,2023-12-21
SPOT-101431,25-34,Male,ES,2025-10-13
SPOT-101432,25-34,Male,US,2025-12-29
SPOT-101433,25-34,Male,MX,2025-05-28
SPOT-101434,18-24,Female,FR,2024-01-20
SPOT-101435,18-24,Female,US,2025-11-07
SPOT-101436,18-24,Female,AU,2023-12-29
SPOT-101437,35-44,Female,US,2025-08-12
SPOT-101438,18-24,Female,US,2025-02-08
SPOT-101439,25-34,Female,FR,2024-06-13
SPOT-101440,55+,Female,ES,2024-03-12
SPOT-101441,18-24,Male,US,2026-01-13
SPOT-101442,25-34,Male,CA,2023-11-30
SPOT-101443,25-34,Female,MX,2026-04-06
SPOT-101444,45-54,Female,US,2023-12-01
SPOT-101445,18-24,Non-binary,FR,2025-11-12
SPOT-101446,25-34,Female,BR,2024-01-26
SPOT-101447,35-44,Male,GB,2024-06-13
SPOT-101448,45-54,Male,AR,2023-12-11
SPOT-101449,25-34,Female,ES,2025-07-05
SPOT-101450,25-34,Male,MX,2026-01-07
SPOT-101451,25-34,Male,FR,2025-07-27
SPOT-101452,45-54,Female,FR,2024-05-01
SPOT-101453,25-34,Male,US,2025-05-24
SPOT-101454,18-24,Female,FR,2024-01-11
SPOT-101455,45-54,Female,DE,2026-04-25
SPOT-101456,25-34,Male,DE,2024-08-15
SPOT-101457,25-34,Male,AU,2024-02-26
SPOT-101458,18-24,Male,ES,2024-03-15
SPOT-101459,25-34,Female,GB,2023-12-18
SPOT-101460,25-34,Male,MX,2026-04-14
SPOT-101461,25-34,Male,BR,2026-03-28
SPOT-101462,18-24,Non-binary,US,2023-11-30
SPOT-101463,25-34,Male,FR,2026-06-02
SPOT-101464,55+,Male,AR,2026-01-21
SPOT-101465,18-24,Male,ES,2025-06-15
SPOT-101466,55+,Male,BR,2025-05-17
SPOT-101467,25-34,Non-binary,US,2023-11-11
SPOT-101468,45-54,Male,FR,2024-10-12
SPOT-101469,35-44,Male,GB,2024-08-14
SPOT-101470,25-34,Female,US,2026-03-27
SPOT-101471,35-44,Female,AU,2024-01-12
SPOT-101472,45-54,Male,FR,2026-02-26
SPOT-101473,25-34,Female,MX,2025-02-14
SPOT-101474,18-24,Female,US,2024-04-04
SPOT-101475,25-34,Male,US,2024-03-27
SPOT-101476,35-44,Female,DE,2024-10-09
SPOT-101477,35-44,Female,MX,2024-04-25
SPOT-101478,35-44,Female,ES,2026-03-25
SPOT-101479,25-34,Female,AR,2024-10-18
SPOT-101480,35-44,Non-binary,BR,2024-05-29
SPOT-101481,18-24,Female,MX,2025-07-31
SPOT-101482,25-34,Male,AR,2024-02-18
SPOT-101483,18-24,Male,ES,2024-10-25
SPOT-101484,18-24,Female,AU,2025-11-26
SPOT-101485,25-34,Male,FR,2025-12-09
SPOT-101486,25-34,Female,US,2025-07-29
SPOT-101487,25-34,Male,CA,2025-06-09
SPOT-101488,25-34,Male,US,2024-03-23
SPOT-101489,25-34,Female,AU,2025-11-01
SPOT-101490,18-24,Female,ES,2025-01-19
SPOT-101491,25-34,Male,MX,2025-01-08
SPOT-101492,18-24,Male,GB,2024-01-31
SPOT-101493,18-24,Female,US,2026-01-19
SPOT-101494,25-34,Female,US,2026-04-25
SPOT-101495,25-34,Female,FR,2024-03-20
SPOT-101496,25-34,Male,DE,2026-04-01
SPOT-101497,25-34,Male,BR,2025-03-21
SPOT-101498,25-34,Female,CA,2025-09-05
SPOT-101499,45-54,Female,GB,2024-06-10
SPOT-101500,25-34,Male,ES,2026-03-21
SPOT-101501,25-34,Female,BR,2024-01-16
SPOT-101502,18-24,Male,US,2025-05-15
SPOT-101503,18-24,Female,FR,2024-09-28
SPOT-101504,25-34,Female,MX,2024-07-01
SPOT-101505,25-34,Male,US,2024-09-15
SPOT-101506,25-34,Female,BR,2025-07-14
SPOT-101507,25-34,Male,FR,2026-02-13
SPOT-101508,25-34,Male,US,2023-11-09
SPOT-101509,35-44,Female,DE,2026-04-03
SPOT-101510,35-44,Male,AR,2024-04-01
SPOT-101511,35-44,Female,FR,2025-12-29
SPOT-101512,55+,Male,ES,2025-10-05
SPOT-101513,18-24,Female,GB,2025-01-27
SPOT-101514,18-24,Male,BR,2024-06-11
SPOT-101515,18-24,Female,ES,2024-05-12
SPOT-101516,25-34,Female,US,2025-08-16
SPOT-101517,45-54,Non-binary,BR,2024-02-03
SPOT-101518,18-24,Female,ES,2025-10-12
SPOT-101519,45-54,Male,AR,2024-05-06
SPOT-101520,18-24,Male,US,2025-03-23
SPOT-101521,45-54,Female,GB,2025-12-18
SPOT-101522,25-34,Female,BR,2025-07-23
SPOT-101523,18-24,Male,ES,2026-03-30
SPOT-101524,25-34,Male,ES,2025-06-01
SPOT-101525,18-24,Female,GB,2024-08-31
SPOT-101526,18-24,Female,US,2026-02-03
SPOT-101527,18-24,Female,MX,2024-05-19
SPOT-101528,35-44,Male,CA,2024-03-12
SPOT-101529,25-34,Male,AR,2026-05-15
SPOT-101530,18-24,Male,MX,2024-07-15
SPOT-101531,25-34,Male,AU,2025-03-27
SPOT-101532,35-44,Female,DE,2025-11-14
SPOT-101533,18-24,Female,BR,2024-04-12
SPOT-101534,25-34,Female,US,2026-03-28
SPOT-101535,18-24,Male,CA,2024-08-02
SPOT-101536,18-24,Male,BR,2025-10-13
SPOT-101537,25-34,Female,DE,2026-02-07
SPOT-101538,18-24,Male,US,2024-06-28
SPOT-101539,25-34,Male,GB,2025-07-13
SPOT-101540,35-44,Female,US,2024-06-06
SPOT-101541,18-24,Female,GB,2026-05-28
SPOT-101542,25-34,Female,AU,2026-03-11
SPOT-101543,18-24,Male,US,2026-04-18
SPOT-101544,55+,Female,BR,2026-04-22
SPOT-101545,25-34,Male,US,2024-06-21
SPOT-101546,35-44,Female,AR,2025-11-26
SPOT-101547,25-34,Female,BR,2026-05-03
SPOT-101548,18-24,Female,US,2023-11-24
SPOT-101549,25-34,Male,FR,2025-03-18
SPOT-101550,55+,Female,AR,2025-08-18
SPOT-101551,25-34,Male,AU,2025-07-30
SPOT-101552,35-44,Male,US,2024-01-14
SPOT-101553,45-54,Male,DE,2025-08-19
SPOT-101554,18-24,Female,AU,2024-11-14
SPOT-101555,18-24,Male,AR,2024-08-31
SPOT-101556,25-34,Female,AR,2025-05-10
SPOT-101557,25-34,Female,MX,2025-04-23
SPOT-101558,35-44,Male,ES,2024-01-11
SPOT-101559,45-54,Female,AR,2023-12-27
SPOT-101560,25-34,Male,US,2024-08-27
SPOT-101561,18-24,Male,MX,2024-12-30
SPOT-101562,35-44,Female,AR,2026-03-25
SPOT-101563,18-24,Female,US,2024-02-23
SPOT-101564,35-44,Male,GB,2024-12-28
SPOT-101565,25-34,Female,GB,2024-05-14
SPOT-101566,25-34,Female,FR,2024-07-01
SPOT-101567,18-24,Male,AR,2024-03-17
SPOT-101568,25-34,Female,MX,2026-02-21
SPOT-101569,25-34,Female,AR,2024-05-19
SPOT-101570,25-34,Male,DE,2025-03-29
SPOT-101571,18-24,Female,FR,2025-07-02
SPOT-101572,35-44,Female,US,2025-07-26
SPOT-101573,45-54,Male,ES,2024-03-29
SPOT-101574,18-24,Non-binary,US,2026-04-08
SPOT-101575,18-24,Male,US,2025-01-10
SPOT-101576,18-24,Female,GB,2026-06-02
SPOT-101577,25-34,Male,BR,2025-10-08
SPOT-101578,25-34,Female,AR,2024-03-05
SPOT-101579,25-34,Male,BR,2025-11-05
SPOT-101580,18-24,Female,US,2026-04-02
SPOT-101581,25-34,Male,AU,2024-05-21
SPOT-101582,25-34,Male,GB,2026-02-15
SPOT-101583,25-34,Male,AU,2025-12-15
SPOT-101584,55+,Female,CA,2025-12-10
SPOT-101585,18-24,Male,BR,2026-02-05
SPOT-101586,25-34,Female,US,2025-06-09
SPOT-101587,25-34,Female,MX,2024-03-20
SPOT-101588,25-34,Female,AR,2026-01-15
SPOT-101589,35-44,Male,DE,2024-06-26
SPOT-101590,25-34,Female,US,2024-12-09
SPOT-101591,55+,Male,AR,2024-04-22
SPOT-101592,18-24,Female,BR,2025-02-09
SPOT-101593,18-24,Female,US,2024-08-21
SPOT-101594,35-44,Male,CA,2024-12-08
SPOT-101595,25-34,Male,CA,2024-10-20
SPOT-101596,18-24,Female,GB,2024-10-20
SPOT-101597,18-24,Male,US,2024-07-05
SPOT-101598,18-24,Female,MX,2024-07-31
SPOT-101599,45-54,Male,GB,2024-08-03
SPOT-101600,18-24,Female,US,2026-02-10
SPOT-101601,18-24,Male,FR,2024-03-14
SPOT-101602,18-24,Female,AU,2025-02-12
SPOT-101603,25-34,Female,GB,2026-03-10
SPOT-101604,18-24,Female,ES,2025-10-16
SPOT-101605,25-34,Male,US,2024-11-29
SPOT-101606,18-24,Female,GB,2023-12-09
SPOT-101607,35-44,Male,US,2024-01-21
SPOT-101608,18-24,Male,US,2025-12-30
SPOT-101609,25-34,Female,BR,2025-08-27
SPOT-101610,45-54,Female,AR,2024-03-20
SPOT-101611,25-34,Male,DE,2024-02-21
SPOT-101612,25-34,Female,BR,2024-03-25
SPOT-101613,18-24,Female,GB,2024-11-15
SPOT-101614,18-24,Male,ES,2026-01-25
SPOT-101615,25-34,Female,GB,2026-02-14
SPOT-101616,55+,Female,US,2024-07-07
SPOT-101617,25-34,Male,US,2023-11-16
SPOT-101618,25-34,Female,US,2024-06-11
SPOT-101619,35-44,Female,DE,2024-08-03
SPOT-101620,25-34,Female,US,2025-01-01
SPOT-101621,18-24,Male,AR,2025-11-30
SPOT-101622,25-34,Female,CA,2024-10-04
SPOT-101623,55+,Male,US,2026-05-20
SPOT-101624,18-24,Male,BR,2026-03-26
SPOT-101625,25-34,Male,BR,2024-07-01
SPOT-101626,18-24,Female,AU,2024-10-13
SPOT-101627,25-34,Female,US,2024-11-17
SPOT-101628,18-24,Male,MX,2024-12-25
SPOT-101629,25-34,Male,GB,2024-04-28
SPOT-101630,35-44,Male,BR,2025-07-06
SPOT-101631,18-24,Male,US,2024-09-24
SPOT-101632,25-34,Female,US,2024-08-28
SPOT-101633,35-44,Female,US,2026-04-26
SPOT-101634,45-54,Female,US,2025-01-09
SPOT-101635,18-24,Female,GB,2024-08-28
SPOT-101636,25-34,Female,MX,2024-08-02
SPOT-101637,18-24,Male,MX,2025-07-28
SPOT-101638,55+,Male,BR,2026-03-30
SPOT-101639,45-54,Female,US,2024-07-02
SPOT-101640,25-34,Female,US,2025-04-14
SPOT-101641,35-44,Female,AR,2025-04-03
SPOT-101642,25-34,Female,GB,2025-03-26
SPOT-101643,25-34,Female,CA,2025-08-28
SPOT-101644,18-24,Male,FR,2025-10-19
SPOT-101645,35-44,Male,US,2025-11-06
SPOT-101646,18-24,Female,FR,2024-02-26
SPOT-101647,35-44,Female,MX,2025-04-13
SPOT-101648,35-44,Male,MX,2025-03-20
SPOT-101649,35-44,Female,FR,2026-04-08
SPOT-101650,18-24,Female,DE,2026-02-23
SPOT-101651,18-24,Male,ES,2024-10-12
SPOT-101652,18-24,Male,MX,2025-08-17
SPOT-101653,25-34,Female,ES,2025-01-24
SPOT-101654,18-24,Female,MX,2024-05-22
SPOT-101655,45-54,Male,US,2024-07-22
SPOT-101656,25-34,Female,GB,2025-08-12
SPOT-101657,18-24,Female,CA,2025-11-01
SPOT-101658,25-34,Female,US,2024-03-15
SPOT-101659,25-34,Male,BR,2024-02-20
SPOT-101660,25-34,Non-binary,GB,2025-01-09
SPOT-101661,25-34,Male,US,2024-08-12
SPOT-101662,45-54,Female,US,2025-09-06
SPOT-101663,25-34,Female,GB,2025-12-19
SPOT-101664,55+,Male,DE,2024-03-20
SPOT-101665,45-54,Male,FR,2024-03-20
SPOT-101666,18-24,Female,BR,2025-05-27
SPOT-101667,45-54,Female,MX,2026-05-22
SPOT-101668,18-24,Female,DE,2025-03-20
SPOT-101669,35-44,Male,FR,2025-05-07
SPOT-101670,25-34,Male,MX,2025-02-11
SPOT-101671,45-54,Male,US,2023-11-29
SPOT-101672,45-54,Female,BR,2025-04-06
SPOT-101673,35-44,Female,AR,2024-08-14
SPOT-101674,35-44,Female,ES,2024-09-17
SPOT-101675,18-24,Male,CA,2024-11-05
SPOT-101676,18-24,Female,US,2024-06-10
SPOT-101677,25-34,Male,AU,2025-03-02
SPOT-101678,18-24,Female,GB,2023-12-11
SPOT-101679,25-34,Male,US,2024-01-30
SPOT-101680,18-24,Male,BR,2026-05-04
SPOT-101681,55+,Female,US,2025-06-26
SPOT-101682,25-34,Male,MX,2025-07-23
SPOT-101683,35-44,Female,CA,2026-04-09
SPOT-101684,18-24,Female,CA,2025-02-11
SPOT-101685,45-54,Female,MX,2025-11-17
SPOT-101686,45-54,Non-binary,BR,2025-08-01
SPOT-101687,25-34,Male,AU,2025-04-10
SPOT-101688,25-34,Male,BR,2025-05-01
SPOT-101689,35-44,Female,CA,2025-11-18
SPOT-101690,18-24,Female,CA,2025-08-05
SPOT-101691,25-34,Male,GB,2024-12-03
SPOT-101692,25-34,Female,US,2025-11-16
SPOT-101693,18-24,Male,DE,2026-02-25
SPOT-101694,25-34,Male,FR,2024-01-15
SPOT-101695,18-24,Male,AR,2024-03-15
SPOT-101696,18-24,Male,MX,2026-05-15
SPOT-101697,18-24,Male,US,2025-12-12
SPOT-101698,55+,Male,US,2025-01-15
SPOT-101699,25-34,Male,AU,2025-07-28
SPOT-101700,55+,Male,DE,2024-06-29
SPOT-101701,25-34,Male,MX,2025-03-01
SPOT-101702,18-24,Female,CA,2023-11-09
SPOT-101703,25-34,Male,FR,2025-04-28
SPOT-101704,25-34,Male,BR,2024-04-15
SPOT-101705,18-24,Male,BR,2024-09-02
SPOT-101706,25-34,Male,ES,2024-09-20
SPOT-101707,18-24,Male,GB,2024-01-25
SPOT-101708,25-34,Male,MX,2024-08-29
SPOT-101709,25-34,Female,US,2023-12-10
SPOT-101710,18-24,Female,AR,2024-04-02
SPOT-101711,18-24,Female,AU,2024-05-01
SPOT-101712,35-44,Female,AU,2024-03-01
SPOT-101713,25-34,Male,GB,2025-05-20
SPOT-101714,18-24,Male,BR,2025-08-25
SPOT-101715,55+,Female,US,2025-07-13
SPOT-101716,18-24,Male,GB,2024-08-08
SPOT-101717,25-34,Female,DE,2025-12-13
SPOT-101718,55+,Male,ES,2024-08-06
SPOT-101719,18-24,Female,US,2024-02-15
SPOT-101720,18-24,Female,DE,2024-02-10
SPOT-101721,18-24,Female,BR,2024-07-06
SPOT-101722,18-24,Male,US,2024-05-16
SPOT-101723,18-24,Male,US,2025-08-15
SPOT-101724,25-34,Female,BR,2026-05-17
SPOT-101725,18-24,Female,MX,2024-06-13
SPOT-101726,25-34,Male,MX,2024-04-08
SPOT-101727,55+,Female,GB,2024-10-03
SPOT-101728,35-44,Female,US,2025-07-16
SPOT-101729,25-34,Non-binary,US,2024-09-16
SPOT-101730,18-24,Female,US,2026-01-16
SPOT-101731,25-34,Male,US,2025-01-23
SPOT-101732,25-34,Female,AR,2024-03-18
SPOT-101733,25-34,Female,US,2025-05-01
SPOT-101734,18-24,Female,US,2024-01-01
SPOT-101735,45-54,Female,US,2025-12-10
SPOT-101736,25-34,Non-binary,DE,2024-08-22
SPOT-101737,18-24,Female,GB,2024-03-02
SPOT-101738,25-34,Male,US,2025-10-26
SPOT-101739,25-34,Female,US,2026-01-02
SPOT-101740,35-44,Female,CA,2024-09-03
SPOT-101741,35-44,Male,CA,2024-05-06
SPOT-101742,35-44,Male,ES,2024-11-28
SPOT-101743,18-24,Female,GB,2025-11-24
SPOT-101744,25-34,Female,GB,2024-07-29
SPOT-101745,25-34,Female,MX,2024-09-05
SPOT-101746,18-24,Male,GB,2024-07-14
SPOT-101747,18-24,Non-binary,BR,2025-07-19
SPOT-101748,35-44,Male,MX,2024-01-12
SPOT-101749,18-24,Male,BR,2024-04-17
SPOT-101750,25-34,Male,DE,2024-07-16
SPOT-101751,18-24,Female,GB,2024-05-31
SPOT-101752,18-24,Male,ES,2025-12-12
SPOT-101753,18-24,Male,ES,2025-10-13
SPOT-101754,55+,Female,MX,2023-11-14
SPOT-101755,35-44,Male,DE,2024-08-23
SPOT-101756,55+,Female,ES,2025-10-13
SPOT-101757,25-34,Female,AU,2024-05-13
SPOT-101758,18-24,Female,MX,2024-08-21
SPOT-101759,25-34,Male,DE,2026-03-10
SPOT-101760,25-34,Female,AR,2024-01-04
SPOT-101761,35-44,Male,MX,2026-05-10
SPOT-101762,18-24,Female,FR,2024-04-25
SPOT-101763,25-34,Female,ES,2024-05-25
SPOT-101764,18-24,Male,ES,2025-02-05
SPOT-101765,18-24,Male,MX,2025-07-21
SPOT-101766,35-44,Male,US,2024-02-01
SPOT-101767,25-34,Male,BR,2025-10-07
SPOT-101768,25-34,Female,US,2024-04-05
SPOT-101769,25-34,Female,DE,2025-09-16
SPOT-101770,25-34,Male,ES,2024-05-27
SPOT-101771,35-44,Female,DE,2024-09-29
SPOT-101772,45-54,Female,US,2024-11-10
SPOT-101773,55+,Female,GB,2025-10-25
SPOT-101774,35-44,Male,US,2025-10-01
SPOT-101775,18-24,Female,AR,2025-05-08
SPOT-101776,25-34,Female,AR,2025-05-14
SPOT-101777,25-34,Female,AR,2025-03-07
SPOT-101778,18-24,Male,US,2026-03-18
SPOT-101779,35-44,Male,US,2025-03-12
SPOT-101780,18-24,Female,CA,2025-01-11
SPOT-101781,45-54,Female,US,2025-10-28
SPOT-101782,25-34,Female,MX,2025-11-11
SPOT-101783,25-34,Male,AR,2023-12-25
SPOT-101784,25-34,Female,DE,2024-08-24
SPOT-101785,45-54,Male,BR,2024-09-12
SPOT-101786,25-34,Male,US,2026-04-04
SPOT-101787,25-34,Female,CA,2025-01-22
SPOT-101788,18-24,Male,GB,2025-01-08
SPOT-101789,25-34,Male,US,2025-09-22
SPOT-101790,18-24,Female,BR,2023-11-16
SPOT-101791,35-44,Female,US,2025-06-26
SPOT-101792,25-34,Male,MX,2024-01-03
SPOT-101793,25-34,Female,BR,2026-05-25
SPOT-101794,18-24,Male,US,2024-10-26
SPOT-101795,18-24,Male,US,2023-12-20
SPOT-101796,35-44,Male,US,2025-03-31
SPOT-101797,18-24,Male,US,2024-02-04
SPOT-101798,18-24,Non-binary,GB,2024-12-21
SPOT-101799,18-24,Male,AR,2024-12-31
SPOT-101800,55+,Female,US,2026-02-20
SPOT-101801,35-44,Female,US,2024-03-06
SPOT-101802,25-34,Non-binary,GB,2025-02-06
SPOT-101803,18-24,Male,BR,2023-12-04
SPOT-101804,18-24,Female,ES,2025-03-19
SPOT-101805,35-44,Female,CA,2024-01-25
SPOT-101806,25-34,Male,DE,2025-08-26
SPOT-101807,18-24,Male,US,2024-04-04
SPOT-101808,18-24,Male,US,2025-03-21
SPOT-101809,18-24,Female,GB,2024-03-23
SPOT-101810,25-34,Female,AR,2023-12-05
SPOT-101811,35-44,Male,MX,2024-04-10
SPOT-101812,18-24,Female,US,2025-09-04
SPOT-101813,18-24,Male,AR,2025-08-13
SPOT-101814,18-24,Female,FR,2025-06-26
SPOT-101815,55+,Male,FR,2024-01-24
SPOT-101816,18-24,Female,GB,2024-07-31
SPOT-101817,35-44,Male,US,2025-04-02
SPOT-101818,25-34,Male,US,2024-10-11
SPOT-101819,25-34,Female,DE,2024-01-12
SPOT-101820,18-24,Male,DE,2025-08-01
SPOT-101821,18-24,Female,FR,2025-02-17
SPOT-101822,25-34,Female,GB,2025-11-30
SPOT-101823,35-44,Male,MX,2026-04-26
SPOT-101824,25-34,Female,AR,2026-05-11
SPOT-101825,25-34,Male,GB,2024-10-10
SPOT-101826,18-24,Male,GB,2026-04-28
SPOT-101827,55+,Male,MX,2025-03-26
SPOT-101828,35-44,Non-binary,ES,2024-10-01
SPOT-101829,18-24,Male,AU,2023-12-07
SPOT-101830,55+,Female,AR,2024-01-20
SPOT-101831,25-34,Non-binary,AR,2024-09-24
SPOT-101832,25-34,Male,MX,2025-06-02
SPOT-101833,35-44,Female,US,2023-12-16
SPOT-101834,35-44,Female,AR,2024-09-12
SPOT-101835,25-34,Male,CA,2024-03-21
SPOT-101836,18-24,Male,DE,2025-03-13
SPOT-101837,18-24,Male,GB,2024-06-09
SPOT-101838,45-54,Female,BR,2025-02-11
SPOT-101839,18-24,Female,AU,2023-12-22
SPOT-101840,25-34,Male,US,2025-07-28
SPOT-101841,25-34,Male,ES,2026-03-16
SPOT-101842,25-34,Female,AR,2025-02-27
SPOT-101843,25-34,Male,AR,2026-04-04
SPOT-101844,45-54,Female,BR,2024-08-18
SPOT-101845,18-24,Male,CA,2025-05-16
SPOT-101846,18-24,Female,US,2024-11-08
SPOT-101847,18-24,Female,US,2025-07-22
SPOT-101848,45-54,Male,GB,2024-12-16
SPOT-101849,25-34,Male,US,2025-03-11
SPOT-101850,18-24,Male,DE,2024-11-03
SPOT-101851,35-44,Male,US,2023-11-19
SPOT-101852,45-54,Male,ES,2023-12-29
SPOT-101853,35-44,Female,DE,2025-06-01
SPOT-101854,45-54,Male,ES,2024-06-28
SPOT-101855,18-24,Male,GB,2026-02-21
SPOT-101856,35-44,Female,US,2024-06-05
SPOT-101857,25-34,Female,US,2025-10-15
SPOT-101858,35-44,Male,US,2025-04-23
SPOT-101859,35-44,Female,US,2026-01-29
SPOT-101860,35-44,Female,US,2025-02-17
SPOT-101861,25-34,Female,BR,2025-01-08
SPOT-101862,18-24,Male,GB,2025-06-26
SPOT-101863,25-34,Male,GB,2025-03-03
SPOT-101864,55+,Female,US,2026-05-30
SPOT-101865,45-54,Female,FR,2025-05-29
SPOT-101866,18-24,Female,US,2025-10-29
SPOT-101867,18-24,Male,GB,2025-11-08
SPOT-101868,18-24,Female,DE,2025-02-16
SPOT-101869,35-44,Female,ES,2024-09-25
SPOT-101870,35-44,Male,BR,2025-09-13
SPOT-101871,18-24,Male,DE,2025-03-04
SPOT-101872,25-34,Female,MX,2024-08-05
SPOT-101873,35-44,Female,BR,2024-06-02
SPOT-101874,35-44,Male,US,2025-06-13
SPOT-101875,25-34,Female,GB,2024-07-02
SPOT-101876,25-34,Female,AU,2025-06-10
SPOT-101877,25-34,Female,BR,2025-10-24
SPOT-101878,18-24,Female,DE,2024-07-24
SPOT-101879,25-34,Female,US,2025-06-19
SPOT-101880,25-34,Male,AR,2024-04-28
SPOT-101881,45-54,Male,US,2025-09-15
SPOT-101882,25-34,Female,US,2025-06-30
SPOT-101883,35-44,Male,DE,2025-02-25
SPOT-101884,18-24,Female,DE,2024-10-09
SPOT-101885,25-34,Female,AU,2024-03-02
SPOT-101886,18-24,Male,US,2024-05-01
SPOT-101887,18-24,Female,BR,2024-04-24
SPOT-101888,35-44,Female,US,2024-01-22
SPOT-101889,55+,Male,ES,2023-11-25
SPOT-101890,18-24,Male,DE,2025-09-23
SPOT-101891,25-34,Female,MX,2026-03-06
SPOT-101892,35-44,Male,GB,2025-12-25
SPOT-101893,18-24,Female,BR,2025-03-18
SPOT-101894,25-34,Male,DE,2025-08-29
SPOT-101895,35-44,Male,DE,2024-07-11
SPOT-101896,25-34,Male,BR,2025-11-13
SPOT-101897,18-24,Female,DE,2025-03-15
SPOT-101898,25-34,Male,AR,2025-02-04
SPOT-101899,35-44,Male,BR,2025-11-11
SPOT-101900,25-34,Female,CA,2024-12-17
SPOT-101901,18-24,Male,US,2024-07-01
SPOT-101902,35-44,Male,US,2026-05-19
SPOT-101903,18-24,Male,DE,2024-12-27
SPOT-101904,35-44,Male,US,2024-11-22
SPOT-101905,18-24,Female,DE,2026-03-24
SPOT-101906,55+,Male,US,2025-02-16
SPOT-101907,25-34,Male,FR,2025-05-16
SPOT-101908,18-24,Female,BR,2025-04-15
SPOT-101909,18-24,Female,BR,2025-05-01
SPOT-101910,18-24,Female,AR,2025-09-26
SPOT-101911,45-54,Female,US,2026-04-24
SPOT-101912,55+,Female,FR,2025-10-08
SPOT-101913,25-34,Female,BR,2025-05-24
SPOT-101914,25-34,Female,US,2024-02-16
SPOT-101915,35-44,Female,AR,2026-04-18
SPOT-101916,45-54,Female,DE,2026-03-23
SPOT-101917,25-34,Male,MX,2024-03-21
SPOT-101918,25-34,Female,FR,2025-07-26
SPOT-101919,25-34,Female,FR,2024-08-20
SPOT-101920,25-34,Female,FR,2024-10-22
SPOT-101921,18-24,Male,DE,2025-09-01
SPOT-101922,25-34,Male,ES,2024-08-10
SPOT-101923,25-34,Male,US,2026-05-22
SPOT-101924,35-44,Female,AR,2025-08-19
SPOT-101925,18-24,Male,GB,2025-01-21
SPOT-101926,25-34,Male,DE,2024-11-30
SPOT-101927,25-34,Male,FR,2025-03-15
SPOT-101928,25-34,Male,AR,2024-11-30
SPOT-101929,18-24,Female,AU,2025-11-06
SPOT-101930,25-34,Female,GB,2025-01-09
SPOT-101931,25-34,Male,US,2024-02-06
SPOT-101932,25-34,Female,CA,2024-12-26
SPOT-101933,25-34,Male,BR,2025-06-11
SPOT-101934,25-34,Male,FR,2026-04-18
SPOT-101935,35-44,Female,ES,2024-02-06
SPOT-101936,18-24,Female,FR,2024-10-30
SPOT-101937,35-44,Female,MX,2024-10-28
SPOT-101938,25-34,Male,AR,2024-05-03
SPOT-101939,18-24,Female,US,2025-10-27
SPOT-101940,18-24,Male,AU,2025-08-25
SPOT-101941,18-24,Male,US,2026-03-18
SPOT-101942,35-44,Male,US,2025-10-19
SPOT-101943,35-44,Female,BR,2026-04-18
SPOT-101944,35-44,Male,ES,2023-12-03
SPOT-101945,25-34,Male,ES,2025-05-17
SPOT-101946,25-34,Female,GB,2023-12-13
SPOT-101947,18-24,Male,ES,2025-03-03
SPOT-101948,18-24,Male,AR,2024-09-23
SPOT-101949,25-34,Male,MX,2026-03-31
SPOT-101950,18-24,Male,DE,2024-09-10
SPOT-101951,18-24,Female,MX,2024-01-08
SPOT-101952,25-34,Female,FR,2026-01-29
SPOT-101953,35-44,Male,CA,2025-04-03
SPOT-101954,55+,Male,US,2023-12-29
SPOT-101955,45-54,Female,US,2024-05-02
SPOT-101956,25-34,Female,US,2025-02-02
SPOT-101957,25-34,Female,BR,2026-04-11
SPOT-101958,25-34,Male,DE,2026-01-12
SPOT-101959,35-44,Male,BR,2026-04-27
SPOT-101960,18-24,Non-binary,MX,2024-12-25
SPOT-101961,25-34,Female,GB,2024-10-27
SPOT-101962,35-44,Male,US,2025-01-30
SPOT-101963,25-34,Male,DE,2024-03-05
SPOT-101964,25-34,Male,US,2024-07-30
SPOT-101965,25-34,Male,AR,2025-06-11
SPOT-101966,18-24,Female,DE,2023-11-30
SPOT-101967,25-34,Female,MX,2024-02-18
SPOT-101968,18-24,Male,GB,2025-05-14
SPOT-101969,18-24,Male,MX,2025-01-20
SPOT-101970,18-24,Female,BR,2025-11-04
SPOT-101971,35-44,Male,US,2025-02-16
SPOT-101972,18-24,Female,MX,2025-11-26
SPOT-101973,25-34,Female,US,2025-12-03
SPOT-101974,18-24,Female,BR,2025-09-30
SPOT-101975,45-54,Female,ES,2024-01-06
SPOT-101976,18-24,Female,BR,2025-07-07
SPOT-101977,25-34,Female,ES,2025-11-01
SPOT-101978,45-54,Male,GB,2025-01-15
SPOT-101979,35-44,Female,US,2025-12-20
SPOT-101980,18-24,Male,US,2024-06-26
SPOT-101981,35-44,Male,GB,2026-03-14
SPOT-101982,25-34,Male,DE,2025-10-06
SPOT-101983,25-34,Female,BR,2025-01-08
SPOT-101984,18-24,Male,ES,2025-08-11
SPOT-101985,18-24,Female,AR,2023-11-30
SPOT-101986,35-44,Female,MX,2026-04-29
SPOT-101987,25-34,Male,DE,2025-10-10
SPOT-101988,25-34,Female,GB,2023-11-10
SPOT-101989,35-44,Female,DE,2025-07-03
SPOT-101990,35-44,Female,GB,2024-06-18
SPOT-101991,18-24,Male,MX,2026-01-13
SPOT-101992,25-34,Female,AR,2026-03-05
SPOT-101993,18-24,Female,BR,2026-01-03
SPOT-101994,35-44,Male,US,2025-01-31
SPOT-101995,25-34,Male,CA,2025-09-07
SPOT-101996,55+,Male,GB,2026-04-16
SPOT-101997,18-24,Female,CA,2024-11-18
SPOT-101998,18-24,Male,AR,2025-02-24
SPOT-101999,18-24,Male,DE,2026-02-14
SPOT-102000,18-24,Female,US,2026-03-17
SPOT-102001,18-24,Male,CA,2024-11-16
SPOT-102002,45-54,Female,MX,2025-06-14
SPOT-102003,18-24,Male,US,2024-01-01
SPOT-102004,18-24,Female,BR,2024-05-20
SPOT-102005,35-44,Male,MX,2024-01-24
SPOT-102006,25-34,Female,US,2025-10-26
SPOT-102007,35-44,Female,US,2024-12-11
SPOT-102008,18-24,Female,GB,2024-07-25
SPOT-102009,25-34,Female,US,2024-10-22
SPOT-102010,18-24,Male,US,2024-02-19
SPOT-102011,18-24,Male,US,2026-02-20
SPOT-102012,45-54,Male,US,2025-06-10
SPOT-102013,18-24,Female,US,2024-06-24
SPOT-102014,25-34,Female,CA,2024-02-27
SPOT-102015,25-34,Male,BR,2024-02-06
SPOT-102016,18-24,Female,DE,2024-08-01
SPOT-102017,45-54,Female,BR,2024-10-13
SPOT-102018,18-24,Male,US,2023-12-17
SPOT-102019,25-34,Female,FR,2024-02-17
SPOT-102020,55+,Male,BR,2025-11-20
SPOT-102021,25-34,Female,DE,2025-07-03
SPOT-102022,45-54,Male,CA,2024-05-26
SPOT-102023,18-24,Male,ES,2025-09-05
SPOT-102024,25-34,Male,GB,2024-08-05
SPOT-102025,18-24,Non-binary,CA,2024-10-22
SPOT-102026,35-44,Female,FR,2026-01-08
SPOT-102027,55+,Male,AU,2026-05-24
SPOT-102028,18-24,Non-binary,US,2024-07-31
SPOT-102029,25-34,Female,AU,2025-03-08
SPOT-102030,18-24,Female,BR,2024-09-01
SPOT-102031,25-34,Male,MX,2025-03-10
SPOT-102032,25-34,Male,US,2024-08-02
SPOT-102033,55+,Female,US,2025-03-24
SPOT-102034,25-34,Male,US,2025-10-23
SPOT-102035,18-24,Male,DE,2025-07-25
SPOT-102036,18-24,Male,US,2024-07-17
SPOT-102037,18-24,Male,US,2026-05-31
SPOT-102038,18-24,Male,AU,2024-02-23
SPOT-102039,18-24,Female,ES,2023-11-06
SPOT-102040,45-54,Male,BR,2024-10-30
SPOT-102041,25-34,Male,ES,2024-10-01
SPOT-102042,25-34,Female,MX,2025-02-26
SPOT-102043,18-24,Female,US,2023-12-23
SPOT-102044,45-54,Female,MX,2025-07-27
SPOT-102045,35-44,Female,MX,2026-04-06
SPOT-102046,18-24,Male,US,2026-04-02
SPOT-102047,35-44,Male,GB,2026-05-27
SPOT-102048,25-34,Female,DE,2024-06-14
SPOT-102049,18-24,Female,MX,2024-04-07
SPOT-102050,25-34,Female,US,2023-12-30
SPOT-102051,25-34,Male,ES,2025-09-01
SPOT-102052,18-24,Male,GB,2026-03-14
SPOT-102053,45-54,Male,MX,2025-03-28
SPOT-102054,35-44,Female,CA,2025-10-14
SPOT-102055,25-34,Male,FR,2025-02-27
SPOT-102056,25-34,Male,ES,2025-11-30
SPOT-102057,25-34,Male,US,2025-04-24
SPOT-102058,25-34,Male,ES,2024-09-22
SPOT-102059,25-34,Male,MX,2024-04-25
SPOT-102060,18-24,Male,ES,2024-02-04
SPOT-102061,25-34,Female,FR,2025-08-27
SPOT-102062,35-44,Male,GB,2024-08-02
SPOT-102063,25-34,Female,MX,2024-07-01
SPOT-102064,18-24,Male,GB,2023-11-23
SPOT-102065,35-44,Male,GB,2025-08-24
SPOT-102066,18-24,Female,BR,2024-02-19
SPOT-102067,18-24,Female,DE,2025-01-19
SPOT-102068,18-24,Female,MX,2024-09-12
SPOT-102069,18-24,Female,ES,2024-06-13
SPOT-102070,35-44,Female,MX,2026-05-30
SPOT-102071,25-34,Male,AU,2025-03-31
SPOT-102072,18-24,Female,ES,2024-07-06
SPOT-102073,45-54,Female,AU,2023-12-20
SPOT-102074,45-54,Male,ES,2025-05-14
SPOT-102075,45-54,Male,BR,2025-10-21
SPOT-102076,18-24,Female,DE,2026-04-20
SPOT-102077,25-34,Male,ES,2024-09-20
SPOT-102078,55+,Male,MX,2024-01-27
SPOT-102079,35-44,Female,MX,2024-01-14
SPOT-102080,18-24,Female,ES,2025-11-20
SPOT-102081,18-24,Female,FR,2026-05-30
SPOT-102082,25-34,Male,US,2023-11-17
SPOT-102083,45-54,Female,BR,2025-03-26
SPOT-102084,25-34,Male,MX,2026-01-21
SPOT-102085,25-34,Male,GB,2023-12-23
SPOT-102086,18-24,Female,AU,2024-05-31
SPOT-102087,25-34,Male,AR,2024-03-05
SPOT-102088,35-44,Male,GB,2024-12-27
SPOT-102089,25-34,Female,GB,2026-01-23
SPOT-102090,35-44,Female,ES,2024-04-08
SPOT-102091,55+,Female,US,2025-08-21
SPOT-102092,18-24,Female,DE,2025-02-23
SPOT-102093,25-34,Female,GB,2024-07-17
SPOT-102094,18-24,Male,FR,2024-05-30
SPOT-102095,35-44,Female,AR,2026-03-01
SPOT-102096,25-34,Male,GB,2025-02-07
SPOT-102097,25-34,Male,FR,2026-01-09
SPOT-102098,35-44,Female,CA,2025-12-18
SPOT-102099,25-34,Male,BR,2026-03-15
SPOT-102100,45-54,Male,US,2025-08-18
SPOT-102101,25-34,Male,ES,2024-01-06
SPOT-102102,18-24,Male,GB,2025-03-10
SPOT-102103,25-34,Female,BR,2024-11-02
SPOT-102104,35-44,Female,US,2025-02-16
SPOT-102105,18-24,Female,BR,2024-08-27
SPOT-102106,45-54,Female,DE,2024-07-27
SPOT-102107,45-54,Female,MX,2025-09-17
SPOT-102108,18-24,Female,US,2024-01-13
SPOT-102109,55+,Female,MX,2025-12-25
SPOT-102110,18-24,Female,ES,2026-01-12
SPOT-102111,18-24,Non-binary,US,2025-05-21
SPOT-102112,18-24,Non-binary,ES,2025-04-07
SPOT-102113,45-54,Female,US,2024-05-05
SPOT-102114,25-34,Female,MX,2024-08-27
SPOT-102115,18-24,Male,DE,2024-07-17
SPOT-102116,25-34,Female,BR,2025-02-14
SPOT-102117,25-34,Female,GB,2025-12-01
SPOT-102118,18-24,Female,US,2025-07-22
SPOT-102119,45-54,Female,US,2024-10-16
SPOT-102120,35-44,Male,FR,2026-03-20
SPOT-102121,25-34,Male,MX,2024-04-19
SPOT-102122,55+,Male,AU,2025-05-02
SPOT-102123,25-34,Female,FR,2024-09-14
SPOT-102124,55+,Male,FR,2024-08-07
SPOT-102125,25-34,Male,BR,2026-02-11
SPOT-102126,25-34,Female,US,2026-01-14
SPOT-102127,18-24,Female,CA,2024-12-07
SPOT-102128,45-54,Female,US,2024-06-01
SPOT-102129,25-34,Female,BR,2025-09-05
SPOT-102130,18-24,Female,FR,2026-02-26
SPOT-102131,18-24,Female,BR,2024-12-27
SPOT-102132,25-34,Female,US,2024-09-26
SPOT-102133,25-34,Male,DE,2025-04-13
SPOT-102134,35-44,Male,AU,2024-04-17
SPOT-102135,45-54,Female,AU,2026-04-12
SPOT-102136,18-24,Female,ES,2025-12-16
SPOT-102137,35-44,Female,FR,2024-08-20
SPOT-102138,18-24,Male,US,2024-10-16
SPOT-102139,45-54,Male,GB,2025-09-08
SPOT-102140,35-44,Female,GB,2024-01-29
SPOT-102141,25-34,Male,US,2024-10-26
SPOT-102142,35-44,Male,DE,2026-01-14
SPOT-102143,18-24,Male,US,2024-09-20
SPOT-102144,25-34,Female,BR,2026-04-27
SPOT-102145,35-44,Female,US,2026-01-21
SPOT-102146,25-34,Female,GB,2026-05-25
SPOT-102147,25-34,Female,FR,2025-11-30
SPOT-102148,25-34,Female,US,2024-05-09
SPOT-102149,35-44,Female,US,2026-01-06
SPOT-102150,18-24,Female,US,2026-03-25
SPOT-102151,18-24,Male,AR,2025-10-14
SPOT-102152,35-44,Male,BR,2024-01-03
SPOT-102153,35-44,Female,BR,2023-12-22
SPOT-102154,18-24,Male,US,2025-05-02
SPOT-102155,18-24,Female,BR,2024-02-06
SPOT-102156,18-24,Female,GB,2025-02-20
SPOT-102157,18-24,Female,GB,2024-08-27
SPOT-102158,25-34,Non-binary,BR,2024-09-11
SPOT-102159,35-44,Male,FR,2024-07-20
SPOT-102160,25-34,Male,US,2025-07-01
SPOT-102161,25-34,Female,ES,2024-07-09
SPOT-102162,25-34,Male,US,2024-02-24
SPOT-102163,35-44,Male,GB,2025-09-10
SPOT-102164,25-34,Female,US,2025-12-27
SPOT-102165,55+,Non-binary,CA,2025-09-13
SPOT-102166,25-34,Female,US,2024-07-06
SPOT-102167,18-24,Female,BR,2026-01-15
SPOT-102168,25-34,Male,US,2025-11-15
SPOT-102169,18-24,Female,BR,2025-07-31
SPOT-102170,25-34,Male,DE,2024-11-04
SPOT-102171,18-24,Female,US,2024-05-23
SPOT-102172,18-24,Male,AR,2026-05-03
SPOT-102173,45-54,Female,AR,2024-09-17
SPOT-102174,18-24,Female,GB,2025-01-06
SPOT-102175,35-44,Female,MX,2026-03-06
SPOT-102176,18-24,Female,GB,2025-03-18
SPOT-102177,25-34,Male,ES,2024-01-25
SPOT-102178,25-34,Male,MX,2024-06-06
SPOT-102179,25-34,Female,US,2024-03-06
SPOT-102180,18-24,Non-binary,AR,2025-06-19
SPOT-102181,18-24,Female,US,2025-04-23
SPOT-102182,18-24,Male,US,2025-11-13
SPOT-102183,18-24,Female,ES,2024-11-22
SPOT-102184,25-34,Male,US,2025-04-28
SPOT-102185,45-54,Female,US,2025-09-07
SPOT-102186,45-54,Male,GB,2025-07-02
SPOT-102187,35-44,Female,AR,2023-12-25
SPOT-102188,35-44,Male,US,2025-05-28
SPOT-102189,25-34,Female,GB,2024-10-23
SPOT-102190,18-24,Male,GB,2025-10-06
SPOT-102191,45-54,Male,GB,2024-09-16
SPOT-102192,25-34,Female,ES,2024-06-14
SPOT-102193,25-34,Male,DE,2024-03-18
SPOT-102194,18-24,Female,ES,2025-09-01
SPOT-102195,25-34,Male,MX,2025-11-02
SPOT-102196,25-34,Female,GB,2024-02-25
SPOT-102197,45-54,Male,DE,2026-02-27
SPOT-102198,25-34,Male,ES,2023-12-15
SPOT-102199,25-34,Female,BR,2024-11-11
SPOT-102200,55+,Male,FR,2026-04-17
SPOT-102201,18-24,Male,CA,2024-02-07
SPOT-102202,25-34,Female,ES,2025-12-25
SPOT-102203,18-24,Female,AU,2025-01-06
SPOT-102204,35-44,Male,BR,2024-06-14
SPOT-102205,45-54,Female,US,2026-04-29
SPOT-102206,18-24,Female,BR,2024-06-09
SPOT-102207,45-54,Male,US,2024-08-01
SPOT-102208,18-24,Female,GB,2023-11-30
SPOT-102209,45-54,Female,BR,2024-03-10
SPOT-102210,35-44,Male,GB,2026-05-10
SPOT-102211,35-44,Male,GB,2026-04-24
SPOT-102212,18-24,Male,DE,2025-01-19
SPOT-102213,55+,Female,GB,2025-07-08
SPOT-102214,35-44,Male,US,2025-07-04
SPOT-102215,18-24,Female,ES,2025-01-14
SPOT-102216,35-44,Female,DE,2024-05-03
SPOT-102217,18-24,Male,AR,2025-05-17
SPOT-102218,45-54,Female,FR,2024-06-29
SPOT-102219,18-24,Female,ES,2026-03-02
SPOT-102220,35-44,Male,DE,2025-11-14
SPOT-102221,25-34,Female,ES,2026-02-03
SPOT-102222,18-24,Female,US,2025-10-02
SPOT-102223,18-24,Male,MX,2024-08-22
SPOT-102224,18-24,Male,DE,2024-04-26
SPOT-102225,25-34,Male,MX,2026-02-06
SPOT-102226,18-24,Male,ES,2025-01-05
SPOT-102227,25-34,Male,BR,2025-08-28
SPOT-102228,18-24,Female,MX,2024-02-04
SPOT-102229,18-24,Non-binary,US,2024-06-28
SPOT-102230,35-44,Male,BR,2025-05-04
SPOT-102231,18-24,Male,DE,2025-06-11
SPOT-102232,45-54,Male,DE,2023-12-23
SPOT-102233,45-54,Male,DE,2023-11-14
SPOT-102234,25-34,Male,GB,2025-06-15
SPOT-102235,25-34,Male,GB,2024-11-05
SPOT-102236,45-54,Female,MX,2026-04-28
SPOT-102237,18-24,Male,BR,2025-02-16
SPOT-102238,18-24,Female,US,2024-01-28
SPOT-102239,18-24,Male,US,2025-08-28
SPOT-102240,35-44,Male,BR,2025-03-22
SPOT-102241,18-24,Female,AR,2024-11-05
SPOT-102242,25-34,Male,US,2024-06-07
SPOT-102243,55+,Female,BR,2026-05-01
SPOT-102244,45-54,Male,FR,2024-07-16
SPOT-102245,25-34,Female,US,2024-12-19
SPOT-102246,18-24,Non-binary,GB,2023-11-16
SPOT-102247,35-44,Male,CA,2024-04-03
SPOT-102248,25-34,Male,US,2026-02-13
SPOT-102249,18-24,Female,MX,2025-02-14
SPOT-102250,18-24,Male,BR,2024-10-13
SPOT-102251,45-54,Female,US,2025-03-09
SPOT-102252,25-34,Male,US,2026-05-30
SPOT-102253,35-44,Male,BR,2026-02-26
SPOT-102254,45-54,Male,ES,2025-03-01
SPOT-102255,25-34,Female,US,2026-03-11
SPOT-102256,25-34,Male,MX,2024-05-10
SPOT-102257,25-34,Male,BR,2026-01-26
SPOT-102258,18-24,Female,GB,2026-02-27
SPOT-102259,25-34,Male,MX,2024-07-10
SPOT-102260,35-44,Male,US,2026-02-11
SPOT-102261,25-34,Male,DE,2023-12-05
SPOT-102262,45-54,Female,BR,2025-02-15
SPOT-102263,25-34,Female,DE,2024-09-08
SPOT-102264,25-34,Male,DE,2025-09-03
SPOT-102265,25-34,Male,ES,2023-11-28
SPOT-102266,25-34,Female,MX,2025-04-11
SPOT-102267,35-44,Female,MX,2025-04-12
SPOT-102268,18-24,Male,FR,2024-12-13
SPOT-102269,25-34,Male,AU,2024-12-24
SPOT-102270,18-24,Male,BR,2026-02-13
SPOT-102271,25-34,Female,GB,2025-08-01
SPOT-102272,25-34,Non-binary,ES,2026-05-04
SPOT-102273,25-34,Male,US,2025-02-18
SPOT-102274,55+,Male,BR,2026-05-12
SPOT-102275,25-34,Male,BR,2025-06-29
SPOT-102276,35-44,Male,AU,2024-09-27
SPOT-102277,25-34,Male,AU,2024-04-22
SPOT-102278,25-34,Female,AR,2026-03-23
SPOT-102279,18-24,Male,BR,2024-03-12
SPOT-102280,18-24,Female,BR,2026-02-07
SPOT-102281,25-34,Male,GB,2025-09-20
SPOT-102282,25-34,Female,AR,2025-02-01
SPOT-102283,18-24,Female,ES,2024-02-12
SPOT-102284,18-24,Male,ES,2026-02-09
SPOT-102285,18-24,Female,US,2024-12-10
SPOT-102286,55+,Male,DE,2024-07-09
SPOT-102287,18-24,Female,BR,2025-11-29
SPOT-102288,25-34,Female,US,2024-02-01
SPOT-102289,18-24,Male,GB,2024-02-21
SPOT-102290,25-34,Female,US,2024-05-01
SPOT-102291,18-24,Female,AU,2023-11-13
SPOT-102292,18-24,Non-binary,ES,2025-12-03
SPOT-102293,25-34,Female,MX,2025-06-14
SPOT-102294,18-24,Male,US,2023-12-09
SPOT-102295,18-24,Female,GB,2026-01-10
SPOT-102296,18-24,Female,US,2025-02-01
SPOT-102297,18-24,Female,BR,2025-11-09
SPOT-102298,18-24,Female,AR,2025-09-24
SPOT-102299,18-24,Male,US,2025-03-11
SPOT-102300,35-44,Male,US,2024-01-22
SPOT-102301,25-34,Female,US,2025-12-13
SPOT-102302,25-34,Female,ES,2024-07-20
SPOT-102303,18-24,Male,FR,2025-10-05
SPOT-102304,45-54,Female,ES,2023-11-23
SPOT-102305,25-34,Female,BR,2025-07-01
SPOT-102306,18-24,Female,US,2024-05-10
SPOT-102307,25-34,Female,ES,2026-03-15
SPOT-102308,18-24,Female,US,2024-04-25
SPOT-102309,18-24,Female,GB,2025-09-29
SPOT-102310,25-34,Female,GB,2024-12-08
SPOT-102311,45-54,Male,GB,2026-01-31
SPOT-102312,25-34,Male,GB,2024-06-29
SPOT-102313,35-44,Male,ES,2023-11-13
SPOT-102314,55+,Male,US,2025-04-22
SPOT-102315,18-24,Male,AR,2024-12-11
SPOT-102316,18-24,Female,FR,2024-01-16
SPOT-102317,25-34,Female,BR,2024-10-19
SPOT-102318,25-34,Male,US,2024-10-11
SPOT-102319,25-34,Female,BR,2024-08-04
SPOT-102320,45-54,Male,AR,2023-11-20
SPOT-102321,35-44,Male,GB,2025-02-14
SPOT-102322,25-34,Female,AR,2024-10-11
SPOT-102323,18-24,Male,MX,2024-01-22
SPOT-102324,35-44,Female,AU,2024-06-04
SPOT-102325,55+,Male,AR,2025-12-06
SPOT-102326,35-44,Female,US,2026-01-24
SPOT-102327,18-24,Female,DE,2025-09-23
SPOT-102328,25-34,Male,US,2026-03-24
SPOT-102329,18-24,Non-binary,US,2025-05-31
SPOT-102330,18-24,Male,ES,2026-03-08
SPOT-102331,18-24,Female,CA,2024-01-24
SPOT-102332,25-34,Female,AU,2024-12-03
SPOT-102333,25-34,Female,GB,2024-10-05
SPOT-102334,18-24,Male,US,2025-04-16
SPOT-102335,25-34,Male,BR,2023-11-19
SPOT-102336,25-34,Female,US,2024-01-03
SPOT-102337,25-34,Male,GB,2025-04-03
SPOT-102338,18-24,Male,AR,2024-06-27
SPOT-102339,25-34,Female,AR,2025-07-03
SPOT-102340,35-44,Female,FR,2024-12-22
SPOT-102341,18-24,Male,BR,2026-05-26
SPOT-102342,18-24,Male,BR,2024-02-25
SPOT-102343,25-34,Female,ES,2024-10-07
SPOT-102344,45-54,Female,US,2024-11-28
SPOT-102345,25-34,Female,AR,2025-11-06
SPOT-102346,25-34,Male,US,2025-11-30
SPOT-102347,25-34,Male,AR,2024-05-07
SPOT-102348,25-34,Male,ES,2025-11-09
SPOT-102349,18-24,Female,GB,2024-10-14
SPOT-102350,25-34,Male,ES,2025-03-26
SPOT-102351,45-54,Female,US,2025-08-24
SPOT-102352,25-34,Female,BR,2025-06-27
SPOT-102353,45-54,Female,ES,2024-07-31
SPOT-102354,35-44,Male,ES,2025-02-24
SPOT-102355,18-24,Female,AU,2023-11-22
SPOT-102356,45-54,Female,US,2023-12-24
SPOT-102357,18-24,Male,BR,2025-10-16
SPOT-102358,25-34,Male,FR,2026-02-04
SPOT-102359,18-24,Female,BR,2025-08-22
SPOT-102360,18-24,Male,FR,2024-05-09
SPOT-102361,25-34,Male,DE,2025-12-21
SPOT-102362,18-24,Male,AR,2025-05-18
SPOT-102363,25-34,Male,FR,2026-02-04
SPOT-102364,25-34,Female,AR,2024-12-14
SPOT-102365,18-24,Female,FR,2025-06-27
SPOT-102366,18-24,Female,US,2023-12-20
SPOT-102367,25-34,Female,DE,2024-07-24
SPOT-102368,18-24,Female,US,2024-07-13
SPOT-102369,35-44,Female,US,2023-12-12
SPOT-102370,25-34,Male,BR,2025-02-12
SPOT-102371,35-44,Female,AU,2024-02-04
SPOT-102372,25-34,Male,BR,2025-02-21
SPOT-102373,25-34,Male,FR,2026-01-07
SPOT-102374,25-34,Male,CA,2024-07-25
SPOT-102375,18-24,Male,US,2025-04-01
SPOT-102376,18-24,Male,US,2025-08-25
SPOT-102377,35-44,Male,GB,2024-10-29
SPOT-102378,25-34,Female,MX,2024-05-14
SPOT-102379,35-44,Male,US,2024-07-14
SPOT-102380,35-44,Female,AR,2025-08-25
SPOT-102381,45-54,Female,US,2026-03-03
SPOT-102382,45-54,Female,US,2025-10-10
SPOT-102383,25-34,Male,DE,2023-11-18
SPOT-102384,18-24,Female,BR,2025-04-11
SPOT-102385,25-34,Male,FR,2025-12-12
SPOT-102386,25-34,Female,AU,2025-08-14
SPOT-102387,25-34,Female,FR,2024-10-10
SPOT-102388,35-44,Male,US,2024-06-07
SPOT-102389,25-34,Male,MX,2024-01-22
SPOT-102390,25-34,Male,DE,2025-09-14
SPOT-102391,18-24,Female,US,2024-08-01
SPOT-102392,25-34,Female,BR,2024-11-03
SPOT-102393,18-24,Female,GB,2026-02-19
SPOT-102394,45-54,Male,GB,2023-12-11
SPOT-102395,18-24,Male,US,2025-02-28
SPOT-102396,18-24,Male,AU,2023-11-29
SPOT-102397,18-24,Female,ES,2025-10-12
SPOT-102398,25-34,Male,GB,2024-11-01
SPOT-102399,25-34,Male,CA,2024-04-26
SPOT-102400,18-24,Female,CA,2023-11-08
SPOT-102401,18-24,Female,AR,2025-12-11
SPOT-102402,25-34,Female,MX,2026-01-21
SPOT-102403,18-24,Male,DE,2026-04-27
SPOT-102404,25-34,Female,DE,2024-02-09
SPOT-102405,25-34,Female,DE,2026-05-05
SPOT-102406,25-34,Female,CA,2026-03-03
SPOT-102407,18-24,Male,ES,2024-11-19
SPOT-102408,55+,Male,GB,2024-08-07
SPOT-102409,25-34,Male,MX,2026-01-16
SPOT-102410,25-34,Female,BR,2026-02-25
SPOT-102411,18-24,Male,AR,2024-12-23
SPOT-102412,25-34,Female,US,2023-11-20
SPOT-102413,18-24,Female,ES,2025-11-10
SPOT-102414,25-34,Female,GB,2024-05-23
SPOT-102415,55+,Male,US,2025-11-28
SPOT-102416,25-34,Female,ES,2025-10-05
SPOT-102417,18-24,Female,GB,2024-11-13
SPOT-102418,18-24,Male,ES,2024-03-02
SPOT-102419,25-34,Female,US,2025-03-07
SPOT-102420,18-24,Male,AU,2024-08-18
SPOT-102421,18-24,Female,AR,2025-11-13
SPOT-102422,35-44,Male,GB,2025-06-01
SPOT-102423,25-34,Female,ES,2025-12-01
SPOT-102424,18-24,Female,US,2025-07-21
SPOT-102425,45-54,Male,MX,2024-04-21
SPOT-102426,18-24,Female,US,2024-04-20
SPOT-102427,55+,Female,GB,2023-12-07
SPOT-102428,18-24,Female,AU,2025-09-30
SPOT-102429,45-54,Male,US,2025-04-05
SPOT-102430,25-34,Male,BR,2025-03-17
SPOT-102431,35-44,Female,US,2024-04-13
SPOT-102432,55+,Male,MX,2024-03-11
SPOT-102433,18-24,Female,GB,2025-10-06
SPOT-102434,55+,Male,GB,2024-01-20
SPOT-102435,25-34,Male,GB,2025-10-17
SPOT-102436,25-34,Female,US,2026-01-26
SPOT-102437,18-24,Female,CA,2024-08-09
SPOT-102438,25-34,Female,CA,2026-01-05
SPOT-102439,18-24,Female,FR,2025-07-10
SPOT-102440,25-34,Female,US,2024-03-23
SPOT-102441,25-34,Female,US,2025-07-29
SPOT-102442,35-44,Non-binary,MX,2026-05-03
SPOT-102443,35-44,Female,AU,2024-02-02
SPOT-102444,25-34,Female,MX,2025-10-19
SPOT-102445,18-24,Male,GB,2024-06-27
SPOT-102446,18-24,Female,AR,2025-01-07
SPOT-102447,18-24,Male,US,2024-01-29
SPOT-102448,18-24,Male,FR,2025-05-16
SPOT-102449,18-24,Male,AU,2025-07-07
SPOT-102450,18-24,Male,AU,2025-03-08
SPOT-102451,55+,Male,US,2025-04-19
SPOT-102452,25-34,Female,BR,2024-08-18
SPOT-102453,18-24,Female,BR,2025-01-09
SPOT-102454,25-34,Male,US,2025-10-12
SPOT-102455,18-24,Female,BR,2025-06-28
SPOT-102456,25-34,Female,MX,2026-02-23
SPOT-102457,25-34,Female,GB,2026-01-01
SPOT-102458,25-34,Male,GB,2025-06-09
SPOT-102459,25-34,Female,US,2025-07-08
SPOT-102460,55+,Male,AU,2025-02-05
SPOT-102461,45-54,Male,AR,2025-11-23
SPOT-102462,25-34,Male,ES,2026-03-26
SPOT-102463,25-34,Female,US,2024-02-18
SPOT-102464,25-34,Female,MX,2026-02-10
SPOT-102465,18-24,Male,US,2025-04-25
SPOT-102466,25-34,Male,MX,2025-05-17
SPOT-102467,18-24,Female,MX,2024-06-06
SPOT-102468,25-34,Female,FR,2026-04-21
SPOT-102469,25-34,Male,GB,2025-05-10
SPOT-102470,18-24,Female,US,2025-06-19
SPOT-102471,55+,Non-binary,CA,2024-05-16
SPOT-102472,45-54,Male,CA,2026-02-13
SPOT-102473,35-44,Female,DE,2023-11-18
SPOT-102474,25-34,Male,US,2024-01-31
SPOT-102475,45-54,Female,BR,2024-03-12
SPOT-102476,18-24,Male,BR,2025-04-02
SPOT-102477,35-44,Male,AR,2024-05-06
SPOT-102478,18-24,Female,ES,2025-06-04
SPOT-102479,35-44,Female,US,2026-03-24
SPOT-102480,18-24,Male,ES,2023-11-28
SPOT-102481,45-54,Male,US,2024-11-27
SPOT-102482,45-54,Male,US,2024-02-28
SPOT-102483,18-24,Female,DE,2025-11-28
SPOT-102484,25-34,Female,US,2024-12-10
SPOT-102485,55+,Female,AR,2025-11-02
SPOT-102486,25-34,Female,DE,2024-11-13
SPOT-102487,45-54,Female,BR,2024-03-06
SPOT-102488,25-34,Female,BR,2024-12-02
SPOT-102489,25-34,Female,AU,2025-04-02
SPOT-102490,18-24,Female,CA,2024-04-20
SPOT-102491,18-24,Female,AR,2024-06-10
SPOT-102492,35-44,Male,DE,2025-07-31
SPOT-102493,25-34,Male,US,2023-12-26
SPOT-102494,25-34,Male,BR,2026-04-11
SPOT-102495,25-34,Female,DE,2024-08-21
SPOT-102496,25-34,Male,US,2024-07-13
SPOT-102497,45-54,Male,US,2023-12-03
SPOT-102498,55+,Non-binary,DE,2024-11-22
SPOT-102499,25-34,Female,MX,2026-03-13
SPOT-102500,35-44,Non-binary,MX,2025-12-11
SPOT-102501,35-44,Male,ES,2024-02-09
SPOT-102502,25-34,Female,DE,2026-04-23
SPOT-102503,55+,Male,GB,2025-07-31
SPOT-102504,18-24,Male,BR,2024-04-15
SPOT-102505,18-24,Male,AU,2024-03-06
SPOT-102506,45-54,Female,US,2026-05-07
SPOT-102507,25-34,Male,BR,2024-11-19
SPOT-102508,35-44,Female,GB,2025-09-04
SPOT-102509,45-54,Female,US,2025-08-01
SPOT-102510,18-24,Male,DE,2023-12-05
SPOT-102511,45-54,Male,MX,2025-03-22
SPOT-102512,25-34,Male,BR,2025-09-06
SPOT-102513,25-34,Female,US,2025-02-25
SPOT-102514,25-34,Male,BR,2025-01-09
SPOT-102515,45-54,Male,US,2024-06-11
SPOT-102516,18-24,Male,GB,2025-11-11
SPOT-102517,25-34,Female,GB,2024-03-31
SPOT-102518,25-34,Male,FR,2025-10-12
SPOT-102519,35-44,Male,US,2024-11-28
SPOT-102520,25-34,Male,GB,2025-09-30
SPOT-102521,18-24,Female,DE,2024-12-20
SPOT-102522,18-24,Male,MX,2023-11-24
SPOT-102523,25-34,Female,AR,2025-01-17
SPOT-102524,35-44,Male,ES,2026-02-13
SPOT-102525,18-24,Female,ES,2023-12-02
SPOT-102526,18-24,Female,US,2024-04-25
SPOT-102527,55+,Female,CA,2026-05-18
SPOT-102528,18-24,Male,DE,2025-06-11
SPOT-102529,55+,Male,US,2026-01-05
SPOT-102530,25-34,Male,MX,2025-01-19
SPOT-102531,35-44,Female,MX,2024-09-10
SPOT-102532,18-24,Female,US,2024-06-10
SPOT-102533,18-24,Male,AU,2025-02-10
SPOT-102534,35-44,Female,BR,2023-12-17
SPOT-102535,35-44,Male,DE,2025-09-12
SPOT-102536,35-44,Female,DE,2025-09-24
SPOT-102537,18-24,Male,US,2024-09-30
SPOT-102538,35-44,Male,AU,2024-12-20
SPOT-102539,35-44,Male,ES,2024-10-09
SPOT-102540,25-34,Female,BR,2024-12-13
SPOT-102541,35-44,Female,MX,2025-03-04
SPOT-102542,35-44,Male,AR,2025-09-02
SPOT-102543,25-34,Female,MX,2026-05-10
SPOT-102544,18-24,Male,US,2026-03-26
SPOT-102545,25-34,Male,MX,2025-04-19
SPOT-102546,18-24,Male,BR,2024-02-12
SPOT-102547,25-34,Female,AU,2026-05-23
SPOT-102548,25-34,Female,ES,2025-09-16
SPOT-102549,18-24,Female,GB,2026-05-24
SPOT-102550,18-24,Female,US,2024-09-28
SPOT-102551,18-24,Male,BR,2026-05-22
SPOT-102552,35-44,Female,MX,2024-10-25
SPOT-102553,45-54,Male,US,2023-12-08
SPOT-102554,18-24,Female,MX,2024-08-27
SPOT-102555,55+,Male,AR,2024-05-17
SPOT-102556,25-34,Female,US,2026-03-04
SPOT-102557,18-24,Female,ES,2025-10-21
SPOT-102558,18-24,Male,US,2025-02-08
SPOT-102559,25-34,Female,US,2026-05-29
SPOT-102560,35-44,Male,US,2026-05-11
SPOT-102561,35-44,Male,MX,2025-12-01
SPOT-102562,18-24,Female,AU,2025-10-30
SPOT-102563,18-24,Female,ES,2024-11-22
SPOT-102564,25-34,Male,GB,2026-01-24
SPOT-102565,18-24,Male,US,2025-05-17
SPOT-102566,18-24,Female,MX,2025-06-18
SPOT-102567,18-24,Female,US,2024-10-25
SPOT-102568,35-44,Male,AR,2026-06-02
SPOT-102569,45-54,Female,US,2024-08-19
SPOT-102570,25-34,Female,GB,2024-03-21
SPOT-102571,45-54,Male,GB,2026-04-02
SPOT-102572,18-24,Male,ES,2024-11-05
SPOT-102573,25-34,Male,GB,2025-07-15
SPOT-102574,18-24,Female,GB,2024-09-21
SPOT-102575,25-34,Male,BR,2024-05-16
SPOT-102576,55+,Non-binary,DE,2026-05-18
SPOT-102577,25-34,Male,AU,2025-02-26
SPOT-102578,25-34,Female,GB,2025-04-05
SPOT-102579,25-34,Male,US,2024-05-06
SPOT-102580,18-24,Female,BR,2025-10-09
SPOT-102581,45-54,Female,US,2025-08-03
SPOT-102582,25-34,Male,DE,2026-02-12
SPOT-102583,25-34,Female,US,2024-07-17
SPOT-102584,25-34,Male,FR,2025-01-02
SPOT-102585,25-34,Female,GB,2025-04-20
SPOT-102586,18-24,Female,ES,2024-03-19
SPOT-102587,25-34,Female,CA,2024-07-09
SPOT-102588,18-24,Female,CA,2025-02-11
SPOT-102589,35-44,Female,BR,2024-02-05
SPOT-102590,35-44,Non-binary,AU,2024-10-17
SPOT-102591,35-44,Male,MX,2025-02-28
SPOT-102592,25-34,Male,US,2025-03-31
SPOT-102593,25-34,Female,FR,2026-02-10
SPOT-102594,18-24,Female,DE,2025-12-18
SPOT-102595,35-44,Female,US,2024-08-04
SPOT-102596,18-24,Male,AR,2024-04-28
SPOT-102597,25-34,Female,MX,2024-11-15
SPOT-102598,18-24,Female,FR,2024-03-03
SPOT-102599,18-24,Male,AR,2026-02-27
SPOT-102600,25-34,Male,GB,2025-08-31
SPOT-102601,18-24,Male,GB,2025-01-31
SPOT-102602,35-44,Male,ES,2024-03-02
SPOT-102603,18-24,Female,BR,2025-11-11
SPOT-102604,18-24,Female,US,2024-04-04
SPOT-102605,25-34,Male,US,2024-03-06
SPOT-102606,18-24,Female,US,2025-03-04
SPOT-102607,18-24,Female,BR,2026-01-14
SPOT-102608,35-44,Male,US,2025-10-16
SPOT-102609,18-24,Female,US,2025-11-28
SPOT-102610,35-44,Female,BR,2024-11-14
SPOT-102611,18-24,Female,US,2024-11-15
SPOT-102612,18-24,Male,US,2026-03-07
SPOT-102613,35-44,Female,CA,2024-03-19
SPOT-102614,18-24,Male,MX,2024-09-26
SPOT-102615,18-24,Male,GB,2025-01-30
SPOT-102616,25-34,Male,FR,2025-06-20
SPOT-102617,18-24,Male,GB,2026-01-14
SPOT-102618,35-44,Male,BR,2024-01-22
SPOT-102619,18-24,Male,GB,2025-10-16
SPOT-102620,35-44,Female,ES,2025-06-20
SPOT-102621,45-54,Female,DE,2024-10-13
SPOT-102622,25-34,Male,US,2025-09-13
SPOT-102623,45-54,Male,MX,2025-07-14
SPOT-102624,25-34,Female,ES,2024-08-03
SPOT-102625,55+,Male,BR,2023-12-21
SPOT-102626,18-24,Male,ES,2025-05-18
SPOT-102627,25-34,Female,DE,2026-02-03
SPOT-102628,25-34,Male,AR,2025-08-06
SPOT-102629,25-34,Male,BR,2025-05-05
SPOT-102630,25-34,Male,US,2024-01-11
SPOT-102631,35-44,Male,FR,2024-08-28
SPOT-102632,18-24,Female,AR,2024-04-02
SPOT-102633,18-24,Male,AU,2026-03-10
SPOT-102634,35-44,Female,BR,2024-10-17
SPOT-102635,25-34,Female,MX,2025-04-19
SPOT-102636,55+,Male,FR,2024-02-14
SPOT-102637,35-44,Male,US,2026-05-11
SPOT-102638,55+,Female,CA,2024-05-13
SPOT-102639,35-44,Female,GB,2025-09-11
SPOT-102640,18-24,Male,US,2026-05-09
SPOT-102641,18-24,Male,US,2025-10-18
SPOT-102642,35-44,Female,BR,2025-08-19
SPOT-102643,25-34,Male,US,2024-08-25
SPOT-102644,18-24,Male,US,2025-06-15
SPOT-102645,25-34,Male,MX,2024-07-04
SPOT-102646,55+,Male,DE,2025-02-09
SPOT-102647,25-34,Male,AR,2024-02-24
SPOT-102648,25-34,Male,GB,2025-04-28
SPOT-102649,25-34,Female,GB,2025-12-22
SPOT-102650,18-24,Female,US,2024-01-31
SPOT-102651,25-34,Male,BR,2025-07-24
SPOT-102652,25-34,Male,GB,2024-12-09
SPOT-102653,18-24,Female,GB,2025-03-13
SPOT-102654,35-44,Male,DE,2024-03-01
SPOT-102655,25-34,Male,AR,2025-05-26
SPOT-102656,35-44,Male,US,2024-09-14
SPOT-102657,45-54,Male,BR,2024-02-23
SPOT-102658,18-24,Female,US,2025-11-05
SPOT-102659,25-34,Female,US,2026-04-17
SPOT-102660,25-34,Male,GB,2025-07-08
SPOT-102661,45-54,Female,DE,2025-09-05
SPOT-102662,18-24,Male,BR,2026-02-03
SPOT-102663,25-34,Male,FR,2025-07-25
SPOT-102664,25-34,Male,FR,2024-08-25
SPOT-102665,18-24,Female,BR,2026-02-21
SPOT-102666,18-24,Male,GB,2025-11-09
SPOT-102667,25-34,Male,AR,2025-10-28
SPOT-102668,35-44,Male,AR,2025-09-02
SPOT-102669,18-24,Male,AR,2025-06-30
SPOT-102670,25-34,Female,US,2024-04-20
SPOT-102671,25-34,Female,ES,2024-03-14
SPOT-102672,35-44,Female,FR,2024-07-06
SPOT-102673,18-24,Female,MX,2026-04-23
SPOT-102674,45-54,Female,ES,2024-10-23
SPOT-102675,18-24,Male,ES,2026-04-13
SPOT-102676,25-34,Male,BR,2024-11-07
SPOT-102677,18-24,Male,AR,2026-03-01
SPOT-102678,18-24,Male,AR,2026-05-15
SPOT-102679,25-34,Male,CA,2023-12-27
SPOT-102680,18-24,Male,CA,2024-12-17
SPOT-102681,35-44,Male,BR,2024-10-19
SPOT-102682,18-24,Female,US,2023-11-15
SPOT-102683,25-34,Female,US,2024-10-28
SPOT-102684,18-24,Male,CA,2026-04-10
SPOT-102685,18-24,Male,GB,2024-01-11
SPOT-102686,18-24,Female,DE,2024-02-03
SPOT-102687,25-34,Male,DE,2024-12-12
SPOT-102688,25-34,Male,GB,2024-07-22
SPOT-102689,25-34,Male,BR,2025-05-03
SPOT-102690,25-34,Female,AR,2026-05-29
SPOT-102691,25-34,Female,GB,2026-05-08
SPOT-102692,18-24,Female,ES,2023-12-15
SPOT-102693,25-34,Male,MX,2025-12-19
SPOT-102694,55+,Male,BR,2026-03-13
SPOT-102695,25-34,Male,GB,2025-09-14
SPOT-102696,25-34,Female,FR,2025-09-19
SPOT-102697,18-24,Female,DE,2024-10-24
SPOT-102698,35-44,Male,DE,2026-01-28
SPOT-102699,35-44,Female,MX,2024-10-19
SPOT-102700,25-34,Male,CA,2025-06-22
SPOT-102701,55+,Non-binary,BR,2025-04-06
SPOT-102702,18-24,Female,ES,2026-04-15
SPOT-102703,18-24,Male,DE,2026-03-13
SPOT-102704,35-44,Female,US,2025-02-04
SPOT-102705,35-44,Male,US,2026-04-27
SPOT-102706,18-24,Male,US,2024-01-27
SPOT-102707,18-24,Female,US,2025-10-21
SPOT-102708,18-24,Female,BR,2025-09-19
SPOT-102709,18-24,Male,US,2024-06-02
SPOT-102710,35-44,Female,FR,2025-08-14
SPOT-102711,25-34,Female,AU,2025-11-01
SPOT-102712,18-24,Male,BR,2025-09-01
SPOT-102713,25-34,Male,DE,2025-01-08
SPOT-102714,18-24,Female,GB,2025-02-27
SPOT-102715,18-24,Male,MX,2025-12-20
SPOT-102716,25-34,Female,MX,2024-09-15
SPOT-102717,55+,Male,GB,2024-11-12
SPOT-102718,35-44,Male,GB,2024-02-19
SPOT-102719,18-24,Male,MX,2024-06-02
SPOT-102720,45-54,Female,BR,2024-03-22
SPOT-102721,35-44,Female,ES,2026-03-11
SPOT-102722,35-44,Male,CA,2025-08-25
SPOT-102723,25-34,Male,ES,2025-12-11
SPOT-102724,25-34,Female,GB,2024-07-28
SPOT-102725,18-24,Male,ES,2025-02-08
SPOT-102726,18-24,Male,DE,2024-12-16
SPOT-102727,18-24,Male,ES,2026-01-12
SPOT-102728,18-24,Male,FR,2025-04-16
SPOT-102729,25-34,Male,US,2025-11-29
SPOT-102730,35-44,Male,US,2025-12-26
SPOT-102731,25-34,Male,DE,2024-04-09
SPOT-102732,18-24,Female,US,2024-08-09
SPOT-102733,55+,Male,MX,2024-11-09
SPOT-102734,45-54,Female,ES,2025-04-09
SPOT-102735,35-44,Female,GB,2024-10-10
SPOT-102736,55+,Male,DE,2025-02-22
SPOT-102737,25-34,Female,BR,2024-02-27
SPOT-102738,55+,Male,US,2024-02-06
SPOT-102739,18-24,Male,ES,2026-01-24
SPOT-102740,25-34,Female,BR,2024-10-09
SPOT-102741,18-24,Female,MX,2025-05-21
SPOT-102742,18-24,Female,ES,2025-09-08
SPOT-102743,18-24,Female,MX,2024-05-12
SPOT-102744,25-34,Male,US,2024-04-16
SPOT-102745,35-44,Male,AR,2024-05-31
SPOT-102746,25-34,Male,MX,2024-09-09
SPOT-102747,18-24,Female,ES,2024-04-24
SPOT-102748,35-44,Female,GB,2024-12-22
SPOT-102749,25-34,Female,US,2024-07-27
SPOT-102750,25-34,Male,AR,2024-01-11
SPOT-102751,25-34,Male,DE,2024-09-06
SPOT-102752,18-24,Female,BR,2024-07-14
SPOT-102753,18-24,Female,BR,2024-03-21
SPOT-102754,45-54,Male,BR,2025-11-01
SPOT-102755,18-24,Male,US,2023-12-14
SPOT-102756,25-34,Male,GB,2025-02-05
SPOT-102757,45-54,Male,US,2025-01-11
SPOT-102758,35-44,Female,BR,2024-09-24
SPOT-102759,18-24,Female,CA,2026-02-22
SPOT-102760,18-24,Female,DE,2024-10-04
SPOT-102761,18-24,Male,AR,2026-02-18
SPOT-102762,25-34,Male,GB,2024-05-15
SPOT-102763,25-34,Male,FR,2024-08-30
SPOT-102764,18-24,Female,DE,2024-05-25
SPOT-102765,55+,Female,GB,2024-08-04
SPOT-102766,25-34,Male,MX,2026-01-19
SPOT-102767,18-24,Male,BR,2024-04-05
SPOT-102768,25-34,Male,GB,2024-09-21
SPOT-102769,25-34,Male,US,2025-10-29
SPOT-102770,18-24,Female,US,2025-02-22
SPOT-102771,18-24,Female,ES,2025-04-04
SPOT-102772,35-44,Male,CA,2025-10-09
SPOT-102773,25-34,Female,US,2024-03-14
SPOT-102774,25-34,Female,BR,2024-10-22
SPOT-102775,25-34,Male,US,2023-12-12
SPOT-102776,18-24,Male,GB,2025-05-26
SPOT-102777,18-24,Female,DE,2025-01-24
SPOT-102778,25-34,Female,ES,2024-08-18
SPOT-102779,18-24,Male,US,2025-02-23
SPOT-102780,18-24,Female,AR,2024-10-22
SPOT-102781,35-44,Male,US,2024-12-27
SPOT-102782,55+,Female,ES,2026-05-24
SPOT-102783,35-44,Female,MX,2025-02-23
SPOT-102784,45-54,Female,GB,2023-11-21
SPOT-102785,18-24,Female,ES,2025-07-27
SPOT-102786,55+,Male,US,2025-01-05
SPOT-102787,18-24,Female,US,2025-01-06
SPOT-102788,55+,Female,US,2024-11-21
SPOT-102789,55+,Female,DE,2026-03-04
SPOT-102790,35-44,Female,US,2024-10-16
SPOT-102791,55+,Female,DE,2025-09-02
SPOT-102792,25-34,Male,US,2025-08-16
SPOT-102793,18-24,Male,US,2025-05-22
SPOT-102794,25-34,Female,CA,2024-06-20
SPOT-102795,25-34,Female,AR,2026-04-02
SPOT-102796,18-24,Female,US,2024-12-13
SPOT-102797,25-34,Female,ES,2025-11-01
SPOT-102798,55+,Female,MX,2024-09-22
SPOT-102799,18-24,Female,US,2025-12-28
SPOT-102800,35-44,Male,DE,2024-01-02
SPOT-102801,45-54,Female,CA,2025-02-18
SPOT-102802,45-54,Male,ES,2024-10-19
SPOT-102803,55+,Male,ES,2025-01-12
SPOT-102804,25-34,Male,BR,2024-08-13
SPOT-102805,55+,Male,MX,2024-06-21
SPOT-102806,35-44,Male,BR,2024-06-17
SPOT-102807,18-24,Male,ES,2023-12-31
SPOT-102808,25-34,Male,ES,2024-06-27
SPOT-102809,35-44,Male,US,2025-07-13
SPOT-102810,18-24,Male,MX,2024-06-15
SPOT-102811,25-34,Female,MX,2025-11-07
SPOT-102812,25-34,Female,US,2024-05-09
SPOT-102813,18-24,Female,DE,2026-02-25
SPOT-102814,25-34,Male,FR,2024-05-18
SPOT-102815,35-44,Female,AU,2026-05-24
SPOT-102816,25-34,Male,AR,2024-06-21
SPOT-102817,18-24,Male,US,2024-09-21
SPOT-102818,18-24,Female,DE,2024-04-01
SPOT-102819,25-34,Female,US,2026-02-08
SPOT-102820,45-54,Female,MX,2024-12-11
SPOT-102821,18-24,Female,ES,2025-03-15
SPOT-102822,25-34,Male,FR,2024-12-28
SPOT-102823,18-24,Female,FR,2023-11-14
SPOT-102824,18-24,Female,US,2024-11-29
SPOT-102825,35-44,Female,US,2025-05-08
SPOT-102826,35-44,Female,CA,2024-04-11
SPOT-102827,18-24,Male,AR,2025-05-29
SPOT-102828,25-34,Male,DE,2024-08-19
SPOT-102829,18-24,Male,DE,2024-12-05
SPOT-102830,25-34,Male,BR,2025-06-13
SPOT-102831,25-34,Male,BR,2026-02-19
SPOT-102832,18-24,Male,GB,2024-12-27
SPOT-102833,18-24,Female,DE,2025-04-24
SPOT-102834,25-34,Female,MX,2024-06-04
SPOT-102835,45-54,Female,US,2024-08-09
SPOT-102836,55+,Male,AU,2024-11-24
SPOT-102837,18-24,Male,GB,2024-10-29
SPOT-102838,35-44,Female,BR,2023-11-14
SPOT-102839,25-34,Male,BR,2025-05-21
SPOT-102840,25-34,Female,DE,2025-03-14
SPOT-102841,35-44,Female,US,2024-05-11
SPOT-102842,45-54,Male,BR,2025-11-05
SPOT-102843,55+,Female,US,2025-10-05
SPOT-102844,25-34,Male,DE,2025-12-15
SPOT-102845,25-34,Female,US,2025-06-11
SPOT-102846,35-44,Male,US,2025-03-24
SPOT-102847,18-24,Male,CA,2023-12-19
SPOT-102848,25-34,Female,MX,2025-04-15
SPOT-102849,25-34,Female,US,2026-01-25
SPOT-102850,25-34,Female,CA,2025-03-28
SPOT-102851,18-24,Male,US,2025-05-01
SPOT-102852,18-24,Female,US,2024-06-01
SPOT-102853,45-54,Female,US,2023-11-19
SPOT-102854,18-24,Female,ES,2024-07-01
SPOT-102855,25-34,Female,BR,2026-03-08
SPOT-102856,18-24,Female,US,2025-10-12
SPOT-102857,18-24,Female,US,2023-11-19
SPOT-102858,18-24,Female,BR,2025-05-22
SPOT-102859,18-24,Male,MX,2024-08-25
SPOT-102860,45-54,Male,AR,2025-04-25
SPOT-102861,18-24,Female,BR,2026-03-11
SPOT-102862,55+,Female,MX,2025-04-14
SPOT-102863,25-34,Female,ES,2024-04-17
SPOT-102864,25-34,Male,MX,2025-09-09
SPOT-102865,25-34,Male,GB,2026-05-28
SPOT-102866,25-34,Male,US,2025-04-02
SPOT-102867,35-44,Male,MX,2026-04-05
SPOT-102868,18-24,Male,ES,2024-09-19
SPOT-102869,25-34,Female,US,2026-05-16
SPOT-102870,45-54,Male,BR,2023-12-21
SPOT-102871,45-54,Female,DE,2024-03-28
SPOT-102872,45-54,Male,US,2023-12-19
SPOT-102873,25-34,Non-binary,US,2025-05-25
SPOT-102874,35-44,Female,US,2026-04-20
SPOT-102875,25-34,Male,DE,2025-12-24
SPOT-102876,25-34,Non-binary,DE,2025-07-15
SPOT-102877,18-24,Female,BR,2026-04-26
SPOT-102878,25-34,Male,US,2025-10-09
SPOT-102879,18-24,Female,BR,2024-09-28
SPOT-102880,18-24,Male,US,2024-07-22
SPOT-102881,45-54,Female,GB,2025-09-04
SPOT-102882,18-24,Female,BR,2025-08-13
SPOT-102883,18-24,Female,MX,2026-04-01
SPOT-102884,18-24,Male,ES,2025-10-19
SPOT-102885,45-54,Male,US,2025-06-22
SPOT-102886,25-34,Male,BR,2024-05-24
SPOT-102887,25-34,Male,GB,2024-02-01
SPOT-102888,35-44,Male,MX,2025-09-11
SPOT-102889,35-44,Female,GB,2025-04-18
SPOT-102890,18-24,Female,ES,2025-04-14
SPOT-102891,25-34,Female,MX,2026-01-11
SPOT-102892,35-44,Male,AR,2025-10-22
SPOT-102893,25-34,Male,AU,2023-11-21
SPOT-102894,18-24,Male,CA,2024-04-17
SPOT-102895,45-54,Male,BR,2024-03-13
SPOT-102896,25-34,Male,FR,2026-02-22
SPOT-102897,18-24,Male,US,2025-11-06
SPOT-102898,25-34,Female,US,2025-10-05
SPOT-102899,18-24,Female,BR,2025-03-16
SPOT-102900,18-24,Male,AU,2025-07-04
SPOT-102901,35-44,Female,ES,2026-04-25
SPOT-102902,18-24,Male,GB,2024-07-12
SPOT-102903,25-34,Female,MX,2024-11-28
SPOT-102904,25-34,Male,US,2024-05-06
SPOT-102905,18-24,Male,BR,2026-04-01
SPOT-102906,55+,Male,US,2024-08-26
SPOT-102907,18-24,Male,US,2026-04-26
SPOT-102908,18-24,Female,US,2025-04-13
SPOT-102909,18-24,Non-binary,ES,2025-09-14
SPOT-102910,18-24,Female,BR,2026-02-08
SPOT-102911,18-24,Male,US,2025-07-28
SPOT-102912,35-44,Female,DE,2024-11-17
SPOT-102913,55+,Female,ES,2026-02-06
SPOT-102914,18-24,Female,AU,2024-05-28
SPOT-102915,25-34,Female,FR,2026-02-25
SPOT-102916,35-44,Female,US,2025-12-23
SPOT-102917,35-44,Female,US,2025-07-06
SPOT-102918,25-34,Female,US,2025-05-06
SPOT-102919,18-24,Male,DE,2023-12-15
SPOT-102920,18-24,Male,MX,2024-02-05
SPOT-102921,35-44,Female,US,2025-10-26
SPOT-102922,35-44,Female,CA,2025-05-29
SPOT-102923,18-24,Male,ES,2024-11-07
SPOT-102924,25-34,Non-binary,DE,2025-11-01
SPOT-102925,45-54,Male,BR,2023-12-14
SPOT-102926,35-44,Male,BR,2024-07-13
SPOT-102927,55+,Male,BR,2026-05-02
SPOT-102928,35-44,Female,FR,2025-04-26
SPOT-102929,25-34,Male,US,2025-05-27
SPOT-102930,25-34,Male,MX,2024-11-10
SPOT-102931,25-34,Male,US,2026-04-16
SPOT-102932,18-24,Female,DE,2024-09-20
SPOT-102933,25-34,Female,MX,2025-09-03
SPOT-102934,35-44,Male,US,2025-07-22
SPOT-102935,18-24,Female,US,2026-01-16
SPOT-102936,35-44,Female,US,2024-06-14
SPOT-102937,25-34,Male,DE,2026-04-14
SPOT-102938,55+,Female,MX,2025-06-09
SPOT-102939,18-24,Male,AU,2024-11-30
SPOT-102940,18-24,Male,GB,2024-09-17
SPOT-102941,25-34,Female,US,2024-07-23
SPOT-102942,18-24,Female,DE,2024-08-29
SPOT-102943,35-44,Male,US,2024-05-30
SPOT-102944,35-44,Male,US,2025-07-03
SPOT-102945,18-24,Female,BR,2025-06-21
SPOT-102946,25-34,Female,FR,2026-05-03
SPOT-102947,25-34,Male,FR,2024-04-10
SPOT-102948,25-34,Female,US,2026-05-06
SPOT-102949,45-54,Male,US,2025-03-31
SPOT-102950,35-44,Male,BR,2024-01-13
SPOT-102951,25-34,Female,GB,2025-12-20
SPOT-102952,35-44,Female,ES,2025-04-02
SPOT-102953,25-34,Male,BR,2025-07-09
SPOT-102954,45-54,Female,US,2026-03-22
SPOT-102955,25-34,Male,GB,2023-11-22
SPOT-102956,35-44,Female,CA,2024-02-15
SPOT-102957,45-54,Male,BR,2025-07-22
SPOT-102958,18-24,Male,AR,2024-02-22
SPOT-102959,35-44,Male,DE,2024-02-26
SPOT-102960,18-24,Female,MX,2026-02-24
SPOT-102961,18-24,Male,US,2026-04-28
SPOT-102962,18-24,Male,ES,2024-07-25
SPOT-102963,55+,Male,AR,2025-11-22
SPOT-102964,45-54,Male,US,2026-04-30
SPOT-102965,35-44,Male,US,2024-08-10
SPOT-102966,35-44,Female,DE,2026-03-01
SPOT-102967,25-34,Male,MX,2024-07-12
SPOT-102968,45-54,Female,MX,2024-06-21
SPOT-102969,25-34,Female,MX,2024-03-12
SPOT-102970,25-34,Female,ES,2025-07-11
SPOT-102971,18-24,Female,BR,2024-04-24
SPOT-102972,35-44,Female,BR,2024-10-05
SPOT-102973,35-44,Female,US,2025-05-03
SPOT-102974,25-34,Male,US,2024-01-17
SPOT-102975,18-24,Female,BR,2024-01-15
SPOT-102976,35-44,Female,ES,2024-03-30
SPOT-102977,18-24,Male,AR,2026-02-25
SPOT-102978,35-44,Male,ES,2023-11-12
SPOT-102979,55+,Female,BR,2024-02-11
SPOT-102980,25-34,Female,GB,2025-01-14
SPOT-102981,18-24,Male,DE,2025-04-25
SPOT-102982,35-44,Female,US,2025-02-10
SPOT-102983,35-44,Male,BR,2023-11-07
SPOT-102984,25-34,Male,US,2025-08-19
SPOT-102985,55+,Female,US,2024-06-03
SPOT-102986,18-24,Female,MX,2026-01-03
SPOT-102987,25-34,Female,US,2024-11-27
SPOT-102988,35-44,Male,BR,2026-03-07
SPOT-102989,45-54,Female,MX,2026-06-01
SPOT-102990,18-24,Male,AR,2026-04-02
SPOT-102991,35-44,Female,US,2024-05-19
SPOT-102992,25-34,Male,US,2024-05-28
SPOT-102993,25-34,Male,ES,2024-09-09
SPOT-102994,18-24,Female,GB,2024-11-15
SPOT-102995,45-54,Male,FR,2026-04-07
SPOT-102996,18-24,Female,US,2024-11-20
SPOT-102997,18-24,Male,BR,2025-11-08
SPOT-102998,18-24,Male,US,2024-08-26
SPOT-102999,45-54,Male,DE,2023-12-04
SPOT-103000,25-34,Female,FR,2023-12-09
SPOT-103001,35-44,Male,MX,2024-09-20
SPOT-103002,18-24,Female,MX,2025-08-05
SPOT-103003,25-34,Female,US,2026-03-22
SPOT-103004,25-34,Male,CA,2026-04-07
SPOT-103005,35-44,Male,MX,2025-09-13
SPOT-103006,45-54,Male,US,2024-03-05
SPOT-103007,18-24,Female,US,2025-03-24
SPOT-103008,25-34,Male,US,2026-05-04
SPOT-103009,18-24,Male,US,2024-11-13
SPOT-103010,25-34,Male,CA,2026-01-04
SPOT-103011,18-24,Female,GB,2024-04-22
SPOT-103012,18-24,Female,GB,2026-05-29
SPOT-103013,25-34,Female,DE,2023-11-28
SPOT-103014,25-34,Female,DE,2025-07-14
SPOT-103015,18-24,Male,US,2025-01-10
SPOT-103016,35-44,Male,US,2025-06-08
SPOT-103017,25-34,Female,US,2026-01-22
SPOT-103018,18-24,Female,BR,2024-07-20
SPOT-103019,35-44,Male,DE,2024-01-08
SPOT-103020,18-24,Male,CA,2024-12-23
SPOT-103021,25-34,Female,DE,2025-05-19
SPOT-103022,25-34,Male,BR,2025-04-29
SPOT-103023,18-24,Male,CA,2025-10-12
SPOT-103024,18-24,Female,BR,2024-10-15
SPOT-103025,25-34,Female,BR,2024-07-05
SPOT-103026,45-54,Male,GB,2025-03-02
SPOT-103027,25-34,Male,ES,2025-08-18
SPOT-103028,25-34,Male,DE,2024-10-04
SPOT-103029,25-34,Female,BR,2025-10-16
SPOT-103030,18-24,Non-binary,DE,2025-10-10
SPOT-103031,25-34,Female,BR,2025-09-20
SPOT-103032,35-44,Male,AR,2025-08-26
SPOT-103033,18-24,Male,DE,2025-08-14
SPOT-103034,18-24,Female,US,2026-05-16
SPOT-103035,18-24,Male,BR,2025-08-26
SPOT-103036,25-34,Female,CA,2025-05-23
SPOT-103037,55+,Female,MX,2025-04-30
SPOT-103038,18-24,Male,GB,2024-12-03
SPOT-103039,25-34,Female,AU,2024-02-18
SPOT-103040,18-24,Male,GB,2023-11-08
SPOT-103041,55+,Female,AU,2026-01-29
SPOT-103042,18-24,Male,US,2025-09-20
SPOT-103043,25-34,Female,AU,2024-02-02
SPOT-103044,35-44,Female,US,2026-05-22
SPOT-103045,35-44,Male,ES,2024-10-05
SPOT-103046,25-34,Male,ES,2024-01-12
SPOT-103047,18-24,Male,MX,2026-01-04
SPOT-103048,25-34,Male,ES,2025-04-09
SPOT-103049,18-24,Female,BR,2025-04-11
SPOT-103050,18-24,Male,US,2025-02-13
SPOT-103051,25-34,Male,GB,2023-11-25
SPOT-103052,18-24,Male,MX,2025-04-06
SPOT-103053,18-24,Female,MX,2024-11-09
SPOT-103054,25-34,Female,US,2024-06-08
SPOT-103055,55+,Male,GB,2025-03-26
SPOT-103056,25-34,Female,BR,2026-04-03
SPOT-103057,18-24,Female,ES,2025-12-24
SPOT-103058,18-24,Male,FR,2025-05-08
SPOT-103059,55+,Female,US,2026-01-07
SPOT-103060,18-24,Male,CA,2024-08-12
SPOT-103061,18-24,Male,CA,2026-01-21
SPOT-103062,25-34,Female,US,2025-10-24
SPOT-103063,25-34,Male,BR,2024-09-14
SPOT-103064,25-34,Female,BR,2024-04-19
SPOT-103065,18-24,Male,BR,2025-04-25
SPOT-103066,18-24,Male,MX,2024-07-16
SPOT-103067,55+,Female,BR,2024-06-12
SPOT-103068,18-24,Female,GB,2024-05-07
SPOT-103069,25-34,Female,US,2026-02-25
SPOT-103070,35-44,Male,US,2026-01-19
SPOT-103071,25-34,Female,ES,2025-03-01
SPOT-103072,18-24,Female,US,2024-06-11
SPOT-103073,18-24,Female,AR,2024-02-02
SPOT-103074,25-34,Female,DE,2024-11-04
SPOT-103075,45-54,Female,DE,2025-07-16
SPOT-103076,45-54,Male,FR,2024-04-19
SPOT-103077,18-24,Male,US,2026-03-04
SPOT-103078,18-24,Male,US,2024-04-11
SPOT-103079,45-54,Non-binary,AU,2025-06-29
SPOT-103080,35-44,Male,BR,2026-04-30
SPOT-103081,45-54,Female,US,2024-02-20
SPOT-103082,18-24,Male,US,2023-11-22
SPOT-103083,25-34,Female,FR,2024-06-27
SPOT-103084,35-44,Male,BR,2025-09-09
SPOT-103085,25-34,Female,US,2025-11-17
SPOT-103086,25-34,Male,FR,2025-04-22
SPOT-103087,18-24,Female,DE,2025-01-25
SPOT-103088,25-34,Female,AU,2024-12-28
SPOT-103089,18-24,Female,GB,2025-02-07
SPOT-103090,25-34,Male,BR,2024-06-10
SPOT-103091,55+,Male,US,2025-11-12
SPOT-103092,25-34,Female,DE,2023-11-26
SPOT-103093,35-44,Male,US,2025-03-16
SPOT-103094,18-24,Male,GB,2023-12-28
SPOT-103095,25-34,Female,GB,2024-10-07
SPOT-103096,55+,Male,GB,2024-09-20
SPOT-103097,18-24,Male,AU,2026-05-22
SPOT-103098,18-24,Female,US,2026-02-02
SPOT-103099,25-34,Male,BR,2024-06-01
SPOT-103100,18-24,Male,MX,2023-12-29
SPOT-103101,35-44,Female,MX,2025-01-02
SPOT-103102,45-54,Male,ES,2024-04-07
SPOT-103103,25-34,Female,ES,2025-07-10
SPOT-103104,18-24,Male,AU,2025-10-10
SPOT-103105,25-34,Female,ES,2024-12-01
SPOT-103106,35-44,Male,AR,2026-05-06
SPOT-103107,18-24,Male,BR,2025-08-07
SPOT-103108,25-34,Male,MX,2025-12-14
SPOT-103109,25-34,Male,BR,2025-11-18
SPOT-103110,25-34,Female,GB,2024-02-14
SPOT-103111,18-24,Male,GB,2024-05-12
SPOT-103112,35-44,Female,GB,2024-06-05
SPOT-103113,18-24,Female,GB,2024-09-09
SPOT-103114,18-24,Female,BR,2025-08-31
SPOT-103115,45-54,Male,US,2025-06-13
SPOT-103116,35-44,Male,BR,2026-01-20
SPOT-103117,18-24,Female,CA,2025-07-13
SPOT-103118,18-24,Female,DE,2023-12-31
SPOT-103119,18-24,Female,US,2025-10-26
SPOT-103120,18-24,Male,GB,2026-01-26
SPOT-103121,18-24,Female,FR,2024-04-14
SPOT-103122,18-24,Female,CA,2024-09-12
SPOT-103123,25-34,Male,FR,2025-04-30
SPOT-103124,35-44,Female,GB,2025-03-09
SPOT-103125,25-34,Male,DE,2024-10-12
SPOT-103126,25-34,Male,AU,2024-11-05
SPOT-103127,18-24,Female,GB,2023-12-31
SPOT-103128,55+,Male,US,2025-01-19
SPOT-103129,35-44,Female,GB,2023-11-14
SPOT-103130,35-44,Male,AU,2026-05-27
SPOT-103131,35-44,Male,DE,2025-09-19
SPOT-103132,45-54,Male,CA,2025-07-10
SPOT-103133,25-34,Non-binary,US,2025-10-27
SPOT-103134,18-24,Male,ES,2024-08-10
SPOT-103135,25-34,Male,US,2025-07-30
SPOT-103136,35-44,Female,US,2024-01-22
SPOT-103137,35-44,Male,MX,2024-11-25
SPOT-103138,25-34,Male,DE,2025-08-12
SPOT-103139,18-24,Male,MX,2024-06-18
SPOT-103140,25-34,Male,AU,2025-12-14
SPOT-103141,45-54,Male,US,2025-03-22
SPOT-103142,25-34,Male,US,2024-08-11
SPOT-103143,25-34,Male,MX,2026-02-06
SPOT-103144,18-24,Female,FR,2026-05-19
SPOT-103145,25-34,Male,AR,2024-01-25
SPOT-103146,45-54,Female,DE,2024-07-25
SPOT-103147,25-34,Female,ES,2025-05-20
SPOT-103148,35-44,Male,US,2025-08-28
SPOT-103149,25-34,Female,US,2024-10-08
SPOT-103150,25-34,Male,BR,2025-11-04
SPOT-103151,18-24,Male,AR,2024-05-15
SPOT-103152,35-44,Male,DE,2025-07-02
SPOT-103153,25-34,Female,BR,2025-11-11
SPOT-103154,25-34,Male,DE,2024-03-06
SPOT-103155,25-34,Male,BR,2024-04-03
SPOT-103156,45-54,Male,FR,2025-12-06
SPOT-103157,18-24,Female,BR,2025-05-29
SPOT-103158,35-44,Male,US,2025-09-28
SPOT-103159,18-24,Male,AR,2026-04-18
SPOT-103160,25-34,Female,MX,2024-05-03
SPOT-103161,18-24,Female,ES,2024-05-14
SPOT-103162,18-24,Male,CA,2025-09-30
SPOT-103163,25-34,Male,GB,2026-03-01
SPOT-103164,18-24,Female,BR,2024-02-25
SPOT-103165,25-34,Male,MX,2025-04-29
SPOT-103166,45-54,Female,GB,2025-05-29
SPOT-103167,18-24,Female,AR,2026-04-04
SPOT-103168,35-44,Female,MX,2025-04-13
SPOT-103169,25-34,Male,ES,2025-12-16
SPOT-103170,25-34,Male,AR,2025-03-16
SPOT-103171,18-24,Male,GB,2025-04-24
SPOT-103172,18-24,Female,ES,2025-09-22
SPOT-103173,18-24,Non-binary,ES,2025-03-08
SPOT-103174,18-24,Male,AR,2024-12-31
SPOT-103175,18-24,Female,BR,2024-05-17
SPOT-103176,25-34,Female,BR,2025-07-12
SPOT-103177,45-54,Male,US,2025-08-31
SPOT-103178,35-44,Male,FR,2025-12-13
SPOT-103179,25-34,Male,BR,2025-08-07
SPOT-103180,18-24,Male,BR,2026-01-14
SPOT-103181,18-24,Female,US,2026-04-05
SPOT-103182,18-24,Female,MX,2025-02-26
SPOT-103183,18-24,Male,US,2025-10-12
SPOT-103184,25-34,Male,CA,2024-07-29
SPOT-103185,25-34,Male,FR,2025-10-02
SPOT-103186,25-34,Female,US,2024-03-13
SPOT-103187,25-34,Female,BR,2024-10-18
SPOT-103188,35-44,Female,MX,2025-08-11
SPOT-103189,35-44,Female,AR,2024-08-30
SPOT-103190,18-24,Male,ES,2024-07-02
SPOT-103191,45-54,Male,AU,2024-12-17
SPOT-103192,55+,Non-binary,GB,2024-08-20
SPOT-103193,18-24,Male,US,2025-01-09
SPOT-103194,25-34,Female,BR,2025-09-24
SPOT-103195,25-34,Male,ES,2025-03-11
SPOT-103196,45-54,Female,GB,2025-02-22
SPOT-103197,45-54,Female,US,2024-10-21
SPOT-103198,18-24,Female,AR,2025-10-23
SPOT-103199,25-34,Female,ES,2026-03-07
SPOT-103200,25-34,Male,US,2026-01-14
SPOT-103201,25-34,Female,FR,2025-07-30
SPOT-103202,18-24,Male,US,2024-06-04
SPOT-103203,45-54,Female,US,2024-05-24
SPOT-103204,25-34,Male,GB,2024-12-24
SPOT-103205,35-44,Female,FR,2023-12-02
SPOT-103206,45-54,Male,MX,2024-08-08
SPOT-103207,35-44,Male,DE,2024-08-06
SPOT-103208,25-34,Male,US,2025-02-10
SPOT-103209,25-34,Non-binary,ES,2024-06-25
SPOT-103210,18-24,Male,BR,2024-11-04
SPOT-103211,25-34,Male,AU,2025-12-17
SPOT-103212,18-24,Male,ES,2024-08-03
SPOT-103213,25-34,Male,US,2026-01-08
SPOT-103214,18-24,Male,ES,2024-06-25
SPOT-103215,18-24,Female,GB,2025-07-23
SPOT-103216,18-24,Male,AU,2024-09-06
SPOT-103217,18-24,Female,US,2026-02-26
SPOT-103218,35-44,Male,US,2025-03-20
SPOT-103219,35-44,Male,BR,2025-06-03
SPOT-103220,25-34,Female,US,2024-11-02
SPOT-103221,18-24,Male,GB,2025-05-28
SPOT-103222,18-24,Male,BR,2024-04-14
SPOT-103223,18-24,Male,DE,2024-04-04
SPOT-103224,18-24,Male,DE,2025-03-14
SPOT-103225,45-54,Female,FR,2025-04-19
SPOT-103226,18-24,Female,BR,2024-08-18
SPOT-103227,25-34,Female,CA,2024-04-17
SPOT-103228,18-24,Male,US,2024-06-19
SPOT-103229,18-24,Male,GB,2025-09-13
SPOT-103230,25-34,Male,MX,2024-01-12
SPOT-103231,25-34,Female,GB,2025-03-29
SPOT-103232,18-24,Male,GB,2024-07-05
SPOT-103233,18-24,Male,CA,2024-04-06
SPOT-103234,25-34,Female,BR,2024-10-20
SPOT-103235,18-24,Male,GB,2025-01-10
SPOT-103236,18-24,Non-binary,ES,2025-04-02
SPOT-103237,55+,Male,US,2025-05-29
SPOT-103238,25-34,Female,BR,2024-01-19
SPOT-103239,25-34,Male,US,2025-12-05
SPOT-103240,25-34,Female,US,2026-02-08
SPOT-103241,25-34,Male,US,2024-06-05
SPOT-103242,25-34,Male,CA,2024-06-27
SPOT-103243,25-34,Male,US,2024-12-18
SPOT-103244,35-44,Non-binary,BR,2023-12-07
SPOT-103245,18-24,Non-binary,US,2024-04-01
SPOT-103246,25-34,Male,DE,2026-02-02
SPOT-103247,25-34,Female,BR,2026-04-28
SPOT-103248,45-54,Female,DE,2026-05-31
SPOT-103249,25-34,Male,ES,2026-04-17
SPOT-103250,25-34,Male,CA,2026-01-14
SPOT-103251,18-24,Non-binary,GB,2024-07-03
SPOT-103252,25-34,Male,US,2025-10-21
SPOT-103253,18-24,Male,FR,2024-03-29
SPOT-103254,18-24,Male,AU,2024-10-24
SPOT-103255,18-24,Male,DE,2024-10-18
SPOT-103256,25-34,Female,DE,2024-05-20
SPOT-103257,18-24,Male,US,2023-12-06
SPOT-103258,25-34,Male,BR,2026-05-03
SPOT-103259,45-54,Male,GB,2025-09-27
SPOT-103260,18-24,Male,AU,2025-11-18
SPOT-103261,25-34,Male,US,2026-02-12
SPOT-103262,25-34,Female,DE,2024-06-27
SPOT-103263,18-24,Male,MX,2025-07-22
SPOT-103264,35-44,Female,GB,2024-01-14
SPOT-103265,18-24,Male,BR,2026-03-18
SPOT-103266,25-34,Male,AU,2024-12-18
SPOT-103267,25-34,Male,BR,2024-12-27
SPOT-103268,25-34,Female,CA,2025-06-06
SPOT-103269,25-34,Female,US,2024-08-28
SPOT-103270,18-24,Male,US,2024-07-11
SPOT-103271,18-24,Male,CA,2024-11-21
SPOT-103272,35-44,Female,US,2024-09-07
SPOT-103273,25-34,Male,ES,2024-08-21
SPOT-103274,35-44,Female,DE,2024-01-01
SPOT-103275,35-44,Male,DE,2024-11-18
SPOT-103276,35-44,Female,MX,2025-10-29
SPOT-103277,25-34,Female,ES,2025-04-22
SPOT-103278,18-24,Male,CA,2024-06-12
SPOT-103279,35-44,Female,GB,2025-03-14
SPOT-103280,25-34,Male,MX,2026-04-11
SPOT-103281,18-24,Male,GB,2025-06-17
SPOT-103282,45-54,Male,ES,2024-08-18
SPOT-103283,45-54,Female,US,2025-08-04
SPOT-103284,25-34,Male,DE,2024-12-20
SPOT-103285,18-24,Female,US,2025-07-15
SPOT-103286,25-34,Female,GB,2026-02-14
SPOT-103287,35-44,Male,ES,2024-05-25
SPOT-103288,45-54,Female,US,2025-09-23
SPOT-103289,18-24,Male,MX,2024-09-26
SPOT-103290,18-24,Female,BR,2023-11-27
SPOT-103291,45-54,Male,US,2026-02-28
SPOT-103292,25-34,Female,DE,2025-03-16
SPOT-103293,25-34,Female,FR,2025-11-28
SPOT-103294,55+,Female,AU,2025-06-24
SPOT-103295,18-24,Male,GB,2024-11-18
SPOT-103296,25-34,Male,US,2025-11-26
SPOT-103297,18-24,Male,US,2024-08-15
SPOT-103298,25-34,Male,AR,2026-01-30
SPOT-103299,35-44,Male,MX,2024-11-14
SPOT-103300,25-34,Female,GB,2024-01-26
SPOT-103301,55+,Female,DE,2024-04-17
SPOT-103302,25-34,Male,AR,2025-12-25
SPOT-103303,18-24,Male,DE,2025-02-26
SPOT-103304,18-24,Female,ES,2025-08-29
SPOT-103305,25-34,Female,GB,2025-08-11
SPOT-103306,25-34,Male,ES,2025-07-04
SPOT-103307,18-24,Male,DE,2025-06-11
SPOT-103308,25-34,Female,BR,2025-09-28
SPOT-103309,25-34,Female,BR,2025-07-30
SPOT-103310,35-44,Male,DE,2025-02-26
SPOT-103311,25-34,Female,DE,2025-12-29
SPOT-103312,35-44,Female,GB,2025-04-01
SPOT-103313,18-24,Male,AU,2024-01-13
SPOT-103314,18-24,Female,CA,2024-05-27
SPOT-103315,25-34,Male,BR,2025-08-03
SPOT-103316,25-34,Female,US,2026-05-12
SPOT-103317,18-24,Female,US,2024-01-13
SPOT-103318,35-44,Male,FR,2025-10-17
SPOT-103319,35-44,Female,CA,2024-07-28
SPOT-103320,25-34,Female,US,2024-03-12
SPOT-103321,18-24,Non-binary,ES,2025-08-23
SPOT-103322,35-44,Male,MX,2026-03-28
SPOT-103323,25-34,Male,GB,2024-10-13
SPOT-103324,35-44,Non-binary,DE,2025-01-25
SPOT-103325,35-44,Female,MX,2024-11-30
SPOT-103326,35-44,Female,US,2024-07-10
SPOT-103327,25-34,Male,US,2024-09-26
SPOT-103328,18-24,Male,US,2024-10-12
SPOT-103329,25-34,Male,CA,2026-05-28
SPOT-103330,25-34,Female,BR,2024-08-18
SPOT-103331,35-44,Female,BR,2024-12-02
SPOT-103332,18-24,Female,ES,2025-02-20
SPOT-103333,18-24,Male,AU,2025-07-31
SPOT-103334,45-54,Male,US,2024-01-30
SPOT-103335,35-44,Female,US,2026-03-18
SPOT-103336,45-54,Female,GB,2024-11-24
SPOT-103337,35-44,Female,CA,2024-05-14
SPOT-103338,25-34,Male,DE,2026-04-19
SPOT-103339,25-34,Male,AR,2025-05-28
SPOT-103340,45-54,Male,US,2025-03-03
SPOT-103341,25-34,Female,BR,2024-09-17
SPOT-103342,25-34,Male,US,2023-11-09
SPOT-103343,18-24,Female,DE,2024-04-20
SPOT-103344,25-34,Female,GB,2026-02-13
SPOT-103345,35-44,Male,BR,2025-06-20
SPOT-103346,18-24,Male,AR,2025-05-08
SPOT-103347,18-24,Female,CA,2025-11-04
SPOT-103348,18-24,Male,GB,2025-06-17
SPOT-103349,18-24,Male,ES,2025-10-19
SPOT-103350,18-24,Female,FR,2025-06-19
SPOT-103351,25-34,Female,US,2026-04-17
SPOT-103352,45-54,Female,BR,2025-01-27
SPOT-103353,25-34,Male,MX,2025-04-12
SPOT-103354,18-24,Female,GB,2024-01-10
SPOT-103355,18-24,Male,US,2024-12-16
SPOT-103356,25-34,Male,GB,2024-11-01
SPOT-103357,25-34,Male,BR,2024-05-11
SPOT-103358,35-44,Male,US,2024-06-16
SPOT-103359,25-34,Female,GB,2026-02-19
SPOT-103360,35-44,Female,ES,2024-12-25
SPOT-103361,18-24,Female,DE,2025-01-31
SPOT-103362,25-34,Female,US,2025-01-31
SPOT-103363,18-24,Male,DE,2025-07-26
SPOT-103364,45-54,Male,AU,2026-03-18
SPOT-103365,25-34,Female,GB,2026-05-22
SPOT-103366,18-24,Female,GB,2026-05-29
SPOT-103367,18-24,Male,US,2024-06-16
SPOT-103368,18-24,Male,GB,2025-03-21
SPOT-103369,25-34,Male,BR,2024-09-02
SPOT-103370,18-24,Male,AU,2024-02-10
SPOT-103371,25-34,Male,MX,2025-01-20
SPOT-103372,18-24,Male,DE,2024-02-12
SPOT-103373,25-34,Male,DE,2025-09-23
SPOT-103374,35-44,Male,US,2024-12-23
SPOT-103375,35-44,Male,US,2024-11-02
SPOT-103376,35-44,Non-binary,AR,2025-08-13
SPOT-103377,18-24,Female,BR,2024-06-13
SPOT-103378,18-24,Female,US,2025-10-21
SPOT-103379,25-34,Non-binary,GB,2026-02-25
SPOT-103380,25-34,Non-binary,GB,2026-04-09
SPOT-103381,25-34,Male,AR,2024-06-04
SPOT-103382,18-24,Male,DE,2025-08-04
SPOT-103383,18-24,Female,AR,2024-06-03
SPOT-103384,18-24,Female,MX,2024-05-12
SPOT-103385,45-54,Male,US,2024-09-25
SPOT-103386,18-24,Female,AU,2025-09-06
SPOT-103387,25-34,Male,US,2025-01-29
SPOT-103388,18-24,Male,GB,2024-08-17
SPOT-103389,25-34,Male,AR,2025-12-22
SPOT-103390,18-24,Male,US,2025-12-26
SPOT-103391,45-54,Male,DE,2025-04-11
SPOT-103392,45-54,Female,FR,2024-06-20
SPOT-103393,18-24,Male,MX,2025-09-13
SPOT-103394,45-54,Male,GB,2024-03-19
SPOT-103395,55+,Male,MX,2025-05-16
SPOT-103396,35-44,Female,AR,2023-12-19
SPOT-103397,35-44,Non-binary,DE,2025-10-31
SPOT-103398,18-24,Male,BR,2024-12-24
SPOT-103399,25-34,Male,AU,2024-04-01
SPOT-103400,18-24,Male,AU,2026-02-06
SPOT-103401,18-24,Female,BR,2025-05-07
SPOT-103402,55+,Male,US,2025-04-05
SPOT-103403,18-24,Male,ES,2024-04-20
SPOT-103404,35-44,Male,GB,2024-02-07
SPOT-103405,35-44,Male,MX,2024-12-18
SPOT-103406,45-54,Female,GB,2026-03-14
SPOT-103407,55+,Male,ES,2024-10-03
SPOT-103408,18-24,Male,GB,2025-11-28
SPOT-103409,18-24,Female,CA,2026-01-20
SPOT-103410,25-34,Female,US,2025-12-18
SPOT-103411,18-24,Male,US,2024-08-22
SPOT-103412,18-24,Non-binary,AR,2026-01-17
SPOT-103413,25-34,Female,DE,2024-05-23
SPOT-103414,35-44,Male,DE,2025-12-23
SPOT-103415,25-34,Male,CA,2024-06-16
SPOT-103416,18-24,Male,BR,2024-03-02
SPOT-103417,25-34,Male,MX,2024-02-11
SPOT-103418,18-24,Male,US,2024-10-24
SPOT-103419,18-24,Female,MX,2024-01-23
SPOT-103420,35-44,Female,DE,2025-10-31
SPOT-103421,25-34,Male,DE,2024-07-02
SPOT-103422,35-44,Male,AR,2025-07-23
SPOT-103423,18-24,Male,BR,2024-06-14
SPOT-103424,35-44,Female,AU,2024-01-07
SPOT-103425,25-34,Female,AR,2026-02-06
SPOT-103426,25-34,Male,ES,2024-04-15
SPOT-103427,25-34,Female,BR,2024-12-25
SPOT-103428,45-54,Male,DE,2025-07-20
SPOT-103429,25-34,Female,US,2024-01-03
SPOT-103430,25-34,Male,US,2026-03-24
SPOT-103431,55+,Male,US,2024-10-04
SPOT-103432,35-44,Male,AU,2025-10-05
SPOT-103433,25-34,Female,GB,2025-06-05
SPOT-103434,35-44,Female,ES,2026-05-12
SPOT-103435,25-34,Female,BR,2026-04-26
SPOT-103436,18-24,Male,BR,2024-08-18
SPOT-103437,25-34,Male,BR,2024-04-20
SPOT-103438,45-54,Male,GB,2025-10-08
SPOT-103439,45-54,Female,FR,2024-12-07
SPOT-103440,18-24,Female,CA,2023-12-23
SPOT-103441,25-34,Female,MX,2026-04-13
SPOT-103442,18-24,Female,FR,2025-05-12
SPOT-103443,55+,Female,US,2023-12-03
SPOT-103444,55+,Female,US,2026-05-14
SPOT-103445,25-34,Male,BR,2026-01-19
SPOT-103446,35-44,Female,AR,2025-04-28
SPOT-103447,35-44,Female,GB,2024-02-28
SPOT-103448,25-34,Female,BR,2024-05-10
SPOT-103449,18-24,Female,US,2025-02-14
SPOT-103450,25-34,Male,AU,2025-01-21
SPOT-103451,25-34,Male,ES,2026-02-06
SPOT-103452,25-34,Female,GB,2024-08-05
SPOT-103453,25-34,Male,AU,2024-12-25
SPOT-103454,45-54,Male,US,2025-01-31
SPOT-103455,18-24,Female,DE,2025-01-02
SPOT-103456,25-34,Male,US,2026-03-30
SPOT-103457,25-34,Male,GB,2024-08-15
SPOT-103458,25-34,Female,US,2025-12-20
SPOT-103459,25-34,Male,GB,2023-12-04
SPOT-103460,18-24,Male,CA,2024-08-14
SPOT-103461,18-24,Male,DE,2025-06-20
SPOT-103462,25-34,Male,GB,2025-09-17
SPOT-103463,25-34,Male,MX,2023-12-02
SPOT-103464,18-24,Female,MX,2023-11-09
SPOT-103465,35-44,Male,AU,2025-10-01
SPOT-103466,25-34,Male,BR,2024-09-01
SPOT-103467,25-34,Non-binary,ES,2025-10-24
SPOT-103468,35-44,Female,DE,2024-05-28
SPOT-103469,18-24,Male,US,2024-10-21
SPOT-103470,18-24,Female,DE,2026-05-17
SPOT-103471,35-44,Female,DE,2024-10-16
SPOT-103472,25-34,Female,DE,2024-02-25
SPOT-103473,25-34,Female,MX,2024-07-16
SPOT-103474,35-44,Male,DE,2025-07-10
SPOT-103475,35-44,Male,AU,2024-10-31
SPOT-103476,55+,Male,AU,2023-11-26
SPOT-103477,25-34,Female,BR,2024-01-24
SPOT-103478,25-34,Female,BR,2025-03-29
SPOT-103479,25-34,Male,DE,2024-03-01
SPOT-103480,18-24,Male,GB,2025-01-14
SPOT-103481,25-34,Female,AU,2025-05-16
SPOT-103482,18-24,Male,US,2024-02-11
SPOT-103483,45-54,Male,DE,2025-01-07
SPOT-103484,25-34,Female,US,2025-07-06
SPOT-103485,25-34,Male,ES,2024-08-18
SPOT-103486,25-34,Male,US,2024-02-15
SPOT-103487,18-24,Male,FR,2024-11-01
SPOT-103488,18-24,Female,DE,2025-10-22
SPOT-103489,25-34,Male,CA,2026-01-15
SPOT-103490,18-24,Female,AU,2024-04-24
SPOT-103491,25-34,Male,ES,2025-09-03
SPOT-103492,45-54,Female,MX,2024-07-21
SPOT-103493,45-54,Male,US,2024-02-28
SPOT-103494,25-34,Male,CA,2026-01-29
SPOT-103495,18-24,Female,ES,2025-08-28
SPOT-103496,45-54,Male,GB,2026-05-01
SPOT-103497,45-54,Female,DE,2025-11-01
SPOT-103498,18-24,Male,US,2025-08-06
SPOT-103499,35-44,Male,MX,2026-03-17
SPOT-103500,18-24,Female,US,2025-08-02
SPOT-103501,35-44,Female,MX,2026-02-17
SPOT-103502,55+,Male,MX,2024-12-18
SPOT-103503,18-24,Female,GB,2026-02-12
SPOT-103504,45-54,Male,CA,2025-12-04
SPOT-103505,25-34,Male,ES,2024-08-15
SPOT-103506,55+,Male,BR,2025-06-03
SPOT-103507,25-34,Male,CA,2024-08-24
SPOT-103508,35-44,Male,FR,2024-04-19
SPOT-103509,18-24,Female,MX,2024-05-11
SPOT-103510,18-24,Female,US,2025-12-20
SPOT-103511,18-24,Male,BR,2025-02-04
SPOT-103512,55+,Female,FR,2025-08-02
SPOT-103513,35-44,Male,MX,2025-03-08
SPOT-103514,45-54,Male,BR,2026-05-04
SPOT-103515,45-54,Male,AU,2024-03-05
SPOT-103516,18-24,Male,US,2024-03-03
SPOT-103517,25-34,Female,US,2024-11-16
SPOT-103518,18-24,Male,FR,2026-03-10
SPOT-103519,18-24,Female,US,2024-01-10
SPOT-103520,18-24,Female,GB,2025-12-15
SPOT-103521,25-34,Female,CA,2024-08-05
SPOT-103522,18-24,Female,MX,2024-04-23
SPOT-103523,18-24,Male,MX,2025-06-17
SPOT-103524,18-24,Male,MX,2024-12-22
SPOT-103525,18-24,Female,GB,2024-06-16
SPOT-103526,55+,Male,BR,2026-03-24
SPOT-103527,35-44,Male,MX,2025-10-03
SPOT-103528,55+,Female,GB,2026-02-06
SPOT-103529,25-34,Male,AR,2024-10-01
SPOT-103530,18-24,Female,GB,2024-11-26
SPOT-103531,35-44,Male,US,2024-09-07
SPOT-103532,18-24,Non-binary,US,2024-05-28
SPOT-103533,18-24,Female,DE,2026-02-14
SPOT-103534,18-24,Male,CA,2025-01-19
SPOT-103535,18-24,Female,DE,2025-08-18
SPOT-103536,18-24,Female,US,2026-05-05
SPOT-103537,25-34,Female,US,2026-02-09
SPOT-103538,25-34,Female,BR,2024-01-22
SPOT-103539,18-24,Male,US,2025-06-21
SPOT-103540,18-24,Male,US,2024-01-14
SPOT-103541,35-44,Male,ES,2024-02-24
SPOT-103542,18-24,Female,AR,2024-05-21
SPOT-103543,18-24,Male,FR,2025-11-21
SPOT-103544,45-54,Male,AR,2024-12-30
SPOT-103545,18-24,Male,DE,2024-11-25
SPOT-103546,18-24,Female,ES,2026-02-10
SPOT-103547,25-34,Female,BR,2025-03-29
SPOT-103548,18-24,Female,US,2024-04-14
SPOT-103549,25-34,Female,DE,2025-06-28
SPOT-103550,35-44,Female,US,2026-04-24
SPOT-103551,18-24,Female,US,2026-05-29
SPOT-103552,25-34,Male,US,2025-03-20
SPOT-103553,25-34,Male,AU,2025-01-31
SPOT-103554,18-24,Female,AR,2025-07-25
SPOT-103555,25-34,Male,DE,2024-09-19
SPOT-103556,18-24,Female,US,2025-06-02
SPOT-103557,25-34,Female,US,2025-09-19
SPOT-103558,18-24,Female,DE,2024-07-30
SPOT-103559,25-34,Male,MX,2025-11-27
SPOT-103560,18-24,Male,AR,2026-03-22
SPOT-103561,35-44,Female,US,2025-10-15
SPOT-103562,18-24,Male,DE,2024-01-12
SPOT-103563,25-34,Female,AU,2026-04-30
SPOT-103564,25-34,Female,US,2026-03-23
SPOT-103565,35-44,Non-binary,DE,2024-03-24
SPOT-103566,25-34,Female,GB,2025-02-04
SPOT-103567,25-34,Male,US,2024-11-12
SPOT-103568,35-44,Female,AR,2024-10-23
SPOT-103569,45-54,Male,MX,2025-06-12
SPOT-103570,18-24,Male,DE,2024-10-16
SPOT-103571,25-34,Female,GB,2025-10-15
SPOT-103572,35-44,Female,AR,2024-08-11
SPOT-103573,55+,Male,US,2025-02-07
SPOT-103574,45-54,Male,US,2025-01-28
SPOT-103575,25-34,Female,CA,2024-06-25
SPOT-103576,18-24,Male,AR,2025-05-11
SPOT-103577,25-34,Female,ES,2024-05-16
SPOT-103578,35-44,Female,MX,2025-12-08
SPOT-103579,25-34,Male,GB,2026-05-23
SPOT-103580,25-34,Male,CA,2024-09-06
SPOT-103581,35-44,Male,BR,2025-10-28
SPOT-103582,25-34,Female,GB,2026-01-21
SPOT-103583,45-54,Female,GB,2024-11-08
SPOT-103584,25-34,Female,US,2025-12-27
SPOT-103585,18-24,Male,GB,2024-11-02
SPOT-103586,25-34,Female,US,2025-02-16
SPOT-103587,35-44,Male,US,2024-01-12
SPOT-103588,18-24,Female,US,2026-01-10
SPOT-103589,18-24,Male,US,2025-11-05
SPOT-103590,55+,Female,US,2025-07-06
SPOT-103591,18-24,Female,US,2026-03-05
SPOT-103592,25-34,Male,US,2026-05-22
SPOT-103593,25-34,Female,US,2026-05-08
SPOT-103594,25-34,Male,DE,2025-07-14
SPOT-103595,25-34,Male,BR,2025-09-25
SPOT-103596,18-24,Male,GB,2025-10-04
SPOT-103597,25-34,Female,US,2024-12-11
SPOT-103598,25-34,Female,CA,2024-11-15
SPOT-103599,25-34,Female,BR,2024-01-30
SPOT-103600,18-24,Female,ES,2026-03-10
SPOT-103601,25-34,Male,MX,2025-12-09
SPOT-103602,18-24,Male,GB,2025-08-14
SPOT-103603,18-24,Male,BR,2026-04-19
SPOT-103604,18-24,Female,MX,2024-06-18
SPOT-103605,18-24,Female,GB,2024-08-29
SPOT-103606,35-44,Male,MX,2025-05-09
SPOT-103607,18-24,Female,AR,2025-02-26
SPOT-103608,45-54,Female,GB,2025-05-09
SPOT-103609,55+,Male,US,2024-10-22
SPOT-103610,25-34,Female,GB,2025-12-28
SPOT-103611,18-24,Female,US,2025-12-24
SPOT-103612,25-34,Male,US,2024-12-21
SPOT-103613,35-44,Female,GB,2024-04-15
SPOT-103614,25-34,Male,US,2024-09-06
SPOT-103615,18-24,Male,CA,2024-02-20
SPOT-103616,25-34,Male,MX,2024-03-23
SPOT-103617,35-44,Female,BR,2025-10-23
SPOT-103618,35-44,Male,US,2023-12-04
SPOT-103619,18-24,Female,US,2024-05-16
SPOT-103620,25-34,Female,AR,2023-11-09
SPOT-103621,18-24,Male,DE,2026-01-30
SPOT-103622,18-24,Female,US,2024-03-20
SPOT-103623,45-54,Male,AR,2026-01-04
SPOT-103624,18-24,Female,GB,2025-03-30
SPOT-103625,18-24,Male,DE,2024-12-03
SPOT-103626,18-24,Female,AU,2023-12-13
SPOT-103627,45-54,Female,US,2024-03-07
SPOT-103628,35-44,Female,ES,2023-12-31
SPOT-103629,25-34,Male,CA,2024-12-23
SPOT-103630,35-44,Female,US,2025-05-11
SPOT-103631,18-24,Male,FR,2024-01-29
SPOT-103632,25-34,Male,DE,2025-09-07
SPOT-103633,25-34,Male,FR,2024-12-09
SPOT-103634,18-24,Male,GB,2025-08-01
SPOT-103635,25-34,Female,AU,2026-05-18
SPOT-103636,45-54,Female,MX,2025-01-06
SPOT-103637,18-24,Male,MX,2026-04-30
SPOT-103638,18-24,Female,AR,2025-06-14
SPOT-103639,18-24,Male,DE,2025-02-24
SPOT-103640,18-24,Female,GB,2026-02-19
SPOT-103641,45-54,Female,GB,2025-08-18
SPOT-103642,25-34,Female,GB,2026-01-11
SPOT-103643,25-34,Male,MX,2024-07-05
SPOT-103644,35-44,Female,AR,2025-07-01
SPOT-103645,18-24,Male,BR,2024-03-22
SPOT-103646,25-34,Female,DE,2024-07-10
SPOT-103647,25-34,Female,AR,2023-11-21
SPOT-103648,25-34,Female,GB,2025-05-23
SPOT-103649,55+,Male,MX,2025-11-11
SPOT-103650,35-44,Female,US,2026-04-06
SPOT-103651,25-34,Female,US,2024-10-22
SPOT-103652,35-44,Female,MX,2024-08-11
SPOT-103653,18-24,Female,US,2026-04-25
SPOT-103654,18-24,Female,US,2025-01-06
SPOT-103655,18-24,Female,MX,2024-11-19
SPOT-103656,18-24,Male,DE,2025-07-05
SPOT-103657,25-34,Female,BR,2024-03-14
SPOT-103658,25-34,Male,AU,2024-01-04
SPOT-103659,45-54,Female,MX,2025-06-24
SPOT-103660,25-34,Female,BR,2026-03-07
SPOT-103661,25-34,Male,DE,2025-07-05
SPOT-103662,18-24,Female,MX,2025-06-12
SPOT-103663,18-24,Female,US,2023-12-15
SPOT-103664,25-34,Female,BR,2024-02-08
SPOT-103665,25-34,Male,US,2025-02-24
SPOT-103666,35-44,Male,US,2024-10-29
SPOT-103667,18-24,Female,BR,2025-05-13
SPOT-103668,18-24,Male,MX,2025-06-03
SPOT-103669,25-34,Female,DE,2025-09-29
SPOT-103670,18-24,Male,DE,2025-01-21
SPOT-103671,18-24,Male,BR,2024-02-18
SPOT-103672,35-44,Female,ES,2026-04-01
SPOT-103673,18-24,Male,US,2024-10-19
SPOT-103674,25-34,Non-binary,DE,2024-01-17
SPOT-103675,18-24,Female,US,2025-10-06
SPOT-103676,18-24,Female,GB,2024-10-14
SPOT-103677,25-34,Male,BR,2026-03-14
SPOT-103678,35-44,Female,US,2026-03-28
SPOT-103679,25-34,Male,BR,2024-10-11
SPOT-103680,35-44,Female,CA,2025-06-29
SPOT-103681,18-24,Male,MX,2026-02-25
SPOT-103682,35-44,Male,AR,2025-01-12
SPOT-103683,18-24,Female,BR,2025-01-25
SPOT-103684,25-34,Female,FR,2024-04-23
SPOT-103685,25-34,Male,US,2024-07-24
SPOT-103686,45-54,Female,DE,2025-02-17
SPOT-103687,25-34,Female,BR,2025-09-09
SPOT-103688,18-24,Male,FR,2024-05-28
SPOT-103689,18-24,Male,GB,2025-06-01
SPOT-103690,35-44,Male,US,2025-08-21
SPOT-103691,25-34,Male,AU,2024-03-07
SPOT-103692,35-44,Male,US,2025-02-04
SPOT-103693,18-24,Male,US,2024-11-01
SPOT-103694,18-24,Female,DE,2024-07-15
SPOT-103695,18-24,Male,BR,2024-09-25
SPOT-103696,55+,Female,AR,2024-03-17
SPOT-103697,25-34,Non-binary,DE,2024-05-24
SPOT-103698,45-54,Female,BR,2025-09-04
SPOT-103699,18-24,Female,US,2025-12-25
SPOT-103700,25-34,Male,BR,2024-01-17
SPOT-103701,25-34,Male,GB,2024-07-01
SPOT-103702,18-24,Female,US,2025-10-16
SPOT-103703,35-44,Male,CA,2024-06-07
SPOT-103704,45-54,Male,US,2024-09-27
SPOT-103705,45-54,Female,MX,2025-01-21
SPOT-103706,35-44,Male,CA,2024-11-28
SPOT-103707,18-24,Female,US,2025-11-09
SPOT-103708,18-24,Female,US,2025-11-16
SPOT-103709,55+,Female,DE,2025-07-16
SPOT-103710,18-24,Female,GB,2025-06-08
SPOT-103711,35-44,Male,ES,2025-05-04
SPOT-103712,35-44,Female,GB,2025-01-22
SPOT-103713,25-34,Male,AU,2025-03-02
SPOT-103714,55+,Female,FR,2025-02-01
SPOT-103715,18-24,Male,FR,2023-12-14
SPOT-103716,18-24,Female,US,2026-01-17
SPOT-103717,18-24,Non-binary,US,2023-12-01
SPOT-103718,25-34,Male,US,2026-01-01
SPOT-103719,18-24,Male,MX,2024-08-27
SPOT-103720,18-24,Male,US,2025-01-02
SPOT-103721,35-44,Male,AR,2025-07-28
SPOT-103722,45-54,Male,BR,2025-03-09
SPOT-103723,18-24,Female,BR,2025-03-08
SPOT-103724,25-34,Male,BR,2025-09-08
SPOT-103725,45-54,Male,BR,2025-10-28
SPOT-103726,18-24,Female,US,2023-12-14
SPOT-103727,18-24,Male,GB,2024-05-07
SPOT-103728,18-24,Male,BR,2025-11-13
SPOT-103729,25-34,Female,MX,2024-01-26
SPOT-103730,18-24,Female,GB,2025-06-08
SPOT-103731,55+,Male,AR,2024-10-12
SPOT-103732,25-34,Male,AR,2026-02-10
SPOT-103733,25-34,Male,GB,2025-08-13
SPOT-103734,18-24,Male,BR,2023-11-20
SPOT-103735,25-34,Male,GB,2025-12-20
SPOT-103736,25-34,Female,US,2025-01-11
SPOT-103737,35-44,Female,AR,2024-05-18
SPOT-103738,35-44,Male,AU,2026-01-01
SPOT-103739,25-34,Female,BR,2025-04-01
SPOT-103740,45-54,Male,CA,2026-04-04
SPOT-103741,35-44,Female,MX,2023-12-06
SPOT-103742,35-44,Female,BR,2026-03-28
SPOT-103743,18-24,Female,BR,2024-09-13
SPOT-103744,18-24,Male,US,2024-10-31
SPOT-103745,18-24,Male,US,2024-07-27
SPOT-103746,25-34,Female,DE,2025-08-26
SPOT-103747,25-34,Male,BR,2026-05-26
SPOT-103748,25-34,Male,BR,2025-08-26
SPOT-103749,45-54,Male,MX,2025-04-09
SPOT-103750,45-54,Female,US,2024-12-08
SPOT-103751,45-54,Male,GB,2024-09-14
SPOT-103752,18-24,Non-binary,DE,2025-07-03
SPOT-103753,25-34,Male,US,2025-11-27
SPOT-103754,18-24,Male,CA,2024-03-12
SPOT-103755,18-24,Female,MX,2024-05-23
SPOT-103756,18-24,Male,US,2024-11-21
SPOT-103757,18-24,Female,ES,2024-07-13
SPOT-103758,25-34,Male,BR,2025-03-07
SPOT-103759,35-44,Male,BR,2024-02-04
SPOT-103760,18-24,Female,AU,2026-04-22
SPOT-103761,35-44,Male,MX,2025-12-07
SPOT-103762,25-34,Female,FR,2024-04-19
SPOT-103763,18-24,Female,CA,2026-05-30
SPOT-103764,25-34,Male,US,2025-07-28
SPOT-103765,18-24,Male,US,2024-09-24
SPOT-103766,25-34,Male,DE,2024-07-18
SPOT-103767,25-34,Male,ES,2024-03-26
SPOT-103768,18-24,Female,AR,2026-03-15
SPOT-103769,18-24,Male,AR,2026-04-03
SPOT-103770,25-34,Female,DE,2025-12-12
SPOT-103771,45-54,Male,ES,2025-05-21
SPOT-103772,18-24,Male,ES,2025-05-12
SPOT-103773,35-44,Male,GB,2025-03-27
SPOT-103774,25-34,Male,US,2025-01-04
SPOT-103775,45-54,Female,MX,2026-05-31
SPOT-103776,35-44,Female,MX,2025-02-11
SPOT-103777,25-34,Male,BR,2026-03-12
SPOT-103778,25-34,Female,US,2024-04-22
SPOT-103779,45-54,Female,GB,2026-04-05
SPOT-103780,25-34,Female,ES,2026-04-29
SPOT-103781,18-24,Female,AU,2025-07-29
SPOT-103782,18-24,Female,CA,2025-04-29
SPOT-103783,35-44,Female,BR,2025-05-23
SPOT-103784,35-44,Male,FR,2025-12-06
SPOT-103785,18-24,Male,US,2025-12-31
SPOT-103786,25-34,Female,FR,2024-07-25
SPOT-103787,25-34,Female,BR,2025-05-30
SPOT-103788,18-24,Female,AR,2026-03-27
SPOT-103789,55+,Female,US,2025-05-30
SPOT-103790,18-24,Male,FR,2025-04-11
SPOT-103791,18-24,Female,BR,2025-10-03
SPOT-103792,25-34,Female,US,2025-08-30
SPOT-103793,35-44,Female,GB,2024-07-22
SPOT-103794,18-24,Female,US,2025-03-17
SPOT-103795,25-34,Male,DE,2026-03-06
SPOT-103796,25-34,Male,GB,2025-09-17
SPOT-103797,18-24,Non-binary,BR,2025-10-09
SPOT-103798,18-24,Male,AR,2025-07-26
SPOT-103799,25-34,Male,AU,2025-11-25
SPOT-103800,18-24,Male,GB,2025-04-27
SPOT-103801,45-54,Male,US,2024-06-04
SPOT-103802,35-44,Female,DE,2025-10-22
SPOT-103803,55+,Female,US,2024-10-15
SPOT-103804,18-24,Female,AR,2026-05-19
SPOT-103805,55+,Male,BR,2025-11-21
SPOT-103806,25-34,Female,MX,2024-04-28
SPOT-103807,18-24,Female,US,2024-05-07
SPOT-103808,18-24,Non-binary,ES,2026-05-04
SPOT-103809,18-24,Female,AU,2025-02-28
SPOT-103810,25-34,Female,BR,2025-12-18
SPOT-103811,25-34,Male,AU,2024-02-22
SPOT-103812,18-24,Male,US,2025-10-11
SPOT-103813,25-34,Female,US,2025-09-30
SPOT-103814,18-24,Female,AU,2024-07-06
SPOT-103815,25-34,Female,ES,2025-07-19
SPOT-103816,25-34,Male,US,2026-05-27
SPOT-103817,35-44,Female,GB,2026-03-09
SPOT-103818,35-44,Male,BR,2025-07-10
SPOT-103819,25-34,Male,ES,2025-10-31
SPOT-103820,25-34,Male,AR,2024-12-15
SPOT-103821,25-34,Female,US,2024-02-10
SPOT-103822,35-44,Male,MX,2025-09-14
SPOT-103823,18-24,Female,BR,2024-07-05
SPOT-103824,18-24,Male,BR,2024-12-24
SPOT-103825,18-24,Female,BR,2025-08-23
SPOT-103826,25-34,Female,DE,2025-09-15
SPOT-103827,25-34,Female,US,2026-04-08
SPOT-103828,35-44,Male,BR,2024-09-08
SPOT-103829,18-24,Male,US,2025-01-09
SPOT-103830,25-34,Female,US,2024-08-07
SPOT-103831,35-44,Male,DE,2025-04-18
SPOT-103832,35-44,Male,US,2025-03-16
SPOT-103833,25-34,Female,BR,2026-01-22
SPOT-103834,25-34,Female,US,2024-12-09
SPOT-103835,18-24,Male,DE,2024-05-19
SPOT-103836,45-54,Male,AU,2024-09-18
SPOT-103837,18-24,Female,US,2024-09-15
SPOT-103838,45-54,Female,GB,2025-09-13
SPOT-103839,25-34,Male,MX,2025-04-13
SPOT-103840,25-34,Male,US,2023-11-30
SPOT-103841,18-24,Female,BR,2025-07-18
SPOT-103842,25-34,Male,GB,2025-05-31
SPOT-103843,25-34,Female,US,2024-11-25
SPOT-103844,18-24,Female,FR,2025-06-12
SPOT-103845,25-34,Male,US,2023-11-20
SPOT-103846,55+,Female,DE,2024-02-26
SPOT-103847,25-34,Male,US,2025-02-11
SPOT-103848,35-44,Male,GB,2024-08-04
SPOT-103849,18-24,Female,GB,2026-04-24
SPOT-103850,25-34,Female,GB,2025-07-15
SPOT-103851,18-24,Male,MX,2024-03-20
SPOT-103852,25-34,Male,ES,2025-06-13
SPOT-103853,45-54,Male,BR,2025-07-23
SPOT-103854,25-34,Male,MX,2024-04-06
SPOT-103855,18-24,Female,AR,2025-03-13
SPOT-103856,25-34,Female,AU,2024-06-20
SPOT-103857,25-34,Male,DE,2025-12-22
SPOT-103858,25-34,Male,CA,2025-07-24
SPOT-103859,35-44,Male,BR,2023-12-27
SPOT-103860,35-44,Male,AR,2026-01-16
SPOT-103861,25-34,Male,BR,2025-10-05
SPOT-103862,25-34,Male,FR,2024-11-09
SPOT-103863,18-24,Male,DE,2023-12-31
SPOT-103864,18-24,Female,MX,2024-08-11
SPOT-103865,25-34,Female,DE,2025-08-08
SPOT-103866,25-34,Male,FR,2025-10-13
SPOT-103867,25-34,Female,AU,2024-03-14
SPOT-103868,25-34,Female,US,2025-10-30
SPOT-103869,18-24,Non-binary,BR,2025-06-09
SPOT-103870,25-34,Female,US,2026-01-25
SPOT-103871,18-24,Female,US,2025-12-11
SPOT-103872,18-24,Female,CA,2026-01-27
SPOT-103873,35-44,Male,BR,2024-01-10
SPOT-103874,18-24,Female,DE,2023-11-19
SPOT-103875,25-34,Female,MX,2024-11-05
SPOT-103876,18-24,Female,BR,2025-03-30
SPOT-103877,45-54,Female,GB,2024-08-09
SPOT-103878,25-34,Male,US,2024-04-08
SPOT-103879,18-24,Female,BR,2025-03-14
SPOT-103880,25-34,Male,US,2025-08-24
SPOT-103881,35-44,Female,US,2026-04-20
SPOT-103882,55+,Female,GB,2025-12-11
SPOT-103883,18-24,Female,FR,2024-11-07
SPOT-103884,45-54,Female,US,2026-01-14
SPOT-103885,45-54,Male,AR,2025-10-19
SPOT-103886,45-54,Female,MX,2025-06-07
SPOT-103887,25-34,Male,US,2025-09-04
SPOT-103888,25-34,Female,MX,2025-04-24
SPOT-103889,25-34,Male,DE,2024-09-29
SPOT-103890,35-44,Male,AR,2026-02-06
SPOT-103891,25-34,Female,CA,2025-11-23
SPOT-103892,25-34,Female,GB,2026-01-31
SPOT-103893,25-34,Male,AR,2025-09-07
SPOT-103894,35-44,Female,GB,2025-03-26
SPOT-103895,35-44,Female,GB,2026-01-26
SPOT-103896,18-24,Male,US,2024-12-30
SPOT-103897,35-44,Female,MX,2025-03-20
SPOT-103898,25-34,Male,GB,2025-12-01
SPOT-103899,35-44,Female,DE,2026-01-18
SPOT-103900,25-34,Male,AR,2025-02-24
SPOT-103901,25-34,Female,AR,2025-10-31
SPOT-103902,45-54,Male,FR,2024-07-18
SPOT-103903,18-24,Male,US,2025-06-14
SPOT-103904,35-44,Female,BR,2026-01-02
SPOT-103905,25-34,Female,CA,2023-12-30
SPOT-103906,25-34,Female,US,2026-05-13
SPOT-103907,18-24,Female,AR,2025-01-10
SPOT-103908,25-34,Female,US,2024-08-19
SPOT-103909,18-24,Male,MX,2025-08-01
SPOT-103910,18-24,Male,ES,2025-03-25
SPOT-103911,18-24,Male,CA,2026-05-30
SPOT-103912,18-24,Male,BR,2024-05-31
SPOT-103913,55+,Female,AR,2023-12-22
SPOT-103914,55+,Male,US,2024-06-25
SPOT-103915,25-34,Male,DE,2024-08-11
SPOT-103916,35-44,Male,DE,2023-11-16
SPOT-103917,18-24,Male,BR,2026-03-22
SPOT-103918,25-34,Male,BR,2023-11-25
SPOT-103919,35-44,Female,AU,2026-02-18
SPOT-103920,45-54,Male,US,2025-06-27
SPOT-103921,25-34,Female,GB,2026-01-22
SPOT-103922,35-44,Female,AU,2025-07-18
SPOT-103923,18-24,Female,DE,2024-02-06
SPOT-103924,55+,Female,BR,2026-05-09
SPOT-103925,18-24,Female,US,2025-04-05
SPOT-103926,25-34,Female,GB,2024-12-31
SPOT-103927,25-34,Male,US,2023-12-22
SPOT-103928,25-34,Female,US,2024-07-18
SPOT-103929,18-24,Male,MX,2025-01-02
SPOT-103930,45-54,Male,ES,2024-03-17
SPOT-103931,18-24,Male,FR,2025-08-30
SPOT-103932,25-34,Female,GB,2024-07-29
SPOT-103933,18-24,Male,GB,2025-03-28
SPOT-103934,18-24,Female,BR,2023-11-28
SPOT-103935,25-34,Female,US,2026-03-04
SPOT-103936,25-34,Male,AR,2024-04-30
SPOT-103937,18-24,Male,BR,2026-04-03
SPOT-103938,18-24,Female,AU,2024-06-19
SPOT-103939,25-34,Male,US,2025-07-03
SPOT-103940,35-44,Male,US,2024-09-10
SPOT-103941,45-54,Male,GB,2023-12-17
SPOT-103942,18-24,Female,US,2024-09-18
SPOT-103943,25-34,Female,MX,2025-11-10
SPOT-103944,18-24,Male,CA,2025-02-14
SPOT-103945,18-24,Female,US,2026-04-08
SPOT-103946,25-34,Female,US,2025-11-22
SPOT-103947,25-34,Male,US,2024-01-06
SPOT-103948,18-24,Male,BR,2024-10-26
SPOT-103949,18-24,Female,DE,2024-07-24
SPOT-103950,18-24,Female,ES,2026-05-08
SPOT-103951,35-44,Female,ES,2025-09-02
SPOT-103952,55+,Male,BR,2025-07-10
SPOT-103953,18-24,Female,BR,2026-05-19
SPOT-103954,18-24,Female,AR,2024-03-11
SPOT-103955,45-54,Male,DE,2025-08-29
SPOT-103956,45-54,Female,US,2023-11-12
SPOT-103957,25-34,Male,US,2024-03-11
SPOT-103958,18-24,Male,US,2025-01-03
SPOT-103959,18-24,Male,DE,2026-05-13
SPOT-103960,25-34,Female,GB,2026-04-18
SPOT-103961,25-34,Female,US,2026-03-06
SPOT-103962,18-24,Female,ES,2024-04-03
SPOT-103963,25-34,Female,BR,2025-01-11
SPOT-103964,18-24,Male,US,2025-09-03
SPOT-103965,35-44,Female,ES,2026-02-27
SPOT-103966,18-24,Female,MX,2024-05-12
SPOT-103967,18-24,Non-binary,US,2026-03-29
SPOT-103968,25-34,Male,AU,2023-12-19
SPOT-103969,25-34,Female,US,2024-05-13
SPOT-103970,55+,Male,ES,2025-01-26
SPOT-103971,25-34,Female,AU,2025-10-28
SPOT-103972,18-24,Female,ES,2025-03-27
SPOT-103973,35-44,Female,MX,2025-08-16
SPOT-103974,18-24,Male,CA,2026-04-04
SPOT-103975,45-54,Male,GB,2025-09-14
SPOT-103976,25-34,Male,GB,2023-12-30
SPOT-103977,25-34,Female,MX,2025-04-04
SPOT-103978,18-24,Female,FR,2025-11-14
SPOT-103979,25-34,Female,MX,2024-10-15
SPOT-103980,35-44,Male,AU,2024-12-12
SPOT-103981,35-44,Male,US,2025-10-13
SPOT-103982,18-24,Male,AR,2025-12-23
SPOT-103983,18-24,Male,CA,2024-05-13
SPOT-103984,35-44,Female,DE,2024-10-25
SPOT-103985,45-54,Female,AU,2025-10-24
SPOT-103986,18-24,Non-binary,US,2025-09-16
SPOT-103987,25-34,Male,AU,2025-06-09
SPOT-103988,18-24,Male,CA,2025-10-20
SPOT-103989,45-54,Male,US,2025-09-11
SPOT-103990,18-24,Female,BR,2026-03-26
SPOT-103991,18-24,Female,BR,2026-05-25
SPOT-103992,35-44,Male,US,2025-08-26
SPOT-103993,18-24,Male,US,2024-11-28
SPOT-103994,25-34,Female,US,2025-11-20
SPOT-103995,25-34,Female,BR,2024-04-01
SPOT-103996,18-24,Male,DE,2025-07-31
SPOT-103997,25-34,Female,CA,2023-12-27
SPOT-103998,25-34,Male,GB,2026-01-08
SPOT-103999,18-24,Female,MX,2025-01-25
SPOT-104000,25-34,Male,US,2025-03-17
SPOT-104001,35-44,Male,MX,2024-01-30
SPOT-104002,35-44,Male,CA,2025-11-28
SPOT-104003,18-24,Male,GB,2024-07-29
SPOT-104004,18-24,Female,GB,2025-07-29
SPOT-104005,18-24,Female,MX,2025-02-06
SPOT-104006,25-34,Female,GB,2024-03-10
SPOT-104007,25-34,Female,DE,2025-04-21
SPOT-104008,25-34,Male,GB,2024-11-07
SPOT-104009,18-24,Male,GB,2025-10-04
SPOT-104010,18-24,Non-binary,MX,2024-05-12
SPOT-104011,25-34,Female,CA,2024-11-11
SPOT-104012,25-34,Male,BR,2024-06-27
SPOT-104013,18-24,Male,US,2025-07-05
SPOT-104014,25-34,Female,GB,2025-04-25
SPOT-104015,18-24,Male,AU,2024-10-28
SPOT-104016,45-54,Female,CA,2025-05-28
SPOT-104017,45-54,Female,US,2024-07-29
SPOT-104018,18-24,Male,CA,2026-04-10
SPOT-104019,18-24,Male,AU,2024-11-03
SPOT-104020,25-34,Female,GB,2025-10-01
SPOT-104021,18-24,Male,ES,2025-11-15
SPOT-104022,25-34,Male,BR,2025-03-25
SPOT-104023,35-44,Female,GB,2025-05-26
SPOT-104024,25-34,Female,US,2024-03-16
SPOT-104025,35-44,Male,GB,2025-05-14
SPOT-104026,25-34,Female,CA,2024-08-07
SPOT-104027,18-24,Female,AR,2024-05-11
SPOT-104028,35-44,Male,GB,2025-10-25
SPOT-104029,25-34,Male,BR,2024-11-16
SPOT-104030,25-34,Female,DE,2024-02-05
SPOT-104031,18-24,Male,DE,2025-09-28
SPOT-104032,18-24,Male,ES,2026-03-24
SPOT-104033,55+,Female,BR,2025-02-05
SPOT-104034,18-24,Female,US,2024-08-16
SPOT-104035,55+,Female,GB,2024-04-05
SPOT-104036,55+,Female,BR,2023-12-18
SPOT-104037,35-44,Male,MX,2024-06-03
SPOT-104038,25-34,Male,BR,2025-07-13
SPOT-104039,25-34,Female,MX,2026-05-29
SPOT-104040,45-54,Female,AR,2024-10-26
SPOT-104041,18-24,Female,BR,2025-01-24
SPOT-104042,25-34,Male,AU,2025-10-06
SPOT-104043,25-34,Non-binary,US,2023-12-02
SPOT-104044,25-34,Male,CA,2024-04-07
SPOT-104045,25-34,Male,US,2025-11-24
SPOT-104046,18-24,Male,BR,2026-05-28
SPOT-104047,25-34,Male,DE,2025-07-19
SPOT-104048,45-54,Female,DE,2023-11-23
SPOT-104049,18-24,Male,AU,2025-01-22
SPOT-104050,45-54,Male,GB,2025-04-14
SPOT-104051,25-34,Male,MX,2023-11-29
SPOT-104052,35-44,Female,AR,2026-05-20
SPOT-104053,25-34,Female,US,2025-11-07
SPOT-104054,35-44,Female,AU,2026-06-01
SPOT-104055,18-24,Male,BR,2025-04-27
SPOT-104056,35-44,Female,CA,2024-12-20
SPOT-104057,18-24,Male,MX,2026-04-29
SPOT-104058,45-54,Male,MX,2024-05-02
SPOT-104059,55+,Female,GB,2026-03-13
SPOT-104060,18-24,Male,ES,2024-02-03
SPOT-104061,18-24,Male,US,2024-04-01
SPOT-104062,35-44,Male,BR,2025-02-05
SPOT-104063,18-24,Male,US,2025-05-08
SPOT-104064,45-54,Male,GB,2023-12-17
SPOT-104065,18-24,Male,US,2025-02-02
SPOT-104066,18-24,Male,CA,2024-11-11
SPOT-104067,55+,Female,MX,2025-02-28
SPOT-104068,25-34,Female,MX,2024-03-03
SPOT-104069,35-44,Female,FR,2024-12-22
SPOT-104070,18-24,Female,ES,2025-04-25
SPOT-104071,25-34,Female,US,2026-01-21
SPOT-104072,25-34,Female,MX,2025-07-21
SPOT-104073,25-34,Male,AU,2023-11-19
SPOT-104074,25-34,Female,US,2024-04-02
SPOT-104075,25-34,Male,MX,2025-10-11
SPOT-104076,25-34,Male,BR,2026-01-26
SPOT-104077,18-24,Male,DE,2026-04-01
SPOT-104078,35-44,Female,AU,2024-07-18
SPOT-104079,18-24,Female,GB,2025-04-01
SPOT-104080,25-34,Male,US,2025-06-24
SPOT-104081,18-24,Female,AU,2026-01-29
SPOT-104082,25-34,Female,ES,2026-03-15
SPOT-104083,35-44,Male,GB,2024-09-18
SPOT-104084,18-24,Male,GB,2025-12-18
SPOT-104085,18-24,Male,CA,2024-03-29
SPOT-104086,18-24,Female,GB,2025-05-19
SPOT-104087,25-34,Male,BR,2024-09-06
SPOT-104088,35-44,Male,US,2024-04-21
SPOT-104089,18-24,Male,AU,2024-06-16
SPOT-104090,35-44,Female,ES,2026-05-19
SPOT-104091,18-24,Female,BR,2026-02-18
SPOT-104092,25-34,Male,ES,2024-11-19
SPOT-104093,45-54,Female,CA,2024-04-22
SPOT-104094,18-24,Male,AU,2024-12-24
SPOT-104095,25-34,Male,AR,2025-10-27
SPOT-104096,18-24,Female,AR,2025-05-05
SPOT-104097,18-24,Female,DE,2024-10-12
SPOT-104098,18-24,Male,DE,2023-12-23
SPOT-104099,18-24,Male,AR,2025-06-11
SPOT-104100,25-34,Female,ES,2024-06-01
SPOT-104101,25-34,Female,CA,2025-08-07
SPOT-104102,25-34,Female,US,2024-02-09
SPOT-104103,18-24,Female,MX,2025-12-21
SPOT-104104,18-24,Female,MX,2023-12-20
SPOT-104105,25-34,Female,AR,2025-03-17
SPOT-104106,55+,Female,US,2024-07-31
SPOT-104107,18-24,Female,AR,2025-06-03
SPOT-104108,45-54,Male,GB,2026-03-30
SPOT-104109,25-34,Male,MX,2024-06-29
SPOT-104110,25-34,Male,MX,2025-01-03
SPOT-104111,25-34,Female,DE,2024-09-03
SPOT-104112,18-24,Male,ES,2024-04-25
SPOT-104113,18-24,Male,AU,2026-01-30
SPOT-104114,25-34,Male,GB,2025-11-05
SPOT-104115,18-24,Male,ES,2026-03-18
SPOT-104116,45-54,Female,GB,2024-06-04
SPOT-104117,25-34,Male,AR,2024-12-17
SPOT-104118,18-24,Male,DE,2024-02-07
SPOT-104119,35-44,Female,DE,2024-07-22
SPOT-104120,18-24,Female,ES,2025-08-10
SPOT-104121,25-34,Male,BR,2026-05-24
SPOT-104122,25-34,Male,GB,2026-02-06
SPOT-104123,45-54,Female,AU,2025-02-05
SPOT-104124,35-44,Male,MX,2023-12-16
SPOT-104125,25-34,Female,MX,2025-11-18
SPOT-104126,25-34,Male,MX,2024-07-19
SPOT-104127,45-54,Male,FR,2025-11-28
SPOT-104128,18-24,Male,US,2024-07-25
SPOT-104129,18-24,Male,US,2025-10-16
SPOT-104130,18-24,Female,DE,2025-08-27
SPOT-104131,18-24,Non-binary,BR,2024-08-08
SPOT-104132,25-34,Female,GB,2025-10-14
SPOT-104133,25-34,Female,MX,2024-04-07
SPOT-104134,25-34,Female,US,2024-02-02
SPOT-104135,18-24,Female,AR,2026-02-07
SPOT-104136,35-44,Female,ES,2025-04-02
SPOT-104137,18-24,Male,US,2024-10-24
SPOT-104138,25-34,Male,GB,2023-12-25
SPOT-104139,25-34,Female,AR,2024-10-12
SPOT-104140,18-24,Female,ES,2024-10-20
SPOT-104141,18-24,Female,AR,2024-10-14
SPOT-104142,18-24,Female,GB,2026-02-23
SPOT-104143,35-44,Male,AU,2024-09-02
SPOT-104144,45-54,Female,ES,2023-12-07
SPOT-104145,25-34,Non-binary,US,2024-12-06
SPOT-104146,18-24,Male,BR,2024-04-16
SPOT-104147,25-34,Female,MX,2024-02-27
SPOT-104148,35-44,Female,US,2024-03-11
SPOT-104149,35-44,Female,CA,2024-09-28
SPOT-104150,18-24,Female,ES,2023-12-25
SPOT-104151,18-24,Male,US,2024-03-25
SPOT-104152,35-44,Male,CA,2025-03-27
SPOT-104153,25-34,Female,DE,2026-03-11
SPOT-104154,18-24,Male,DE,2025-08-12
SPOT-104155,18-24,Female,AR,2025-01-24
SPOT-104156,25-34,Male,MX,2025-12-06
SPOT-104157,45-54,Female,DE,2024-08-16
SPOT-104158,55+,Male,GB,2025-08-12
SPOT-104159,25-34,Male,BR,2025-07-22
SPOT-104160,25-34,Female,BR,2023-12-15
SPOT-104161,18-24,Female,MX,2024-02-05
SPOT-104162,25-34,Female,MX,2024-05-24
SPOT-104163,25-34,Female,MX,2024-06-29
SPOT-104164,25-34,Male,BR,2024-07-15
SPOT-104165,25-34,Male,BR,2024-12-12
SPOT-104166,18-24,Male,GB,2026-04-13
SPOT-104167,18-24,Female,US,2025-07-14
SPOT-104168,18-24,Male,MX,2024-09-27
SPOT-104169,18-24,Female,US,2024-09-19
SPOT-104170,18-24,Male,US,2025-12-31
SPOT-104171,55+,Male,US,2024-12-18
SPOT-104172,25-34,Female,US,2025-11-10
SPOT-104173,25-34,Female,DE,2026-03-24
SPOT-104174,45-54,Male,DE,2026-01-02
SPOT-104175,55+,Male,US,2024-11-01
SPOT-104176,25-34,Male,US,2025-11-20
SPOT-104177,35-44,Male,US,2024-03-07
SPOT-104178,18-24,Female,GB,2023-12-30
SPOT-104179,18-24,Male,AR,2025-01-17
SPOT-104180,25-34,Male,GB,2026-05-18
SPOT-104181,25-34,Female,MX,2025-10-23
SPOT-104182,25-34,Female,US,2024-07-30
SPOT-104183,18-24,Male,US,2025-11-09
SPOT-104184,18-24,Male,BR,2025-01-14
SPOT-104185,25-34,Male,DE,2024-07-13
SPOT-104186,18-24,Male,US,2025-05-27
SPOT-104187,25-34,Female,GB,2024-10-10
SPOT-104188,25-34,Female,US,2025-05-24
SPOT-104189,35-44,Male,AR,2026-02-08
SPOT-104190,35-44,Female,GB,2025-05-13
SPOT-104191,45-54,Male,US,2024-11-09
SPOT-104192,25-34,Male,AR,2025-08-10
SPOT-104193,35-44,Female,US,2025-11-24
SPOT-104194,25-34,Male,GB,2025-07-20
SPOT-104195,18-24,Male,GB,2026-03-11
SPOT-104196,18-24,Female,GB,2026-01-24
SPOT-104197,18-24,Male,US,2024-04-19
SPOT-104198,25-34,Male,CA,2024-09-03
SPOT-104199,25-34,Female,FR,2025-05-25
SPOT-104200,35-44,Female,DE,2025-11-10
SPOT-104201,18-24,Female,DE,2024-08-24
SPOT-104202,18-24,Male,BR,2025-09-17
SPOT-104203,55+,Male,BR,2023-12-06
SPOT-104204,18-24,Male,ES,2025-06-25
SPOT-104205,25-34,Female,BR,2025-07-10
SPOT-104206,25-34,Male,US,2026-05-01
SPOT-104207,25-34,Female,US,2025-09-28
SPOT-104208,18-24,Male,CA,2024-08-05
SPOT-104209,18-24,Male,US,2024-04-15
SPOT-104210,18-24,Male,FR,2024-01-20
SPOT-104211,25-34,Female,MX,2025-09-09
SPOT-104212,25-34,Female,DE,2024-01-10
SPOT-104213,18-24,Non-binary,US,2024-04-08
SPOT-104214,25-34,Male,GB,2024-10-07
SPOT-104215,35-44,Male,BR,2025-01-30
SPOT-104216,18-24,Male,MX,2024-01-27
SPOT-104217,25-34,Female,MX,2025-06-18
SPOT-104218,25-34,Male,DE,2025-06-03
SPOT-104219,18-24,Male,DE,2026-03-21
SPOT-104220,18-24,Male,ES,2024-07-21
SPOT-104221,25-34,Male,CA,2025-09-17
SPOT-104222,45-54,Male,CA,2024-03-25
SPOT-104223,35-44,Male,BR,2024-12-02
SPOT-104224,25-34,Male,US,2023-12-10
SPOT-104225,35-44,Male,US,2025-11-02
SPOT-104226,25-34,Female,DE,2024-01-02
SPOT-104227,25-34,Female,ES,2024-11-13
SPOT-104228,25-34,Male,BR,2025-01-21
SPOT-104229,18-24,Female,MX,2025-03-05
SPOT-104230,35-44,Male,AR,2024-09-12
SPOT-104231,25-34,Male,US,2026-05-09
SPOT-104232,25-34,Female,CA,2025-03-14
SPOT-104233,45-54,Female,GB,2025-04-11
SPOT-104234,18-24,Female,US,2026-01-01
SPOT-104235,18-24,Male,AR,2025-03-03
SPOT-104236,18-24,Female,CA,2024-12-30
SPOT-104237,35-44,Male,ES,2026-04-11
SPOT-104238,35-44,Male,AR,2025-02-05
SPOT-104239,18-24,Male,FR,2025-10-10
SPOT-104240,25-34,Female,BR,2025-02-12
SPOT-104241,25-34,Male,MX,2024-12-28
SPOT-104242,35-44,Female,GB,2024-10-21
SPOT-104243,25-34,Female,US,2025-06-19
SPOT-104244,25-34,Male,MX,2026-01-25
SPOT-104245,45-54,Female,ES,2024-07-05
SPOT-104246,18-24,Female,DE,2023-12-01
SPOT-104247,18-24,Male,DE,2025-02-26
SPOT-104248,25-34,Male,AU,2024-04-06
SPOT-104249,55+,Female,BR,2025-02-02
SPOT-104250,25-34,Male,AU,2024-03-09
SPOT-104251,18-24,Female,FR,2025-02-04
SPOT-104252,18-24,Male,MX,2025-10-13
SPOT-104253,25-34,Male,US,2026-03-23
SPOT-104254,18-24,Female,GB,2024-04-28
SPOT-104255,25-34,Female,DE,2024-02-28
SPOT-104256,55+,Male,MX,2025-08-13
SPOT-104257,25-34,Female,DE,2025-12-15
SPOT-104258,25-34,Male,AR,2025-09-24
SPOT-104259,25-34,Female,MX,2025-06-24
SPOT-104260,18-24,Female,GB,2026-05-27
SPOT-104261,45-54,Male,AR,2024-06-15
SPOT-104262,25-34,Male,GB,2026-05-14
SPOT-104263,25-34,Male,US,2024-12-12
SPOT-104264,25-34,Male,US,2026-03-06
SPOT-104265,25-34,Male,US,2025-01-19
SPOT-104266,25-34,Female,AR,2025-06-28
SPOT-104267,18-24,Male,MX,2026-04-08
SPOT-104268,35-44,Female,BR,2024-06-23
SPOT-104269,45-54,Female,MX,2024-04-27
SPOT-104270,25-34,Female,MX,2025-03-05
SPOT-104271,55+,Male,BR,2025-10-18
SPOT-104272,18-24,Male,AR,2026-04-02
SPOT-104273,25-34,Female,DE,2025-10-05
SPOT-104274,25-34,Male,AR,2025-05-15
SPOT-104275,25-34,Female,AR,2025-03-14
SPOT-104276,25-34,Male,US,2024-03-21
SPOT-104277,18-24,Female,DE,2024-04-06
SPOT-104278,18-24,Female,AR,2025-01-25
SPOT-104279,25-34,Female,AR,2025-04-27
SPOT-104280,18-24,Male,US,2025-03-04
SPOT-104281,35-44,Male,US,2024-12-11
SPOT-104282,18-24,Female,DE,2023-12-15
SPOT-104283,18-24,Male,US,2025-06-17
SPOT-104284,25-34,Male,GB,2025-03-30
SPOT-104285,25-34,Female,GB,2025-08-10
SPOT-104286,45-54,Female,US,2026-03-10
SPOT-104287,25-34,Male,DE,2024-11-16
SPOT-104288,18-24,Female,AR,2025-05-12
SPOT-104289,35-44,Female,US,2025-07-24
SPOT-104290,25-34,Male,BR,2025-06-22
SPOT-104291,18-24,Female,BR,2025-01-08
SPOT-104292,25-34,Female,AR,2024-05-01
SPOT-104293,45-54,Non-binary,DE,2025-02-10
SPOT-104294,25-34,Male,US,2024-06-06
SPOT-104295,18-24,Female,FR,2023-11-25
SPOT-104296,18-24,Male,AR,2024-06-25
SPOT-104297,18-24,Male,MX,2026-02-03
SPOT-104298,25-34,Female,US,2025-04-04
SPOT-104299,25-34,Male,US,2025-11-12
SPOT-104300,18-24,Male,US,2024-03-16
SPOT-104301,45-54,Male,US,2025-10-16
SPOT-104302,35-44,Male,US,2025-08-18
SPOT-104303,25-34,Female,GB,2024-05-24
SPOT-104304,35-44,Male,GB,2026-04-26
SPOT-104305,18-24,Female,ES,2026-01-08
SPOT-104306,25-34,Male,ES,2025-03-22
SPOT-104307,25-34,Female,US,2026-04-15
SPOT-104308,35-44,Female,AU,2025-07-21
SPOT-104309,35-44,Male,ES,2024-12-22
SPOT-104310,18-24,Female,US,2025-11-01
SPOT-104311,45-54,Female,US,2024-10-14
SPOT-104312,18-24,Female,US,2024-05-10
SPOT-104313,45-54,Male,ES,2024-03-13
SPOT-104314,55+,Female,US,2024-12-07
SPOT-104315,18-24,Male,US,2026-02-28
SPOT-104316,35-44,Male,DE,2024-08-05
SPOT-104317,18-24,Female,ES,2025-01-19
SPOT-104318,25-34,Male,GB,2024-07-22
SPOT-104319,25-34,Female,BR,2024-09-15
SPOT-104320,25-34,Female,US,2024-04-23
SPOT-104321,45-54,Female,DE,2024-10-04
SPOT-104322,25-34,Male,GB,2024-07-29
SPOT-104323,25-34,Non-binary,DE,2025-02-14
SPOT-104324,35-44,Female,DE,2024-06-05
SPOT-104325,55+,Male,US,2026-01-16
SPOT-104326,18-24,Male,US,2026-04-07
SPOT-104327,55+,Female,GB,2023-11-21
SPOT-104328,18-24,Female,US,2025-12-19
SPOT-104329,35-44,Female,GB,2025-11-10
SPOT-104330,18-24,Female,US,2024-09-28
SPOT-104331,18-24,Male,GB,2024-01-02
SPOT-104332,25-34,Male,US,2024-04-20
SPOT-104333,25-34,Male,FR,2026-01-12
SPOT-104334,25-34,Female,FR,2024-05-30
SPOT-104335,18-24,Male,GB,2024-05-21
SPOT-104336,25-34,Male,BR,2024-05-11
SPOT-104337,45-54,Male,AU,2023-12-16
SPOT-104338,25-34,Female,BR,2024-03-18
SPOT-104339,18-24,Female,AR,2024-06-19
SPOT-104340,25-34,Male,AR,2026-04-10
SPOT-104341,18-24,Female,CA,2025-12-31
SPOT-104342,35-44,Male,GB,2025-10-20
SPOT-104343,35-44,Male,US,2025-08-22
SPOT-104344,25-34,Male,US,2026-04-02
SPOT-104345,25-34,Male,BR,2025-05-07
SPOT-104346,35-44,Male,BR,2024-07-24
SPOT-104347,25-34,Female,GB,2025-04-27
SPOT-104348,35-44,Female,US,2024-06-20
SPOT-104349,25-34,Female,ES,2024-04-04
SPOT-104350,35-44,Female,GB,2024-08-14
SPOT-104351,25-34,Female,MX,2024-07-26
SPOT-104352,25-34,Male,ES,2025-06-01
SPOT-104353,55+,Female,DE,2025-12-24
SPOT-104354,25-34,Female,US,2024-05-15
SPOT-104355,25-34,Female,FR,2026-04-16
SPOT-104356,18-24,Male,US,2025-05-13
SPOT-104357,25-34,Male,AR,2025-09-27
SPOT-104358,25-34,Female,AR,2026-05-08
SPOT-104359,18-24,Female,BR,2026-01-09
SPOT-104360,18-24,Male,MX,2025-09-16
SPOT-104361,25-34,Female,GB,2026-05-25
SPOT-104362,35-44,Male,AR,2025-01-19
SPOT-104363,25-34,Female,GB,2025-09-10
SPOT-104364,18-24,Male,BR,2025-10-05
SPOT-104365,25-34,Male,US,2025-07-13
SPOT-104366,18-24,Male,CA,2023-11-12
SPOT-104367,25-34,Male,CA,2024-03-08
SPOT-104368,18-24,Male,ES,2024-11-28
SPOT-104369,18-24,Female,DE,2025-12-08
SPOT-104370,18-24,Female,US,2025-02-18
SPOT-104371,25-34,Male,BR,2025-01-30
SPOT-104372,18-24,Female,AR,2024-12-19
SPOT-104373,25-34,Male,MX,2026-04-27
SPOT-104374,25-34,Male,BR,2025-10-21
SPOT-104375,25-34,Male,AR,2024-03-08
SPOT-104376,25-34,Male,GB,2025-10-04
SPOT-104377,35-44,Female,FR,2025-05-09
SPOT-104378,18-24,Male,DE,2025-07-18
SPOT-104379,25-34,Female,US,2023-11-27
SPOT-104380,18-24,Female,ES,2024-12-07
SPOT-104381,18-24,Female,FR,2024-11-15
SPOT-104382,25-34,Female,BR,2026-05-01
SPOT-104383,25-34,Female,DE,2024-12-21
SPOT-104384,45-54,Female,AR,2024-11-03
SPOT-104385,25-34,Female,FR,2024-04-27
SPOT-104386,55+,Male,AU,2024-11-01
SPOT-104387,18-24,Female,GB,2025-12-12
SPOT-104388,18-24,Female,BR,2025-10-18
SPOT-104389,18-24,Female,AR,2026-03-07
SPOT-104390,18-24,Male,BR,2025-10-13
SPOT-104391,25-34,Male,DE,2024-05-12
SPOT-104392,25-34,Male,BR,2024-06-15
SPOT-104393,18-24,Female,GB,2026-04-27
SPOT-104394,45-54,Male,US,2025-06-20
SPOT-104395,35-44,Male,US,2025-08-24
SPOT-104396,18-24,Male,MX,2026-01-06
SPOT-104397,18-24,Male,DE,2025-02-25
SPOT-104398,18-24,Male,FR,2023-11-08
SPOT-104399,18-24,Female,US,2023-11-25
SPOT-104400,18-24,Male,GB,2026-02-15
SPOT-104401,25-34,Female,AU,2026-03-25
SPOT-104402,18-24,Female,BR,2024-07-12
SPOT-104403,25-34,Non-binary,GB,2026-02-13
SPOT-104404,55+,Female,FR,2025-02-26
SPOT-104405,25-34,Female,ES,2025-12-18
SPOT-104406,45-54,Male,BR,2025-05-22
SPOT-104407,18-24,Non-binary,FR,2025-06-06
SPOT-104408,25-34,Male,US,2026-05-04
SPOT-104409,25-34,Male,DE,2024-11-21
SPOT-104410,18-24,Male,AR,2024-07-16
SPOT-104411,18-24,Male,DE,2026-04-14
SPOT-104412,25-34,Male,CA,2025-08-23
SPOT-104413,25-34,Female,US,2024-03-26
SPOT-104414,25-34,Female,GB,2025-11-14
SPOT-104415,25-34,Female,DE,2025-09-24
SPOT-104416,25-34,Male,MX,2024-03-09
SPOT-104417,18-24,Female,US,2024-06-27
SPOT-104418,18-24,Male,US,2024-02-26
SPOT-104419,18-24,Male,AU,2026-04-17
SPOT-104420,18-24,Female,FR,2025-12-12
SPOT-104421,55+,Female,GB,2026-01-25
SPOT-104422,25-34,Male,BR,2025-11-21
SPOT-104423,35-44,Female,BR,2025-01-23
SPOT-104424,18-24,Female,FR,2024-09-10
SPOT-104425,25-34,Female,BR,2025-02-12
SPOT-104426,18-24,Male,AR,2025-06-12
SPOT-104427,18-24,Male,CA,2024-12-15
SPOT-104428,18-24,Male,BR,2023-11-30
SPOT-104429,35-44,Male,GB,2025-04-12
SPOT-104430,25-34,Male,BR,2024-01-23
SPOT-104431,25-34,Non-binary,FR,2025-10-16
SPOT-104432,25-34,Male,BR,2024-10-10
SPOT-104433,45-54,Female,FR,2026-04-16
SPOT-104434,18-24,Male,FR,2025-04-29
SPOT-104435,18-24,Female,DE,2024-09-27
SPOT-104436,18-24,Female,DE,2025-01-24
SPOT-104437,35-44,Male,MX,2025-04-06
SPOT-104438,55+,Female,US,2026-01-19
SPOT-104439,18-24,Male,DE,2025-07-20
SPOT-104440,45-54,Male,US,2024-07-19
SPOT-104441,35-44,Male,AR,2024-01-20
SPOT-104442,18-24,Male,CA,2024-05-26
SPOT-104443,25-34,Female,US,2025-07-01
SPOT-104444,25-34,Female,MX,2026-02-19
SPOT-104445,55+,Male,MX,2025-01-03
SPOT-104446,18-24,Female,ES,2024-04-13
SPOT-104447,35-44,Female,MX,2025-08-25
SPOT-104448,18-24,Male,US,2025-05-02
SPOT-104449,35-44,Male,GB,2024-01-21
SPOT-104450,25-34,Male,US,2025-04-02
SPOT-104451,25-34,Female,CA,2023-12-08
SPOT-104452,35-44,Male,BR,2023-12-28
SPOT-104453,35-44,Male,AU,2026-03-10
SPOT-104454,45-54,Female,DE,2025-08-18
SPOT-104455,18-24,Female,BR,2025-07-15
SPOT-104456,25-34,Male,AR,2024-04-19
SPOT-104457,18-24,Female,AR,2024-06-14
SPOT-104458,25-34,Female,US,2024-12-31
SPOT-104459,25-34,Male,GB,2024-03-14
SPOT-104460,25-34,Female,US,2024-07-15
SPOT-104461,25-34,Male,AR,2024-06-03
SPOT-104462,55+,Male,AR,2024-08-06
SPOT-104463,18-24,Male,US,2026-03-19
SPOT-104464,25-34,Male,GB,2025-03-17
SPOT-104465,25-34,Male,DE,2024-09-13
SPOT-104466,18-24,Male,BR,2024-07-07
SPOT-104467,18-24,Female,BR,2024-07-23
SPOT-104468,45-54,Female,AU,2025-06-03
SPOT-104469,45-54,Male,ES,2026-03-29
SPOT-104470,45-54,Male,US,2026-02-19
SPOT-104471,55+,Female,GB,2024-08-17
SPOT-104472,18-24,Male,GB,2026-04-20
SPOT-104473,25-34,Male,GB,2024-05-29
SPOT-104474,25-34,Female,AR,2024-01-16
SPOT-104475,25-34,Female,GB,2025-04-11
SPOT-104476,25-34,Female,BR,2026-01-14
SPOT-104477,25-34,Female,BR,2026-01-20
SPOT-104478,25-34,Male,GB,2024-09-06
SPOT-104479,25-34,Female,GB,2025-01-31
SPOT-104480,18-24,Male,ES,2025-10-22
SPOT-104481,25-34,Male,FR,2024-09-29
SPOT-104482,25-34,Female,US,2024-08-22
SPOT-104483,25-34,Female,MX,2026-03-15
SPOT-104484,18-24,Male,MX,2023-12-23
SPOT-104485,35-44,Male,ES,2025-04-20
SPOT-104486,18-24,Female,MX,2025-02-10
SPOT-104487,25-34,Female,FR,2024-11-28
SPOT-104488,35-44,Female,US,2024-05-31
SPOT-104489,25-34,Male,DE,2025-06-25
SPOT-104490,18-24,Female,AR,2025-03-20
SPOT-104491,25-34,Female,AR,2024-02-26
SPOT-104492,25-34,Female,GB,2026-02-15
SPOT-104493,35-44,Male,BR,2023-12-13
SPOT-104494,35-44,Male,US,2026-02-10
SPOT-104495,25-34,Male,FR,2025-12-10
SPOT-104496,25-34,Male,ES,2023-12-24
SPOT-104497,18-24,Male,US,2024-12-24
SPOT-104498,18-24,Female,MX,2024-01-16
SPOT-104499,25-34,Male,BR,2026-01-24
SPOT-104500,25-34,Female,GB,2024-06-30
SPOT-104501,25-34,Male,FR,2024-03-20
SPOT-104502,18-24,Male,US,2024-02-17
SPOT-104503,18-24,Female,DE,2026-02-21
SPOT-104504,25-34,Male,BR,2025-10-08
SPOT-104505,18-24,Male,AR,2025-08-29
SPOT-104506,35-44,Male,US,2024-02-16
SPOT-104507,18-24,Female,MX,2024-03-12
SPOT-104508,25-34,Non-binary,US,2024-04-19
SPOT-104509,45-54,Female,AR,2024-04-21
SPOT-104510,18-24,Female,US,2024-08-06
SPOT-104511,25-34,Male,ES,2024-10-07
SPOT-104512,18-24,Female,MX,2024-11-21
SPOT-104513,25-34,Female,US,2024-01-30
SPOT-104514,25-34,Female,US,2024-11-02
SPOT-104515,25-34,Female,GB,2025-10-04
SPOT-104516,25-34,Female,FR,2024-08-11
SPOT-104517,45-54,Male,BR,2025-05-22
SPOT-104518,18-24,Female,CA,2025-09-23
SPOT-104519,18-24,Female,US,2024-02-20
SPOT-104520,45-54,Female,US,2024-04-24
SPOT-104521,25-34,Female,CA,2025-09-02
SPOT-104522,45-54,Female,ES,2025-10-15
SPOT-104523,25-34,Female,AR,2024-06-02
SPOT-104524,35-44,Male,CA,2024-06-29
SPOT-104525,25-34,Male,AU,2024-03-11
SPOT-104526,35-44,Non-binary,US,2024-06-24
SPOT-104527,45-54,Female,US,2024-04-17
SPOT-104528,25-34,Female,US,2024-08-18
SPOT-104529,18-24,Female,AR,2024-10-31
SPOT-104530,18-24,Female,GB,2024-06-28
SPOT-104531,18-24,Male,BR,2025-08-11
SPOT-104532,18-24,Male,FR,2024-08-10
SPOT-104533,18-24,Female,MX,2026-05-19
SPOT-104534,25-34,Male,US,2023-11-25
SPOT-104535,25-34,Female,DE,2024-02-22
SPOT-104536,25-34,Female,US,2025-12-06
SPOT-104537,25-34,Male,BR,2024-07-31
SPOT-104538,18-24,Female,US,2025-10-23
SPOT-104539,18-24,Female,US,2025-04-03
SPOT-104540,18-24,Male,AR,2025-10-31
SPOT-104541,25-34,Male,AU,2024-08-15
SPOT-104542,18-24,Female,AU,2025-05-17
SPOT-104543,18-24,Male,GB,2024-07-29
SPOT-104544,25-34,Male,AR,2026-04-17
SPOT-104545,35-44,Male,MX,2024-07-21
SPOT-104546,18-24,Male,AR,2025-06-18
SPOT-104547,25-34,Female,AR,2024-11-18
SPOT-104548,25-34,Male,AU,2025-01-15
SPOT-104549,35-44,Female,US,2026-02-14
SPOT-104550,45-54,Male,ES,2025-12-04
SPOT-104551,18-24,Female,ES,2026-05-20
SPOT-104552,18-24,Male,GB,2024-11-01
SPOT-104553,45-54,Non-binary,DE,2025-10-16
SPOT-104554,25-34,Male,US,2024-12-18
SPOT-104555,25-34,Female,CA,2025-03-15
SPOT-104556,25-34,Female,FR,2026-01-03
SPOT-104557,25-34,Female,MX,2024-12-15
SPOT-104558,45-54,Female,BR,2023-11-29
SPOT-104559,55+,Male,US,2023-11-06
SPOT-104560,35-44,Female,AR,2025-05-10
SPOT-104561,18-24,Male,US,2024-11-16
SPOT-104562,45-54,Female,DE,2025-11-14
SPOT-104563,18-24,Female,FR,2023-11-11
SPOT-104564,18-24,Female,MX,2024-12-16
SPOT-104565,45-54,Male,MX,2025-11-04
SPOT-104566,18-24,Male,US,2024-10-30
SPOT-104567,18-24,Male,GB,2024-06-25
SPOT-104568,18-24,Male,MX,2024-08-11
SPOT-104569,45-54,Male,US,2025-02-22
SPOT-104570,25-34,Male,GB,2024-08-27
SPOT-104571,25-34,Non-binary,GB,2025-03-15
SPOT-104572,18-24,Female,BR,2025-10-15
SPOT-104573,35-44,Female,GB,2025-01-13
SPOT-104574,35-44,Male,DE,2024-10-22
SPOT-104575,18-24,Female,BR,2025-09-22
SPOT-104576,25-34,Female,US,2024-06-03
SPOT-104577,18-24,Female,US,2025-11-07
SPOT-104578,55+,Male,AR,2024-09-05
SPOT-104579,25-34,Female,DE,2024-12-27
SPOT-104580,45-54,Non-binary,GB,2026-03-28
SPOT-104581,18-24,Male,DE,2024-02-18
SPOT-104582,35-44,Female,US,2024-01-04
SPOT-104583,35-44,Male,US,2023-12-11
SPOT-104584,25-34,Male,BR,2025-06-18
SPOT-104585,55+,Female,GB,2026-04-13
SPOT-104586,25-34,Male,BR,2025-07-22
SPOT-104587,18-24,Male,US,2024-03-12
SPOT-104588,25-34,Male,US,2025-03-16
SPOT-104589,35-44,Female,DE,2024-11-10
SPOT-104590,25-34,Male,DE,2026-03-19
SPOT-104591,18-24,Female,FR,2024-07-09
SPOT-104592,25-34,Male,US,2024-04-27
SPOT-104593,18-24,Female,AU,2026-04-15
SPOT-104594,25-34,Non-binary,AU,2023-12-07
SPOT-104595,25-34,Male,BR,2026-01-05
SPOT-104596,35-44,Male,ES,2024-05-17
SPOT-104597,18-24,Male,CA,2025-10-12
SPOT-104598,25-34,Female,GB,2024-04-05
SPOT-104599,18-24,Male,GB,2023-11-23
SPOT-104600,18-24,Male,US,2024-02-17
SPOT-104601,35-44,Male,BR,2026-03-14
SPOT-104602,45-54,Male,US,2025-07-27
SPOT-104603,25-34,Male,CA,2024-10-14
SPOT-104604,35-44,Female,DE,2025-03-11
SPOT-104605,45-54,Female,CA,2026-05-18
SPOT-104606,35-44,Male,US,2025-04-23
SPOT-104607,18-24,Female,MX,2025-06-25
SPOT-104608,55+,Female,MX,2026-01-06
SPOT-104609,25-34,Female,DE,2025-05-15
SPOT-104610,18-24,Female,FR,2025-03-27
SPOT-104611,18-24,Female,DE,2025-07-10
SPOT-104612,25-34,Female,US,2024-03-11
SPOT-104613,18-24,Female,AU,2024-03-08
SPOT-104614,18-24,Male,DE,2025-06-07
SPOT-104615,18-24,Male,US,2024-09-27
SPOT-104616,35-44,Male,GB,2025-01-18
SPOT-104617,45-54,Female,MX,2025-10-24
SPOT-104618,18-24,Male,BR,2024-11-02
SPOT-104619,45-54,Female,MX,2024-11-06
SPOT-104620,45-54,Male,MX,2025-05-23
SPOT-104621,35-44,Female,US,2026-02-02
SPOT-104622,18-24,Male,GB,2024-06-30
SPOT-104623,25-34,Female,ES,2025-12-25
SPOT-104624,45-54,Female,MX,2025-02-21
SPOT-104625,25-34,Male,US,2025-09-07
SPOT-104626,18-24,Male,GB,2025-12-15
SPOT-104627,25-34,Female,CA,2024-04-16
SPOT-104628,25-34,Male,FR,2025-12-10
SPOT-104629,25-34,Female,MX,2025-11-18
SPOT-104630,18-24,Female,US,2025-10-27
SPOT-104631,18-24,Female,MX,2025-03-16
SPOT-104632,35-44,Female,US,2025-03-15
SPOT-104633,45-54,Female,MX,2024-11-10
SPOT-104634,18-24,Female,ES,2024-05-08
SPOT-104635,55+,Female,BR,2025-09-26
SPOT-104636,18-24,Male,US,2024-12-13
SPOT-104637,25-34,Male,MX,2024-10-28
SPOT-104638,35-44,Male,AR,2025-05-19
SPOT-104639,35-44,Female,BR,2024-02-24
SPOT-104640,45-54,Male,ES,2024-11-07
SPOT-104641,18-24,Female,US,2024-07-18
SPOT-104642,45-54,Male,ES,2026-05-07
SPOT-104643,18-24,Female,MX,2024-03-05
SPOT-104644,35-44,Male,GB,2025-11-28
SPOT-104645,35-44,Male,MX,2024-03-14
SPOT-104646,25-34,Male,MX,2024-12-10
SPOT-104647,18-24,Male,BR,2024-04-05
SPOT-104648,45-54,Female,US,2025-12-23
SPOT-104649,18-24,Female,GB,2026-03-10
SPOT-104650,18-24,Male,AU,2026-04-17
SPOT-104651,35-44,Female,DE,2024-03-30
SPOT-104652,25-34,Male,US,2024-04-11
SPOT-104653,35-44,Male,FR,2025-01-02
SPOT-104654,25-34,Female,US,2025-07-18
SPOT-104655,18-24,Male,DE,2025-09-03
SPOT-104656,35-44,Female,GB,2023-12-12
SPOT-104657,25-34,Female,AU,2026-04-07
SPOT-104658,18-24,Male,DE,2025-07-25
SPOT-104659,35-44,Female,ES,2024-11-20
SPOT-104660,25-34,Male,BR,2024-05-13
SPOT-104661,25-34,Female,US,2025-06-24
SPOT-104662,25-34,Female,DE,2023-12-20
SPOT-104663,35-44,Female,DE,2025-04-27
SPOT-104664,35-44,Male,AU,2025-01-21
SPOT-104665,35-44,Male,AR,2025-08-09
SPOT-104666,18-24,Female,FR,2024-03-03
SPOT-104667,35-44,Female,GB,2024-08-16
SPOT-104668,25-34,Female,GB,2026-03-10
SPOT-104669,25-34,Male,BR,2024-06-17
SPOT-104670,25-34,Female,MX,2023-12-03
SPOT-104671,45-54,Female,ES,2023-11-06
SPOT-104672,35-44,Male,AR,2025-08-18
SPOT-104673,18-24,Female,FR,2023-12-09
SPOT-104674,25-34,Male,US,2025-12-17
SPOT-104675,45-54,Male,AR,2025-12-20
SPOT-104676,18-24,Male,MX,2025-01-31
SPOT-104677,55+,Female,BR,2024-10-24
SPOT-104678,25-34,Female,MX,2024-12-10
SPOT-104679,25-34,Female,FR,2026-02-16
SPOT-104680,18-24,Male,BR,2024-08-02
SPOT-104681,18-24,Male,US,2025-03-30
SPOT-104682,45-54,Female,DE,2024-02-08
SPOT-104683,18-24,Female,CA,2024-09-14
SPOT-104684,35-44,Female,AR,2023-11-07
SPOT-104685,25-34,Male,US,2024-02-01
SPOT-104686,18-24,Female,ES,2024-05-28
SPOT-104687,18-24,Female,GB,2026-03-04
SPOT-104688,25-34,Female,GB,2025-09-23
SPOT-104689,55+,Female,DE,2024-01-19
SPOT-104690,25-34,Female,DE,2024-04-18
SPOT-104691,25-34,Female,US,2024-11-25
SPOT-104692,18-24,Female,ES,2024-03-24
SPOT-104693,25-34,Female,AR,2024-11-13
SPOT-104694,25-34,Male,BR,2024-02-28
SPOT-104695,45-54,Female,US,2024-12-17
SPOT-104696,25-34,Female,US,2025-03-29
SPOT-104697,25-34,Male,US,2025-07-31
SPOT-104698,18-24,Female,US,2025-04-16
SPOT-104699,55+,Female,FR,2026-05-18
SPOT-104700,18-24,Male,BR,2025-07-14
SPOT-104701,18-24,Female,US,2025-06-23
SPOT-104702,25-34,Male,GB,2024-10-30
SPOT-104703,25-34,Female,CA,2026-01-07
SPOT-104704,25-34,Male,BR,2024-09-22
SPOT-104705,25-34,Female,BR,2024-07-24
SPOT-104706,35-44,Female,BR,2024-02-16
SPOT-104707,18-24,Female,US,2024-12-08
SPOT-104708,35-44,Non-binary,AU,2026-05-06
SPOT-104709,25-34,Male,US,2024-04-13
SPOT-104710,25-34,Female,ES,2024-05-13
SPOT-104711,25-34,Male,US,2026-03-28
SPOT-104712,18-24,Female,DE,2024-11-04
SPOT-104713,35-44,Female,FR,2024-11-10
SPOT-104714,25-34,Female,ES,2025-01-10
SPOT-104715,18-24,Female,GB,2024-02-18
SPOT-104716,25-34,Male,BR,2024-04-16
SPOT-104717,55+,Male,US,2025-03-25
SPOT-104718,25-34,Female,AU,2025-07-12
SPOT-104719,45-54,Female,ES,2024-04-25
SPOT-104720,18-24,Male,DE,2026-06-02
SPOT-104721,18-24,Male,GB,2023-12-13
SPOT-104722,18-24,Female,US,2024-10-19
SPOT-104723,25-34,Male,AR,2025-10-30
SPOT-104724,18-24,Female,DE,2023-12-20
SPOT-104725,18-24,Female,GB,2025-01-03
SPOT-104726,45-54,Female,CA,2025-09-04
SPOT-104727,35-44,Male,US,2024-06-22
SPOT-104728,35-44,Male,GB,2025-05-29
SPOT-104729,18-24,Female,GB,2024-12-13
SPOT-104730,18-24,Non-binary,GB,2023-12-05
SPOT-104731,18-24,Male,BR,2025-05-06
SPOT-104732,35-44,Male,MX,2024-04-15
SPOT-104733,45-54,Male,US,2025-11-16
SPOT-104734,25-34,Female,US,2026-04-11
SPOT-104735,18-24,Female,US,2024-11-29
SPOT-104736,25-34,Male,US,2024-08-29
SPOT-104737,18-24,Male,US,2024-06-22
SPOT-104738,25-34,Female,US,2025-01-04
SPOT-104739,25-34,Female,GB,2023-12-08
SPOT-104740,35-44,Female,AR,2025-01-04
SPOT-104741,18-24,Female,US,2025-07-11
SPOT-104742,18-24,Female,MX,2026-05-11
SPOT-104743,55+,Female,US,2023-11-12
SPOT-104744,18-24,Female,MX,2025-02-25
SPOT-104745,18-24,Female,AR,2025-10-31
SPOT-104746,18-24,Male,MX,2023-12-26
SPOT-104747,18-24,Male,US,2026-04-22
SPOT-104748,25-34,Female,GB,2026-01-21
SPOT-104749,35-44,Male,AR,2026-04-23
SPOT-104750,18-24,Female,DE,2025-05-30
SPOT-104751,25-34,Male,GB,2025-03-23
SPOT-104752,25-34,Female,CA,2024-11-06
SPOT-104753,25-34,Female,MX,2025-02-11
SPOT-104754,45-54,Female,AR,2025-06-29
SPOT-104755,45-54,Male,US,2025-05-17
SPOT-104756,18-24,Non-binary,GB,2025-04-21
SPOT-104757,35-44,Male,DE,2024-12-10
SPOT-104758,25-34,Male,BR,2025-07-01
SPOT-104759,55+,Male,US,2026-05-25
SPOT-104760,25-34,Female,BR,2025-03-15
SPOT-104761,55+,Male,MX,2025-03-23
SPOT-104762,35-44,Female,GB,2024-08-15
SPOT-104763,18-24,Female,MX,2026-03-30
SPOT-104764,25-34,Female,DE,2024-01-13
SPOT-104765,55+,Female,DE,2023-12-11
SPOT-104766,45-54,Female,US,2024-05-20
SPOT-104767,18-24,Female,MX,2025-03-06
SPOT-104768,35-44,Female,US,2025-09-05
SPOT-104769,18-24,Male,AR,2024-09-18
SPOT-104770,18-24,Male,BR,2025-09-14
SPOT-104771,25-34,Male,BR,2025-05-26
SPOT-104772,18-24,Male,CA,2025-01-24
SPOT-104773,35-44,Female,US,2023-12-02
SPOT-104774,18-24,Female,BR,2025-05-25
SPOT-104775,35-44,Female,DE,2025-02-02
SPOT-104776,18-24,Male,AU,2024-05-05
SPOT-104777,18-24,Female,AR,2024-09-15
SPOT-104778,18-24,Female,ES,2026-02-09
SPOT-104779,18-24,Male,US,2025-10-24
SPOT-104780,18-24,Female,US,2024-06-10
SPOT-104781,18-24,Female,US,2024-11-10
SPOT-104782,25-34,Male,MX,2025-06-20
SPOT-104783,18-24,Female,DE,2026-05-11
SPOT-104784,25-34,Male,GB,2025-02-16
SPOT-104785,25-34,Male,MX,2026-05-07
SPOT-104786,45-54,Female,AR,2025-01-13
SPOT-104787,45-54,Female,US,2024-02-09
SPOT-104788,25-34,Female,CA,2024-10-24
SPOT-104789,18-24,Male,US,2023-12-22
SPOT-104790,18-24,Female,US,2026-05-19
SPOT-104791,55+,Male,AR,2025-04-15
SPOT-104792,18-24,Female,BR,2025-05-09
SPOT-104793,18-24,Male,CA,2024-04-01
SPOT-104794,18-24,Female,DE,2026-05-03
SPOT-104795,18-24,Female,CA,2024-04-15
SPOT-104796,18-24,Female,US,2024-02-18
SPOT-104797,35-44,Male,MX,2024-01-05
SPOT-104798,18-24,Female,AU,2024-04-02
SPOT-104799,25-34,Female,DE,2024-04-12
SPOT-104800,18-24,Female,US,2026-05-10
SPOT-104801,18-24,Female,US,2024-01-30
SPOT-104802,45-54,Male,FR,2026-03-26
SPOT-104803,18-24,Male,BR,2024-09-18
SPOT-104804,35-44,Male,BR,2024-08-06
SPOT-104805,25-34,Female,AR,2026-03-01
SPOT-104806,18-24,Female,AR,2024-03-15
SPOT-104807,55+,Male,BR,2024-09-27
SPOT-104808,18-24,Female,FR,2024-09-17
SPOT-104809,45-54,Male,DE,2024-11-20
SPOT-104810,18-24,Male,MX,2025-09-26
SPOT-104811,45-54,Male,US,2024-03-06
SPOT-104812,18-24,Female,US,2025-03-09
SPOT-104813,25-34,Female,FR,2024-09-13
SPOT-104814,35-44,Male,GB,2025-04-27
SPOT-104815,45-54,Female,GB,2026-03-09
SPOT-104816,45-54,Male,MX,2025-01-20
SPOT-104817,35-44,Male,BR,2026-05-06
SPOT-104818,45-54,Male,US,2026-05-04
SPOT-104819,18-24,Male,ES,2026-06-01
SPOT-104820,18-24,Female,MX,2025-03-03
SPOT-104821,18-24,Female,FR,2025-03-11
SPOT-104822,25-34,Male,BR,2024-03-21
SPOT-104823,25-34,Male,DE,2025-01-14
SPOT-104824,25-34,Male,DE,2024-04-05
SPOT-104825,18-24,Male,US,2026-04-02
SPOT-104826,25-34,Female,US,2026-05-06
SPOT-104827,18-24,Male,US,2025-08-19
SPOT-104828,18-24,Female,CA,2025-11-29
SPOT-104829,25-34,Male,FR,2024-10-29
SPOT-104830,35-44,Male,BR,2026-01-29
SPOT-104831,35-44,Female,US,2026-01-03
SPOT-104832,25-34,Male,US,2024-02-16
SPOT-104833,18-24,Male,GB,2023-12-24
SPOT-104834,25-34,Male,CA,2025-03-12
SPOT-104835,18-24,Male,BR,2025-02-18
SPOT-104836,25-34,Male,AR,2024-08-01
SPOT-104837,25-34,Male,BR,2026-05-15
SPOT-104838,18-24,Female,MX,2024-06-21
SPOT-104839,18-24,Female,MX,2026-05-26
SPOT-104840,55+,Female,US,2025-02-20
SPOT-104841,55+,Male,DE,2025-09-21
SPOT-104842,25-34,Female,FR,2025-07-18
SPOT-104843,18-24,Male,BR,2024-06-05
SPOT-104844,18-24,Male,DE,2025-11-10
SPOT-104845,25-34,Male,BR,2024-09-03
SPOT-104846,45-54,Female,DE,2023-12-24
SPOT-104847,18-24,Male,BR,2024-11-27
SPOT-104848,35-44,Male,US,2023-12-31
SPOT-104849,18-24,Male,AU,2025-12-06
SPOT-104850,55+,Male,US,2024-12-31
SPOT-104851,25-34,Male,BR,2025-01-10
SPOT-104852,35-44,Male,US,2025-12-05
SPOT-104853,18-24,Male,US,2026-03-23
SPOT-104854,25-34,Male,MX,2024-06-02
SPOT-104855,18-24,Male,AU,2024-05-17
SPOT-104856,18-24,Male,ES,2025-09-17
SPOT-104857,45-54,Male,GB,2026-01-09
SPOT-104858,45-54,Female,BR,2024-04-21
SPOT-104859,45-54,Male,US,2025-01-24
SPOT-104860,25-34,Male,BR,2026-03-22
SPOT-104861,35-44,Male,US,2025-05-28
SPOT-104862,18-24,Male,AR,2026-03-25
SPOT-104863,18-24,Male,US,2026-01-18
SPOT-104864,18-24,Non-binary,US,2023-11-06
SPOT-104865,25-34,Female,FR,2023-11-24
SPOT-104866,25-34,Male,CA,2025-12-09
SPOT-104867,18-24,Female,US,2026-03-11
SPOT-104868,25-34,Male,GB,2025-08-25
SPOT-104869,35-44,Male,ES,2026-04-06
SPOT-104870,25-34,Female,BR,2025-05-25
SPOT-104871,18-24,Male,CA,2025-03-18
SPOT-104872,18-24,Male,DE,2024-04-01
SPOT-104873,18-24,Female,US,2024-04-11
SPOT-104874,18-24,Female,US,2024-04-15
SPOT-104875,25-34,Non-binary,BR,2024-10-03
SPOT-104876,25-34,Female,ES,2024-05-28
SPOT-104877,25-34,Female,AR,2026-05-28
SPOT-104878,25-34,Male,CA,2025-01-05
SPOT-104879,35-44,Male,US,2024-12-15
SPOT-104880,18-24,Female,ES,2024-10-06
SPOT-104881,25-34,Non-binary,AR,2024-12-31
SPOT-104882,35-44,Male,AR,2025-03-14
SPOT-104883,18-24,Non-binary,DE,2026-05-04
SPOT-104884,18-24,Male,MX,2024-10-19
SPOT-104885,45-54,Male,BR,2025-01-06
SPOT-104886,18-24,Male,BR,2025-11-10
SPOT-104887,25-34,Male,GB,2023-11-14
SPOT-104888,18-24,Female,MX,2025-09-19
SPOT-104889,25-34,Male,ES,2025-04-23
SPOT-104890,18-24,Female,US,2024-01-16
SPOT-104891,18-24,Female,DE,2024-11-06
SPOT-104892,25-34,Male,DE,2024-10-19
SPOT-104893,18-24,Female,ES,2025-10-03
SPOT-104894,25-34,Male,MX,2024-11-24
SPOT-104895,18-24,Female,BR,2026-05-25
SPOT-104896,18-24,Male,MX,2024-10-10
SPOT-104897,18-24,Male,GB,2024-11-30
SPOT-104898,18-24,Female,US,2026-05-12
SPOT-104899,45-54,Female,US,2024-07-22
SPOT-104900,18-24,Female,US,2025-09-18
SPOT-104901,25-34,Female,MX,2026-01-25
SPOT-104902,18-24,Female,AU,2026-05-24
SPOT-104903,18-24,Male,GB,2024-09-30
SPOT-104904,45-54,Female,CA,2024-10-11
SPOT-104905,18-24,Male,MX,2025-12-07
SPOT-104906,55+,Male,US,2023-11-26
SPOT-104907,18-24,Male,US,2024-05-16
SPOT-104908,35-44,Male,ES,2025-03-29
SPOT-104909,25-34,Male,MX,2024-07-17
SPOT-104910,45-54,Male,US,2024-06-19
SPOT-104911,25-34,Male,GB,2026-02-21
SPOT-104912,25-34,Female,FR,2023-11-30
SPOT-104913,18-24,Female,US,2024-09-13
SPOT-104914,18-24,Female,AR,2024-06-17
SPOT-104915,45-54,Male,US,2025-11-27
SPOT-104916,18-24,Female,BR,2024-12-15
SPOT-104917,25-34,Male,BR,2024-04-03
SPOT-104918,35-44,Female,BR,2024-10-26
SPOT-104919,18-24,Male,GB,2024-02-24
SPOT-104920,55+,Female,GB,2026-01-22
SPOT-104921,35-44,Male,ES,2024-05-31
SPOT-104922,25-34,Female,GB,2025-12-30
SPOT-104923,45-54,Female,MX,2025-07-25
SPOT-104924,18-24,Female,AR,2025-07-14
SPOT-104925,18-24,Male,AR,2025-07-16
SPOT-104926,25-34,Male,US,2025-01-09
SPOT-104927,18-24,Female,MX,2024-06-22
SPOT-104928,35-44,Male,MX,2025-07-25
SPOT-104929,45-54,Female,GB,2026-04-21
SPOT-104930,25-34,Male,DE,2025-04-03
SPOT-104931,18-24,Female,GB,2024-05-26
SPOT-104932,55+,Female,BR,2024-12-26
SPOT-104933,25-34,Female,AR,2026-03-04
SPOT-104934,25-34,Male,FR,2025-03-22
SPOT-104935,25-34,Male,ES,2026-03-09
SPOT-104936,45-54,Female,BR,2025-02-25
SPOT-104937,25-34,Female,AU,2024-01-10
SPOT-104938,35-44,Male,BR,2024-10-25
SPOT-104939,35-44,Male,BR,2025-08-16
SPOT-104940,18-24,Female,FR,2025-04-05
SPOT-104941,25-34,Female,US,2024-02-02
SPOT-104942,35-44,Female,US,2025-08-19
SPOT-104943,25-34,Female,AR,2025-11-03
SPOT-104944,35-44,Female,FR,2025-05-10
SPOT-104945,45-54,Male,US,2024-08-03
SPOT-104946,25-34,Male,ES,2025-10-27
SPOT-104947,35-44,Male,DE,2025-06-22
SPOT-104948,35-44,Female,ES,2026-05-23
SPOT-104949,35-44,Male,US,2026-05-05
SPOT-104950,25-34,Male,AU,2024-09-05
SPOT-104951,18-24,Male,FR,2024-09-21
SPOT-104952,25-34,Male,DE,2024-08-12
SPOT-104953,25-34,Female,FR,2026-04-21
SPOT-104954,25-34,Female,FR,2024-10-29
SPOT-104955,35-44,Female,DE,2026-01-18
SPOT-104956,25-34,Male,CA,2025-12-12
SPOT-104957,25-34,Female,AU,2025-06-01
SPOT-104958,18-24,Male,US,2024-02-20
SPOT-104959,35-44,Female,US,2025-11-25
SPOT-104960,25-34,Male,GB,2024-07-08
SPOT-104961,18-24,Male,BR,2024-10-08
SPOT-104962,18-24,Male,US,2025-04-07
SPOT-104963,35-44,Female,US,2024-01-24
SPOT-104964,25-34,Female,AU,2025-11-21
SPOT-104965,18-24,Male,ES,2024-12-23
SPOT-104966,55+,Male,FR,2024-03-24
SPOT-104967,35-44,Female,AU,2024-04-15
SPOT-104968,55+,Male,DE,2023-11-10
SPOT-104969,25-34,Male,MX,2024-01-29
SPOT-104970,25-34,Male,US,2025-12-16
SPOT-104971,45-54,Female,BR,2024-10-20
SPOT-104972,25-34,Male,US,2023-12-15
SPOT-104973,35-44,Non-binary,US,2025-03-03
SPOT-104974,18-24,Male,US,2023-12-16
SPOT-104975,25-34,Male,BR,2025-10-27
SPOT-104976,18-24,Male,CA,2024-05-18
SPOT-104977,18-24,Female,US,2025-04-08
SPOT-104978,18-24,Male,BR,2026-02-08
SPOT-104979,18-24,Female,MX,2025-01-18
SPOT-104980,55+,Male,BR,2026-05-21
SPOT-104981,18-24,Male,CA,2026-01-05
SPOT-104982,25-34,Female,US,2025-09-09
SPOT-104983,35-44,Female,US,2025-02-28
SPOT-104984,25-34,Male,DE,2026-05-20
SPOT-104985,18-24,Female,BR,2025-09-26
SPOT-104986,35-44,Female,GB,2025-04-09
SPOT-104987,25-34,Male,US,2025-05-02
SPOT-104988,35-44,Male,AR,2024-07-04
SPOT-104989,35-44,Male,US,2024-10-30
SPOT-104990,55+,Male,DE,2025-08-30
SPOT-104991,25-34,Female,AU,2025-06-15
SPOT-104992,18-24,Male,MX,2026-02-15
SPOT-104993,25-34,Male,BR,2025-11-23
SPOT-104994,18-24,Male,GB,2026-03-14
SPOT-104995,45-54,Female,BR,2024-01-26
SPOT-104996,18-24,Female,ES,2025-03-11
SPOT-104997,18-24,Male,AR,2025-03-25
SPOT-104998,35-44,Male,MX,2025-11-18
SPOT-104999,25-34,Male,AR,2025-07-06
SPOT-105000,25-34,Female,US,2026-05-09
SPOT-105001,25-34,Male,US,2024-04-01
SPOT-105002,45-54,Female,ES,2026-01-14
SPOT-105003,18-24,Male,GB,2026-05-23
SPOT-105004,45-54,Female,FR,2024-10-05
SPOT-105005,18-24,Female,BR,2025-08-03
SPOT-105006,35-44,Female,BR,2025-07-01
SPOT-105007,35-44,Male,ES,2025-05-12
SPOT-105008,18-24,Female,ES,2024-02-11
SPOT-105009,25-34,Male,ES,2025-12-08
SPOT-105010,18-24,Male,MX,2023-11-17
SPOT-105011,35-44,Female,BR,2024-11-21
SPOT-105012,25-34,Female,CA,2024-02-13
SPOT-105013,25-34,Female,FR,2024-08-14
SPOT-105014,18-24,Male,GB,2025-01-06
SPOT-105015,18-24,Female,AR,2024-10-29
SPOT-105016,18-24,Male,FR,2025-10-20
SPOT-105017,18-24,Male,MX,2024-08-27
SPOT-105018,25-34,Female,BR,2025-01-04
SPOT-105019,45-54,Male,MX,2024-10-09
SPOT-105020,25-34,Female,US,2024-01-16
SPOT-105021,25-34,Male,US,2024-05-20
SPOT-105022,55+,Male,AR,2025-03-06
SPOT-105023,35-44,Female,BR,2024-04-15
SPOT-105024,45-54,Female,US,2024-02-11
SPOT-105025,25-34,Male,DE,2024-01-10
SPOT-105026,18-24,Male,GB,2025-08-11
SPOT-105027,18-24,Female,FR,2026-02-21
SPOT-105028,35-44,Male,BR,2026-03-31
SPOT-105029,18-24,Male,BR,2024-10-19
SPOT-105030,18-24,Female,US,2024-06-09
SPOT-105031,25-34,Male,AR,2026-03-11
SPOT-105032,25-34,Non-binary,CA,2025-02-14
SPOT-105033,25-34,Female,AR,2025-07-24
SPOT-105034,18-24,Non-binary,BR,2025-10-19
SPOT-105035,25-34,Male,AR,2024-05-20
SPOT-105036,25-34,Non-binary,US,2025-09-20
SPOT-105037,55+,Male,US,2025-10-09
SPOT-105038,35-44,Male,DE,2025-01-29
SPOT-105039,45-54,Male,US,2024-08-07
SPOT-105040,35-44,Male,GB,2025-08-21
SPOT-105041,25-34,Male,BR,2024-07-23
SPOT-105042,18-24,Female,DE,2024-12-13
SPOT-105043,25-34,Male,FR,2026-05-24
SPOT-105044,25-34,Male,US,2025-06-03
SPOT-105045,25-34,Female,AU,2025-07-25
SPOT-105046,25-34,Male,GB,2024-07-28
SPOT-105047,25-34,Female,BR,2025-08-24
SPOT-105048,18-24,Female,US,2025-09-24
SPOT-105049,25-34,Female,BR,2024-11-06
SPOT-105050,18-24,Male,AU,2024-06-13
SPOT-105051,35-44,Non-binary,ES,2025-04-16
SPOT-105052,18-24,Female,US,2025-06-13
SPOT-105053,18-24,Non-binary,DE,2026-01-05
SPOT-105054,25-34,Male,DE,2025-12-16
SPOT-105055,25-34,Female,US,2025-04-14
SPOT-105056,25-34,Female,FR,2026-01-07
SPOT-105057,18-24,Male,DE,2025-01-27
SPOT-105058,25-34,Female,BR,2025-08-13
SPOT-105059,18-24,Female,GB,2023-11-18
SPOT-105060,45-54,Female,US,2026-05-30
SPOT-105061,45-54,Male,CA,2026-03-17
SPOT-105062,25-34,Female,US,2024-11-03
SPOT-105063,18-24,Male,DE,2026-02-19
SPOT-105064,35-44,Female,ES,2024-10-16
SPOT-105065,18-24,Male,GB,2026-04-16
SPOT-105066,25-34,Male,DE,2025-04-13
SPOT-105067,18-24,Male,BR,2023-12-23
SPOT-105068,45-54,Female,AU,2025-09-12
SPOT-105069,18-24,Non-binary,ES,2024-08-27
SPOT-105070,25-34,Male,AU,2024-06-21
SPOT-105071,35-44,Male,MX,2025-12-08
SPOT-105072,25-34,Male,GB,2024-06-23
SPOT-105073,18-24,Female,GB,2024-09-30
SPOT-105074,55+,Male,AR,2025-07-29
SPOT-105075,25-34,Male,DE,2023-12-21
SPOT-105076,25-34,Female,DE,2026-02-07
SPOT-105077,18-24,Male,CA,2024-11-08
SPOT-105078,25-34,Male,US,2025-03-15
SPOT-105079,25-34,Male,BR,2025-03-14
SPOT-105080,18-24,Female,ES,2025-03-01
SPOT-105081,18-24,Female,ES,2025-05-02
SPOT-105082,35-44,Female,GB,2024-01-28
SPOT-105083,18-24,Male,BR,2024-03-06
SPOT-105084,18-24,Female,US,2025-04-16
SPOT-105085,25-34,Male,BR,2025-01-16
SPOT-105086,35-44,Female,BR,2024-12-18
SPOT-105087,18-24,Female,FR,2025-08-16
SPOT-105088,25-34,Female,US,2026-03-05
SPOT-105089,18-24,Male,AR,2025-05-28
SPOT-105090,18-24,Female,ES,2024-10-15
SPOT-105091,18-24,Female,MX,2025-10-15
SPOT-105092,35-44,Male,DE,2025-06-05
SPOT-105093,18-24,Female,GB,2024-11-27
SPOT-105094,18-24,Female,ES,2024-05-13
SPOT-105095,25-34,Female,AU,2025-12-13
SPOT-105096,35-44,Female,DE,2025-08-07
SPOT-105097,18-24,Male,CA,2026-01-20
SPOT-105098,25-34,Female,BR,2024-06-30
SPOT-105099,18-24,Female,FR,2024-08-15
SPOT-105100,25-34,Male,US,2023-12-28
SPOT-105101,25-34,Male,ES,2024-09-15
SPOT-105102,25-34,Male,AR,2024-10-08
SPOT-105103,18-24,Male,AR,2025-08-10
SPOT-105104,18-24,Female,AR,2025-01-28
SPOT-105105,18-24,Male,GB,2025-02-21
SPOT-105106,25-34,Male,BR,2024-05-28
SPOT-105107,18-24,Male,GB,2025-01-28
SPOT-105108,35-44,Male,GB,2026-01-03
SPOT-105109,55+,Male,GB,2026-04-26
SPOT-105110,55+,Male,GB,2025-12-16
SPOT-105111,45-54,Male,MX,2026-05-03
SPOT-105112,25-34,Female,MX,2025-04-29
SPOT-105113,35-44,Male,US,2024-09-06
SPOT-105114,18-24,Female,MX,2023-12-17
SPOT-105115,25-34,Male,GB,2026-03-15
SPOT-105116,25-34,Male,US,2024-01-02
SPOT-105117,25-34,Male,ES,2024-08-16
SPOT-105118,35-44,Male,GB,2024-10-31
SPOT-105119,18-24,Male,BR,2026-03-26
SPOT-105120,18-24,Male,US,2025-12-03
SPOT-105121,45-54,Male,MX,2025-10-26
SPOT-105122,18-24,Female,US,2024-01-30
SPOT-105123,25-34,Male,US,2024-03-15
SPOT-105124,45-54,Female,DE,2025-11-23
SPOT-105125,25-34,Female,AR,2026-01-28
SPOT-105126,25-34,Female,US,2024-12-19
SPOT-105127,18-24,Male,US,2024-10-10
SPOT-105128,18-24,Female,US,2024-10-16
SPOT-105129,45-54,Male,DE,2025-07-20
SPOT-105130,25-34,Male,GB,2025-09-17
SPOT-105131,25-34,Male,GB,2024-04-18
SPOT-105132,18-24,Female,AU,2024-06-03
SPOT-105133,18-24,Male,US,2025-04-14
SPOT-105134,55+,Female,DE,2024-04-07
SPOT-105135,25-34,Male,AU,2024-09-10
SPOT-105136,25-34,Female,US,2024-06-12
SPOT-105137,18-24,Female,MX,2025-07-17
SPOT-105138,25-34,Female,DE,2024-03-04
SPOT-105139,45-54,Female,CA,2024-04-13
SPOT-105140,25-34,Female,CA,2024-11-09
SPOT-105141,18-24,Female,DE,2025-11-30
SPOT-105142,25-34,Male,US,2023-11-07
SPOT-105143,35-44,Male,DE,2026-05-22
SPOT-105144,25-34,Female,AU,2024-05-28
SPOT-105145,45-54,Male,GB,2026-03-07
SPOT-105146,25-34,Female,AU,2026-02-25
SPOT-105147,45-54,Male,AR,2025-04-21
SPOT-105148,25-34,Female,GB,2023-11-08
SPOT-105149,18-24,Male,AR,2025-05-06
SPOT-105150,18-24,Male,US,2024-07-15
SPOT-105151,18-24,Male,BR,2026-03-27
SPOT-105152,45-54,Female,GB,2024-08-07
SPOT-105153,35-44,Male,DE,2024-01-17
SPOT-105154,25-34,Female,BR,2024-08-08
SPOT-105155,18-24,Female,BR,2024-04-03
SPOT-105156,18-24,Female,MX,2025-06-09
SPOT-105157,35-44,Male,MX,2025-07-20
SPOT-105158,25-34,Male,AU,2026-03-16
SPOT-105159,18-24,Male,ES,2025-06-23
SPOT-105160,25-34,Male,MX,2024-07-02
SPOT-105161,18-24,Female,DE,2026-02-03
SPOT-105162,18-24,Female,US,2024-01-10
SPOT-105163,25-34,Male,US,2025-09-10
SPOT-105164,18-24,Female,BR,2026-05-24
SPOT-105165,55+,Female,MX,2024-10-29
SPOT-105166,18-24,Female,MX,2025-10-02
SPOT-105167,18-24,Female,AU,2025-07-13
SPOT-105168,18-24,Female,DE,2025-07-22
SPOT-105169,35-44,Male,MX,2024-01-24
SPOT-105170,25-34,Female,FR,2025-02-20
SPOT-105171,25-34,Female,DE,2024-02-21
SPOT-105172,18-24,Female,BR,2025-02-18
SPOT-105173,18-24,Male,CA,2024-02-29
SPOT-105174,25-34,Male,BR,2024-09-18
SPOT-105175,35-44,Male,AR,2025-10-31
SPOT-105176,45-54,Male,CA,2025-02-14
SPOT-105177,18-24,Female,BR,2024-12-24
SPOT-105178,25-34,Female,US,2024-03-21
SPOT-105179,45-54,Male,AR,2025-09-21
SPOT-105180,25-34,Male,AR,2025-07-20
SPOT-105181,35-44,Female,US,2025-09-20
SPOT-105182,18-24,Male,BR,2024-02-10
SPOT-105183,45-54,Male,BR,2024-12-23
SPOT-105184,35-44,Female,AR,2024-03-08
SPOT-105185,45-54,Male,GB,2024-02-06
SPOT-105186,25-34,Male,DE,2023-12-05
SPOT-105187,25-34,Male,MX,2025-12-13
SPOT-105188,45-54,Female,BR,2024-02-08
SPOT-105189,18-24,Female,AU,2024-08-30
SPOT-105190,18-24,Male,AU,2025-05-24
SPOT-105191,35-44,Male,US,2025-02-28
SPOT-105192,35-44,Female,GB,2024-11-05
SPOT-105193,45-54,Female,US,2025-08-27
SPOT-105194,18-24,Female,DE,2024-04-26
SPOT-105195,35-44,Female,MX,2025-01-05
SPOT-105196,35-44,Female,BR,2024-10-17
SPOT-105197,18-24,Female,US,2023-12-16
SPOT-105198,25-34,Female,US,2024-10-07
SPOT-105199,18-24,Female,US,2024-06-04
SPOT-105200,18-24,Female,BR,2025-06-07
SPOT-105201,55+,Male,MX,2025-04-05
SPOT-105202,25-34,Female,GB,2024-12-31
SPOT-105203,35-44,Female,US,2025-01-26
SPOT-105204,55+,Female,AR,2025-01-15
SPOT-105205,25-34,Male,FR,2025-02-28
SPOT-105206,35-44,Female,GB,2024-11-07
SPOT-105207,25-34,Female,DE,2025-04-01
SPOT-105208,45-54,Male,US,2025-01-16
SPOT-105209,18-24,Female,US,2026-02-14
SPOT-105210,45-54,Female,ES,2025-02-21
SPOT-105211,18-24,Male,GB,2025-03-08
SPOT-105212,18-24,Male,MX,2026-01-24
SPOT-105213,35-44,Female,CA,2025-02-16
SPOT-105214,25-34,Female,ES,2026-04-19
SPOT-105215,25-34,Male,DE,2025-05-04
SPOT-105216,25-34,Male,GB,2025-02-16
SPOT-105217,35-44,Male,US,2025-09-25
SPOT-105218,18-24,Male,ES,2023-11-11
SPOT-105219,18-24,Male,US,2025-11-14
SPOT-105220,18-24,Female,US,2026-01-31
SPOT-105221,25-34,Female,US,2024-12-31
SPOT-105222,18-24,Female,US,2026-05-05
SPOT-105223,25-34,Male,MX,2025-02-05
SPOT-105224,25-34,Male,FR,2024-02-22
SPOT-105225,18-24,Male,AU,2024-08-08
SPOT-105226,25-34,Female,ES,2025-07-15
SPOT-105227,45-54,Female,US,2025-09-19
SPOT-105228,18-24,Female,GB,2024-10-02
SPOT-105229,25-34,Male,US,2025-05-27
SPOT-105230,25-34,Female,US,2025-03-30
SPOT-105231,25-34,Female,BR,2024-05-26
SPOT-105232,35-44,Female,CA,2025-08-08
SPOT-105233,25-34,Female,MX,2023-12-10
SPOT-105234,25-34,Female,AR,2024-10-20
SPOT-105235,18-24,Male,BR,2024-10-24
SPOT-105236,25-34,Female,BR,2025-01-09
SPOT-105237,25-34,Male,CA,2023-12-20
SPOT-105238,18-24,Male,ES,2023-11-17
SPOT-105239,25-34,Male,DE,2025-03-15
SPOT-105240,55+,Female,GB,2026-04-26
SPOT-105241,25-34,Male,US,2024-08-12
SPOT-105242,25-34,Female,AR,2025-06-16
SPOT-105243,45-54,Female,US,2025-03-04
SPOT-105244,35-44,Female,BR,2024-05-09
SPOT-105245,25-34,Female,MX,2024-03-04
SPOT-105246,35-44,Female,ES,2024-11-13
SPOT-105247,45-54,Male,US,2026-05-17
SPOT-105248,25-34,Male,US,2024-09-29
SPOT-105249,25-34,Female,ES,2025-05-13
SPOT-105250,25-34,Male,DE,2025-01-23
SPOT-105251,55+,Male,US,2025-01-19
SPOT-105252,25-34,Female,AU,2024-10-01
SPOT-105253,18-24,Female,AR,2026-01-15
SPOT-105254,45-54,Female,BR,2024-10-21
SPOT-105255,25-34,Female,ES,2025-02-22
SPOT-105256,18-24,Female,US,2024-04-16
SPOT-105257,25-34,Male,AU,2025-08-28
SPOT-105258,25-34,Male,AU,2025-06-24
SPOT-105259,45-54,Female,MX,2026-04-20
SPOT-105260,18-24,Male,MX,2024-06-18
SPOT-105261,35-44,Male,ES,2025-09-29
SPOT-105262,25-34,Female,MX,2024-01-12
SPOT-105263,18-24,Male,DE,2025-03-20
SPOT-105264,55+,Male,BR,2023-11-22
SPOT-105265,25-34,Male,GB,2024-03-30
SPOT-105266,18-24,Male,DE,2025-12-09
SPOT-105267,25-34,Male,DE,2023-12-30
SPOT-105268,45-54,Female,GB,2026-04-27
SPOT-105269,18-24,Female,AR,2024-11-04
SPOT-105270,18-24,Male,DE,2025-08-04
SPOT-105271,18-24,Male,BR,2025-01-24
SPOT-105272,18-24,Male,US,2024-03-08
SPOT-105273,35-44,Female,BR,2024-02-20
SPOT-105274,25-34,Male,ES,2024-11-23
SPOT-105275,18-24,Non-binary,DE,2026-04-06
SPOT-105276,18-24,Male,BR,2024-01-10
SPOT-105277,18-24,Female,ES,2026-03-30
SPOT-105278,45-54,Male,DE,2025-05-17
SPOT-105279,18-24,Male,GB,2025-07-14
SPOT-105280,55+,Male,US,2025-10-06
SPOT-105281,25-34,Female,BR,2024-09-17
SPOT-105282,18-24,Male,ES,2025-09-17
SPOT-105283,45-54,Male,BR,2024-10-09
SPOT-105284,25-34,Female,GB,2025-10-04
SPOT-105285,35-44,Male,GB,2025-07-11
SPOT-105286,55+,Male,US,2024-01-31
SPOT-105287,18-24,Female,US,2025-09-10
SPOT-105288,18-24,Female,DE,2025-09-10
SPOT-105289,35-44,Female,US,2024-03-18
SPOT-105290,18-24,Male,MX,2024-11-03
SPOT-105291,18-24,Male,AU,2025-05-30
SPOT-105292,18-24,Male,US,2025-07-24
SPOT-105293,18-24,Female,FR,2025-10-02
SPOT-105294,35-44,Female,MX,2025-08-14
SPOT-105295,18-24,Non-binary,FR,2023-12-20
SPOT-105296,25-34,Male,US,2025-07-07
SPOT-105297,25-34,Female,CA,2024-03-23
SPOT-105298,25-34,Male,AU,2023-12-25
SPOT-105299,18-24,Male,CA,2023-12-10
SPOT-105300,35-44,Female,AR,2026-03-17
SPOT-105301,18-24,Male,US,2025-08-13
SPOT-105302,35-44,Male,US,2025-01-11
SPOT-105303,45-54,Male,CA,2025-07-21
SPOT-105304,25-34,Female,US,2025-03-10
SPOT-105305,25-34,Male,GB,2026-02-20
SPOT-105306,25-34,Male,US,2024-10-25
SPOT-105307,25-34,Non-binary,MX,2026-05-05
SPOT-105308,45-54,Male,BR,2024-07-13
SPOT-105309,45-54,Male,AU,2025-07-17
SPOT-105310,18-24,Female,FR,2025-06-04
SPOT-105311,25-34,Female,BR,2025-09-27
SPOT-105312,45-54,Male,MX,2025-09-22
SPOT-105313,55+,Female,DE,2024-04-22
SPOT-105314,25-34,Male,US,2026-02-26
SPOT-105315,25-34,Female,FR,2024-05-14
SPOT-105316,18-24,Male,BR,2024-08-08
SPOT-105317,55+,Male,DE,2024-07-22
SPOT-105318,18-24,Male,US,2026-05-12
SPOT-105319,25-34,Female,MX,2024-12-28
SPOT-105320,18-24,Female,DE,2024-11-24
SPOT-105321,18-24,Female,GB,2024-07-03
SPOT-105322,25-34,Female,FR,2025-12-31
SPOT-105323,55+,Male,US,2025-05-01
SPOT-105324,18-24,Male,BR,2026-01-14
SPOT-105325,25-34,Female,AR,2026-05-14
SPOT-105326,18-24,Female,AR,2025-02-06
SPOT-105327,18-24,Non-binary,AR,2025-08-16
SPOT-105328,25-34,Male,FR,2025-06-03
SPOT-105329,25-34,Male,US,2025-11-01
SPOT-105330,18-24,Male,CA,2024-11-05
SPOT-105331,18-24,Male,US,2025-02-02
SPOT-105332,18-24,Male,GB,2024-08-15
SPOT-105333,18-24,Male,US,2025-04-17
SPOT-105334,55+,Female,CA,2025-10-31
SPOT-105335,45-54,Male,DE,2024-02-06
SPOT-105336,18-24,Male,GB,2024-10-12
SPOT-105337,25-34,Female,US,2023-11-13
SPOT-105338,45-54,Male,US,2025-10-04
SPOT-105339,18-24,Female,MX,2025-02-04
SPOT-105340,35-44,Male,US,2025-08-28
SPOT-105341,45-54,Female,BR,2024-05-29
SPOT-105342,18-24,Female,ES,2026-01-11
SPOT-105343,18-24,Female,MX,2023-12-07
SPOT-105344,55+,Female,AR,2023-12-06
SPOT-105345,25-34,Male,GB,2023-12-11
SPOT-105346,18-24,Male,US,2026-01-18
SPOT-105347,18-24,Female,ES,2025-02-26
SPOT-105348,25-34,Female,AR,2026-02-06
SPOT-105349,25-34,Female,BR,2024-10-28
SPOT-105350,35-44,Male,AR,2024-02-19
SPOT-105351,55+,Female,DE,2025-06-12
SPOT-105352,18-24,Female,US,2026-05-11
SPOT-105353,25-34,Female,BR,2026-03-14
SPOT-105354,25-34,Male,US,2024-03-16
SPOT-105355,25-34,Non-binary,BR,2026-03-06
SPOT-105356,18-24,Male,US,2024-01-30
SPOT-105357,55+,Male,US,2025-03-01
SPOT-105358,45-54,Female,FR,2024-03-25
SPOT-105359,25-34,Male,US,2023-12-31
SPOT-105360,25-34,Female,US,2024-06-28
SPOT-105361,18-24,Male,AU,2024-12-11
SPOT-105362,25-34,Male,BR,2024-06-03
SPOT-105363,25-34,Male,BR,2024-02-22
SPOT-105364,25-34,Male,AR,2024-10-26
SPOT-105365,55+,Male,BR,2025-02-10
SPOT-105366,25-34,Male,US,2025-07-15
SPOT-105367,25-34,Female,DE,2024-01-10
SPOT-105368,35-44,Female,ES,2025-02-09
SPOT-105369,18-24,Female,FR,2024-07-10
SPOT-105370,25-34,Female,GB,2024-12-28
SPOT-105371,18-24,Male,GB,2026-04-13
SPOT-105372,25-34,Female,GB,2024-07-31
SPOT-105373,35-44,Female,BR,2025-11-22
SPOT-105374,25-34,Male,GB,2024-11-22
SPOT-105375,35-44,Female,FR,2024-06-21
SPOT-105376,25-34,Male,AU,2026-02-20
SPOT-105377,18-24,Female,MX,2024-08-22
SPOT-105378,35-44,Male,AU,2024-01-29
SPOT-105379,18-24,Male,GB,2025-10-10
SPOT-105380,18-24,Male,AR,2025-06-29
SPOT-105381,25-34,Male,MX,2025-11-25
SPOT-105382,18-24,Female,GB,2026-02-06
SPOT-105383,18-24,Non-binary,GB,2026-03-24
SPOT-105384,25-34,Male,BR,2024-03-03
SPOT-105385,25-34,Male,AR,2024-06-10
SPOT-105386,25-34,Male,FR,2023-11-11
SPOT-105387,55+,Female,MX,2024-03-28
SPOT-105388,25-34,Male,ES,2025-09-04
SPOT-105389,45-54,Female,GB,2025-10-15
SPOT-105390,18-24,Female,ES,2023-11-06
SPOT-105391,25-34,Female,MX,2025-03-09
SPOT-105392,45-54,Female,US,2024-06-24
SPOT-105393,25-34,Female,AU,2025-03-06
SPOT-105394,35-44,Female,BR,2024-04-09
SPOT-105395,25-34,Female,AR,2024-06-12
SPOT-105396,18-24,Female,BR,2024-11-26
SPOT-105397,25-34,Female,CA,2026-02-27
SPOT-105398,25-34,Female,US,2025-01-16
SPOT-105399,45-54,Female,BR,2024-05-05
SPOT-105400,18-24,Female,US,2025-08-11
SPOT-105401,55+,Female,US,2025-09-06
SPOT-105402,55+,Male,GB,2024-07-31
SPOT-105403,18-24,Male,BR,2025-04-02
SPOT-105404,18-24,Female,AR,2025-02-27
SPOT-105405,45-54,Male,DE,2024-08-09
SPOT-105406,55+,Male,BR,2026-04-04
SPOT-105407,25-34,Male,CA,2026-05-22
SPOT-105408,18-24,Female,ES,2024-10-13
SPOT-105409,25-34,Female,US,2024-09-12
SPOT-105410,25-34,Male,US,2026-04-06
SPOT-105411,18-24,Male,US,2024-04-04
SPOT-105412,35-44,Female,US,2024-06-29
SPOT-105413,18-24,Female,GB,2025-07-08
SPOT-105414,18-24,Male,ES,2025-05-03
SPOT-105415,25-34,Male,US,2025-06-12
SPOT-105416,25-34,Female,DE,2025-02-12
SPOT-105417,18-24,Female,DE,2024-01-30
SPOT-105418,25-34,Female,BR,2024-04-02
SPOT-105419,18-24,Female,FR,2025-03-04
SPOT-105420,18-24,Female,AU,2024-12-18
SPOT-105421,18-24,Male,MX,2024-08-29
SPOT-105422,55+,Male,BR,2024-06-22
SPOT-105423,25-34,Female,MX,2024-12-15
SPOT-105424,25-34,Female,MX,2025-03-17
SPOT-105425,25-34,Female,BR,2025-06-13
SPOT-105426,55+,Female,ES,2024-12-05
SPOT-105427,18-24,Female,BR,2025-05-28
SPOT-105428,25-34,Female,AU,2026-04-18
SPOT-105429,35-44,Male,US,2026-04-29
SPOT-105430,25-34,Male,DE,2026-05-12
SPOT-105431,18-24,Female,DE,2026-04-30
SPOT-105432,25-34,Male,ES,2026-04-28
SPOT-105433,18-24,Male,US,2026-02-22
SPOT-105434,25-34,Female,DE,2025-02-02
SPOT-105435,35-44,Female,MX,2025-12-31
SPOT-105436,18-24,Male,MX,2026-04-23
SPOT-105437,35-44,Female,BR,2024-12-28
SPOT-105438,18-24,Male,DE,2025-06-11
SPOT-105439,35-44,Male,ES,2024-09-15
SPOT-105440,25-34,Female,MX,2025-05-08
SPOT-105441,18-24,Female,FR,2026-04-22
SPOT-105442,18-24,Male,ES,2026-01-15
SPOT-105443,55+,Male,US,2025-02-23
SPOT-105444,18-24,Male,MX,2026-03-23
SPOT-105445,18-24,Non-binary,US,2024-10-28
SPOT-105446,18-24,Female,DE,2026-02-13
SPOT-105447,25-34,Male,DE,2024-09-22
SPOT-105448,25-34,Male,FR,2024-04-29
SPOT-105449,18-24,Female,US,2026-03-23
SPOT-105450,18-24,Female,MX,2024-05-27
SPOT-105451,18-24,Female,US,2024-08-26
SPOT-105452,18-24,Male,CA,2026-04-18
SPOT-105453,25-34,Non-binary,BR,2025-05-10
SPOT-105454,35-44,Male,ES,2024-10-19
SPOT-105455,18-24,Male,MX,2026-02-11
SPOT-105456,25-34,Male,GB,2025-09-06
SPOT-105457,25-34,Female,CA,2026-04-30
SPOT-105458,55+,Female,MX,2024-11-10
SPOT-105459,55+,Female,BR,2024-03-07
SPOT-105460,35-44,Female,BR,2025-10-29
SPOT-105461,18-24,Male,FR,2024-01-31
SPOT-105462,18-24,Male,US,2024-06-26
SPOT-105463,18-24,Female,DE,2024-09-24
SPOT-105464,18-24,Female,AR,2023-12-21
SPOT-105465,25-34,Female,US,2025-02-22
SPOT-105466,35-44,Male,MX,2025-03-20
SPOT-105467,45-54,Male,DE,2025-04-25
SPOT-105468,35-44,Male,US,2025-09-07
SPOT-105469,25-34,Female,MX,2026-01-28
SPOT-105470,25-34,Female,AR,2025-10-12
SPOT-105471,18-24,Male,DE,2024-10-14
SPOT-105472,18-24,Male,US,2024-01-24
SPOT-105473,35-44,Male,GB,2025-01-20
SPOT-105474,18-24,Male,AU,2025-11-14
SPOT-105475,25-34,Female,US,2024-09-25
SPOT-105476,18-24,Female,US,2024-01-31
SPOT-105477,25-34,Female,AU,2025-10-23
SPOT-105478,35-44,Male,FR,2026-04-19
SPOT-105479,18-24,Female,ES,2024-08-01
SPOT-105480,35-44,Female,US,2025-03-06
SPOT-105481,18-24,Male,US,2024-07-22
SPOT-105482,25-34,Female,US,2024-11-22
SPOT-105483,35-44,Female,MX,2025-09-18
SPOT-105484,25-34,Male,DE,2024-09-05
SPOT-105485,55+,Female,US,2023-12-13
SPOT-105486,18-24,Female,GB,2026-01-14
SPOT-105487,25-34,Female,FR,2025-07-18
SPOT-105488,25-34,Male,AR,2026-04-21
SPOT-105489,45-54,Male,MX,2026-04-13
SPOT-105490,18-24,Male,US,2024-02-03
SPOT-105491,35-44,Female,FR,2025-06-01
SPOT-105492,25-34,Male,BR,2024-04-06
SPOT-105493,18-24,Female,BR,2025-05-02
SPOT-105494,25-34,Female,CA,2025-10-17
SPOT-105495,18-24,Male,US,2025-04-19
SPOT-105496,25-34,Female,BR,2025-10-21
SPOT-105497,45-54,Male,AR,2024-02-28
SPOT-105498,25-34,Male,US,2025-04-23
SPOT-105499,25-34,Male,GB,2025-07-23
SPOT-105500,25-34,Female,AU,2025-11-12
SPOT-105501,18-24,Female,US,2023-12-05
SPOT-105502,18-24,Male,BR,2024-07-18
SPOT-105503,25-34,Female,ES,2025-08-04
SPOT-105504,18-24,Female,DE,2024-10-17
SPOT-105505,18-24,Male,DE,2026-05-03
SPOT-105506,25-34,Male,US,2024-01-06
SPOT-105507,18-24,Male,US,2025-06-14
SPOT-105508,18-24,Female,FR,2025-04-16
SPOT-105509,25-34,Female,AR,2026-04-23
SPOT-105510,18-24,Male,GB,2025-11-06
SPOT-105511,45-54,Male,DE,2025-09-02
SPOT-105512,45-54,Male,DE,2026-02-27
SPOT-105513,35-44,Male,GB,2026-05-24
SPOT-105514,18-24,Female,MX,2024-04-17
SPOT-105515,35-44,Male,US,2025-05-27
SPOT-105516,35-44,Female,FR,2024-08-05
SPOT-105517,35-44,Female,GB,2024-03-31
SPOT-105518,18-24,Male,FR,2025-09-27
SPOT-105519,25-34,Male,DE,2024-10-14
SPOT-105520,35-44,Male,ES,2026-05-05
SPOT-105521,25-34,Male,AR,2026-05-14
SPOT-105522,25-34,Female,GB,2025-07-09
SPOT-105523,25-34,Female,MX,2025-03-08
SPOT-105524,25-34,Female,MX,2026-01-11
SPOT-105525,18-24,Male,BR,2025-12-05
SPOT-105526,25-34,Male,DE,2025-10-31
SPOT-105527,18-24,Male,GB,2024-09-23
SPOT-105528,25-34,Female,GB,2025-06-06
SPOT-105529,18-24,Male,BR,2025-07-02
SPOT-105530,25-34,Female,US,2026-01-25
SPOT-105531,18-24,Female,CA,2025-04-26
SPOT-105532,25-34,Male,MX,2025-04-19
SPOT-105533,35-44,Female,DE,2025-07-23
SPOT-105534,18-24,Female,US,2025-01-03
SPOT-105535,18-24,Male,MX,2024-02-24
SPOT-105536,18-24,Male,US,2025-10-26
SPOT-105537,45-54,Male,MX,2024-07-06
SPOT-105538,25-34,Female,US,2025-01-22
SPOT-105539,25-34,Male,MX,2023-12-22
SPOT-105540,18-24,Female,DE,2025-11-27
SPOT-105541,25-34,Female,MX,2025-08-16
SPOT-105542,45-54,Female,US,2024-07-28
SPOT-105543,35-44,Male,US,2025-06-04
SPOT-105544,25-34,Female,US,2025-04-05
SPOT-105545,18-24,Male,DE,2023-11-29
SPOT-105546,18-24,Male,GB,2024-09-28
SPOT-105547,18-24,Female,US,2025-12-30
SPOT-105548,18-24,Male,GB,2025-12-10
SPOT-105549,18-24,Female,ES,2024-01-13
SPOT-105550,18-24,Male,BR,2024-04-13
SPOT-105551,25-34,Non-binary,AU,2025-07-28
SPOT-105552,45-54,Female,DE,2025-09-14
SPOT-105553,25-34,Female,GB,2023-11-19
SPOT-105554,35-44,Male,MX,2024-10-12
SPOT-105555,35-44,Female,DE,2025-12-24
SPOT-105556,18-24,Female,MX,2024-08-23
SPOT-105557,35-44,Female,CA,2024-02-17
SPOT-105558,18-24,Male,BR,2025-01-15
SPOT-105559,25-34,Male,BR,2023-11-06
SPOT-105560,18-24,Male,ES,2025-11-29
SPOT-105561,55+,Male,ES,2025-01-26
SPOT-105562,18-24,Male,BR,2026-04-26
SPOT-105563,18-24,Female,US,2024-05-12
SPOT-105564,45-54,Male,AU,2024-03-13
SPOT-105565,18-24,Male,DE,2024-02-18
SPOT-105566,25-34,Female,GB,2024-12-06
SPOT-105567,35-44,Male,AU,2023-12-17
SPOT-105568,35-44,Female,FR,2024-05-26
SPOT-105569,55+,Female,GB,2024-09-23
SPOT-105570,55+,Female,GB,2026-04-05
SPOT-105571,18-24,Female,ES,2023-12-08
SPOT-105572,35-44,Female,GB,2024-09-29
SPOT-105573,25-34,Male,GB,2024-01-06
SPOT-105574,25-34,Female,AU,2025-12-11
SPOT-105575,18-24,Female,BR,2023-11-18
SPOT-105576,25-34,Male,ES,2023-11-19
SPOT-105577,55+,Male,ES,2024-08-19
SPOT-105578,45-54,Female,ES,2025-08-02
SPOT-105579,25-34,Female,CA,2025-06-21
SPOT-105580,18-24,Male,BR,2024-05-05
SPOT-105581,25-34,Female,ES,2026-03-26
SPOT-105582,35-44,Female,AR,2025-01-29
SPOT-105583,35-44,Female,CA,2025-01-29
SPOT-105584,25-34,Female,ES,2024-11-04
SPOT-105585,18-24,Male,FR,2025-12-31
SPOT-105586,25-34,Female,US,2024-11-19
SPOT-105587,25-34,Female,US,2024-06-10
SPOT-105588,45-54,Female,US,2025-01-17
SPOT-105589,25-34,Female,US,2023-11-27
SPOT-105590,18-24,Male,US,2025-10-10
SPOT-105591,25-34,Male,US,2025-10-26
SPOT-105592,18-24,Male,AU,2025-11-21
SPOT-105593,55+,Female,GB,2025-09-17
SPOT-105594,25-34,Female,BR,2025-01-24
SPOT-105595,25-34,Female,AR,2025-02-04
SPOT-105596,25-34,Female,US,2026-01-05
SPOT-105597,25-34,Female,GB,2025-03-30
SPOT-105598,25-34,Male,US,2025-06-03
SPOT-105599,35-44,Male,US,2025-12-18
SPOT-105600,18-24,Male,AU,2024-02-08
SPOT-105601,18-24,Female,FR,2024-11-30
SPOT-105602,18-24,Female,FR,2026-05-06
SPOT-105603,25-34,Male,FR,2025-03-07
SPOT-105604,18-24,Male,US,2024-03-12
SPOT-105605,25-34,Female,AR,2024-09-27
SPOT-105606,45-54,Female,ES,2026-04-02
SPOT-105607,45-54,Female,CA,2025-01-10
SPOT-105608,25-34,Male,US,2024-04-09
SPOT-105609,25-34,Male,DE,2025-12-17
SPOT-105610,18-24,Female,GB,2025-10-15
SPOT-105611,25-34,Male,GB,2024-09-19
SPOT-105612,35-44,Male,MX,2026-04-29
SPOT-105613,18-24,Female,US,2024-06-11
SPOT-105614,25-34,Non-binary,DE,2024-07-06
SPOT-105615,35-44,Female,MX,2025-11-02
SPOT-105616,45-54,Female,US,2025-08-26
SPOT-105617,18-24,Male,GB,2025-01-08
SPOT-105618,25-34,Male,AU,2025-02-09
SPOT-105619,18-24,Male,AR,2025-09-05
SPOT-105620,18-24,Female,MX,2024-01-06
SPOT-105621,45-54,Male,FR,2024-05-03
SPOT-105622,35-44,Female,US,2024-08-13
SPOT-105623,35-44,Male,US,2025-12-06
SPOT-105624,18-24,Female,US,2026-01-13
SPOT-105625,35-44,Female,BR,2026-02-27
SPOT-105626,25-34,Female,BR,2025-06-17
SPOT-105627,18-24,Male,US,2024-06-15
SPOT-105628,25-34,Female,US,2026-05-09
SPOT-105629,18-24,Male,AR,2024-04-26
SPOT-105630,35-44,Female,DE,2024-06-10
SPOT-105631,25-34,Female,AU,2026-01-03
SPOT-105632,18-24,Male,US,2024-06-10
SPOT-105633,18-24,Female,MX,2026-03-14
SPOT-105634,18-24,Female,AR,2024-02-27
SPOT-105635,18-24,Female,FR,2025-01-27
SPOT-105636,25-34,Female,GB,2023-12-04
SPOT-105637,35-44,Male,US,2024-01-21
SPOT-105638,18-24,Male,US,2025-02-09
SPOT-105639,18-24,Male,MX,2025-07-31
SPOT-105640,25-34,Non-binary,BR,2025-05-26
SPOT-105641,35-44,Male,BR,2024-09-20
SPOT-105642,18-24,Female,US,2026-01-16
SPOT-105643,18-24,Female,DE,2025-03-04
SPOT-105644,25-34,Female,GB,2025-03-21
SPOT-105645,18-24,Male,FR,2025-05-21
SPOT-105646,18-24,Male,ES,2024-03-12
SPOT-105647,35-44,Male,DE,2025-08-26
SPOT-105648,25-34,Male,MX,2025-11-29
SPOT-105649,25-34,Male,US,2024-10-08
SPOT-105650,35-44,Male,MX,2026-03-31
SPOT-105651,25-34,Female,US,2024-07-19
SPOT-105652,18-24,Male,ES,2024-08-08
SPOT-105653,25-34,Male,BR,2024-05-10
SPOT-105654,18-24,Male,GB,2024-03-06
SPOT-105655,18-24,Male,DE,2025-07-19
SPOT-105656,25-34,Male,US,2024-08-08
SPOT-105657,45-54,Male,GB,2024-03-09
SPOT-105658,55+,Female,AU,2024-12-18
SPOT-105659,25-34,Male,BR,2024-12-06
SPOT-105660,18-24,Female,BR,2024-07-29
SPOT-105661,18-24,Male,MX,2026-04-12
SPOT-105662,35-44,Female,BR,2025-09-21
SPOT-105663,25-34,Female,GB,2026-04-26
SPOT-105664,25-34,Female,US,2024-04-12
SPOT-105665,35-44,Female,MX,2026-01-02
SPOT-105666,35-44,Male,ES,2025-02-05
SPOT-105667,35-44,Male,CA,2023-12-31
SPOT-105668,18-24,Male,US,2025-11-15
SPOT-105669,35-44,Male,US,2025-09-12
SPOT-105670,45-54,Male,FR,2026-01-20
SPOT-105671,18-24,Female,MX,2024-05-18
SPOT-105672,25-34,Male,AU,2024-01-04
SPOT-105673,18-24,Male,DE,2025-12-14
SPOT-105674,55+,Male,DE,2025-01-20
SPOT-105675,18-24,Female,GB,2024-03-02
SPOT-105676,25-34,Non-binary,US,2025-02-27
SPOT-105677,18-24,Female,DE,2025-04-18
SPOT-105678,35-44,Male,US,2024-04-02
SPOT-105679,18-24,Male,BR,2024-01-25
SPOT-105680,18-24,Female,AR,2024-11-01
SPOT-105681,25-34,Male,GB,2026-05-28
SPOT-105682,45-54,Female,US,2024-11-02
SPOT-105683,18-24,Male,AU,2026-01-10
SPOT-105684,18-24,Male,US,2025-03-19
SPOT-105685,35-44,Non-binary,BR,2026-04-02
SPOT-105686,25-34,Female,AR,2024-05-19
SPOT-105687,45-54,Female,GB,2024-06-08
SPOT-105688,18-24,Male,AR,2025-03-11
SPOT-105689,25-34,Female,BR,2026-01-08
SPOT-105690,18-24,Male,GB,2025-09-25
SPOT-105691,18-24,Male,FR,2026-02-10
SPOT-105692,25-34,Male,MX,2024-10-19
SPOT-105693,25-34,Female,MX,2025-04-07
SPOT-105694,35-44,Female,BR,2024-08-14
SPOT-105695,18-24,Male,GB,2024-04-12
SPOT-105696,25-34,Female,GB,2025-01-22
SPOT-105697,25-34,Male,US,2024-08-06
SPOT-105698,55+,Male,US,2024-10-29
SPOT-105699,18-24,Female,GB,2024-04-15
SPOT-105700,18-24,Female,US,2026-06-01
SPOT-105701,25-34,Female,US,2025-08-26
SPOT-105702,25-34,Female,GB,2024-05-02
SPOT-105703,18-24,Male,MX,2025-03-09
SPOT-105704,45-54,Non-binary,US,2025-09-26
SPOT-105705,18-24,Female,BR,2025-03-15
SPOT-105706,45-54,Male,BR,2024-07-23
SPOT-105707,18-24,Female,AR,2023-11-20
SPOT-105708,25-34,Female,MX,2026-05-25
SPOT-105709,45-54,Male,CA,2025-04-15
SPOT-105710,18-24,Non-binary,MX,2025-01-29
SPOT-105711,55+,Male,US,2025-04-24
SPOT-105712,25-34,Female,DE,2024-01-31
SPOT-105713,45-54,Male,MX,2025-08-06
SPOT-105714,25-34,Female,BR,2026-01-14
SPOT-105715,18-24,Female,DE,2024-11-26
SPOT-105716,18-24,Male,MX,2026-01-30
SPOT-105717,18-24,Male,GB,2024-07-10
SPOT-105718,18-24,Female,CA,2024-08-02
SPOT-105719,18-24,Female,DE,2025-08-05
SPOT-105720,18-24,Female,MX,2024-10-29
SPOT-105721,25-34,Male,AU,2025-06-21
SPOT-105722,35-44,Male,AR,2024-05-26
SPOT-105723,18-24,Female,BR,2026-04-04
SPOT-105724,18-24,Female,FR,2024-09-08
SPOT-105725,25-34,Male,BR,2024-11-13
SPOT-105726,18-24,Female,DE,2025-07-28
SPOT-105727,18-24,Male,FR,2023-11-20
SPOT-105728,18-24,Male,US,2024-02-07
SPOT-105729,45-54,Female,DE,2025-09-21
SPOT-105730,35-44,Male,GB,2026-04-05
SPOT-105731,25-34,Male,ES,2024-12-02
SPOT-105732,25-34,Female,US,2026-04-06
SPOT-105733,25-34,Female,MX,2024-02-29
SPOT-105734,25-34,Female,GB,2026-02-16
SPOT-105735,25-34,Female,US,2024-10-06
SPOT-105736,25-34,Female,AU,2025-05-08
SPOT-105737,18-24,Male,US,2024-03-05
SPOT-105738,18-24,Male,GB,2025-07-31
SPOT-105739,25-34,Female,US,2024-10-06
SPOT-105740,45-54,Male,MX,2024-12-24
SPOT-105741,25-34,Female,AR,2024-06-19
SPOT-105742,35-44,Female,FR,2025-04-21
SPOT-105743,55+,Male,GB,2023-11-12
SPOT-105744,18-24,Female,BR,2025-09-18
SPOT-105745,25-34,Female,MX,2024-06-22
SPOT-105746,25-34,Male,MX,2026-02-03
SPOT-105747,55+,Male,ES,2025-05-26
SPOT-105748,55+,Female,ES,2025-08-16
SPOT-105749,25-34,Male,US,2024-06-01
SPOT-105750,18-24,Male,US,2024-07-23
SPOT-105751,35-44,Male,ES,2024-07-13
SPOT-105752,18-24,Male,BR,2025-12-31
SPOT-105753,35-44,Female,DE,2025-06-16
SPOT-105754,45-54,Female,DE,2026-01-11
SPOT-105755,25-34,Female,DE,2025-06-05
SPOT-105756,25-34,Female,BR,2024-06-06
SPOT-105757,25-34,Non-binary,GB,2026-01-16
SPOT-105758,25-34,Male,MX,2024-05-07
SPOT-105759,18-24,Male,US,2025-01-11
SPOT-105760,35-44,Female,ES,2025-08-24
SPOT-105761,45-54,Male,AR,2025-10-05
SPOT-105762,45-54,Female,BR,2025-04-19
SPOT-105763,18-24,Male,GB,2026-01-08
SPOT-105764,45-54,Female,US,2025-03-11
SPOT-105765,35-44,Female,US,2024-03-25
SPOT-105766,18-24,Male,US,2024-05-23
SPOT-105767,18-24,Male,US,2025-06-17
SPOT-105768,18-24,Male,ES,2024-09-23
SPOT-105769,45-54,Female,AU,2024-10-22
SPOT-105770,25-34,Male,US,2024-05-12
SPOT-105771,35-44,Female,US,2024-11-09
SPOT-105772,18-24,Male,FR,2025-07-19
SPOT-105773,35-44,Male,MX,2024-01-24
SPOT-105774,18-24,Male,DE,2025-11-28
SPOT-105775,25-34,Female,AU,2025-05-12
SPOT-105776,25-34,Male,BR,2024-04-29
SPOT-105777,18-24,Female,MX,2024-02-18
SPOT-105778,35-44,Female,MX,2023-12-04
SPOT-105779,18-24,Male,US,2025-07-19
SPOT-105780,25-34,Male,BR,2024-04-16
SPOT-105781,25-34,Female,US,2026-05-20
SPOT-105782,25-34,Male,BR,2024-05-07
SPOT-105783,18-24,Male,US,2025-12-06
SPOT-105784,18-24,Female,DE,2024-09-28
SPOT-105785,45-54,Male,DE,2026-03-12
SPOT-105786,18-24,Male,GB,2023-11-07
SPOT-105787,35-44,Non-binary,US,2026-02-10
SPOT-105788,55+,Male,ES,2026-03-01
SPOT-105789,18-24,Female,DE,2025-10-15
SPOT-105790,18-24,Male,AR,2025-03-08
SPOT-105791,25-34,Female,AR,2025-01-24
SPOT-105792,55+,Female,US,2024-02-24
SPOT-105793,45-54,Male,DE,2025-05-23
SPOT-105794,25-34,Female,ES,2026-02-23
SPOT-105795,35-44,Female,BR,2024-05-12
SPOT-105796,18-24,Male,FR,2025-07-20
SPOT-105797,55+,Female,BR,2024-07-31
SPOT-105798,55+,Male,MX,2024-10-08
SPOT-105799,18-24,Female,AR,2024-04-03
SPOT-105800,18-24,Female,US,2025-02-21
SPOT-105801,18-24,Male,BR,2024-12-04
SPOT-105802,18-24,Male,US,2024-06-18
SPOT-105803,35-44,Male,GB,2023-12-01
SPOT-105804,25-34,Female,US,2025-08-28
SPOT-105805,18-24,Male,BR,2025-01-25
SPOT-105806,18-24,Female,AR,2024-03-13
SPOT-105807,55+,Male,US,2025-03-25
SPOT-105808,25-34,Female,ES,2026-02-17
SPOT-105809,25-34,Female,US,2024-07-23
SPOT-105810,18-24,Female,US,2025-12-01
SPOT-105811,55+,Female,CA,2025-01-22
SPOT-105812,35-44,Male,US,2023-12-29
SPOT-105813,18-24,Male,US,2025-11-15
SPOT-105814,18-24,Non-binary,US,2025-05-06
SPOT-105815,18-24,Male,GB,2025-05-23
SPOT-105816,18-24,Female,GB,2026-05-20
SPOT-105817,25-34,Female,US,2024-05-13
SPOT-105818,45-54,Female,DE,2024-05-12
SPOT-105819,25-34,Male,DE,2024-02-28
SPOT-105820,35-44,Male,MX,2024-05-06
SPOT-105821,25-34,Female,FR,2026-04-01
SPOT-105822,35-44,Male,GB,2025-10-14
SPOT-105823,35-44,Female,BR,2024-03-23
SPOT-105824,18-24,Female,DE,2025-03-11
SPOT-105825,25-34,Male,US,2024-07-31
SPOT-105826,25-34,Male,AR,2024-08-24
SPOT-105827,18-24,Female,MX,2024-12-15
SPOT-105828,25-34,Female,US,2025-04-13
SPOT-105829,25-34,Female,US,2024-03-19
SPOT-105830,55+,Female,GB,2025-05-19
SPOT-105831,25-34,Female,AR,2025-10-11
SPOT-105832,35-44,Female,ES,2024-05-25
SPOT-105833,25-34,Male,DE,2024-01-07
SPOT-105834,35-44,Female,US,2024-12-16
SPOT-105835,25-34,Male,DE,2024-01-16
SPOT-105836,45-54,Female,AR,2023-11-23
SPOT-105837,25-34,Female,DE,2025-11-02
SPOT-105838,25-34,Male,US,2024-07-11
SPOT-105839,25-34,Male,US,2025-12-28
SPOT-105840,25-34,Female,GB,2024-08-19
SPOT-105841,18-24,Male,US,2025-05-26
SPOT-105842,18-24,Female,ES,2025-10-17
SPOT-105843,18-24,Male,GB,2025-04-08
SPOT-105844,45-54,Female,FR,2024-07-21
SPOT-105845,18-24,Male,MX,2025-03-31
SPOT-105846,18-24,Female,DE,2026-01-28
SPOT-105847,35-44,Male,MX,2026-04-22
SPOT-105848,18-24,Male,GB,2026-02-19
SPOT-105849,25-34,Male,US,2023-11-16
SPOT-105850,18-24,Male,AU,2025-12-23
SPOT-105851,55+,Male,BR,2025-05-25
SPOT-105852,45-54,Female,US,2025-10-03
SPOT-105853,45-54,Male,GB,2026-03-21
SPOT-105854,25-34,Female,US,2024-08-05
SPOT-105855,35-44,Male,GB,2026-03-15
SPOT-105856,18-24,Female,US,2025-06-06
SPOT-105857,18-24,Male,US,2024-07-21
SPOT-105858,18-24,Female,MX,2024-03-31
SPOT-105859,25-34,Female,AR,2025-07-30
SPOT-105860,25-34,Male,GB,2024-08-05
SPOT-105861,25-34,Male,BR,2024-06-25
SPOT-105862,18-24,Male,US,2025-07-21
SPOT-105863,25-34,Male,US,2025-04-11
SPOT-105864,35-44,Male,BR,2026-02-18
SPOT-105865,25-34,Male,AR,2025-03-01
SPOT-105866,35-44,Female,US,2026-05-31
SPOT-105867,18-24,Male,DE,2025-02-01
SPOT-105868,35-44,Male,AU,2024-08-07
SPOT-105869,25-34,Male,ES,2024-08-07
SPOT-105870,18-24,Female,US,2024-01-15
SPOT-105871,18-24,Male,GB,2024-06-28
SPOT-105872,25-34,Female,CA,2025-09-20
SPOT-105873,35-44,Female,US,2025-02-28
SPOT-105874,25-34,Female,DE,2023-12-26
SPOT-105875,18-24,Male,GB,2025-10-13
SPOT-105876,45-54,Female,BR,2025-08-14
SPOT-105877,25-34,Male,US,2025-05-21
SPOT-105878,25-34,Female,MX,2025-09-07
SPOT-105879,25-34,Female,US,2024-10-17
SPOT-105880,18-24,Female,MX,2024-08-17
SPOT-105881,25-34,Female,GB,2025-01-24
SPOT-105882,25-34,Female,GB,2026-01-20
SPOT-105883,55+,Male,MX,2025-08-12
SPOT-105884,25-34,Male,AU,2024-08-19
SPOT-105885,25-34,Female,FR,2024-10-23
SPOT-105886,25-34,Female,US,2023-12-26
SPOT-105887,45-54,Female,DE,2026-03-21
SPOT-105888,35-44,Female,MX,2026-01-31
SPOT-105889,25-34,Male,BR,2025-12-31
SPOT-105890,35-44,Female,ES,2025-04-18
SPOT-105891,25-34,Female,AU,2024-12-16
SPOT-105892,25-34,Male,GB,2024-10-02
SPOT-105893,18-24,Male,ES,2024-09-22
SPOT-105894,25-34,Female,US,2026-03-15
SPOT-105895,18-24,Female,FR,2024-06-28
SPOT-105896,45-54,Female,ES,2024-11-25
SPOT-105897,18-24,Male,BR,2025-10-13
SPOT-105898,55+,Male,AR,2025-10-08
SPOT-105899,25-34,Female,MX,2024-07-20
SPOT-105900,25-34,Female,BR,2026-03-30
SPOT-105901,25-34,Male,CA,2024-04-15
SPOT-105902,18-24,Female,US,2024-09-03
SPOT-105903,25-34,Female,AU,2024-05-19
SPOT-105904,18-24,Female,US,2024-01-31
SPOT-105905,25-34,Female,BR,2026-03-02
SPOT-105906,25-34,Male,US,2026-04-30
SPOT-105907,35-44,Female,GB,2024-11-01
SPOT-105908,18-24,Male,MX,2025-10-23
SPOT-105909,18-24,Female,US,2024-05-03
SPOT-105910,25-34,Male,CA,2024-02-28
SPOT-105911,45-54,Female,GB,2024-04-15
SPOT-105912,35-44,Female,GB,2024-11-18
SPOT-105913,25-34,Female,FR,2024-09-19
SPOT-105914,25-34,Female,ES,2024-01-16
SPOT-105915,18-24,Male,MX,2025-11-15
SPOT-105916,55+,Female,US,2024-04-16
SPOT-105917,25-34,Male,ES,2024-01-15
SPOT-105918,18-24,Male,GB,2025-02-25
SPOT-105919,25-34,Non-binary,AU,2024-12-30
SPOT-105920,18-24,Female,MX,2025-03-12
SPOT-105921,55+,Female,AR,2024-08-02
SPOT-105922,18-24,Female,ES,2025-12-21
SPOT-105923,25-34,Female,BR,2026-05-04
SPOT-105924,18-24,Female,ES,2026-02-28
SPOT-105925,35-44,Female,BR,2025-06-07
SPOT-105926,35-44,Non-binary,US,2025-04-26
SPOT-105927,25-34,Male,GB,2024-11-19
SPOT-105928,25-34,Female,GB,2025-10-20
SPOT-105929,45-54,Female,ES,2024-10-22
SPOT-105930,18-24,Male,BR,2026-02-10
SPOT-105931,18-24,Male,MX,2025-09-26
SPOT-105932,18-24,Female,AR,2025-03-15
SPOT-105933,55+,Male,BR,2023-11-25
SPOT-105934,25-34,Male,US,2025-02-26
SPOT-105935,35-44,Male,US,2023-12-09
SPOT-105936,25-34,Male,US,2024-12-08
SPOT-105937,18-24,Female,US,2026-03-24
SPOT-105938,18-24,Male,US,2025-09-26
SPOT-105939,18-24,Male,MX,2025-11-21
SPOT-105940,25-34,Female,US,2025-08-16
SPOT-105941,18-24,Male,US,2023-11-07
SPOT-105942,18-24,Female,AU,2025-02-07
SPOT-105943,45-54,Female,AU,2025-03-25
SPOT-105944,55+,Female,MX,2024-11-22
SPOT-105945,18-24,Female,US,2025-11-25
SPOT-105946,18-24,Male,AR,2024-04-30
SPOT-105947,18-24,Male,BR,2025-03-14
SPOT-105948,25-34,Male,US,2026-05-02
SPOT-105949,35-44,Male,BR,2025-04-28
SPOT-105950,18-24,Female,US,2025-01-20
SPOT-105951,18-24,Male,AU,2024-08-04
SPOT-105952,35-44,Female,AR,2024-10-14
SPOT-105953,25-34,Male,GB,2024-04-26
SPOT-105954,18-24,Male,DE,2024-03-06
SPOT-105955,25-34,Male,DE,2026-05-15
SPOT-105956,18-24,Male,FR,2025-06-15
SPOT-105957,25-34,Female,GB,2025-11-30
SPOT-105958,35-44,Female,US,2025-01-07
SPOT-105959,35-44,Female,US,2024-02-11
SPOT-105960,25-34,Female,US,2025-10-21
SPOT-105961,45-54,Female,CA,2024-08-25
SPOT-105962,25-34,Female,CA,2025-05-07
SPOT-105963,35-44,Male,GB,2024-08-02
SPOT-105964,25-34,Male,US,2025-09-13
SPOT-105965,45-54,Female,BR,2024-05-13
SPOT-105966,45-54,Male,AR,2024-11-10
SPOT-105967,18-24,Male,GB,2024-05-12
SPOT-105968,45-54,Male,DE,2024-10-13
SPOT-105969,35-44,Male,US,2026-05-07
SPOT-105970,35-44,Female,GB,2024-11-28
SPOT-105971,18-24,Male,ES,2025-10-12
SPOT-105972,35-44,Male,DE,2025-06-12
SPOT-105973,45-54,Male,DE,2026-02-14
SPOT-105974,18-24,Female,AR,2025-04-09
SPOT-105975,55+,Female,ES,2026-05-15
SPOT-105976,18-24,Male,US,2026-01-29
SPOT-105977,18-24,Female,DE,2026-03-04
SPOT-105978,25-34,Male,AR,2025-03-20
SPOT-105979,25-34,Female,DE,2024-10-29
SPOT-105980,25-34,Female,MX,2025-07-02
SPOT-105981,18-24,Female,GB,2024-12-14
SPOT-105982,55+,Male,US,2024-04-28
SPOT-105983,18-24,Male,US,2026-01-02
SPOT-105984,18-24,Male,DE,2025-12-27
SPOT-105985,18-24,Male,GB,2024-07-24
SPOT-105986,25-34,Male,FR,2024-07-18
SPOT-105987,45-54,Male,BR,2024-09-30
SPOT-105988,25-34,Male,MX,2024-05-07
SPOT-105989,35-44,Female,MX,2025-10-04
SPOT-105990,18-24,Male,BR,2025-12-08
SPOT-105991,25-34,Non-binary,ES,2025-12-22
SPOT-105992,25-34,Female,AR,2026-01-06
SPOT-105993,25-34,Female,GB,2025-08-15
SPOT-105994,18-24,Female,US,2025-05-29
SPOT-105995,25-34,Female,AU,2024-08-13
SPOT-105996,25-34,Female,MX,2024-07-23
SPOT-105997,35-44,Male,ES,2026-02-14
SPOT-105998,25-34,Female,ES,2025-06-23
SPOT-105999,18-24,Female,MX,2025-05-29
SPOT-106000,25-34,Male,BR,2026-05-12
SPOT-106001,18-24,Male,AU,2025-11-22
SPOT-106002,45-54,Female,ES,2024-04-27
SPOT-106003,25-34,Female,AR,2024-05-25
SPOT-106004,18-24,Female,DE,2026-01-03
SPOT-106005,55+,Male,CA,2024-08-08
SPOT-106006,25-34,Female,ES,2025-08-12
SPOT-106007,18-24,Male,ES,2026-03-08
SPOT-106008,25-34,Female,US,2026-04-26
SPOT-106009,18-24,Male,MX,2024-09-02
SPOT-106010,35-44,Female,GB,2025-12-10
SPOT-106011,35-44,Male,MX,2025-05-08
SPOT-106012,55+,Male,BR,2026-02-20
SPOT-106013,25-34,Male,US,2025-04-01
SPOT-106014,25-34,Male,BR,2024-06-20
SPOT-106015,35-44,Female,DE,2025-10-25
SPOT-106016,18-24,Male,ES,2025-12-16
SPOT-106017,25-34,Male,BR,2024-09-22
SPOT-106018,25-34,Male,BR,2025-04-03
SPOT-106019,18-24,Female,ES,2024-10-25
SPOT-106020,25-34,Male,MX,2025-02-25
SPOT-106021,45-54,Male,AU,2024-11-20
SPOT-106022,45-54,Female,GB,2025-05-21
SPOT-106023,18-24,Female,MX,2024-10-27
SPOT-106024,18-24,Female,US,2025-01-30
SPOT-106025,18-24,Female,AR,2025-04-23
SPOT-106026,45-54,Male,AR,2025-11-24
SPOT-106027,18-24,Female,ES,2025-03-19
SPOT-106028,35-44,Female,US,2024-02-04
SPOT-106029,18-24,Female,AU,2025-12-01
SPOT-106030,25-34,Male,CA,2025-04-11
SPOT-106031,25-34,Female,DE,2024-12-15
SPOT-106032,35-44,Male,BR,2026-05-06
SPOT-106033,18-24,Female,FR,2025-12-16
SPOT-106034,25-34,Male,BR,2026-05-24
SPOT-106035,18-24,Male,BR,2024-03-05
SPOT-106036,35-44,Female,MX,2026-02-16
SPOT-106037,45-54,Male,MX,2025-07-26
SPOT-106038,18-24,Female,BR,2023-11-27
SPOT-106039,45-54,Female,DE,2026-01-16
SPOT-106040,25-34,Female,BR,2024-05-09
SPOT-106041,18-24,Male,FR,2025-03-11
SPOT-106042,25-34,Female,FR,2025-01-15
SPOT-106043,18-24,Female,ES,2026-05-05
SPOT-106044,35-44,Male,DE,2025-03-30
SPOT-106045,35-44,Female,AR,2026-04-23
SPOT-106046,18-24,Male,DE,2024-06-24
SPOT-106047,25-34,Male,MX,2024-03-13
SPOT-106048,35-44,Female,BR,2026-05-05
SPOT-106049,45-54,Female,GB,2024-09-13
SPOT-106050,25-34,Male,DE,2026-04-14
SPOT-106051,55+,Male,AR,2025-01-22
SPOT-106052,25-34,Female,CA,2026-05-14
SPOT-106053,25-34,Male,US,2024-06-30
SPOT-106054,35-44,Male,DE,2026-05-26
SPOT-106055,25-34,Non-binary,DE,2024-06-04
SPOT-106056,25-34,Male,BR,2024-06-28
SPOT-106057,25-34,Female,AU,2026-02-23
SPOT-106058,35-44,Male,BR,2025-08-07
SPOT-106059,35-44,Female,AR,2024-04-10
SPOT-106060,25-34,Male,MX,2026-03-26
SPOT-106061,18-24,Female,US,2025-03-26
SPOT-106062,25-34,Male,MX,2026-02-08
SPOT-106063,25-34,Female,MX,2025-05-18
SPOT-106064,18-24,Female,ES,2024-08-19
SPOT-106065,35-44,Non-binary,US,2024-06-28
SPOT-106066,25-34,Male,US,2024-02-14
SPOT-106067,18-24,Female,ES,2025-05-14
SPOT-106068,18-24,Male,DE,2024-12-18
SPOT-106069,18-24,Female,CA,2024-09-26
SPOT-106070,45-54,Male,BR,2024-01-02
SPOT-106071,18-24,Male,US,2024-08-07
SPOT-106072,18-24,Male,MX,2025-08-22
SPOT-106073,25-34,Female,BR,2024-06-26
SPOT-106074,18-24,Female,GB,2025-01-18
SPOT-106075,18-24,Male,US,2025-09-23
SPOT-106076,18-24,Female,US,2025-09-02
SPOT-106077,25-34,Non-binary,US,2025-05-26
SPOT-106078,25-34,Female,BR,2025-02-22
SPOT-106079,25-34,Male,ES,2024-01-29
SPOT-106080,25-34,Female,US,2025-03-19
SPOT-106081,55+,Female,MX,2024-10-29
SPOT-106082,25-34,Male,FR,2026-03-03
SPOT-106083,18-24,Female,MX,2024-11-06
SPOT-106084,18-24,Male,ES,2024-11-16
SPOT-106085,25-34,Female,US,2024-10-21
SPOT-106086,35-44,Female,US,2025-12-31
SPOT-106087,18-24,Male,GB,2024-06-22
SPOT-106088,35-44,Male,ES,2024-05-02
SPOT-106089,18-24,Male,MX,2025-09-09
SPOT-106090,25-34,Male,AU,2024-12-17
SPOT-106091,35-44,Female,MX,2025-11-18
SPOT-106092,18-24,Female,DE,2025-12-26
SPOT-106093,25-34,Male,AR,2024-11-23
SPOT-106094,18-24,Female,US,2026-02-14
SPOT-106095,35-44,Male,AR,2025-11-23
SPOT-106096,18-24,Non-binary,GB,2024-03-30
SPOT-106097,45-54,Male,US,2024-05-27
SPOT-106098,18-24,Female,US,2024-07-29
SPOT-106099,45-54,Male,AU,2024-11-18
SPOT-106100,25-34,Male,MX,2024-09-29
SPOT-106101,35-44,Female,US,2025-10-08
SPOT-106102,18-24,Male,GB,2025-05-16
SPOT-106103,45-54,Female,DE,2024-06-24
SPOT-106104,18-24,Female,US,2025-04-19
SPOT-106105,18-24,Female,US,2026-04-16
SPOT-106106,25-34,Non-binary,ES,2025-03-24
SPOT-106107,18-24,Male,AR,2023-12-21
SPOT-106108,18-24,Female,AU,2025-06-28
SPOT-106109,45-54,Female,US,2026-03-17
SPOT-106110,55+,Male,FR,2026-01-21
SPOT-106111,25-34,Female,GB,2025-05-03
SPOT-106112,45-54,Female,GB,2024-12-25
SPOT-106113,25-34,Female,US,2025-10-06
SPOT-106114,18-24,Male,AU,2025-06-21
SPOT-106115,35-44,Female,AU,2025-02-13
SPOT-106116,25-34,Male,FR,2024-12-22
SPOT-106117,55+,Female,US,2025-03-25
SPOT-106118,18-24,Female,AR,2024-02-18
SPOT-106119,25-34,Male,MX,2025-05-02
SPOT-106120,18-24,Female,US,2023-12-02
SPOT-106121,18-24,Female,GB,2024-05-15
SPOT-106122,18-24,Non-binary,MX,2024-10-23
SPOT-106123,55+,Male,AR,2024-08-13
SPOT-106124,35-44,Female,AR,2024-10-18
SPOT-106125,35-44,Female,BR,2025-08-09
SPOT-106126,25-34,Female,BR,2025-11-16
SPOT-106127,18-24,Male,MX,2023-11-29
SPOT-106128,18-24,Male,ES,2025-10-08
SPOT-106129,18-24,Female,US,2025-12-04
SPOT-106130,25-34,Male,ES,2026-06-02
SPOT-106131,35-44,Female,GB,2024-08-18
SPOT-106132,25-34,Male,DE,2024-08-29
SPOT-106133,18-24,Non-binary,US,2025-06-16
SPOT-106134,18-24,Female,BR,2024-12-29
SPOT-106135,18-24,Female,US,2025-09-09
SPOT-106136,25-34,Male,CA,2025-04-22
SPOT-106137,45-54,Female,MX,2024-08-02
SPOT-106138,25-34,Female,AU,2026-02-04
SPOT-106139,35-44,Female,US,2025-09-15
SPOT-106140,25-34,Male,MX,2024-12-08
SPOT-106141,25-34,Female,AU,2024-05-09
SPOT-106142,18-24,Female,GB,2024-06-03
SPOT-106143,45-54,Male,US,2025-07-14
SPOT-106144,35-44,Female,MX,2024-10-08
SPOT-106145,18-24,Male,GB,2023-11-21
SPOT-106146,25-34,Female,GB,2025-12-12
SPOT-106147,25-34,Non-binary,AU,2025-06-10
SPOT-106148,25-34,Male,ES,2024-05-06
SPOT-106149,45-54,Male,BR,2024-08-25
SPOT-106150,25-34,Female,US,2024-08-16
SPOT-106151,25-34,Male,US,2024-02-14
SPOT-106152,18-24,Male,GB,2024-10-10
SPOT-106153,18-24,Male,BR,2024-07-22
SPOT-106154,18-24,Male,BR,2025-01-30
SPOT-106155,18-24,Male,US,2024-07-12
SPOT-106156,35-44,Male,CA,2026-04-09
SPOT-106157,35-44,Male,BR,2025-11-23
SPOT-106158,18-24,Female,US,2024-07-12
SPOT-106159,35-44,Female,ES,2024-12-17
SPOT-106160,18-24,Male,US,2026-02-16
SPOT-106161,18-24,Female,ES,2025-03-18
SPOT-106162,18-24,Female,ES,2026-03-15
SPOT-106163,25-34,Male,AU,2024-05-19
SPOT-106164,18-24,Female,GB,2024-08-21
SPOT-106165,25-34,Female,US,2024-06-21
SPOT-106166,25-34,Male,US,2024-09-30
SPOT-106167,55+,Male,US,2024-01-07
SPOT-106168,18-24,Female,AR,2024-08-26
SPOT-106169,18-24,Female,ES,2025-10-17
SPOT-106170,18-24,Male,AU,2025-11-12
SPOT-106171,25-34,Non-binary,GB,2024-08-04
SPOT-106172,18-24,Female,AR,2024-07-21
SPOT-106173,35-44,Male,US,2025-03-24
SPOT-106174,25-34,Male,CA,2024-04-15
SPOT-106175,25-34,Male,US,2024-06-23
SPOT-106176,25-34,Male,AR,2023-11-10
SPOT-106177,18-24,Female,GB,2025-04-15
SPOT-106178,18-24,Female,US,2024-07-07
SPOT-106179,18-24,Female,ES,2025-11-09
SPOT-106180,25-34,Male,FR,2024-02-09
SPOT-106181,18-24,Female,ES,2024-09-30
SPOT-106182,18-24,Male,GB,2025-01-10
SPOT-106183,55+,Male,GB,2023-12-14
SPOT-106184,18-24,Female,US,2024-04-26
SPOT-106185,35-44,Male,AR,2026-04-15
SPOT-106186,35-44,Female,US,2025-12-24
SPOT-106187,18-24,Non-binary,CA,2026-01-15
SPOT-106188,18-24,Female,MX,2025-07-17
SPOT-106189,18-24,Male,BR,2023-11-23
SPOT-106190,25-34,Male,AR,2023-11-20
SPOT-106191,25-34,Male,MX,2025-01-14
SPOT-106192,35-44,Female,GB,2024-07-17
SPOT-106193,45-54,Female,GB,2025-08-25
SPOT-106194,25-34,Female,US,2024-08-04
SPOT-106195,18-24,Female,DE,2025-06-07
SPOT-106196,18-24,Female,US,2024-07-31
SPOT-106197,35-44,Female,MX,2025-11-13
SPOT-106198,18-24,Male,US,2026-05-22
SPOT-106199,18-24,Female,FR,2025-10-01
SPOT-106200,35-44,Female,ES,2025-09-24
SPOT-106201,25-34,Male,FR,2025-05-24
SPOT-106202,45-54,Non-binary,US,2025-02-04
SPOT-106203,25-34,Female,AR,2026-03-09
SPOT-106204,18-24,Female,FR,2024-08-16
SPOT-106205,45-54,Female,US,2024-04-27
SPOT-106206,18-24,Male,AU,2024-10-28
SPOT-106207,18-24,Male,GB,2024-07-11
SPOT-106208,25-34,Male,US,2026-02-23
SPOT-106209,18-24,Female,DE,2023-12-18
SPOT-106210,25-34,Female,US,2024-06-20
SPOT-106211,18-24,Male,FR,2025-10-10
SPOT-106212,25-34,Female,GB,2024-01-23
SPOT-106213,25-34,Male,BR,2025-12-29
SPOT-106214,35-44,Male,MX,2025-11-25
SPOT-106215,35-44,Male,AR,2024-08-03
SPOT-106216,18-24,Male,GB,2024-04-27
SPOT-106217,25-34,Male,ES,2025-11-04
SPOT-106218,25-34,Male,US,2025-01-17
SPOT-106219,18-24,Male,ES,2025-05-21
SPOT-106220,35-44,Male,CA,2024-01-12
SPOT-106221,35-44,Male,US,2024-03-01
SPOT-106222,18-24,Female,US,2024-12-13
SPOT-106223,25-34,Male,BR,2024-01-24
SPOT-106224,18-24,Female,US,2025-02-17
SPOT-106225,25-34,Male,US,2024-06-19
SPOT-106226,18-24,Male,US,2026-04-23
SPOT-106227,55+,Male,BR,2024-08-27
SPOT-106228,35-44,Female,US,2024-05-05
SPOT-106229,25-34,Male,BR,2024-09-12
SPOT-106230,25-34,Female,BR,2025-02-07
SPOT-106231,45-54,Female,ES,2025-10-06
SPOT-106232,25-34,Male,CA,2025-03-14
SPOT-106233,18-24,Female,BR,2026-02-04
SPOT-106234,25-34,Male,GB,2024-09-05
SPOT-106235,35-44,Male,GB,2025-06-07
SPOT-106236,25-34,Male,MX,2024-08-27
SPOT-106237,25-34,Male,CA,2026-03-27
SPOT-106238,45-54,Male,ES,2025-04-08
SPOT-106239,45-54,Female,US,2026-01-28
SPOT-106240,45-54,Male,FR,2025-07-14
SPOT-106241,18-24,Female,ES,2024-06-04
SPOT-106242,25-34,Male,US,2026-05-02
SPOT-106243,35-44,Non-binary,ES,2024-04-12
SPOT-106244,35-44,Male,GB,2025-02-13
SPOT-106245,25-34,Female,BR,2025-06-22
SPOT-106246,18-24,Female,GB,2025-11-24
SPOT-106247,35-44,Male,US,2026-01-30
SPOT-106248,35-44,Male,ES,2025-03-04
SPOT-106249,18-24,Male,AR,2025-08-21
SPOT-106250,25-34,Male,US,2025-11-10
SPOT-106251,18-24,Male,US,2025-02-08
SPOT-106252,18-24,Female,DE,2025-10-01
SPOT-106253,18-24,Male,AR,2024-07-20
SPOT-106254,25-34,Female,US,2025-12-04
SPOT-106255,25-34,Male,AR,2024-03-04
SPOT-106256,25-34,Female,CA,2025-08-22
SPOT-106257,25-34,Male,BR,2025-02-17
SPOT-106258,35-44,Male,US,2025-12-29
SPOT-106259,18-24,Male,GB,2025-05-19
SPOT-106260,18-24,Male,US,2024-10-21
SPOT-106261,45-54,Female,GB,2025-11-13
SPOT-106262,18-24,Female,AR,2025-12-08
SPOT-106263,55+,Female,US,2025-01-15
SPOT-106264,35-44,Female,GB,2025-09-22
SPOT-106265,25-34,Female,BR,2024-09-06
SPOT-106266,55+,Female,FR,2026-03-05
SPOT-106267,18-24,Male,US,2025-04-09
SPOT-106268,18-24,Male,ES,2024-05-08
SPOT-106269,25-34,Male,BR,2024-09-02
SPOT-106270,25-34,Female,MX,2025-08-24
SPOT-106271,45-54,Male,FR,2025-03-19
SPOT-106272,18-24,Female,US,2024-08-04
SPOT-106273,25-34,Male,BR,2026-02-13
SPOT-106274,25-34,Female,ES,2025-04-15
SPOT-106275,25-34,Non-binary,FR,2025-01-16
SPOT-106276,18-24,Male,US,2024-03-13
SPOT-106277,25-34,Female,GB,2025-04-02
SPOT-106278,35-44,Female,US,2024-11-13
SPOT-106279,18-24,Non-binary,AR,2026-03-07
SPOT-106280,35-44,Male,FR,2026-02-18
SPOT-106281,25-34,Female,BR,2023-11-23
SPOT-106282,35-44,Male,US,2024-08-31
SPOT-106283,35-44,Female,US,2024-12-28
SPOT-106284,18-24,Female,MX,2023-12-22
SPOT-106285,25-34,Female,AU,2024-11-25
SPOT-106286,45-54,Male,AR,2026-03-26
SPOT-106287,25-34,Female,AR,2025-05-06
SPOT-106288,55+,Male,DE,2024-02-19
SPOT-106289,25-34,Male,AU,2025-08-22
SPOT-106290,18-24,Female,AR,2025-01-05
SPOT-106291,25-34,Female,GB,2025-06-30
SPOT-106292,55+,Female,ES,2023-12-24
SPOT-106293,18-24,Female,DE,2026-05-20
SPOT-106294,45-54,Male,MX,2024-11-06
SPOT-106295,45-54,Male,AU,2026-04-09
SPOT-106296,25-34,Male,US,2024-12-09
SPOT-106297,18-24,Male,AR,2025-09-15
SPOT-106298,35-44,Male,BR,2025-05-23
SPOT-106299,18-24,Male,CA,2024-05-14
SPOT-106300,35-44,Male,US,2025-11-18
SPOT-106301,25-34,Female,ES,2024-11-29
SPOT-106302,25-34,Female,US,2026-01-03
SPOT-106303,35-44,Female,US,2024-05-29
SPOT-106304,25-34,Male,GB,2025-09-24
SPOT-106305,25-34,Male,DE,2025-01-21
SPOT-106306,25-34,Male,AU,2024-04-10
SPOT-106307,25-34,Male,US,2025-04-23
SPOT-106308,25-34,Female,US,2024-06-02
SPOT-106309,35-44,Female,US,2023-11-21
SPOT-106310,25-34,Female,DE,2024-05-08
SPOT-106311,25-34,Female,US,2026-01-14
SPOT-106312,25-34,Male,AU,2026-05-21
SPOT-106313,18-24,Male,BR,2024-09-07
SPOT-106314,18-24,Female,AR,2026-01-28
SPOT-106315,45-54,Female,ES,2023-12-12
SPOT-106316,35-44,Female,MX,2024-09-19
SPOT-106317,25-34,Female,CA,2026-01-02
SPOT-106318,25-34,Male,CA,2025-10-26
SPOT-106319,18-24,Male,US,2024-03-20
SPOT-106320,25-34,Male,CA,2025-06-21
SPOT-106321,25-34,Male,BR,2024-07-27
SPOT-106322,25-34,Male,GB,2024-10-26
SPOT-106323,25-34,Male,MX,2026-05-19
SPOT-106324,18-24,Female,GB,2025-07-23
SPOT-106325,18-24,Female,BR,2024-05-14
SPOT-106326,55+,Male,AR,2024-04-21
SPOT-106327,25-34,Male,US,2025-02-12
SPOT-106328,25-34,Female,US,2024-12-23
SPOT-106329,18-24,Male,AU,2026-02-23
SPOT-106330,18-24,Female,DE,2025-04-27
SPOT-106331,35-44,Female,GB,2024-06-07
SPOT-106332,25-34,Female,CA,2024-08-27
SPOT-106333,25-34,Male,CA,2024-01-31
SPOT-106334,18-24,Female,US,2024-08-15
SPOT-106335,35-44,Male,GB,2023-11-28
SPOT-106336,18-24,Male,CA,2026-03-10
SPOT-106337,18-24,Male,US,2024-09-19
SPOT-106338,25-34,Female,BR,2025-10-31
SPOT-106339,18-24,Male,GB,2025-11-23
SPOT-106340,18-24,Female,ES,2024-08-04
SPOT-106341,25-34,Male,US,2025-10-26
SPOT-106342,25-34,Male,BR,2024-10-18
SPOT-106343,35-44,Female,US,2025-06-29
SPOT-106344,25-34,Male,GB,2026-05-21
SPOT-106345,18-24,Male,US,2025-01-26
SPOT-106346,18-24,Male,US,2024-11-23
SPOT-106347,55+,Male,FR,2024-03-23
SPOT-106348,25-34,Male,CA,2024-05-13
SPOT-106349,35-44,Female,ES,2024-07-09
SPOT-106350,18-24,Female,BR,2024-12-05
SPOT-106351,25-34,Female,US,2026-02-12
SPOT-106352,18-24,Female,GB,2023-12-04
SPOT-106353,25-34,Female,GB,2026-04-21
SPOT-106354,45-54,Female,ES,2025-03-15
SPOT-106355,55+,Female,GB,2026-03-01
SPOT-106356,25-34,Male,AU,2023-12-17
SPOT-106357,25-34,Male,AR,2025-06-21
SPOT-106358,45-54,Female,AU,2025-07-23
SPOT-106359,25-34,Male,DE,2026-01-26
SPOT-106360,18-24,Female,BR,2025-04-25
SPOT-106361,25-34,Female,GB,2026-02-05
SPOT-106362,18-24,Male,MX,2025-09-21
SPOT-106363,25-34,Female,AU,2024-07-31
SPOT-106364,25-34,Male,US,2025-04-24
SPOT-106365,25-34,Female,GB,2026-04-18
SPOT-106366,25-34,Non-binary,GB,2025-01-18
SPOT-106367,18-24,Female,AU,2025-09-21
SPOT-106368,25-34,Male,US,2025-01-22
SPOT-106369,35-44,Male,AR,2023-12-28
SPOT-106370,25-34,Female,GB,2026-02-01
SPOT-106371,18-24,Female,FR,2023-12-18
SPOT-106372,45-54,Male,BR,2025-02-18
SPOT-106373,45-54,Male,US,2024-06-22
SPOT-106374,18-24,Male,ES,2025-06-06
SPOT-106375,18-24,Female,AR,2025-11-13
SPOT-106376,35-44,Female,BR,2026-06-02
SPOT-106377,35-44,Male,ES,2024-10-19
SPOT-106378,55+,Male,US,2024-09-24
SPOT-106379,45-54,Female,CA,2024-08-04
SPOT-106380,25-34,Female,US,2024-01-05
SPOT-106381,25-34,Female,US,2024-07-02
SPOT-106382,18-24,Female,GB,2025-06-28
SPOT-106383,18-24,Male,US,2025-04-19
SPOT-106384,25-34,Male,DE,2026-03-16
SPOT-106385,25-34,Non-binary,DE,2026-01-27
SPOT-106386,25-34,Non-binary,BR,2026-03-01
SPOT-106387,35-44,Female,US,2024-04-14
SPOT-106388,18-24,Female,US,2026-01-27
SPOT-106389,25-34,Female,AR,2026-01-24
SPOT-106390,18-24,Male,AR,2024-06-19
SPOT-106391,25-34,Male,GB,2026-03-04
SPOT-106392,35-44,Female,DE,2025-05-23
SPOT-106393,25-34,Female,US,2026-05-13
SPOT-106394,55+,Female,AR,2026-04-09
SPOT-106395,18-24,Female,AU,2023-12-04
SPOT-106396,25-34,Male,GB,2026-04-27
SPOT-106397,18-24,Male,AR,2026-03-09
SPOT-106398,25-34,Male,GB,2025-08-12
SPOT-106399,45-54,Non-binary,US,2024-07-22
SPOT-106400,25-34,Female,BR,2025-08-29
SPOT-106401,45-54,Male,DE,2024-11-19
SPOT-106402,18-24,Female,ES,2024-08-15
SPOT-106403,45-54,Female,ES,2025-04-19
SPOT-106404,18-24,Female,CA,2026-02-22
SPOT-106405,45-54,Female,DE,2024-03-19
SPOT-106406,18-24,Male,BR,2025-04-07
SPOT-106407,18-24,Female,DE,2024-03-16
SPOT-106408,25-34,Non-binary,GB,2024-09-04
SPOT-106409,45-54,Male,MX,2026-02-17
SPOT-106410,18-24,Female,AR,2024-05-11
SPOT-106411,25-34,Male,US,2024-02-19
SPOT-106412,45-54,Male,AU,2024-09-13
SPOT-106413,25-34,Male,MX,2024-10-26
SPOT-106414,18-24,Female,AR,2025-07-17
SPOT-106415,25-34,Female,AU,2025-04-26
SPOT-106416,25-34,Male,BR,2026-05-20
SPOT-106417,45-54,Female,US,2025-01-31
SPOT-106418,35-44,Male,AR,2026-02-09
SPOT-106419,25-34,Male,FR,2024-04-30
SPOT-106420,55+,Male,US,2025-10-16
SPOT-106421,25-34,Female,US,2026-03-29
SPOT-106422,18-24,Female,US,2025-03-05
SPOT-106423,18-24,Female,GB,2024-07-25
SPOT-106424,25-34,Female,CA,2024-11-25
SPOT-106425,18-24,Male,US,2025-09-29
SPOT-106426,45-54,Female,AR,2023-12-27
SPOT-106427,35-44,Male,FR,2024-04-28
SPOT-106428,18-24,Female,AR,2025-10-26
SPOT-106429,25-34,Male,US,2025-05-05
SPOT-106430,35-44,Male,MX,2025-06-23
SPOT-106431,45-54,Female,AU,2024-09-04
SPOT-106432,45-54,Male,US,2024-12-16
SPOT-106433,25-34,Male,US,2026-03-20
SPOT-106434,35-44,Female,FR,2024-11-04
SPOT-106435,25-34,Male,MX,2026-02-19
SPOT-106436,25-34,Male,MX,2025-01-13
SPOT-106437,18-24,Male,AU,2024-11-23
SPOT-106438,18-24,Male,ES,2025-02-02
SPOT-106439,25-34,Male,DE,2024-06-19
SPOT-106440,18-24,Male,DE,2025-09-02
SPOT-106441,18-24,Female,US,2025-01-08
SPOT-106442,35-44,Female,GB,2026-03-26
SPOT-106443,18-24,Female,DE,2026-05-23
SPOT-106444,25-34,Male,GB,2025-04-18
SPOT-106445,25-34,Male,CA,2023-12-31
SPOT-106446,55+,Female,US,2024-03-30
SPOT-106447,25-34,Female,BR,2025-03-16
SPOT-106448,18-24,Male,ES,2025-04-09
SPOT-106449,25-34,Male,ES,2024-04-13
SPOT-106450,35-44,Male,MX,2024-09-18
SPOT-106451,55+,Female,DE,2025-04-17
SPOT-106452,25-34,Female,CA,2025-07-16
SPOT-106453,18-24,Male,GB,2024-12-31
SPOT-106454,45-54,Male,ES,2026-02-27
SPOT-106455,18-24,Female,CA,2025-04-26
SPOT-106456,25-34,Male,US,2024-12-23
SPOT-106457,25-34,Female,CA,2025-06-25
SPOT-106458,18-24,Female,ES,2024-10-11
SPOT-106459,18-24,Male,MX,2025-08-05
SPOT-106460,18-24,Male,DE,2026-02-11
SPOT-106461,25-34,Male,CA,2025-07-30
SPOT-106462,45-54,Female,US,2024-12-14
SPOT-106463,18-24,Female,DE,2026-04-10
SPOT-106464,35-44,Female,ES,2024-07-10
SPOT-106465,18-24,Female,AR,2024-11-12
SPOT-106466,25-34,Female,US,2025-08-29
SPOT-106467,18-24,Female,US,2025-10-12
SPOT-106468,45-54,Male,AR,2024-05-04
SPOT-106469,35-44,Male,DE,2025-11-17
SPOT-106470,25-34,Female,US,2025-03-29
SPOT-106471,35-44,Female,US,2025-09-16
SPOT-106472,25-34,Female,MX,2025-12-23
SPOT-106473,55+,Female,BR,2025-12-06
SPOT-106474,35-44,Male,FR,2025-10-15
SPOT-106475,45-54,Male,US,2024-03-30
SPOT-106476,25-34,Female,FR,2025-04-23
SPOT-106477,18-24,Male,FR,2024-05-13
SPOT-106478,25-34,Male,DE,2024-07-09
SPOT-106479,18-24,Female,US,2023-12-04
SPOT-106480,25-34,Female,CA,2024-10-03
SPOT-106481,25-34,Female,US,2024-11-11
SPOT-106482,25-34,Female,BR,2025-03-07
SPOT-106483,18-24,Female,BR,2026-04-05
SPOT-106484,18-24,Female,AR,2025-08-10
SPOT-106485,25-34,Male,BR,2025-12-24
SPOT-106486,55+,Female,DE,2024-07-18
SPOT-106487,25-34,Male,FR,2024-01-18
SPOT-106488,25-34,Non-binary,AU,2026-03-26
SPOT-106489,35-44,Male,BR,2025-04-22
SPOT-106490,25-34,Male,DE,2025-12-11
SPOT-106491,18-24,Female,AR,2025-06-11
SPOT-106492,25-34,Female,AR,2023-12-21
SPOT-106493,18-24,Male,GB,2025-08-19
SPOT-106494,55+,Male,BR,2024-11-16
SPOT-106495,18-24,Female,US,2025-11-09
SPOT-106496,25-34,Male,MX,2023-12-31
SPOT-106497,18-24,Male,AR,2026-05-01
SPOT-106498,18-24,Male,US,2025-03-07
SPOT-106499,35-44,Male,GB,2025-12-22
SPOT-106500,18-24,Male,DE,2024-05-18
SPOT-106501,18-24,Female,AR,2025-10-13
SPOT-106502,25-34,Male,ES,2026-02-12
SPOT-106503,18-24,Male,GB,2025-02-02
SPOT-106504,18-24,Non-binary,US,2024-02-28
SPOT-106505,35-44,Female,MX,2024-06-07
SPOT-106506,35-44,Male,BR,2026-03-25
SPOT-106507,45-54,Male,BR,2025-01-16
SPOT-106508,45-54,Female,MX,2024-09-11
SPOT-106509,25-34,Male,BR,2026-02-25
SPOT-106510,18-24,Female,MX,2026-04-08
SPOT-106511,35-44,Female,FR,2024-04-22
SPOT-106512,35-44,Male,FR,2025-07-16
SPOT-106513,35-44,Female,US,2023-12-11
SPOT-106514,25-34,Male,BR,2025-06-18
SPOT-106515,18-24,Male,DE,2023-12-22
SPOT-106516,35-44,Female,GB,2024-08-13
SPOT-106517,35-44,Male,MX,2024-11-05
SPOT-106518,55+,Male,BR,2024-07-03
SPOT-106519,18-24,Female,ES,2025-03-25
SPOT-106520,18-24,Female,US,2025-07-09
SPOT-106521,18-24,Male,GB,2026-01-21
SPOT-106522,35-44,Female,US,2025-04-29
SPOT-106523,18-24,Male,ES,2025-02-14
SPOT-106524,18-24,Female,CA,2023-12-13
SPOT-106525,55+,Female,BR,2025-01-05
SPOT-106526,18-24,Female,MX,2024-02-08
SPOT-106527,35-44,Female,US,2025-12-26
SPOT-106528,25-34,Male,BR,2025-06-26
SPOT-106529,35-44,Male,BR,2025-04-12
SPOT-106530,25-34,Male,US,2024-11-28
SPOT-106531,45-54,Female,AR,2026-01-27
SPOT-106532,45-54,Male,GB,2024-07-04
SPOT-106533,18-24,Female,ES,2024-05-29
SPOT-106534,18-24,Female,DE,2024-02-03
SPOT-106535,18-24,Male,AU,2025-05-09
SPOT-106536,25-34,Female,US,2025-03-30
SPOT-106537,45-54,Female,US,2024-03-17
SPOT-106538,25-34,Male,AU,2024-04-27
SPOT-106539,25-34,Female,US,2025-12-14
SPOT-106540,18-24,Male,MX,2024-01-07
SPOT-106541,35-44,Male,DE,2025-01-22
SPOT-106542,55+,Female,MX,2024-12-26
SPOT-106543,18-24,Non-binary,BR,2025-06-22
SPOT-106544,25-34,Male,ES,2024-04-22
SPOT-106545,18-24,Female,US,2026-02-08
SPOT-106546,25-34,Male,AR,2024-02-27
SPOT-106547,25-34,Female,BR,2026-04-15
SPOT-106548,18-24,Female,BR,2024-04-21
SPOT-106549,25-34,Male,DE,2025-05-18
SPOT-106550,18-24,Female,AU,2024-01-23
SPOT-106551,25-34,Male,AR,2025-04-21
SPOT-106552,25-34,Male,GB,2024-01-07
SPOT-106553,18-24,Female,AR,2024-01-14
SPOT-106554,35-44,Male,DE,2023-11-15
SPOT-106555,35-44,Female,FR,2026-01-21
SPOT-106556,25-34,Female,US,2024-04-21
SPOT-106557,18-24,Male,GB,2025-11-15
SPOT-106558,35-44,Male,DE,2025-09-30
SPOT-106559,55+,Male,ES,2025-02-05
SPOT-106560,18-24,Male,US,2024-11-13
SPOT-106561,18-24,Male,GB,2025-11-22
SPOT-106562,18-24,Male,ES,2024-06-27
SPOT-106563,25-34,Female,US,2024-12-31
SPOT-106564,18-24,Female,US,2026-05-19
SPOT-106565,25-34,Male,ES,2024-10-21
SPOT-106566,25-34,Male,FR,2023-11-06
SPOT-106567,25-34,Female,ES,2025-12-28
SPOT-106568,25-34,Female,BR,2024-09-15
SPOT-106569,25-34,Male,US,2025-01-05
SPOT-106570,25-34,Female,AR,2024-07-05
SPOT-106571,18-24,Female,US,2025-07-11
SPOT-106572,18-24,Female,DE,2024-04-16
SPOT-106573,45-54,Male,US,2025-02-15
SPOT-106574,18-24,Non-binary,ES,2025-07-27
SPOT-106575,35-44,Male,BR,2024-10-09
SPOT-106576,45-54,Female,CA,2025-04-03
SPOT-106577,18-24,Male,US,2025-03-06
SPOT-106578,25-34,Female,AR,2025-03-08
SPOT-106579,25-34,Female,BR,2024-12-25
SPOT-106580,45-54,Female,GB,2025-12-20
SPOT-106581,45-54,Female,MX,2026-01-18
SPOT-106582,35-44,Male,AR,2025-09-24
SPOT-106583,18-24,Female,DE,2024-11-28
SPOT-106584,25-34,Female,US,2024-01-24
SPOT-106585,25-34,Male,CA,2024-10-08
SPOT-106586,25-34,Female,GB,2026-01-17
SPOT-106587,18-24,Female,AU,2024-09-04
SPOT-106588,18-24,Female,ES,2025-03-16
SPOT-106589,35-44,Female,MX,2024-06-18
SPOT-106590,25-34,Female,US,2025-10-29
SPOT-106591,18-24,Female,DE,2026-03-08
SPOT-106592,25-34,Female,BR,2023-12-10
SPOT-106593,45-54,Female,DE,2024-02-09
SPOT-106594,35-44,Female,US,2023-11-28
SPOT-106595,18-24,Female,GB,2024-05-19
SPOT-106596,18-24,Male,US,2025-01-22
SPOT-106597,18-24,Male,GB,2024-07-07
SPOT-106598,45-54,Female,US,2025-12-11
SPOT-106599,25-34,Female,ES,2025-04-27
SPOT-106600,25-34,Male,MX,2024-10-26
SPOT-106601,25-34,Male,CA,2024-01-31
SPOT-106602,25-34,Male,DE,2026-02-06
SPOT-106603,35-44,Female,AR,2024-09-10
SPOT-106604,25-34,Female,BR,2025-07-23
SPOT-106605,18-24,Female,MX,2025-07-21
SPOT-106606,18-24,Male,BR,2025-01-24
SPOT-106607,25-34,Male,ES,2025-01-23
SPOT-106608,45-54,Male,US,2025-03-24
SPOT-106609,18-24,Male,US,2025-09-11
SPOT-106610,45-54,Female,US,2025-10-12
SPOT-106611,35-44,Male,GB,2024-02-23
SPOT-106612,18-24,Male,BR,2026-05-20
SPOT-106613,18-24,Male,MX,2025-07-06
SPOT-106614,18-24,Male,ES,2025-10-14
SPOT-106615,35-44,Male,GB,2025-09-03
SPOT-106616,18-24,Male,MX,2024-12-21
SPOT-106617,25-34,Male,US,2025-07-31
SPOT-106618,25-34,Male,US,2025-03-20
SPOT-106619,35-44,Male,MX,2023-11-26
SPOT-106620,18-24,Female,ES,2025-10-04
SPOT-106621,25-34,Non-binary,MX,2024-02-09
SPOT-106622,25-34,Female,GB,2024-09-16
SPOT-106623,25-34,Female,CA,2026-04-28
SPOT-106624,35-44,Female,FR,2025-07-20
SPOT-106625,18-24,Male,BR,2026-05-16
SPOT-106626,35-44,Male,AU,2025-01-18
SPOT-106627,25-34,Male,GB,2024-05-30
SPOT-106628,25-34,Male,BR,2023-12-24
SPOT-106629,25-34,Female,CA,2024-11-13
SPOT-106630,25-34,Male,DE,2025-06-06
SPOT-106631,18-24,Female,BR,2025-05-20
SPOT-106632,25-34,Male,US,2024-09-05
SPOT-106633,25-34,Female,US,2025-04-03
SPOT-106634,25-34,Female,US,2025-02-03
SPOT-106635,18-24,Non-binary,BR,2024-02-21
SPOT-106636,45-54,Female,GB,2024-04-12
SPOT-106637,25-34,Male,US,2025-09-10
SPOT-106638,18-24,Female,BR,2023-12-24
SPOT-106639,25-34,Male,MX,2024-04-21
SPOT-106640,35-44,Female,ES,2023-11-28
SPOT-106641,35-44,Male,AR,2024-05-19
SPOT-106642,25-34,Male,BR,2025-06-19
SPOT-106643,45-54,Female,DE,2024-01-04
SPOT-106644,18-24,Male,MX,2025-10-03
SPOT-106645,25-34,Male,US,2025-02-08
SPOT-106646,45-54,Male,MX,2025-01-12
SPOT-106647,45-54,Female,DE,2025-06-17
SPOT-106648,25-34,Female,DE,2025-12-20
SPOT-106649,45-54,Female,GB,2025-12-24
SPOT-106650,18-24,Female,US,2025-10-24
SPOT-106651,45-54,Male,DE,2026-02-20
SPOT-106652,18-24,Female,GB,2024-10-02
SPOT-106653,18-24,Female,AU,2026-05-24
SPOT-106654,18-24,Female,CA,2025-03-12
SPOT-106655,25-34,Male,MX,2025-11-29
SPOT-106656,18-24,Male,CA,2024-06-30
SPOT-106657,18-24,Male,ES,2025-12-22
SPOT-106658,18-24,Male,GB,2023-12-25
SPOT-106659,18-24,Male,MX,2024-11-19
SPOT-106660,25-34,Male,US,2025-01-14
SPOT-106661,25-34,Male,MX,2025-12-29
SPOT-106662,18-24,Male,US,2026-04-09
SPOT-106663,35-44,Female,AR,2025-01-29
SPOT-106664,45-54,Female,BR,2026-01-17
SPOT-106665,35-44,Male,US,2024-07-18
SPOT-106666,18-24,Female,FR,2025-04-18
SPOT-106667,35-44,Female,FR,2023-11-18
SPOT-106668,18-24,Female,FR,2025-04-04
SPOT-106669,18-24,Non-binary,ES,2026-02-01
SPOT-106670,18-24,Male,MX,2024-08-11
SPOT-106671,35-44,Female,DE,2025-07-06
SPOT-106672,18-24,Female,US,2026-05-27
SPOT-106673,18-24,Male,GB,2024-04-04
SPOT-106674,18-24,Non-binary,GB,2024-10-03
SPOT-106675,45-54,Female,GB,2024-11-01
SPOT-106676,25-34,Male,BR,2026-03-19
SPOT-106677,18-24,Female,US,2025-11-29
SPOT-106678,25-34,Male,US,2025-02-27
SPOT-106679,25-34,Female,ES,2025-06-26
SPOT-106680,25-34,Male,US,2025-12-15
SPOT-106681,18-24,Male,US,2025-10-16
SPOT-106682,45-54,Female,DE,2025-07-29
SPOT-106683,18-24,Male,US,2026-05-06
SPOT-106684,25-34,Male,AU,2024-11-10
SPOT-106685,18-24,Male,MX,2024-04-21
SPOT-106686,25-34,Male,DE,2024-10-05
SPOT-106687,25-34,Female,US,2025-12-02
SPOT-106688,25-34,Male,DE,2025-02-08
SPOT-106689,18-24,Female,MX,2024-02-26
SPOT-106690,35-44,Male,AU,2026-04-19
SPOT-106691,18-24,Male,BR,2023-12-27
SPOT-106692,25-34,Male,MX,2023-11-30
SPOT-106693,35-44,Female,US,2024-01-12
SPOT-106694,25-34,Male,MX,2025-01-13
SPOT-106695,35-44,Male,US,2024-08-23
SPOT-106696,25-34,Male,US,2025-09-13
SPOT-106697,25-34,Female,BR,2026-01-19
SPOT-106698,35-44,Male,US,2024-06-03
SPOT-106699,18-24,Female,ES,2025-06-15
SPOT-106700,25-34,Male,CA,2026-04-14
SPOT-106701,35-44,Male,DE,2024-05-29
SPOT-106702,25-34,Male,GB,2024-09-21
SPOT-106703,18-24,Male,US,2024-12-24
SPOT-106704,25-34,Female,DE,2024-05-13
SPOT-106705,35-44,Non-binary,BR,2025-06-13
SPOT-106706,45-54,Male,DE,2025-10-24
SPOT-106707,25-34,Male,MX,2025-08-16
SPOT-106708,25-34,Male,MX,2025-11-24
SPOT-106709,45-54,Male,US,2024-12-19
SPOT-106710,18-24,Male,MX,2024-02-13
SPOT-106711,18-24,Female,CA,2025-07-23
SPOT-106712,35-44,Male,US,2024-02-04
SPOT-106713,35-44,Female,BR,2025-07-18
SPOT-106714,45-54,Male,MX,2024-06-28
SPOT-106715,25-34,Male,ES,2025-01-07
SPOT-106716,18-24,Male,DE,2026-05-17
SPOT-106717,25-34,Male,AR,2025-11-01
SPOT-106718,18-24,Male,BR,2025-09-08
SPOT-106719,18-24,Male,DE,2025-07-27
SPOT-106720,35-44,Male,ES,2023-12-02
SPOT-106721,18-24,Female,CA,2025-04-21
SPOT-106722,35-44,Male,AR,2025-10-15
SPOT-106723,25-34,Female,CA,2026-01-22
SPOT-106724,25-34,Male,GB,2026-03-08
SPOT-106725,18-24,Female,US,2025-01-10
SPOT-106726,18-24,Male,BR,2025-01-03
SPOT-106727,18-24,Male,US,2024-04-05
SPOT-106728,55+,Non-binary,MX,2026-05-07
SPOT-106729,35-44,Male,US,2024-12-27
SPOT-106730,25-34,Female,DE,2025-11-25
SPOT-106731,18-24,Female,MX,2025-07-18
SPOT-106732,45-54,Male,BR,2024-10-11
SPOT-106733,18-24,Female,US,2024-08-05
SPOT-106734,18-24,Female,FR,2026-01-31
SPOT-106735,25-34,Female,ES,2025-03-12
SPOT-106736,45-54,Non-binary,MX,2024-12-02
SPOT-106737,18-24,Male,MX,2024-10-08
SPOT-106738,18-24,Male,DE,2024-05-05
SPOT-106739,45-54,Female,DE,2025-02-12
SPOT-106740,18-24,Male,US,2026-04-02
SPOT-106741,18-24,Male,AR,2025-03-29
SPOT-106742,25-34,Male,DE,2025-10-20
SPOT-106743,45-54,Female,MX,2023-12-20
SPOT-106744,25-34,Male,GB,2025-07-16
SPOT-106745,55+,Female,AR,2025-08-10
SPOT-106746,25-34,Male,US,2025-10-28
SPOT-106747,18-24,Male,MX,2025-03-31
SPOT-106748,55+,Female,AR,2026-03-16
SPOT-106749,25-34,Female,MX,2024-04-29
SPOT-106750,18-24,Male,MX,2024-12-14
SPOT-106751,25-34,Male,BR,2025-04-26
SPOT-106752,18-24,Male,BR,2024-06-22
SPOT-106753,18-24,Female,US,2024-02-05
SPOT-106754,18-24,Male,GB,2025-01-23
SPOT-106755,25-34,Male,ES,2026-03-27
SPOT-106756,35-44,Female,CA,2025-02-04
SPOT-106757,25-34,Male,BR,2025-08-11
SPOT-106758,55+,Male,ES,2026-03-01
SPOT-106759,18-24,Female,MX,2025-11-23
SPOT-106760,18-24,Female,AU,2024-07-11
SPOT-106761,18-24,Female,AR,2024-07-20
SPOT-106762,18-24,Male,MX,2025-06-07
SPOT-106763,18-24,Female,US,2025-11-25
SPOT-106764,35-44,Female,GB,2025-03-21
SPOT-106765,45-54,Male,GB,2025-04-03
SPOT-106766,55+,Female,FR,2025-03-17
SPOT-106767,18-24,Male,DE,2026-04-16
SPOT-106768,45-54,Female,BR,2025-08-05
SPOT-106769,18-24,Female,AU,2024-11-15
SPOT-106770,18-24,Female,AR,2026-02-03
SPOT-106771,45-54,Male,AR,2025-07-18
SPOT-106772,25-34,Female,US,2024-04-06
SPOT-106773,18-24,Male,US,2024-09-03
SPOT-106774,25-34,Female,US,2025-04-16
SPOT-106775,18-24,Female,ES,2026-01-31
SPOT-106776,35-44,Male,DE,2026-04-10
SPOT-106777,25-34,Male,US,2025-10-28
SPOT-106778,55+,Female,ES,2025-06-29
SPOT-106779,18-24,Male,US,2026-01-18
SPOT-106780,25-34,Female,BR,2025-02-02
SPOT-106781,25-34,Male,ES,2026-05-14
SPOT-106782,25-34,Female,MX,2025-01-09
SPOT-106783,18-24,Male,AU,2025-03-11
SPOT-106784,35-44,Female,DE,2025-07-24
SPOT-106785,45-54,Female,GB,2026-03-30
SPOT-106786,45-54,Female,US,2025-04-10
SPOT-106787,35-44,Male,BR,2024-08-24
SPOT-106788,45-54,Non-binary,FR,2024-08-24
SPOT-106789,25-34,Male,CA,2024-12-10
SPOT-106790,35-44,Female,AU,2024-10-04
SPOT-106791,18-24,Female,BR,2023-11-06
SPOT-106792,25-34,Male,MX,2026-05-18
SPOT-106793,18-24,Male,BR,2025-03-01
SPOT-106794,25-34,Male,DE,2025-07-18
SPOT-106795,18-24,Female,US,2025-04-08
SPOT-106796,55+,Female,US,2026-01-30
SPOT-106797,18-24,Male,DE,2024-12-05
SPOT-106798,18-24,Male,US,2024-12-30
SPOT-106799,25-34,Female,FR,2024-05-19
SPOT-106800,18-24,Male,ES,2024-03-23
SPOT-106801,18-24,Male,MX,2024-08-19
SPOT-106802,18-24,Male,US,2024-04-10
SPOT-106803,25-34,Male,MX,2024-03-21
SPOT-106804,25-34,Female,MX,2024-07-09
SPOT-106805,35-44,Female,DE,2025-06-09
SPOT-106806,35-44,Male,MX,2024-06-08
SPOT-106807,25-34,Female,FR,2024-02-05
SPOT-106808,18-24,Male,ES,2024-11-29
SPOT-106809,18-24,Female,BR,2026-02-04
SPOT-106810,35-44,Male,GB,2025-03-23
SPOT-106811,18-24,Female,BR,2024-12-04
SPOT-106812,18-24,Male,CA,2024-04-08
SPOT-106813,35-44,Male,AR,2024-11-27
SPOT-106814,25-34,Female,US,2025-01-30
SPOT-106815,18-24,Male,AR,2026-02-16
SPOT-106816,18-24,Female,US,2024-05-24
SPOT-106817,45-54,Non-binary,BR,2026-04-28
SPOT-106818,45-54,Female,AR,2025-01-16
SPOT-106819,35-44,Male,BR,2025-09-15
SPOT-106820,25-34,Male,DE,2026-05-06
SPOT-106821,25-34,Female,GB,2025-11-18
SPOT-106822,55+,Male,GB,2025-07-14
SPOT-106823,55+,Female,AR,2026-01-23
SPOT-106824,18-24,Female,AR,2023-11-17
SPOT-106825,35-44,Female,AR,2024-11-11
SPOT-106826,18-24,Female,GB,2025-12-05
SPOT-106827,18-24,Male,AR,2025-07-15
SPOT-106828,25-34,Female,US,2025-03-04
SPOT-106829,25-34,Female,US,2024-12-15
SPOT-106830,45-54,Male,BR,2024-10-29
SPOT-106831,18-24,Male,DE,2025-08-24
SPOT-106832,25-34,Female,US,2025-06-26
SPOT-106833,45-54,Female,US,2025-04-11
SPOT-106834,45-54,Female,MX,2024-05-03
SPOT-106835,18-24,Female,GB,2025-11-22
SPOT-106836,25-34,Male,US,2025-08-15
SPOT-106837,25-34,Female,DE,2024-01-26
SPOT-106838,18-24,Female,GB,2024-12-29
SPOT-106839,55+,Male,BR,2025-06-04
SPOT-106840,45-54,Male,CA,2024-05-09
SPOT-106841,18-24,Female,GB,2024-12-13
SPOT-106842,18-24,Female,AU,2026-03-17
SPOT-106843,18-24,Male,US,2025-04-27
SPOT-106844,45-54,Female,US,2025-02-22
SPOT-106845,18-24,Male,ES,2025-10-05
SPOT-106846,25-34,Male,ES,2025-08-24
SPOT-106847,25-34,Female,DE,2024-12-29
SPOT-106848,25-34,Male,GB,2024-06-17
SPOT-106849,18-24,Female,AR,2024-07-07
SPOT-106850,18-24,Female,AU,2026-02-08
SPOT-106851,45-54,Female,AU,2026-04-17
SPOT-106852,45-54,Male,MX,2024-02-04
SPOT-106853,35-44,Female,ES,2024-07-14
SPOT-106854,18-24,Female,AR,2024-08-18
SPOT-106855,18-24,Male,AR,2026-03-21
SPOT-106856,25-34,Male,AU,2024-10-15
SPOT-106857,18-24,Female,AR,2024-04-04
SPOT-106858,45-54,Male,MX,2024-07-04
SPOT-106859,25-34,Female,DE,2025-12-23
SPOT-106860,18-24,Female,BR,2024-03-09
SPOT-106861,45-54,Male,FR,2025-06-10
SPOT-106862,55+,Male,GB,2025-03-07
SPOT-106863,18-24,Male,US,2026-05-04
SPOT-106864,25-34,Male,GB,2026-06-02
SPOT-106865,18-24,Female,AU,2024-12-12
SPOT-106866,25-34,Male,AR,2025-11-16
SPOT-106867,18-24,Male,US,2025-09-13
SPOT-106868,25-34,Male,US,2025-06-03
SPOT-106869,55+,Female,MX,2026-05-29
SPOT-106870,25-34,Male,BR,2024-10-15
SPOT-106871,18-24,Female,US,2024-01-03
SPOT-106872,25-34,Female,AU,2025-03-12
SPOT-106873,18-24,Male,MX,2024-01-25
SPOT-106874,45-54,Male,MX,2026-05-11
SPOT-106875,25-34,Female,FR,2024-08-24
SPOT-106876,18-24,Female,GB,2025-03-29
SPOT-106877,18-24,Male,BR,2025-11-07
SPOT-106878,35-44,Female,BR,2025-12-16
SPOT-106879,18-24,Male,AU,2024-02-16
SPOT-106880,35-44,Male,US,2025-03-01
SPOT-106881,18-24,Female,ES,2025-07-05
SPOT-106882,18-24,Male,BR,2025-11-21
SPOT-106883,25-34,Female,AR,2025-05-13
SPOT-106884,45-54,Female,AR,2025-07-19
SPOT-106885,45-54,Female,US,2023-12-07
SPOT-106886,18-24,Male,GB,2024-06-10
SPOT-106887,25-34,Male,US,2023-11-17
SPOT-106888,18-24,Male,DE,2024-05-23
SPOT-106889,25-34,Male,CA,2025-05-24
SPOT-106890,25-34,Male,US,2025-08-26
SPOT-106891,45-54,Female,BR,2024-01-05
SPOT-106892,45-54,Male,FR,2025-10-08
SPOT-106893,25-34,Female,CA,2024-09-25
SPOT-106894,25-34,Female,MX,2024-02-04
SPOT-106895,45-54,Female,AR,2025-01-10
SPOT-106896,35-44,Female,GB,2024-12-09
SPOT-106897,18-24,Male,GB,2024-12-01
SPOT-106898,18-24,Male,US,2024-02-11
SPOT-106899,25-34,Female,BR,2025-10-09
SPOT-106900,18-24,Female,DE,2024-07-22
SPOT-106901,18-24,Male,DE,2025-06-01
SPOT-106902,18-24,Female,US,2024-05-15
SPOT-106903,25-34,Female,US,2025-06-25
SPOT-106904,18-24,Male,US,2024-10-12
SPOT-106905,18-24,Male,CA,2024-12-03
SPOT-106906,18-24,Female,AU,2026-05-31
SPOT-106907,35-44,Male,US,2025-12-10
SPOT-106908,45-54,Male,US,2025-11-25
SPOT-106909,25-34,Male,FR,2024-04-08
SPOT-106910,25-34,Female,US,2025-07-25
SPOT-106911,55+,Female,CA,2024-10-26
SPOT-106912,18-24,Male,DE,2024-11-20
SPOT-106913,18-24,Male,BR,2026-05-14
SPOT-106914,18-24,Male,ES,2025-11-06
SPOT-106915,18-24,Male,US,2026-02-14
SPOT-106916,25-34,Male,US,2023-12-08
SPOT-106917,45-54,Male,AR,2025-04-12
SPOT-106918,25-34,Male,AU,2026-01-27
SPOT-106919,25-34,Female,MX,2024-10-05
SPOT-106920,45-54,Male,AR,2026-03-25
SPOT-106921,18-24,Male,CA,2025-08-28
SPOT-106922,18-24,Male,US,2026-04-18
SPOT-106923,25-34,Female,GB,2024-08-25
SPOT-106924,25-34,Male,US,2026-05-08
SPOT-106925,18-24,Female,US,2025-11-20
SPOT-106926,25-34,Female,ES,2024-02-29
SPOT-106927,25-34,Female,US,2024-04-01
SPOT-106928,25-34,Female,US,2025-11-20
SPOT-106929,25-34,Male,GB,2024-06-14
SPOT-106930,18-24,Male,US,2026-01-30
SPOT-106931,18-24,Female,US,2024-07-24
SPOT-106932,25-34,Male,US,2024-10-31
SPOT-106933,18-24,Male,FR,2024-07-25
SPOT-106934,45-54,Non-binary,ES,2026-02-05
SPOT-106935,25-34,Female,FR,2025-07-18
SPOT-106936,18-24,Female,FR,2024-06-08
SPOT-106937,35-44,Female,CA,2024-03-03
SPOT-106938,25-34,Female,US,2024-05-30
SPOT-106939,18-24,Female,CA,2025-11-16
SPOT-106940,35-44,Male,BR,2025-05-02
SPOT-106941,45-54,Non-binary,US,2025-12-07
SPOT-106942,25-34,Male,MX,2026-04-21
SPOT-106943,18-24,Female,GB,2026-01-19
SPOT-106944,25-34,Male,US,2025-02-17
SPOT-106945,35-44,Male,US,2024-07-19
SPOT-106946,18-24,Female,DE,2025-03-12
SPOT-106947,18-24,Male,AR,2026-05-27
SPOT-106948,45-54,Female,GB,2024-12-28
SPOT-106949,18-24,Female,ES,2026-03-17
SPOT-106950,35-44,Female,US,2024-06-24
SPOT-106951,25-34,Male,DE,2025-11-25
SPOT-106952,25-34,Male,US,2023-12-01
SPOT-106953,18-24,Female,FR,2024-05-23
SPOT-106954,35-44,Male,AU,2026-05-01
SPOT-106955,25-34,Male,GB,2025-07-20
SPOT-106956,25-34,Female,AU,2026-02-06
SPOT-106957,25-34,Female,ES,2026-03-17
SPOT-106958,35-44,Female,US,2025-03-09
SPOT-106959,55+,Male,BR,2023-12-13
SPOT-106960,25-34,Female,AR,2024-12-08
SPOT-106961,25-34,Female,BR,2026-01-30
SPOT-106962,55+,Female,BR,2024-01-26
SPOT-106963,25-34,Male,DE,2024-12-02
SPOT-106964,18-24,Female,DE,2024-01-15
SPOT-106965,18-24,Male,US,2025-05-25
SPOT-106966,35-44,Female,MX,2024-06-18
SPOT-106967,25-34,Female,ES,2024-09-22
SPOT-106968,25-34,Female,AR,2024-09-29
SPOT-106969,25-34,Male,MX,2026-01-10
SPOT-106970,18-24,Female,GB,2024-10-18
SPOT-106971,25-34,Male,US,2026-05-15
SPOT-106972,18-24,Male,FR,2025-12-22
SPOT-106973,25-34,Female,DE,2025-08-13
SPOT-106974,25-34,Female,MX,2025-11-29
SPOT-106975,25-34,Male,US,2025-12-01
SPOT-106976,35-44,Male,US,2026-04-01
SPOT-106977,35-44,Male,US,2025-12-09
SPOT-106978,35-44,Female,AR,2024-05-15
SPOT-106979,18-24,Female,MX,2025-07-16
SPOT-106980,18-24,Female,MX,2024-01-14
SPOT-106981,25-34,Male,CA,2025-11-24
SPOT-106982,45-54,Non-binary,US,2024-01-26
SPOT-106983,35-44,Female,US,2024-07-04
SPOT-106984,35-44,Female,US,2026-04-13
SPOT-106985,18-24,Female,DE,2024-02-20
SPOT-106986,25-34,Non-binary,FR,2026-02-06
SPOT-106987,25-34,Female,FR,2024-01-04
SPOT-106988,18-24,Female,BR,2025-07-30
SPOT-106989,18-24,Male,MX,2025-07-03
SPOT-106990,45-54,Female,FR,2025-05-25
SPOT-106991,18-24,Female,MX,2025-07-17
SPOT-106992,18-24,Female,US,2024-08-02
SPOT-106993,18-24,Male,ES,2025-04-01
SPOT-106994,45-54,Male,ES,2026-02-03
SPOT-106995,25-34,Female,MX,2024-11-04
SPOT-106996,25-34,Female,GB,2026-03-14
SPOT-106997,45-54,Female,DE,2025-08-11
SPOT-106998,18-24,Male,BR,2024-10-11
SPOT-106999,25-34,Male,US,2024-11-09
SPOT-107000,18-24,Male,DE,2026-02-08
SPOT-107001,18-24,Male,US,2025-06-26
SPOT-107002,35-44,Male,BR,2024-04-11
SPOT-107003,35-44,Female,US,2025-09-28
SPOT-107004,25-34,Female,CA,2025-06-03
SPOT-107005,25-34,Male,US,2025-08-30
SPOT-107006,25-34,Female,DE,2026-03-04
SPOT-107007,18-24,Female,US,2024-04-10
SPOT-107008,18-24,Female,US,2025-09-27
SPOT-107009,18-24,Female,MX,2026-04-17
SPOT-107010,18-24,Male,US,2025-11-09
SPOT-107011,35-44,Male,MX,2025-07-14
SPOT-107012,18-24,Male,US,2024-01-01
SPOT-107013,18-24,Female,DE,2024-01-29
SPOT-107014,25-34,Female,ES,2024-10-22
SPOT-107015,45-54,Male,CA,2025-09-15
SPOT-107016,18-24,Female,BR,2026-02-19
SPOT-107017,18-24,Male,AR,2023-11-17
SPOT-107018,25-34,Non-binary,AR,2024-09-07
SPOT-107019,35-44,Male,GB,2024-01-08
SPOT-107020,25-34,Male,FR,2025-02-03
SPOT-107021,35-44,Male,MX,2025-11-15
SPOT-107022,55+,Male,US,2024-03-01
SPOT-107023,35-44,Female,CA,2025-08-12
SPOT-107024,25-34,Male,US,2025-06-29
SPOT-107025,25-34,Female,BR,2025-09-10
SPOT-107026,18-24,Male,DE,2025-01-29
SPOT-107027,55+,Male,MX,2025-12-18
SPOT-107028,25-34,Female,MX,2025-01-10
SPOT-107029,18-24,Female,US,2025-02-21
SPOT-107030,25-34,Male,GB,2025-12-26
SPOT-107031,18-24,Female,US,2024-05-06
SPOT-107032,25-34,Female,US,2026-03-17
SPOT-107033,25-34,Male,AR,2025-02-15
SPOT-107034,25-34,Female,ES,2024-12-30
SPOT-107035,35-44,Male,DE,2023-12-16
SPOT-107036,18-24,Male,US,2024-05-13
SPOT-107037,25-34,Female,DE,2026-01-21
SPOT-107038,25-34,Male,GB,2023-11-14
SPOT-107039,25-34,Male,ES,2024-01-09
SPOT-107040,35-44,Male,US,2025-09-14
SPOT-107041,25-34,Female,DE,2024-02-26
SPOT-107042,25-34,Female,BR,2024-05-30
SPOT-107043,18-24,Male,AU,2025-01-31
SPOT-107044,45-54,Female,US,2024-01-15
SPOT-107045,25-34,Male,US,2026-02-22
SPOT-107046,35-44,Female,AU,2024-09-24
SPOT-107047,18-24,Female,DE,2024-09-07
SPOT-107048,18-24,Female,ES,2025-02-21
SPOT-107049,25-34,Female,AR,2025-01-29
SPOT-107050,45-54,Female,GB,2025-04-02
SPOT-107051,25-34,Male,US,2024-06-11
SPOT-107052,45-54,Female,GB,2025-09-21
SPOT-107053,25-34,Male,ES,2024-04-05
SPOT-107054,25-34,Male,AR,2025-06-11
SPOT-107055,18-24,Male,MX,2025-11-27
SPOT-107056,35-44,Male,DE,2025-08-08
SPOT-107057,18-24,Female,GB,2025-03-22
SPOT-107058,45-54,Female,DE,2025-02-23
SPOT-107059,45-54,Male,CA,2024-08-01
SPOT-107060,45-54,Male,FR,2024-06-08
SPOT-107061,25-34,Male,GB,2025-01-16
SPOT-107062,25-34,Female,GB,2024-10-24
SPOT-107063,35-44,Male,ES,2024-10-19
SPOT-107064,18-24,Male,DE,2026-03-22
SPOT-107065,25-34,Female,BR,2026-02-08
SPOT-107066,18-24,Female,DE,2024-04-03
SPOT-107067,25-34,Male,US,2026-02-20
SPOT-107068,18-24,Male,US,2024-12-15
SPOT-107069,18-24,Female,US,2024-03-05
SPOT-107070,25-34,Male,US,2025-09-17
SPOT-107071,25-34,Male,GB,2024-07-14
SPOT-107072,25-34,Female,US,2024-10-29
SPOT-107073,18-24,Female,GB,2026-01-06
SPOT-107074,25-34,Male,US,2025-11-08
SPOT-107075,18-24,Male,GB,2024-09-19
SPOT-107076,25-34,Male,BR,2026-05-04
SPOT-107077,25-34,Female,CA,2025-04-13
SPOT-107078,25-34,Male,GB,2024-05-04
SPOT-107079,35-44,Female,US,2024-10-29
SPOT-107080,18-24,Female,GB,2025-04-14
SPOT-107081,35-44,Non-binary,AR,2023-12-04
SPOT-107082,25-34,Female,GB,2026-05-05
SPOT-107083,25-34,Male,GB,2025-08-29
SPOT-107084,25-34,Male,CA,2024-07-23
SPOT-107085,18-24,Male,GB,2023-11-22
SPOT-107086,25-34,Female,AU,2025-02-25
SPOT-107087,25-34,Female,AR,2026-03-10
SPOT-107088,18-24,Female,MX,2023-12-12
SPOT-107089,18-24,Male,BR,2026-03-30
SPOT-107090,18-24,Female,US,2025-12-27
SPOT-107091,45-54,Female,ES,2025-09-18
SPOT-107092,25-34,Female,GB,2024-12-14
SPOT-107093,18-24,Female,BR,2025-03-27
SPOT-107094,25-34,Female,US,2025-03-07
SPOT-107095,25-34,Female,GB,2024-04-14
SPOT-107096,35-44,Male,BR,2025-09-15
SPOT-107097,18-24,Male,DE,2024-05-26
SPOT-107098,18-24,Male,GB,2024-12-24
SPOT-107099,45-54,Male,BR,2025-11-11
SPOT-107100,18-24,Female,ES,2024-04-27
SPOT-107101,18-24,Female,DE,2024-03-30
SPOT-107102,55+,Female,BR,2024-11-02
SPOT-107103,25-34,Male,ES,2025-12-08
SPOT-107104,18-24,Male,AR,2024-11-23
SPOT-107105,18-24,Male,BR,2024-11-30
SPOT-107106,18-24,Male,CA,2025-03-09
SPOT-107107,18-24,Non-binary,GB,2025-07-24
SPOT-107108,45-54,Male,GB,2025-06-12
SPOT-107109,25-34,Male,MX,2024-02-14
SPOT-107110,35-44,Male,US,2026-03-29
SPOT-107111,45-54,Female,FR,2024-09-24
SPOT-107112,25-34,Female,DE,2024-09-23
SPOT-107113,18-24,Male,MX,2024-03-03
SPOT-107114,25-34,Female,BR,2024-08-03
SPOT-107115,45-54,Female,US,2024-01-28
SPOT-107116,35-44,Male,ES,2025-10-05
SPOT-107117,18-24,Male,AR,2025-01-12
SPOT-107118,25-34,Male,AU,2026-05-30
SPOT-107119,25-34,Male,DE,2025-03-21
SPOT-107120,45-54,Female,BR,2024-08-22
SPOT-107121,18-24,Male,FR,2025-05-22
SPOT-107122,25-34,Male,GB,2026-04-20
SPOT-107123,45-54,Male,US,2024-06-12
SPOT-107124,25-34,Male,US,2023-12-17
SPOT-107125,25-34,Female,AU,2026-04-02
SPOT-107126,18-24,Male,GB,2025-06-18
SPOT-107127,18-24,Male,ES,2026-05-29
SPOT-107128,18-24,Female,DE,2026-04-20
SPOT-107129,45-54,Male,US,2025-05-04
SPOT-107130,18-24,Male,CA,2025-01-18
SPOT-107131,25-34,Male,DE,2026-03-22
SPOT-107132,25-34,Male,BR,2025-12-10
SPOT-107133,18-24,Male,US,2026-05-20
SPOT-107134,25-34,Male,GB,2026-05-15
SPOT-107135,35-44,Male,ES,2024-12-25
SPOT-107136,45-54,Female,GB,2023-12-20
SPOT-107137,25-34,Male,BR,2024-12-17
SPOT-107138,25-34,Female,US,2024-03-18
SPOT-107139,18-24,Male,FR,2025-10-11
SPOT-107140,45-54,Female,ES,2024-11-02
SPOT-107141,18-24,Female,ES,2024-03-27
SPOT-107142,35-44,Male,US,2026-01-03
SPOT-107143,18-24,Female,BR,2025-11-23
SPOT-107144,45-54,Female,US,2024-08-05
SPOT-107145,35-44,Male,GB,2024-08-31
SPOT-107146,35-44,Non-binary,GB,2025-07-11
SPOT-107147,18-24,Male,CA,2024-08-09
SPOT-107148,25-34,Male,AU,2024-10-04
SPOT-107149,25-34,Female,MX,2025-05-28
SPOT-107150,35-44,Male,BR,2024-08-03
SPOT-107151,18-24,Female,DE,2023-12-06
SPOT-107152,55+,Female,US,2024-02-26
SPOT-107153,45-54,Female,AR,2023-11-07
SPOT-107154,18-24,Male,MX,2026-05-29
SPOT-107155,35-44,Non-binary,MX,2025-03-01
SPOT-107156,25-34,Male,AR,2024-01-07
SPOT-107157,25-34,Male,CA,2025-01-30
SPOT-107158,18-24,Female,DE,2026-05-01
SPOT-107159,25-34,Female,DE,2026-03-02
SPOT-107160,35-44,Male,AU,2024-02-16
SPOT-107161,25-34,Female,MX,2026-05-27
SPOT-107162,25-34,Male,FR,2025-03-31
SPOT-107163,25-34,Female,US,2024-04-16
SPOT-107164,35-44,Female,GB,2025-09-27
SPOT-107165,18-24,Female,DE,2026-03-22
SPOT-107166,45-54,Male,GB,2024-08-15
SPOT-107167,25-34,Female,FR,2024-05-24
SPOT-107168,18-24,Male,BR,2026-01-20
SPOT-107169,18-24,Female,AU,2026-04-09
SPOT-107170,25-34,Male,GB,2025-05-14
SPOT-107171,45-54,Male,US,2025-09-09
SPOT-107172,25-34,Male,US,2025-06-05
SPOT-107173,35-44,Male,US,2025-04-28
SPOT-107174,18-24,Female,MX,2024-02-29
SPOT-107175,25-34,Male,US,2025-09-24
SPOT-107176,55+,Female,DE,2024-07-24
SPOT-107177,35-44,Female,AR,2025-11-14
SPOT-107178,18-24,Male,US,2024-08-16
SPOT-107179,25-34,Female,US,2024-11-15
SPOT-107180,18-24,Female,BR,2026-03-04
SPOT-107181,25-34,Female,MX,2025-01-30
SPOT-107182,35-44,Female,CA,2024-04-21
SPOT-107183,35-44,Male,MX,2025-06-10
SPOT-107184,18-24,Female,CA,2025-09-12
SPOT-107185,45-54,Male,US,2025-03-03
SPOT-107186,25-34,Male,GB,2023-12-07
SPOT-107187,25-34,Female,AR,2026-05-31
SPOT-107188,25-34,Male,AR,2026-05-07
SPOT-107189,25-34,Female,MX,2026-04-14
SPOT-107190,25-34,Male,BR,2024-01-16
SPOT-107191,25-34,Male,US,2025-07-28
SPOT-107192,25-34,Male,GB,2023-12-23
SPOT-107193,18-24,Female,US,2024-11-12
SPOT-107194,35-44,Male,US,2026-01-06
SPOT-107195,25-34,Male,ES,2026-02-26
SPOT-107196,18-24,Female,US,2023-12-07
SPOT-107197,35-44,Male,GB,2024-09-13
SPOT-107198,45-54,Male,AU,2024-09-07
SPOT-107199,45-54,Female,DE,2024-11-18
SPOT-107200,25-34,Female,US,2026-02-17
SPOT-107201,18-24,Male,MX,2024-01-29
SPOT-107202,25-34,Female,AR,2025-06-28
SPOT-107203,18-24,Male,GB,2025-08-24
SPOT-107204,45-54,Male,AR,2026-05-16
SPOT-107205,18-24,Female,GB,2025-04-17
SPOT-107206,18-24,Female,MX,2025-06-15
SPOT-107207,25-34,Male,US,2025-03-18
SPOT-107208,25-34,Male,DE,2024-09-02
SPOT-107209,35-44,Male,BR,2026-05-02
SPOT-107210,25-34,Male,ES,2024-12-31
SPOT-107211,18-24,Female,MX,2025-04-30
SPOT-107212,18-24,Female,FR,2024-02-08
SPOT-107213,25-34,Male,US,2025-04-10
SPOT-107214,18-24,Female,MX,2025-12-05
SPOT-107215,25-34,Female,US,2024-05-09
SPOT-107216,25-34,Male,BR,2026-04-24
SPOT-107217,35-44,Female,BR,2025-10-23
SPOT-107218,45-54,Female,US,2024-01-02
SPOT-107219,45-54,Male,US,2024-11-18
SPOT-107220,45-54,Female,AR,2024-01-22
SPOT-107221,18-24,Female,GB,2026-03-05
SPOT-107222,18-24,Male,GB,2025-10-08
SPOT-107223,18-24,Male,MX,2025-11-17
SPOT-107224,45-54,Female,US,2025-10-03
SPOT-107225,55+,Female,US,2025-04-18
SPOT-107226,45-54,Female,DE,2023-11-18
SPOT-107227,18-24,Male,US,2024-04-14
SPOT-107228,45-54,Female,CA,2025-11-27
SPOT-107229,25-34,Male,CA,2024-09-18
SPOT-107230,18-24,Male,DE,2024-03-27
SPOT-107231,25-34,Male,US,2023-11-26
SPOT-107232,18-24,Female,BR,2024-10-11
SPOT-107233,25-34,Male,US,2024-06-07
SPOT-107234,18-24,Male,DE,2025-09-16
SPOT-107235,25-34,Male,US,2025-01-02
SPOT-107236,25-34,Male,ES,2025-05-11
SPOT-107237,45-54,Male,GB,2025-02-11
SPOT-107238,25-34,Female,BR,2026-01-17
SPOT-107239,25-34,Female,US,2024-09-10
SPOT-107240,35-44,Female,BR,2024-11-17
SPOT-107241,45-54,Male,US,2025-02-02
SPOT-107242,18-24,Male,CA,2023-11-10
SPOT-107243,25-34,Female,BR,2026-04-11
SPOT-107244,18-24,Male,US,2024-10-01
SPOT-107245,18-24,Female,GB,2025-11-15
SPOT-107246,25-34,Female,US,2024-05-14
SPOT-107247,45-54,Female,BR,2024-01-21
SPOT-107248,18-24,Male,US,2025-04-13
SPOT-107249,35-44,Male,BR,2024-07-14
SPOT-107250,45-54,Male,GB,2024-04-21
SPOT-107251,45-54,Female,ES,2024-12-06
SPOT-107252,18-24,Female,BR,2026-01-21
SPOT-107253,45-54,Female,AR,2025-02-08
SPOT-107254,18-24,Male,CA,2024-02-21
SPOT-107255,25-34,Female,AU,2024-06-23
SPOT-107256,18-24,Female,GB,2026-01-01
SPOT-107257,18-24,Male,ES,2023-11-23
SPOT-107258,35-44,Male,DE,2025-06-02
SPOT-107259,25-34,Female,DE,2026-03-17
SPOT-107260,18-24,Female,FR,2024-09-17
SPOT-107261,18-24,Male,US,2026-03-22
SPOT-107262,25-34,Male,BR,2024-12-10
SPOT-107263,18-24,Female,BR,2025-01-21
SPOT-107264,35-44,Male,US,2024-10-11
SPOT-107265,18-24,Male,FR,2024-06-30
SPOT-107266,18-24,Female,GB,2026-04-28
SPOT-107267,25-34,Female,MX,2025-10-15
SPOT-107268,25-34,Female,CA,2024-01-16
SPOT-107269,25-34,Male,ES,2024-05-11
SPOT-107270,18-24,Female,FR,2025-01-29
SPOT-107271,55+,Female,US,2024-03-01
SPOT-107272,25-34,Female,BR,2023-11-16
SPOT-107273,18-24,Male,BR,2024-11-01
SPOT-107274,25-34,Male,MX,2024-12-17
SPOT-107275,45-54,Male,US,2025-08-12
SPOT-107276,18-24,Female,MX,2023-11-13
SPOT-107277,18-24,Female,US,2026-04-22
SPOT-107278,35-44,Male,US,2024-07-27
SPOT-107279,25-34,Male,DE,2024-02-20
SPOT-107280,25-34,Male,MX,2024-12-21
SPOT-107281,18-24,Male,AU,2025-01-20
SPOT-107282,18-24,Female,MX,2024-11-14
SPOT-107283,25-34,Female,BR,2026-02-18
SPOT-107284,18-24,Male,US,2023-11-21
SPOT-107285,25-34,Male,US,2026-01-01
SPOT-107286,25-34,Male,MX,2025-04-24
SPOT-107287,18-24,Female,US,2026-05-15
SPOT-107288,45-54,Male,ES,2025-04-16
SPOT-107289,35-44,Non-binary,US,2023-12-17
SPOT-107290,35-44,Female,GB,2024-02-10
SPOT-107291,18-24,Female,ES,2026-04-09
SPOT-107292,18-24,Female,AR,2024-05-16
SPOT-107293,25-34,Female,GB,2025-12-06
SPOT-107294,18-24,Male,US,2024-01-27
SPOT-107295,55+,Female,AU,2024-03-18
SPOT-107296,18-24,Female,ES,2024-08-01
SPOT-107297,25-34,Male,AR,2025-11-15
SPOT-107298,25-34,Male,US,2025-12-22
SPOT-107299,25-34,Male,DE,2025-07-13
SPOT-107300,18-24,Male,US,2026-01-30
SPOT-107301,25-34,Male,US,2025-01-11
SPOT-107302,18-24,Female,US,2024-03-30
SPOT-107303,45-54,Female,GB,2025-04-19
SPOT-107304,18-24,Female,AU,2024-08-05
SPOT-107305,45-54,Female,DE,2025-09-23
SPOT-107306,35-44,Female,MX,2024-04-13
SPOT-107307,18-24,Non-binary,CA,2023-12-28
SPOT-107308,35-44,Male,US,2025-08-28
SPOT-107309,18-24,Female,US,2024-11-03
SPOT-107310,55+,Male,US,2024-09-15
SPOT-107311,25-34,Female,FR,2025-10-26
SPOT-107312,18-24,Female,MX,2025-09-30
SPOT-107313,25-34,Female,DE,2024-10-20
SPOT-107314,18-24,Male,AR,2024-02-09
SPOT-107315,55+,Male,US,2026-03-26
SPOT-107316,18-24,Male,US,2024-05-21
SPOT-107317,25-34,Male,BR,2024-01-27
SPOT-107318,25-34,Female,AR,2025-01-24
SPOT-107319,45-54,Male,GB,2024-06-22
SPOT-107320,18-24,Female,US,2024-05-25
SPOT-107321,25-34,Male,BR,2024-01-04
SPOT-107322,25-34,Female,US,2024-08-10
SPOT-107323,35-44,Male,ES,2024-05-07
SPOT-107324,18-24,Male,BR,2025-05-19
SPOT-107325,18-24,Female,BR,2026-06-02
SPOT-107326,18-24,Female,FR,2026-01-11
SPOT-107327,35-44,Male,ES,2026-03-01
SPOT-107328,18-24,Female,US,2026-03-28
SPOT-107329,25-34,Female,DE,2025-03-06
SPOT-107330,18-24,Female,GB,2026-05-29
SPOT-107331,45-54,Female,AR,2024-06-25
SPOT-107332,45-54,Female,ES,2024-07-07
SPOT-107333,25-34,Female,BR,2025-08-26
SPOT-107334,25-34,Female,AR,2025-07-07
SPOT-107335,18-24,Female,DE,2026-04-02
SPOT-107336,18-24,Female,AR,2023-11-07
SPOT-107337,18-24,Female,US,2026-01-12
SPOT-107338,25-34,Male,US,2024-10-10
SPOT-107339,25-34,Male,ES,2025-05-30
SPOT-107340,45-54,Female,US,2025-05-22
SPOT-107341,25-34,Female,MX,2025-03-24
SPOT-107342,25-34,Male,ES,2024-12-11
SPOT-107343,25-34,Male,MX,2024-05-31
SPOT-107344,25-34,Female,AR,2026-04-12
SPOT-107345,18-24,Male,BR,2024-04-26
SPOT-107346,25-34,Male,FR,2025-10-13
SPOT-107347,25-34,Male,BR,2026-06-02
SPOT-107348,35-44,Female,BR,2024-03-11
SPOT-107349,45-54,Male,BR,2025-05-10
SPOT-107350,18-24,Female,CA,2024-02-24
SPOT-107351,18-24,Female,US,2024-03-01
SPOT-107352,25-34,Female,MX,2025-11-23
SPOT-107353,25-34,Male,US,2024-04-05
SPOT-107354,18-24,Male,US,2024-09-25
SPOT-107355,35-44,Female,AU,2026-02-22
SPOT-107356,55+,Female,US,2025-10-20
SPOT-107357,45-54,Male,MX,2025-05-19
SPOT-107358,18-24,Male,DE,2024-02-20
SPOT-107359,45-54,Female,AR,2025-01-15
SPOT-107360,35-44,Female,ES,2025-03-31
SPOT-107361,25-34,Male,US,2025-05-28
SPOT-107362,25-34,Male,DE,2026-05-16
SPOT-107363,35-44,Male,US,2024-12-23
SPOT-107364,25-34,Male,DE,2024-07-17
SPOT-107365,25-34,Male,ES,2025-01-09
SPOT-107366,25-34,Female,US,2026-05-01
SPOT-107367,25-34,Female,AR,2025-10-02
SPOT-107368,18-24,Male,US,2025-09-09
SPOT-107369,45-54,Female,US,2024-05-31
SPOT-107370,25-34,Female,US,2024-12-09
SPOT-107371,25-34,Female,GB,2024-12-30
SPOT-107372,18-24,Non-binary,DE,2024-12-08
SPOT-107373,25-34,Female,US,2024-01-10
SPOT-107374,18-24,Female,AU,2024-03-04
SPOT-107375,18-24,Male,AU,2024-10-25
SPOT-107376,25-34,Male,BR,2024-04-20
SPOT-107377,25-34,Female,BR,2024-03-12
SPOT-107378,25-34,Female,CA,2024-11-05
SPOT-107379,18-24,Male,ES,2026-01-25
SPOT-107380,25-34,Female,US,2024-12-29
SPOT-107381,18-24,Male,AR,2024-03-07
SPOT-107382,55+,Female,US,2024-07-11
SPOT-107383,25-34,Male,DE,2025-07-27
SPOT-107384,25-34,Female,BR,2025-01-28
SPOT-107385,18-24,Male,ES,2025-05-22
SPOT-107386,18-24,Non-binary,US,2024-04-10
SPOT-107387,55+,Male,US,2026-05-31
SPOT-107388,18-24,Non-binary,FR,2023-11-08
SPOT-107389,25-34,Male,AR,2025-01-05
SPOT-107390,25-34,Female,BR,2025-03-16
SPOT-107391,18-24,Male,MX,2025-03-04
SPOT-107392,35-44,Female,ES,2024-10-05
SPOT-107393,25-34,Female,BR,2024-05-03
SPOT-107394,18-24,Female,GB,2024-08-14
SPOT-107395,18-24,Male,BR,2024-02-25
SPOT-107396,18-24,Female,AU,2026-04-05
SPOT-107397,45-54,Male,AR,2025-01-04
SPOT-107398,25-34,Male,DE,2025-01-01
SPOT-107399,18-24,Male,US,2024-09-14
SPOT-107400,18-24,Male,FR,2024-09-19
SPOT-107401,25-34,Female,MX,2024-04-13
SPOT-107402,25-34,Male,DE,2024-12-23
SPOT-107403,25-34,Male,US,2024-10-13
SPOT-107404,25-34,Female,ES,2026-03-12
SPOT-107405,18-24,Non-binary,GB,2025-10-04
SPOT-107406,25-34,Female,MX,2023-11-06
SPOT-107407,55+,Female,BR,2023-12-12
SPOT-107408,18-24,Female,MX,2025-11-09
SPOT-107409,25-34,Female,BR,2024-10-12
SPOT-107410,25-34,Non-binary,MX,2026-05-09
SPOT-107411,25-34,Female,US,2025-12-24
SPOT-107412,18-24,Male,MX,2025-11-22
SPOT-107413,35-44,Female,US,2024-02-21
SPOT-107414,25-34,Female,DE,2023-12-03
SPOT-107415,25-34,Male,BR,2026-02-06
SPOT-107416,18-24,Female,MX,2025-02-22
SPOT-107417,18-24,Female,ES,2024-11-16
SPOT-107418,18-24,Female,ES,2025-02-15
SPOT-107419,35-44,Male,US,2024-12-23
SPOT-107420,18-24,Female,DE,2024-11-17
SPOT-107421,25-34,Male,GB,2026-01-27
SPOT-107422,25-34,Male,DE,2025-07-20
SPOT-107423,25-34,Non-binary,MX,2024-01-26
SPOT-107424,25-34,Female,US,2024-11-08
SPOT-107425,25-34,Female,BR,2024-03-27
SPOT-107426,18-24,Female,FR,2025-11-14
SPOT-107427,18-24,Female,ES,2026-03-06
SPOT-107428,25-34,Female,ES,2024-12-04
SPOT-107429,25-34,Male,AR,2024-09-25
SPOT-107430,18-24,Female,DE,2024-03-17
SPOT-107431,25-34,Female,ES,2025-06-01
SPOT-107432,18-24,Female,US,2024-12-27
SPOT-107433,18-24,Male,US,2025-11-08
SPOT-107434,18-24,Male,GB,2025-01-20
SPOT-107435,45-54,Male,US,2025-08-22
SPOT-107436,18-24,Female,BR,2024-05-30
SPOT-107437,18-24,Non-binary,US,2024-12-27
SPOT-107438,18-24,Female,AU,2025-05-14
SPOT-107439,18-24,Male,FR,2025-02-23
SPOT-107440,25-34,Male,AU,2025-04-16
SPOT-107441,18-24,Male,AR,2025-11-24
SPOT-107442,18-24,Male,AU,2024-06-17
SPOT-107443,25-34,Female,GB,2024-05-30
SPOT-107444,18-24,Female,BR,2024-11-09
SPOT-107445,35-44,Male,US,2025-01-27
SPOT-107446,25-34,Male,MX,2024-10-08
SPOT-107447,18-24,Male,AR,2025-08-15
SPOT-107448,25-34,Male,BR,2024-08-17
SPOT-107449,18-24,Female,GB,2024-06-20
SPOT-107450,25-34,Female,BR,2024-10-04
SPOT-107451,25-34,Female,US,2024-06-04
SPOT-107452,18-24,Female,ES,2026-04-04
SPOT-107453,25-34,Male,DE,2025-09-05
SPOT-107454,45-54,Male,FR,2026-04-30
SPOT-107455,55+,Male,CA,2024-07-01
SPOT-107456,25-34,Female,US,2026-05-18
SPOT-107457,25-34,Female,AU,2023-11-27
SPOT-107458,18-24,Female,AU,2025-08-18
SPOT-107459,18-24,Male,MX,2026-01-28
SPOT-107460,25-34,Female,AR,2024-10-06
SPOT-107461,25-34,Male,US,2025-02-08
SPOT-107462,45-54,Male,AU,2026-05-02
SPOT-107463,25-34,Male,DE,2025-04-29
SPOT-107464,25-34,Male,CA,2026-03-16
SPOT-107465,25-34,Female,DE,2024-06-08
SPOT-107466,35-44,Female,AR,2024-12-10
SPOT-107467,25-34,Male,DE,2026-01-12
SPOT-107468,25-34,Male,GB,2023-12-26
SPOT-107469,18-24,Male,CA,2024-04-05
SPOT-107470,35-44,Male,MX,2025-10-30
SPOT-107471,18-24,Male,AR,2025-05-22
SPOT-107472,45-54,Female,BR,2024-09-30
SPOT-107473,25-34,Male,CA,2024-02-15
SPOT-107474,25-34,Female,ES,2025-12-26
SPOT-107475,25-34,Male,US,2026-05-12
SPOT-107476,25-34,Male,ES,2026-05-09
SPOT-107477,18-24,Male,US,2024-11-22
SPOT-107478,45-54,Female,AR,2026-04-22
SPOT-107479,25-34,Female,GB,2023-12-16
SPOT-107480,18-24,Male,BR,2024-12-05
SPOT-107481,18-24,Female,ES,2025-01-12
SPOT-107482,25-34,Male,MX,2024-09-29
SPOT-107483,25-34,Female,MX,2025-06-22
SPOT-107484,25-34,Male,FR,2023-11-21
SPOT-107485,25-34,Female,DE,2024-03-10
SPOT-107486,25-34,Female,BR,2024-10-29
SPOT-107487,55+,Female,US,2025-02-21
SPOT-107488,25-34,Male,DE,2025-01-21
SPOT-107489,35-44,Male,US,2025-07-26
SPOT-107490,18-24,Female,MX,2026-01-01
SPOT-107491,25-34,Female,GB,2025-07-24
SPOT-107492,18-24,Female,FR,2025-11-13
SPOT-107493,25-34,Male,GB,2024-01-17
SPOT-107494,45-54,Male,GB,2024-11-20
SPOT-107495,18-24,Female,BR,2024-03-06
SPOT-107496,18-24,Male,US,2026-02-16
SPOT-107497,45-54,Male,US,2025-11-13
SPOT-107498,18-24,Female,AR,2025-02-24
SPOT-107499,25-34,Male,BR,2023-12-05
SPOT-107500,25-34,Male,US,2025-05-30
SPOT-107501,35-44,Male,US,2025-10-20
SPOT-107502,18-24,Female,DE,2026-02-19
SPOT-107503,18-24,Male,ES,2024-03-03
SPOT-107504,25-34,Female,GB,2025-03-22
SPOT-107505,45-54,Male,US,2024-11-03
SPOT-107506,25-34,Male,DE,2025-01-15
SPOT-107507,18-24,Female,AU,2025-03-14
SPOT-107508,25-34,Female,DE,2025-03-06
SPOT-107509,45-54,Male,GB,2024-03-05
SPOT-107510,35-44,Male,BR,2026-01-07
SPOT-107511,55+,Male,AR,2023-11-07
SPOT-107512,18-24,Female,US,2025-01-01
SPOT-107513,18-24,Male,BR,2025-05-28
SPOT-107514,25-34,Female,AR,2025-03-08
SPOT-107515,35-44,Female,US,2024-08-22
SPOT-107516,18-24,Female,CA,2024-09-09
SPOT-107517,18-24,Female,BR,2025-12-14
SPOT-107518,35-44,Female,BR,2024-11-13
SPOT-107519,18-24,Male,AU,2025-05-18
SPOT-107520,25-34,Male,US,2024-09-10
SPOT-107521,25-34,Male,ES,2025-09-30
SPOT-107522,25-34,Female,AR,2024-05-20
SPOT-107523,35-44,Female,BR,2024-08-23
SPOT-107524,25-34,Male,US,2024-02-21
SPOT-107525,25-34,Female,BR,2024-07-12
SPOT-107526,25-34,Female,US,2025-03-13
SPOT-107527,25-34,Male,BR,2024-07-07
SPOT-107528,25-34,Male,ES,2024-06-12
SPOT-107529,18-24,Male,BR,2025-10-13
SPOT-107530,18-24,Female,MX,2025-05-16
SPOT-107531,18-24,Male,US,2024-01-04
SPOT-107532,18-24,Male,US,2026-01-14
SPOT-107533,25-34,Non-binary,FR,2024-11-22
SPOT-107534,35-44,Female,US,2025-06-07
SPOT-107535,35-44,Female,GB,2024-01-14
SPOT-107536,35-44,Female,CA,2024-04-10
SPOT-107537,25-34,Male,DE,2026-03-17
SPOT-107538,25-34,Female,MX,2025-03-06
SPOT-107539,25-34,Female,US,2024-11-21
SPOT-107540,18-24,Female,GB,2025-03-16
SPOT-107541,18-24,Male,BR,2024-11-11
SPOT-107542,25-34,Male,MX,2026-04-01
SPOT-107543,55+,Male,AU,2025-08-21
SPOT-107544,18-24,Female,BR,2024-05-15
SPOT-107545,18-24,Male,US,2025-02-14
SPOT-107546,35-44,Female,GB,2026-03-11
SPOT-107547,18-24,Female,US,2026-05-29
SPOT-107548,35-44,Male,GB,2024-08-17
SPOT-107549,35-44,Female,BR,2023-12-26
SPOT-107550,45-54,Male,GB,2024-03-26
SPOT-107551,25-34,Female,GB,2023-12-02
SPOT-107552,25-34,Male,AU,2024-10-22
SPOT-107553,25-34,Male,BR,2025-04-02
SPOT-107554,25-34,Male,GB,2026-05-23
SPOT-107555,25-34,Non-binary,GB,2023-12-22
SPOT-107556,18-24,Female,AR,2024-04-26
SPOT-107557,25-34,Male,FR,2026-04-13
SPOT-107558,25-34,Male,MX,2025-05-03
SPOT-107559,35-44,Female,DE,2025-01-16
SPOT-107560,35-44,Male,ES,2025-05-26
SPOT-107561,25-34,Non-binary,CA,2025-03-20
SPOT-107562,18-24,Female,US,2025-04-26
SPOT-107563,35-44,Female,FR,2023-12-19
SPOT-107564,25-34,Non-binary,AR,2024-08-18
SPOT-107565,45-54,Male,GB,2025-07-01
SPOT-107566,45-54,Male,GB,2024-11-02
SPOT-107567,18-24,Male,BR,2024-09-26
SPOT-107568,35-44,Male,GB,2025-01-14
SPOT-107569,18-24,Non-binary,US,2025-04-07
SPOT-107570,25-34,Male,AU,2023-11-30
SPOT-107571,25-34,Female,BR,2025-12-05
SPOT-107572,18-24,Female,BR,2025-04-22
SPOT-107573,35-44,Male,US,2026-03-01
SPOT-107574,18-24,Male,BR,2024-11-03
SPOT-107575,18-24,Male,ES,2026-05-28
SPOT-107576,25-34,Male,US,2025-11-08
SPOT-107577,35-44,Female,GB,2023-12-03
SPOT-107578,45-54,Male,US,2025-04-09
SPOT-107579,35-44,Female,GB,2025-10-28
SPOT-107580,25-34,Female,FR,2025-01-17
SPOT-107581,25-34,Male,US,2024-02-24
SPOT-107582,18-24,Male,US,2024-07-04
SPOT-107583,18-24,Female,BR,2025-03-10
SPOT-107584,25-34,Male,BR,2025-12-04
SPOT-107585,25-34,Male,GB,2025-01-26
SPOT-107586,25-34,Female,MX,2024-04-15
SPOT-107587,35-44,Female,US,2024-09-22
SPOT-107588,25-34,Female,GB,2024-09-17
SPOT-107589,18-24,Male,US,2026-01-16
SPOT-107590,18-24,Female,US,2026-05-30
SPOT-107591,35-44,Male,DE,2023-12-01
SPOT-107592,35-44,Female,BR,2024-06-03
SPOT-107593,45-54,Male,US,2024-03-03
SPOT-107594,18-24,Male,US,2023-11-11
SPOT-107595,55+,Female,MX,2025-02-22
SPOT-107596,18-24,Female,DE,2025-06-04
SPOT-107597,18-24,Female,US,2024-10-13
SPOT-107598,55+,Male,US,2024-11-06
SPOT-107599,18-24,Male,ES,2025-04-03
SPOT-107600,25-34,Female,US,2026-05-05
SPOT-107601,18-24,Female,BR,2025-11-08
SPOT-107602,25-34,Male,GB,2023-11-06
SPOT-107603,45-54,Male,AR,2025-01-07
SPOT-107604,18-24,Female,AR,2024-03-24
SPOT-107605,25-34,Female,MX,2025-04-03
SPOT-107606,18-24,Female,DE,2025-05-04
SPOT-107607,25-34,Male,MX,2024-02-27
SPOT-107608,18-24,Female,MX,2024-06-09
SPOT-107609,18-24,Non-binary,GB,2025-02-13
SPOT-107610,18-24,Male,FR,2025-09-30
SPOT-107611,18-24,Female,AU,2025-05-28
SPOT-107612,45-54,Male,GB,2026-01-11
SPOT-107613,25-34,Male,AR,2024-05-03
SPOT-107614,18-24,Female,BR,2024-08-29
SPOT-107615,25-34,Female,DE,2026-05-06
SPOT-107616,18-24,Female,DE,2026-02-07
SPOT-107617,35-44,Male,GB,2025-03-23
SPOT-107618,55+,Male,CA,2024-05-12
SPOT-107619,25-34,Female,ES,2024-07-21
SPOT-107620,45-54,Male,DE,2026-05-19
SPOT-107621,25-34,Female,ES,2026-04-24
SPOT-107622,18-24,Male,ES,2025-02-14
SPOT-107623,25-34,Female,GB,2026-04-30
SPOT-107624,25-34,Female,US,2024-12-02
SPOT-107625,25-34,Male,AR,2025-08-24
SPOT-107626,45-54,Female,AR,2025-05-01
SPOT-107627,25-34,Male,AU,2025-10-04
SPOT-107628,45-54,Male,US,2026-01-23
SPOT-107629,35-44,Male,BR,2026-01-23
SPOT-107630,25-34,Female,ES,2024-10-12
SPOT-107631,25-34,Male,BR,2024-06-24
SPOT-107632,18-24,Female,ES,2024-02-20
SPOT-107633,55+,Male,US,2025-11-27
SPOT-107634,25-34,Male,US,2025-04-07
SPOT-107635,18-24,Female,US,2025-02-04
SPOT-107636,18-24,Female,DE,2026-01-29
SPOT-107637,25-34,Female,GB,2024-08-30
SPOT-107638,18-24,Female,FR,2026-02-08
SPOT-107639,18-24,Female,US,2025-02-25
SPOT-107640,25-34,Male,DE,2024-02-20
SPOT-107641,18-24,Male,AU,2026-02-23
SPOT-107642,25-34,Female,BR,2025-02-12
SPOT-107643,18-24,Female,US,2024-06-15
SPOT-107644,18-24,Female,GB,2024-04-14
SPOT-107645,25-34,Female,MX,2026-05-04
SPOT-107646,25-34,Male,US,2023-12-12
SPOT-107647,18-24,Male,AU,2024-10-03
SPOT-107648,18-24,Female,BR,2024-04-28
SPOT-107649,25-34,Male,ES,2024-04-06
SPOT-107650,18-24,Male,BR,2024-01-11
SPOT-107651,18-24,Female,AU,2025-10-03
SPOT-107652,18-24,Male,BR,2026-03-16
SPOT-107653,35-44,Female,MX,2025-11-24
SPOT-107654,35-44,Male,FR,2024-02-08
SPOT-107655,35-44,Non-binary,FR,2024-08-06
SPOT-107656,35-44,Female,US,2023-11-25
SPOT-107657,25-34,Male,GB,2024-02-29
SPOT-107658,25-34,Male,US,2024-06-10
SPOT-107659,25-34,Male,US,2024-02-26
SPOT-107660,18-24,Female,FR,2024-12-18
SPOT-107661,25-34,Male,GB,2025-01-16
SPOT-107662,35-44,Male,GB,2026-02-08
SPOT-107663,25-34,Male,US,2025-08-25
SPOT-107664,25-34,Female,AU,2025-02-08
SPOT-107665,18-24,Female,AR,2024-04-03
SPOT-107666,25-34,Female,BR,2024-12-24
SPOT-107667,25-34,Female,ES,2026-03-09
SPOT-107668,45-54,Male,ES,2024-05-30
SPOT-107669,18-24,Female,MX,2024-10-07
SPOT-107670,35-44,Male,US,2023-12-22
SPOT-107671,25-34,Female,ES,2025-01-11
SPOT-107672,45-54,Female,BR,2024-11-30
SPOT-107673,25-34,Male,ES,2024-03-17
SPOT-107674,25-34,Male,BR,2025-11-30
SPOT-107675,25-34,Female,AU,2024-12-08
SPOT-107676,35-44,Male,MX,2024-05-09
SPOT-107677,55+,Male,BR,2023-12-17
SPOT-107678,18-24,Female,AR,2024-05-04
SPOT-107679,18-24,Female,DE,2025-10-19
SPOT-107680,45-54,Female,GB,2024-11-13
SPOT-107681,25-34,Female,BR,2025-06-14
SPOT-107682,25-34,Male,BR,2026-02-14
SPOT-107683,25-34,Male,US,2024-06-18
SPOT-107684,18-24,Female,MX,2025-07-05
SPOT-107685,35-44,Female,AR,2024-11-02
SPOT-107686,35-44,Male,BR,2024-07-27
SPOT-107687,18-24,Male,BR,2024-08-02
SPOT-107688,18-24,Male,GB,2025-02-24
SPOT-107689,35-44,Female,CA,2025-03-22
SPOT-107690,18-24,Male,ES,2023-11-18
SPOT-107691,45-54,Female,BR,2024-06-14
SPOT-107692,18-24,Non-binary,MX,2025-06-25
SPOT-107693,25-34,Female,GB,2024-01-18
SPOT-107694,45-54,Female,US,2025-06-03
SPOT-107695,25-34,Male,US,2025-07-01
SPOT-107696,25-34,Male,US,2024-06-11
SPOT-107697,25-34,Female,BR,2024-07-31
SPOT-107698,18-24,Male,MX,2026-05-18
SPOT-107699,18-24,Male,DE,2024-02-21
SPOT-107700,55+,Female,BR,2026-01-12
SPOT-107701,35-44,Male,US,2026-03-29
SPOT-107702,25-34,Female,ES,2024-06-23
SPOT-107703,25-34,Male,US,2024-11-24
SPOT-107704,18-24,Male,MX,2024-08-24
SPOT-107705,18-24,Male,DE,2026-03-07
SPOT-107706,25-34,Female,US,2025-11-29
SPOT-107707,35-44,Female,BR,2026-04-25
SPOT-107708,25-34,Male,AR,2025-08-01
SPOT-107709,35-44,Male,DE,2025-04-02
SPOT-107710,18-24,Female,GB,2024-12-07
SPOT-107711,25-34,Male,US,2026-03-31
SPOT-107712,18-24,Male,BR,2026-03-10
SPOT-107713,25-34,Male,AR,2024-08-12
SPOT-107714,18-24,Female,BR,2025-09-18
SPOT-107715,55+,Male,US,2025-08-08
SPOT-107716,18-24,Male,MX,2024-04-26
SPOT-107717,45-54,Female,US,2024-11-28
SPOT-107718,25-34,Male,AR,2026-04-06
SPOT-107719,55+,Female,CA,2024-02-02
SPOT-107720,25-34,Female,BR,2026-02-10
SPOT-107721,45-54,Female,FR,2026-03-09
SPOT-107722,18-24,Male,US,2025-09-07
SPOT-107723,35-44,Female,US,2025-01-07
SPOT-107724,45-54,Male,GB,2026-01-31
SPOT-107725,18-24,Male,ES,2025-02-20
SPOT-107726,18-24,Female,BR,2026-02-15
SPOT-107727,25-34,Female,GB,2024-05-05
SPOT-107728,45-54,Male,US,2025-10-23
SPOT-107729,25-34,Male,AR,2023-11-27
SPOT-107730,25-34,Male,US,2025-04-19
SPOT-107731,18-24,Female,GB,2024-05-17
SPOT-107732,18-24,Female,US,2025-10-01
SPOT-107733,35-44,Female,US,2025-10-24
SPOT-107734,18-24,Female,US,2024-09-05
SPOT-107735,25-34,Female,BR,2024-05-15
SPOT-107736,45-54,Male,DE,2025-07-09
SPOT-107737,18-24,Male,BR,2025-04-06
SPOT-107738,25-34,Female,ES,2024-07-21
SPOT-107739,18-24,Male,FR,2025-10-01
SPOT-107740,25-34,Male,US,2024-12-06
SPOT-107741,18-24,Male,US,2023-11-06
SPOT-107742,35-44,Female,GB,2024-03-17
SPOT-107743,18-24,Male,BR,2026-03-19
SPOT-107744,25-34,Male,US,2025-05-19
SPOT-107745,25-34,Female,ES,2024-06-17
SPOT-107746,18-24,Male,BR,2026-03-04
SPOT-107747,35-44,Female,ES,2025-08-05
SPOT-107748,18-24,Male,GB,2024-12-12
SPOT-107749,25-34,Female,DE,2026-02-16
SPOT-107750,18-24,Male,AR,2024-04-12
SPOT-107751,25-34,Female,GB,2025-11-09
SPOT-107752,18-24,Female,DE,2025-05-04
SPOT-107753,25-34,Female,US,2024-10-01
SPOT-107754,18-24,Female,BR,2024-07-09
SPOT-107755,35-44,Male,FR,2026-05-26
SPOT-107756,18-24,Female,US,2024-07-24
SPOT-107757,45-54,Female,MX,2026-05-19
SPOT-107758,45-54,Female,AR,2024-04-22
SPOT-107759,18-24,Female,BR,2025-11-22
SPOT-107760,25-34,Male,GB,2024-07-28
SPOT-107761,18-24,Female,AU,2025-01-18
SPOT-107762,25-34,Male,US,2026-05-28
SPOT-107763,35-44,Female,US,2026-02-08
SPOT-107764,25-34,Male,FR,2026-03-29
SPOT-107765,25-34,Male,GB,2024-05-13
SPOT-107766,18-24,Non-binary,AR,2026-02-28
SPOT-107767,25-34,Female,GB,2025-12-04
SPOT-107768,18-24,Female,AR,2024-06-10
SPOT-107769,35-44,Female,MX,2023-11-27
SPOT-107770,25-34,Female,DE,2026-05-15
SPOT-107771,35-44,Female,BR,2024-12-25
SPOT-107772,18-24,Male,US,2026-01-30
SPOT-107773,18-24,Female,US,2025-09-12
SPOT-107774,18-24,Female,ES,2025-05-22
SPOT-107775,18-24,Female,AR,2024-02-24
SPOT-107776,18-24,Female,ES,2026-03-03
SPOT-107777,35-44,Female,CA,2025-06-21
SPOT-107778,45-54,Male,FR,2024-11-12
SPOT-107779,25-34,Female,ES,2026-02-06
SPOT-107780,25-34,Male,FR,2025-08-13
SPOT-107781,18-24,Female,US,2025-06-06
SPOT-107782,45-54,Male,ES,2024-02-13
SPOT-107783,18-24,Female,ES,2024-04-11
SPOT-107784,45-54,Female,US,2024-11-06
SPOT-107785,25-34,Female,CA,2025-11-26
SPOT-107786,18-24,Female,US,2025-08-05
SPOT-107787,45-54,Male,DE,2025-04-11
SPOT-107788,18-24,Female,US,2024-12-13
SPOT-107789,25-34,Female,BR,2025-01-06
SPOT-107790,25-34,Male,DE,2025-03-01
SPOT-107791,18-24,Male,MX,2025-09-05
SPOT-107792,25-34,Male,ES,2025-02-14
SPOT-107793,25-34,Female,ES,2024-11-21
SPOT-107794,35-44,Female,ES,2025-12-19
SPOT-107795,18-24,Female,US,2025-12-24
SPOT-107796,45-54,Female,DE,2024-03-08
SPOT-107797,18-24,Male,AR,2024-01-18
SPOT-107798,18-24,Female,MX,2025-04-18
SPOT-107799,18-24,Male,MX,2025-03-24
SPOT-107800,18-24,Male,US,2024-02-10
SPOT-107801,18-24,Male,GB,2024-06-09
SPOT-107802,55+,Male,AU,2025-09-08
SPOT-107803,18-24,Male,AR,2025-05-21
SPOT-107804,18-24,Male,US,2024-05-02
SPOT-107805,18-24,Male,BR,2025-03-15
SPOT-107806,35-44,Male,BR,2025-04-08
SPOT-107807,45-54,Female,DE,2026-05-28
SPOT-107808,18-24,Male,BR,2025-10-31
SPOT-107809,18-24,Male,MX,2025-02-25
SPOT-107810,18-24,Male,AU,2025-05-16
SPOT-107811,18-24,Female,FR,2025-06-20
SPOT-107812,18-24,Female,FR,2024-03-23
SPOT-107813,25-34,Female,ES,2025-05-07
SPOT-107814,18-24,Female,US,2025-01-01
SPOT-107815,25-34,Male,DE,2025-11-27
SPOT-107816,18-24,Male,BR,2025-12-31
SPOT-107817,45-54,Male,AR,2025-12-08
SPOT-107818,45-54,Female,CA,2024-04-08
SPOT-107819,25-34,Female,DE,2026-01-27
SPOT-107820,25-34,Male,GB,2026-01-12
SPOT-107821,25-34,Male,GB,2023-11-30
SPOT-107822,25-34,Male,BR,2025-04-03
SPOT-107823,35-44,Male,GB,2024-05-15
SPOT-107824,25-34,Female,CA,2025-05-30
SPOT-107825,45-54,Female,DE,2024-10-12
SPOT-107826,45-54,Female,AU,2024-02-24
SPOT-107827,18-24,Male,US,2024-11-10
SPOT-107828,25-34,Male,US,2024-05-20
SPOT-107829,18-24,Female,BR,2023-12-04
SPOT-107830,18-24,Female,FR,2025-04-06
SPOT-107831,25-34,Male,GB,2023-12-01
SPOT-107832,18-24,Female,AR,2023-12-12
SPOT-107833,45-54,Female,DE,2025-09-23
SPOT-107834,18-24,Male,FR,2024-08-08
SPOT-107835,25-34,Female,GB,2023-12-31
SPOT-107836,25-34,Male,BR,2024-05-16
SPOT-107837,25-34,Female,GB,2025-09-28
SPOT-107838,25-34,Male,US,2026-05-18
SPOT-107839,45-54,Female,DE,2025-05-02
SPOT-107840,25-34,Male,GB,2026-02-09
SPOT-107841,25-34,Male,AR,2025-04-15
SPOT-107842,18-24,Female,ES,2026-01-13
SPOT-107843,25-34,Female,GB,2024-06-08
SPOT-107844,35-44,Female,AU,2025-06-29
SPOT-107845,25-34,Female,AU,2025-12-30
SPOT-107846,35-44,Female,CA,2025-04-07
SPOT-107847,25-34,Female,BR,2025-01-27
SPOT-107848,18-24,Male,DE,2026-04-26
SPOT-107849,18-24,Male,GB,2025-12-06
SPOT-107850,18-24,Male,US,2026-01-03
SPOT-107851,25-34,Male,MX,2024-08-16
SPOT-107852,35-44,Male,BR,2026-04-18
SPOT-107853,18-24,Female,MX,2024-06-05
SPOT-107854,25-34,Female,BR,2025-01-08
SPOT-107855,25-34,Female,US,2023-11-06
SPOT-107856,25-34,Non-binary,MX,2026-02-09
SPOT-107857,18-24,Male,GB,2024-06-13
SPOT-107858,18-24,Male,BR,2025-03-27
SPOT-107859,18-24,Female,GB,2025-04-29
SPOT-107860,18-24,Female,US,2025-09-09
SPOT-107861,18-24,Male,FR,2025-04-19
SPOT-107862,18-24,Female,US,2025-10-13
SPOT-107863,25-34,Male,BR,2026-05-19
SPOT-107864,18-24,Male,FR,2025-11-29
SPOT-107865,55+,Male,US,2025-06-30
SPOT-107866,18-24,Male,DE,2024-01-13
SPOT-107867,18-24,Female,DE,2026-05-16
SPOT-107868,25-34,Male,US,2024-05-02
SPOT-107869,18-24,Non-binary,DE,2024-05-25
SPOT-107870,35-44,Male,BR,2025-11-18
SPOT-107871,18-24,Female,US,2024-02-20
SPOT-107872,45-54,Female,BR,2025-08-21
SPOT-107873,45-54,Female,US,2025-12-26
SPOT-107874,25-34,Male,FR,2024-08-07
SPOT-107875,25-34,Female,MX,2025-06-05
SPOT-107876,25-34,Female,US,2024-01-22
SPOT-107877,25-34,Male,AR,2025-02-21
SPOT-107878,25-34,Male,GB,2025-11-05
SPOT-107879,18-24,Male,US,2025-01-23
SPOT-107880,18-24,Male,GB,2023-11-17
SPOT-107881,25-34,Male,BR,2026-01-23
SPOT-107882,25-34,Female,US,2024-12-20
SPOT-107883,45-54,Male,US,2025-06-12
SPOT-107884,18-24,Female,MX,2025-03-24
SPOT-107885,35-44,Female,AU,2024-01-27
SPOT-107886,18-24,Female,BR,2024-01-25
SPOT-107887,25-34,Male,DE,2025-08-19
SPOT-107888,18-24,Female,CA,2024-11-19
SPOT-107889,25-34,Male,US,2025-12-20
SPOT-107890,18-24,Male,US,2026-03-24
SPOT-107891,25-34,Male,CA,2025-08-23
SPOT-107892,35-44,Female,MX,2026-05-02
SPOT-107893,25-34,Female,US,2025-12-16
SPOT-107894,25-34,Male,MX,2025-04-09
SPOT-107895,35-44,Male,AR,2026-03-09
SPOT-107896,35-44,Male,GB,2023-12-11
SPOT-107897,25-34,Non-binary,DE,2024-04-09
SPOT-107898,18-24,Non-binary,US,2026-05-24
SPOT-107899,45-54,Male,MX,2024-01-26
SPOT-107900,25-34,Male,MX,2024-12-21
SPOT-107901,18-24,Female,US,2025-06-16
SPOT-107902,18-24,Male,MX,2024-11-12
SPOT-107903,35-44,Male,MX,2024-05-18
SPOT-107904,18-24,Female,US,2026-01-15
SPOT-107905,55+,Male,BR,2025-08-06
SPOT-107906,18-24,Female,MX,2024-01-28
SPOT-107907,35-44,Male,DE,2026-01-27
SPOT-107908,25-34,Female,CA,2024-12-21
SPOT-107909,25-34,Female,GB,2025-11-23
SPOT-107910,45-54,Female,US,2025-02-13
SPOT-107911,25-34,Female,MX,2024-09-07
SPOT-107912,25-34,Male,MX,2024-11-13
SPOT-107913,18-24,Male,AU,2025-11-08
SPOT-107914,18-24,Male,US,2025-09-15
SPOT-107915,18-24,Male,DE,2026-02-16
SPOT-107916,25-34,Male,DE,2024-09-09
SPOT-107917,18-24,Female,FR,2025-07-05
SPOT-107918,18-24,Male,DE,2024-05-01
SPOT-107919,25-34,Male,ES,2024-02-16
SPOT-107920,25-34,Female,US,2026-04-22
SPOT-107921,35-44,Female,DE,2024-06-09
SPOT-107922,18-24,Male,US,2024-02-19
SPOT-107923,18-24,Male,CA,2025-06-20
SPOT-107924,45-54,Male,US,2026-01-23
SPOT-107925,18-24,Male,DE,2026-02-26
SPOT-107926,45-54,Female,US,2024-02-20
SPOT-107927,45-54,Male,CA,2025-01-14
SPOT-107928,35-44,Female,MX,2025-08-22
SPOT-107929,18-24,Female,AU,2025-02-26
SPOT-107930,35-44,Female,US,2023-12-13
SPOT-107931,35-44,Male,US,2024-09-21
SPOT-107932,25-34,Female,DE,2024-08-28
SPOT-107933,18-24,Female,MX,2025-12-07
SPOT-107934,18-24,Female,GB,2024-04-05
SPOT-107935,18-24,Female,ES,2025-10-29
SPOT-107936,25-34,Female,US,2025-05-06
SPOT-107937,25-34,Female,MX,2024-07-03
SPOT-107938,25-34,Female,DE,2026-05-22
SPOT-107939,25-34,Female,BR,2025-07-26
SPOT-107940,25-34,Female,BR,2025-01-02
SPOT-107941,25-34,Female,US,2025-02-11
SPOT-107942,45-54,Female,CA,2024-03-30
SPOT-107943,18-24,Female,AR,2024-09-26
SPOT-107944,25-34,Male,DE,2025-12-08
SPOT-107945,18-24,Female,BR,2025-08-31
SPOT-107946,25-34,Female,US,2024-09-01
SPOT-107947,35-44,Female,BR,2025-08-22
SPOT-107948,45-54,Female,DE,2025-09-29
SPOT-107949,18-24,Male,DE,2025-11-04
SPOT-107950,55+,Male,AR,2025-08-15
SPOT-107951,18-24,Female,US,2026-02-26
SPOT-107952,25-34,Female,US,2024-08-24
SPOT-107953,18-24,Male,BR,2025-12-27
SPOT-107954,45-54,Female,MX,2025-11-26
SPOT-107955,25-34,Female,US,2025-09-24
SPOT-107956,25-34,Female,BR,2024-01-19
SPOT-107957,35-44,Female,GB,2025-06-17
SPOT-107958,18-24,Male,ES,2025-05-14
SPOT-107959,18-24,Female,DE,2023-11-15
SPOT-107960,45-54,Female,AR,2025-02-21
SPOT-107961,18-24,Female,DE,2024-07-17
SPOT-107962,18-24,Female,AR,2024-04-08
SPOT-107963,25-34,Male,ES,2025-07-27
SPOT-107964,25-34,Non-binary,AR,2026-02-13
SPOT-107965,18-24,Female,AR,2024-10-18
SPOT-107966,18-24,Female,BR,2026-02-17
SPOT-107967,18-24,Female,GB,2024-12-07
SPOT-107968,25-34,Female,ES,2026-03-31
SPOT-107969,45-54,Female,GB,2025-08-31
SPOT-107970,55+,Female,US,2025-05-23
SPOT-107971,25-34,Female,FR,2025-08-22
SPOT-107972,18-24,Male,DE,2025-10-15
SPOT-107973,45-54,Male,US,2023-11-07
SPOT-107974,25-34,Female,MX,2025-12-02
SPOT-107975,18-24,Female,FR,2024-10-26
SPOT-107976,45-54,Male,FR,2023-11-20
SPOT-107977,35-44,Female,BR,2024-12-05
SPOT-107978,35-44,Female,US,2024-08-14
SPOT-107979,35-44,Female,MX,2025-12-04
SPOT-107980,18-24,Male,MX,2024-03-06
SPOT-107981,18-24,Male,US,2025-09-10
SPOT-107982,25-34,Female,CA,2024-02-21
SPOT-107983,18-24,Male,US,2024-12-10
SPOT-107984,25-34,Female,DE,2025-06-15
SPOT-107985,35-44,Female,US,2025-02-01
SPOT-107986,35-44,Female,CA,2023-12-25
SPOT-107987,25-34,Female,US,2023-12-02
SPOT-107988,35-44,Male,DE,2024-01-10
SPOT-107989,35-44,Male,FR,2025-01-26
SPOT-107990,25-34,Female,GB,2024-11-07
SPOT-107991,18-24,Female,US,2023-12-11
SPOT-107992,18-24,Male,US,2025-10-26
SPOT-107993,18-24,Male,DE,2024-07-03
SPOT-107994,18-24,Male,DE,2024-10-12
SPOT-107995,18-24,Female,ES,2024-08-06
SPOT-107996,18-24,Male,US,2026-04-21
SPOT-107997,25-34,Male,ES,2024-12-05
SPOT-107998,45-54,Female,AU,2024-04-06
SPOT-107999,18-24,Male,FR,2026-05-18
SPOT-108000,35-44,Female,MX,2024-02-03
SPOT-108001,25-34,Male,CA,2024-07-31
SPOT-108002,18-24,Female,AU,2024-09-11
SPOT-108003,45-54,Male,BR,2024-12-27
SPOT-108004,25-34,Male,GB,2026-02-15
SPOT-108005,25-34,Female,CA,2024-09-25
SPOT-108006,35-44,Male,AR,2025-07-20
SPOT-108007,18-24,Female,US,2024-09-18
SPOT-108008,25-34,Male,CA,2025-01-07
SPOT-108009,18-24,Male,GB,2024-08-06
SPOT-108010,35-44,Female,GB,2026-02-04
SPOT-108011,25-34,Female,GB,2026-06-02
SPOT-108012,25-34,Male,GB,2024-05-22
SPOT-108013,18-24,Female,BR,2024-04-14
SPOT-108014,25-34,Female,BR,2025-07-25
SPOT-108015,35-44,Male,DE,2026-03-22
SPOT-108016,25-34,Female,DE,2024-03-07
SPOT-108017,25-34,Male,ES,2025-07-10
SPOT-108018,25-34,Male,US,2025-01-12
SPOT-108019,45-54,Male,CA,2024-10-04
SPOT-108020,25-34,Female,ES,2025-11-03
SPOT-108021,35-44,Male,ES,2026-01-07
SPOT-108022,35-44,Female,DE,2024-10-03
SPOT-108023,25-34,Male,AU,2026-02-04
SPOT-108024,18-24,Male,US,2023-12-15
SPOT-108025,25-34,Female,US,2025-08-20
SPOT-108026,35-44,Female,AR,2026-05-12
SPOT-108027,18-24,Male,ES,2026-02-02
SPOT-108028,25-34,Male,GB,2026-03-19
SPOT-108029,35-44,Female,BR,2026-03-12
SPOT-108030,25-34,Male,BR,2025-06-11
SPOT-108031,25-34,Female,BR,2024-11-02
SPOT-108032,18-24,Female,BR,2025-09-16
SPOT-108033,18-24,Female,AU,2024-08-02
SPOT-108034,35-44,Female,AU,2026-01-03
SPOT-108035,18-24,Female,AU,2024-04-05
SPOT-108036,18-24,Male,BR,2024-02-17
SPOT-108037,45-54,Male,GB,2024-12-31
SPOT-108038,18-24,Male,BR,2024-10-23
SPOT-108039,55+,Male,MX,2026-02-18
SPOT-108040,55+,Female,GB,2025-11-12
SPOT-108041,18-24,Male,MX,2024-11-22
SPOT-108042,18-24,Female,MX,2025-11-09
SPOT-108043,35-44,Female,CA,2024-03-18
SPOT-108044,25-34,Female,US,2025-11-20
SPOT-108045,18-24,Female,MX,2025-07-15
SPOT-108046,35-44,Female,DE,2024-09-29
SPOT-108047,18-24,Male,US,2024-05-06
SPOT-108048,45-54,Female,GB,2024-09-26
SPOT-108049,18-24,Male,US,2025-10-30
SPOT-108050,18-24,Female,GB,2024-07-22
SPOT-108051,18-24,Male,US,2026-05-02
SPOT-108052,55+,Male,CA,2024-05-30
SPOT-108053,25-34,Female,US,2024-07-27
SPOT-108054,35-44,Female,AR,2023-12-17
SPOT-108055,25-34,Female,CA,2025-03-06
SPOT-108056,18-24,Male,DE,2024-01-21
SPOT-108057,18-24,Male,US,2026-03-25
SPOT-108058,25-34,Male,BR,2024-07-07
SPOT-108059,25-34,Male,US,2024-09-22
SPOT-108060,25-34,Female,US,2024-10-31
SPOT-108061,18-24,Male,BR,2026-03-27
SPOT-108062,45-54,Female,GB,2026-01-13
SPOT-108063,18-24,Male,ES,2024-05-01
SPOT-108064,55+,Female,BR,2025-10-11
SPOT-108065,18-24,Male,AR,2025-06-13
SPOT-108066,25-34,Female,US,2025-01-27
SPOT-108067,18-24,Female,US,2024-03-10
SPOT-108068,25-34,Male,BR,2024-10-19
SPOT-108069,25-34,Male,FR,2026-05-10
SPOT-108070,25-34,Male,AR,2026-04-24
SPOT-108071,25-34,Male,MX,2024-08-08
SPOT-108072,35-44,Male,BR,2025-07-25
SPOT-108073,25-34,Male,MX,2025-06-02
SPOT-108074,35-44,Male,US,2024-08-08
SPOT-108075,18-24,Male,BR,2025-10-16
SPOT-108076,25-34,Male,BR,2024-02-17
SPOT-108077,25-34,Male,DE,2025-07-19
SPOT-108078,25-34,Male,FR,2025-01-19
SPOT-108079,25-34,Female,AR,2026-01-07
SPOT-108080,18-24,Female,US,2024-02-24
SPOT-108081,18-24,Female,AU,2025-03-05
SPOT-108082,18-24,Male,US,2025-08-21
SPOT-108083,18-24,Male,US,2024-10-10
SPOT-108084,25-34,Male,CA,2023-12-18
SPOT-108085,25-34,Female,DE,2025-11-15
SPOT-108086,55+,Female,AR,2024-02-18
SPOT-108087,35-44,Male,GB,2025-09-28
SPOT-108088,18-24,Female,FR,2025-01-24
SPOT-108089,45-54,Female,AR,2025-10-22
SPOT-108090,45-54,Non-binary,BR,2025-10-08
SPOT-108091,25-34,Male,ES,2023-12-14
SPOT-108092,25-34,Male,AU,2024-09-21
SPOT-108093,55+,Male,DE,2024-06-29
SPOT-108094,25-34,Male,BR,2024-05-11
SPOT-108095,45-54,Female,ES,2025-01-31
SPOT-108096,18-24,Male,DE,2024-10-02
SPOT-108097,18-24,Female,AU,2024-05-23
SPOT-108098,25-34,Male,US,2024-04-16
SPOT-108099,25-34,Male,DE,2024-05-06
SPOT-108100,35-44,Male,ES,2024-08-08
SPOT-108101,55+,Male,DE,2025-10-18
SPOT-108102,25-34,Female,GB,2024-08-29
SPOT-108103,18-24,Non-binary,DE,2024-11-21
SPOT-108104,35-44,Female,FR,2024-05-23
SPOT-108105,25-34,Female,BR,2025-02-13
SPOT-108106,18-24,Male,GB,2024-10-11
SPOT-108107,25-34,Female,MX,2024-06-13
SPOT-108108,35-44,Male,MX,2024-03-10
SPOT-108109,35-44,Female,BR,2025-06-16
SPOT-108110,25-34,Female,DE,2026-04-11
SPOT-108111,18-24,Male,US,2024-06-13
SPOT-108112,55+,Male,MX,2025-03-03
SPOT-108113,25-34,Non-binary,DE,2024-02-06
SPOT-108114,25-34,Male,DE,2025-08-01
SPOT-108115,18-24,Male,US,2024-04-10
SPOT-108116,35-44,Male,US,2025-09-16
SPOT-108117,18-24,Female,AR,2025-01-22
SPOT-108118,18-24,Male,BR,2023-12-09
SPOT-108119,25-34,Female,US,2026-05-10
SPOT-108120,18-24,Female,US,2025-10-07
SPOT-108121,25-34,Female,US,2025-12-26
SPOT-108122,18-24,Male,BR,2024-03-07
SPOT-108123,25-34,Female,MX,2025-06-24
SPOT-108124,18-24,Male,US,2025-05-23
SPOT-108125,18-24,Female,DE,2026-03-07
SPOT-108126,18-24,Female,US,2025-09-25
SPOT-108127,45-54,Female,US,2023-12-30
SPOT-108128,45-54,Female,FR,2026-03-07
SPOT-108129,18-24,Female,MX,2025-06-12
SPOT-108130,35-44,Male,AR,2025-12-25
SPOT-108131,25-34,Female,US,2026-03-16
SPOT-108132,55+,Male,GB,2025-02-18
SPOT-108133,25-34,Male,DE,2025-07-23
SPOT-108134,25-34,Male,MX,2025-02-06
SPOT-108135,18-24,Female,BR,2024-05-21
SPOT-108136,25-34,Male,BR,2024-12-26
SPOT-108137,55+,Female,US,2024-04-09
SPOT-108138,25-34,Female,BR,2024-05-19
SPOT-108139,18-24,Female,AR,2024-09-23
SPOT-108140,18-24,Female,BR,2023-12-18
SPOT-108141,35-44,Male,US,2025-04-06
SPOT-108142,25-34,Female,DE,2024-03-07
SPOT-108143,25-34,Female,ES,2025-03-06
SPOT-108144,55+,Female,US,2024-03-06
SPOT-108145,18-24,Male,BR,2023-11-19
SPOT-108146,18-24,Male,AU,2024-05-11
SPOT-108147,45-54,Female,DE,2026-01-01
SPOT-108148,18-24,Male,US,2025-09-29
SPOT-108149,18-24,Male,MX,2025-07-25
SPOT-108150,25-34,Male,US,2023-11-22
SPOT-108151,35-44,Male,US,2024-03-12
SPOT-108152,18-24,Male,US,2025-08-25
SPOT-108153,45-54,Female,US,2025-11-19
SPOT-108154,35-44,Female,FR,2026-05-05
SPOT-108155,18-24,Male,ES,2026-03-16
SPOT-108156,35-44,Male,GB,2025-12-02
SPOT-108157,25-34,Female,FR,2024-05-26
SPOT-108158,25-34,Male,MX,2023-12-23
SPOT-108159,35-44,Female,DE,2025-06-15
SPOT-108160,55+,Male,US,2024-10-19
SPOT-108161,18-24,Female,ES,2024-11-28
SPOT-108162,25-34,Female,DE,2024-01-14
SPOT-108163,25-34,Female,GB,2025-01-02
SPOT-108164,25-34,Female,GB,2024-02-28
SPOT-108165,25-34,Male,US,2025-01-19
SPOT-108166,18-24,Male,ES,2024-01-19
SPOT-108167,25-34,Female,US,2023-11-28
SPOT-108168,25-34,Female,BR,2026-04-27
SPOT-108169,18-24,Male,US,2026-03-21
SPOT-108170,35-44,Female,MX,2026-02-02
SPOT-108171,35-44,Female,GB,2024-12-07
SPOT-108172,25-34,Female,MX,2024-05-02
SPOT-108173,18-24,Male,US,2026-05-20
SPOT-108174,25-34,Female,GB,2025-08-17
SPOT-108175,18-24,Male,US,2024-11-15
SPOT-108176,18-24,Female,MX,2025-06-29
SPOT-108177,35-44,Male,US,2024-09-28
SPOT-108178,18-24,Female,MX,2024-12-17
SPOT-108179,18-24,Male,US,2024-03-20
SPOT-108180,18-24,Male,CA,2025-04-21
SPOT-108181,18-24,Male,DE,2024-10-03
SPOT-108182,18-24,Male,US,2024-02-22
SPOT-108183,55+,Male,US,2024-01-23
SPOT-108184,18-24,Male,GB,2025-10-17
SPOT-108185,18-24,Non-binary,FR,2024-01-15
SPOT-108186,18-24,Female,US,2024-04-09
SPOT-108187,45-54,Female,AR,2024-03-11
SPOT-108188,25-34,Male,DE,2025-10-18
SPOT-108189,25-34,Male,AR,2025-12-26
SPOT-108190,45-54,Male,FR,2026-04-14
SPOT-108191,25-34,Female,AU,2025-12-07
SPOT-108192,18-24,Male,US,2025-08-08
SPOT-108193,18-24,Female,AR,2024-12-21
SPOT-108194,25-34,Male,US,2024-02-08
SPOT-108195,18-24,Non-binary,GB,2024-06-23
SPOT-108196,25-34,Male,MX,2024-05-30
SPOT-108197,18-24,Male,DE,2024-08-13
SPOT-108198,25-34,Female,BR,2025-11-25
SPOT-108199,18-24,Female,AU,2023-11-23
SPOT-108200,18-24,Female,AR,2024-11-28
SPOT-108201,25-34,Male,GB,2026-04-27
SPOT-108202,45-54,Female,BR,2024-10-04
SPOT-108203,25-34,Female,US,2024-08-16
SPOT-108204,25-34,Male,DE,2026-03-18
SPOT-108205,18-24,Male,MX,2025-02-25
SPOT-108206,18-24,Female,ES,2024-12-12
SPOT-108207,18-24,Female,CA,2025-03-17
SPOT-108208,18-24,Female,GB,2025-02-11
SPOT-108209,18-24,Non-binary,CA,2024-06-28
SPOT-108210,18-24,Male,MX,2023-11-17
SPOT-108211,35-44,Female,US,2024-03-23
SPOT-108212,18-24,Female,DE,2025-07-22
SPOT-108213,25-34,Female,BR,2026-01-30
SPOT-108214,25-34,Female,GB,2025-03-25
SPOT-108215,25-34,Female,US,2024-01-19
SPOT-108216,25-34,Male,BR,2025-07-18
SPOT-108217,18-24,Male,US,2025-02-06
SPOT-108218,18-24,Male,CA,2023-11-29
SPOT-108219,35-44,Female,FR,2025-05-18
SPOT-108220,45-54,Male,BR,2024-08-25
SPOT-108221,18-24,Female,US,2024-06-28
SPOT-108222,18-24,Male,BR,2024-02-21
SPOT-108223,45-54,Male,BR,2025-11-23
SPOT-108224,18-24,Female,FR,2026-01-08
SPOT-108225,25-34,Female,US,2025-02-08
SPOT-108226,25-34,Male,MX,2025-02-09
SPOT-108227,18-24,Female,BR,2024-07-02
SPOT-108228,25-34,Male,US,2026-01-26
SPOT-108229,25-34,Male,US,2024-04-29
SPOT-108230,18-24,Male,MX,2025-11-05
SPOT-108231,25-34,Female,GB,2026-05-18
SPOT-108232,35-44,Male,AU,2024-02-21
SPOT-108233,25-34,Female,FR,2025-03-15
SPOT-108234,18-24,Female,BR,2025-07-07
SPOT-108235,25-34,Male,MX,2023-12-22
SPOT-108236,35-44,Male,US,2025-11-23
SPOT-108237,35-44,Male,FR,2025-08-21
SPOT-108238,25-34,Female,DE,2024-05-19
SPOT-108239,18-24,Female,BR,2024-09-03
SPOT-108240,35-44,Female,FR,2024-10-07
SPOT-108241,25-34,Male,US,2024-01-27
SPOT-108242,18-24,Male,BR,2024-08-22
SPOT-108243,25-34,Male,MX,2024-10-24
SPOT-108244,18-24,Male,US,2024-09-10
SPOT-108245,25-34,Male,US,2024-01-08
SPOT-108246,18-24,Female,BR,2025-01-27
SPOT-108247,25-34,Female,BR,2026-03-25
SPOT-108248,45-54,Female,GB,2024-03-28
SPOT-108249,35-44,Male,FR,2026-05-12
SPOT-108250,45-54,Male,GB,2025-05-01
SPOT-108251,55+,Male,BR,2023-12-14
SPOT-108252,18-24,Male,US,2025-08-07
SPOT-108253,25-34,Female,US,2026-04-01
SPOT-108254,25-34,Male,DE,2024-07-13
SPOT-108255,45-54,Female,BR,2025-05-24
SPOT-108256,18-24,Non-binary,ES,2024-09-04
SPOT-108257,55+,Male,DE,2024-02-25
SPOT-108258,25-34,Female,GB,2026-05-14
SPOT-108259,35-44,Female,MX,2025-03-10
SPOT-108260,18-24,Male,DE,2024-09-21
SPOT-108261,18-24,Female,US,2025-06-23
SPOT-108262,35-44,Male,CA,2024-08-17
SPOT-108263,18-24,Female,BR,2025-04-07
SPOT-108264,35-44,Male,US,2024-08-27
SPOT-108265,18-24,Male,MX,2025-09-05
SPOT-108266,25-34,Male,AR,2026-05-23
SPOT-108267,25-34,Female,ES,2025-01-24
SPOT-108268,25-34,Male,BR,2025-03-25
SPOT-108269,25-34,Male,BR,2026-05-01
SPOT-108270,18-24,Male,ES,2024-09-28
SPOT-108271,18-24,Male,ES,2025-05-18
SPOT-108272,18-24,Female,BR,2025-12-21
SPOT-108273,25-34,Female,MX,2023-11-09
SPOT-108274,25-34,Female,US,2025-06-10
SPOT-108275,35-44,Female,US,2025-01-16
SPOT-108276,25-34,Female,CA,2025-07-07
SPOT-108277,25-34,Female,CA,2024-07-28
SPOT-108278,25-34,Female,AR,2024-02-29
SPOT-108279,18-24,Male,DE,2025-07-18
SPOT-108280,18-24,Female,US,2025-11-14
SPOT-108281,55+,Non-binary,GB,2024-10-24
SPOT-108282,45-54,Female,ES,2025-01-30
SPOT-108283,18-24,Female,GB,2023-11-17
SPOT-108284,25-34,Male,AR,2024-05-15
SPOT-108285,35-44,Female,MX,2026-05-01
SPOT-108286,25-34,Female,MX,2024-10-08
SPOT-108287,18-24,Male,CA,2023-12-02
SPOT-108288,18-24,Male,FR,2025-05-04
SPOT-108289,25-34,Male,ES,2025-07-20
SPOT-108290,55+,Female,US,2024-03-10
SPOT-108291,25-34,Female,CA,2026-03-01
SPOT-108292,18-24,Female,US,2025-07-21
SPOT-108293,18-24,Male,DE,2025-07-02
SPOT-108294,35-44,Female,AR,2025-03-20
SPOT-108295,35-44,Male,US,2026-05-10
SPOT-108296,25-34,Male,MX,2024-06-28
SPOT-108297,25-34,Male,DE,2024-02-11
SPOT-108298,18-24,Non-binary,MX,2025-09-14
SPOT-108299,35-44,Male,AU,2026-03-19
SPOT-108300,35-44,Male,AR,2025-08-25
SPOT-108301,18-24,Male,GB,2024-02-03
SPOT-108302,35-44,Male,US,2025-10-01
SPOT-108303,18-24,Female,AU,2025-12-03
SPOT-108304,18-24,Female,BR,2024-07-01
SPOT-108305,18-24,Female,US,2025-06-28
SPOT-108306,18-24,Female,MX,2025-09-08
SPOT-108307,18-24,Female,US,2024-08-08
SPOT-108308,25-34,Female,US,2025-02-08
SPOT-108309,25-34,Male,MX,2025-01-11
SPOT-108310,25-34,Non-binary,DE,2024-03-18
SPOT-108311,18-24,Male,GB,2024-02-12
SPOT-108312,18-24,Female,MX,2024-08-10
SPOT-108313,25-34,Female,FR,2025-09-24
SPOT-108314,25-34,Male,MX,2024-05-19
SPOT-108315,18-24,Male,DE,2025-11-09
SPOT-108316,45-54,Male,MX,2025-01-03
SPOT-108317,35-44,Male,MX,2026-05-05
SPOT-108318,45-54,Female,ES,2026-01-20
SPOT-108319,25-34,Non-binary,GB,2026-04-17
SPOT-108320,18-24,Female,US,2024-11-13
SPOT-108321,25-34,Female,MX,2024-05-18
SPOT-108322,18-24,Male,US,2024-09-26
SPOT-108323,25-34,Male,DE,2025-03-21
SPOT-108324,18-24,Female,US,2025-09-30
SPOT-108325,35-44,Non-binary,GB,2025-04-20
SPOT-108326,18-24,Female,BR,2024-07-18
SPOT-108327,45-54,Male,FR,2026-01-18
SPOT-108328,45-54,Female,MX,2025-01-14
SPOT-108329,25-34,Female,US,2024-04-15
SPOT-108330,35-44,Female,FR,2025-05-14
SPOT-108331,25-34,Female,BR,2025-03-06
SPOT-108332,35-44,Female,US,2025-06-10
SPOT-108333,25-34,Male,BR,2024-08-04
SPOT-108334,35-44,Female,US,2024-05-28
SPOT-108335,25-34,Male,GB,2025-05-06
SPOT-108336,45-54,Male,AR,2026-02-25
SPOT-108337,25-34,Female,MX,2026-04-15
SPOT-108338,25-34,Male,BR,2024-08-10
SPOT-108339,35-44,Male,US,2023-11-11
SPOT-108340,35-44,Male,GB,2023-11-27
SPOT-108341,25-34,Female,AU,2026-04-03
SPOT-108342,18-24,Male,GB,2025-10-03
SPOT-108343,25-34,Male,MX,2025-05-27
SPOT-108344,55+,Male,BR,2024-02-19
SPOT-108345,35-44,Female,US,2025-04-02
SPOT-108346,35-44,Male,CA,2025-12-12
SPOT-108347,18-24,Female,US,2025-07-02
SPOT-108348,25-34,Male,MX,2024-11-27
SPOT-108349,25-34,Female,AR,2024-10-05
SPOT-108350,35-44,Male,ES,2026-01-07
SPOT-108351,18-24,Female,AR,2025-08-07
SPOT-108352,45-54,Female,ES,2026-05-08
SPOT-108353,25-34,Male,DE,2024-08-16
SPOT-108354,18-24,Female,FR,2023-11-28
SPOT-108355,18-24,Female,CA,2024-08-26
SPOT-108356,18-24,Male,DE,2024-12-01
SPOT-108357,25-34,Female,BR,2025-11-09
SPOT-108358,18-24,Female,BR,2026-01-02
SPOT-108359,18-24,Male,GB,2025-02-26
SPOT-108360,35-44,Male,US,2025-03-03
SPOT-108361,18-24,Female,GB,2025-12-17
SPOT-108362,18-24,Female,AR,2025-05-23
SPOT-108363,25-34,Female,BR,2025-11-12
SPOT-108364,25-34,Female,FR,2023-12-10
SPOT-108365,35-44,Male,ES,2024-08-01
SPOT-108366,25-34,Male,GB,2025-12-06
SPOT-108367,35-44,Female,US,2025-03-22
SPOT-108368,25-34,Female,BR,2025-10-29
SPOT-108369,18-24,Male,CA,2024-03-04
SPOT-108370,18-24,Female,AR,2024-08-12
SPOT-108371,25-34,Female,ES,2023-12-23
SPOT-108372,25-34,Female,ES,2025-12-26
SPOT-108373,35-44,Male,BR,2025-01-14
SPOT-108374,25-34,Male,US,2024-08-16
SPOT-108375,25-34,Female,GB,2025-06-11
SPOT-108376,18-24,Female,BR,2026-03-25
SPOT-108377,18-24,Male,GB,2025-08-08
SPOT-108378,25-34,Female,AR,2026-01-31
SPOT-108379,25-34,Male,DE,2025-09-09
SPOT-108380,25-34,Male,US,2024-09-10
SPOT-108381,18-24,Male,AR,2025-04-05
SPOT-108382,25-34,Male,MX,2023-12-01
SPOT-108383,45-54,Female,GB,2024-11-03
SPOT-108384,18-24,Female,AU,2025-11-29
SPOT-108385,25-34,Male,DE,2025-12-30
SPOT-108386,55+,Female,MX,2025-12-16
SPOT-108387,18-24,Female,CA,2023-12-06
SPOT-108388,25-34,Male,US,2024-05-03
SPOT-108389,18-24,Female,FR,2025-06-28
SPOT-108390,25-34,Female,ES,2025-04-10
SPOT-108391,18-24,Female,US,2024-01-16
SPOT-108392,55+,Female,MX,2025-10-23
SPOT-108393,35-44,Male,FR,2025-01-05
SPOT-108394,35-44,Male,AR,2025-02-22
SPOT-108395,35-44,Female,ES,2024-06-08
SPOT-108396,25-34,Female,US,2026-03-06
SPOT-108397,25-34,Male,US,2026-05-21
SPOT-108398,45-54,Male,BR,2026-04-28
SPOT-108399,55+,Female,BR,2024-10-18
SPOT-108400,25-34,Male,CA,2025-10-08
SPOT-108401,45-54,Male,DE,2024-06-17
SPOT-108402,25-34,Male,GB,2025-04-03
SPOT-108403,25-34,Male,US,2025-11-01
SPOT-108404,25-34,Male,US,2023-11-26
SPOT-108405,18-24,Female,US,2026-05-19
SPOT-108406,18-24,Male,BR,2026-01-19
SPOT-108407,18-24,Non-binary,US,2024-08-29
SPOT-108408,25-34,Female,FR,2024-08-12
SPOT-108409,25-34,Female,BR,2023-12-23
SPOT-108410,25-34,Female,FR,2025-04-02
SPOT-108411,55+,Female,DE,2024-12-12
SPOT-108412,25-34,Male,BR,2024-11-23
SPOT-108413,25-34,Male,BR,2024-12-10
SPOT-108414,18-24,Male,AU,2023-12-31
SPOT-108415,18-24,Male,AR,2024-01-18
SPOT-108416,35-44,Female,BR,2026-04-19
SPOT-108417,25-34,Non-binary,MX,2024-07-03
SPOT-108418,35-44,Male,US,2024-03-17
SPOT-108419,18-24,Female,ES,2024-12-29
SPOT-108420,25-34,Female,AU,2026-03-24
SPOT-108421,18-24,Male,US,2025-08-11
SPOT-108422,18-24,Female,MX,2023-12-06
SPOT-108423,18-24,Female,BR,2024-04-16
SPOT-108424,18-24,Male,FR,2025-09-23
SPOT-108425,18-24,Female,US,2024-03-09
SPOT-108426,18-24,Female,US,2023-12-05
SPOT-108427,55+,Male,US,2024-07-18
SPOT-108428,18-24,Female,US,2025-11-19
SPOT-108429,18-24,Female,ES,2024-05-12
SPOT-108430,18-24,Male,US,2025-11-29
SPOT-108431,25-34,Female,MX,2025-01-21
SPOT-108432,18-24,Female,FR,2026-01-07
SPOT-108433,45-54,Female,US,2026-02-03
SPOT-108434,55+,Female,US,2025-12-09
SPOT-108435,18-24,Female,AU,2025-01-13
SPOT-108436,25-34,Male,MX,2026-05-06
SPOT-108437,18-24,Non-binary,US,2025-04-01
SPOT-108438,25-34,Female,GB,2026-05-12
SPOT-108439,25-34,Male,AU,2026-03-09
SPOT-108440,18-24,Female,US,2025-02-06
SPOT-108441,18-24,Female,ES,2025-12-17
SPOT-108442,25-34,Male,US,2025-08-07
SPOT-108443,25-34,Female,DE,2024-09-27
SPOT-108444,18-24,Female,FR,2025-01-23
SPOT-108445,25-34,Female,US,2026-05-03
SPOT-108446,25-34,Male,GB,2026-03-04
SPOT-108447,45-54,Female,BR,2025-09-15
SPOT-108448,18-24,Female,MX,2025-01-29
SPOT-108449,35-44,Non-binary,US,2025-04-16
SPOT-108450,25-34,Female,DE,2025-11-18
SPOT-108451,18-24,Female,GB,2026-01-27
SPOT-108452,25-34,Male,US,2024-02-04
SPOT-108453,25-34,Female,GB,2026-03-02
SPOT-108454,45-54,Male,CA,2024-06-27
SPOT-108455,18-24,Male,GB,2025-09-06
SPOT-108456,25-34,Male,BR,2025-03-17
SPOT-108457,25-34,Female,GB,2024-11-15
SPOT-108458,55+,Male,US,2024-08-03
SPOT-108459,18-24,Male,GB,2023-12-16
SPOT-108460,55+,Male,BR,2025-10-17
SPOT-108461,45-54,Female,GB,2025-04-13
SPOT-108462,18-24,Female,MX,2025-08-02
SPOT-108463,35-44,Male,CA,2025-12-19
SPOT-108464,55+,Female,US,2026-03-02
SPOT-108465,18-24,Male,ES,2025-01-07
SPOT-108466,25-34,Male,US,2024-08-03
SPOT-108467,25-34,Male,US,2023-12-24
SPOT-108468,18-24,Male,US,2025-05-14
SPOT-108469,18-24,Female,BR,2023-12-17
SPOT-108470,18-24,Male,US,2024-03-15
SPOT-108471,18-24,Female,ES,2026-02-14
SPOT-108472,25-34,Non-binary,US,2025-02-21
SPOT-108473,18-24,Male,BR,2025-11-09
SPOT-108474,45-54,Male,MX,2023-11-18
SPOT-108475,35-44,Female,US,2025-08-28
SPOT-108476,18-24,Male,BR,2025-12-31
SPOT-108477,25-34,Male,GB,2025-06-30
SPOT-108478,25-34,Male,US,2025-02-25
SPOT-108479,55+,Female,AR,2024-01-28
SPOT-108480,18-24,Female,GB,2025-10-18
SPOT-108481,18-24,Male,AR,2024-07-25
SPOT-108482,45-54,Male,US,2024-04-04
SPOT-108483,45-54,Male,GB,2024-06-11
SPOT-108484,35-44,Male,US,2024-04-14
SPOT-108485,35-44,Male,BR,2024-11-05
SPOT-108486,18-24,Female,DE,2024-09-17
SPOT-108487,25-34,Male,US,2025-06-28
SPOT-108488,18-24,Male,DE,2023-12-04
SPOT-108489,18-24,Male,US,2025-01-21
SPOT-108490,35-44,Male,AR,2025-11-29
SPOT-108491,18-24,Female,BR,2024-01-07
SPOT-108492,25-34,Male,MX,2026-02-10
SPOT-108493,45-54,Male,AR,2023-12-05
SPOT-108494,18-24,Male,US,2024-10-25
SPOT-108495,55+,Female,GB,2025-02-01
SPOT-108496,55+,Female,US,2024-08-27
SPOT-108497,25-34,Male,US,2025-01-28
SPOT-108498,18-24,Male,US,2026-02-06
SPOT-108499,18-24,Male,BR,2026-02-24
SPOT-108500,25-34,Female,DE,2024-02-05
SPOT-108501,18-24,Female,US,2024-03-06
SPOT-108502,18-24,Female,GB,2025-08-10
SPOT-108503,55+,Male,US,2023-12-22
SPOT-108504,18-24,Female,GB,2023-12-16
SPOT-108505,35-44,Male,MX,2026-01-04
SPOT-108506,18-24,Female,MX,2026-05-03
SPOT-108507,25-34,Female,GB,2025-12-28
SPOT-108508,45-54,Female,AR,2025-04-04
SPOT-108509,18-24,Male,DE,2024-07-02
SPOT-108510,18-24,Male,BR,2024-12-22
SPOT-108511,25-34,Male,US,2026-04-09
SPOT-108512,35-44,Male,US,2026-01-09
SPOT-108513,25-34,Female,ES,2026-05-16
SPOT-108514,18-24,Male,AU,2023-11-13
SPOT-108515,18-24,Female,ES,2024-11-08
SPOT-108516,55+,Female,US,2025-08-22
SPOT-108517,45-54,Male,US,2024-05-19
SPOT-108518,25-34,Male,DE,2025-10-27
SPOT-108519,35-44,Female,ES,2024-10-04
SPOT-108520,25-34,Female,US,2025-10-31
SPOT-108521,25-34,Male,ES,2024-09-23
SPOT-108522,18-24,Male,BR,2025-06-23
SPOT-108523,25-34,Female,ES,2025-09-25
SPOT-108524,25-34,Female,BR,2024-09-10
SPOT-108525,18-24,Female,MX,2025-04-23
SPOT-108526,25-34,Female,US,2024-11-14
SPOT-108527,35-44,Female,ES,2025-07-01
SPOT-108528,25-34,Male,AR,2026-04-19
SPOT-108529,25-34,Female,FR,2024-09-26
SPOT-108530,45-54,Non-binary,US,2023-12-24
SPOT-108531,18-24,Male,MX,2025-03-18
SPOT-108532,25-34,Female,AU,2026-01-23
SPOT-108533,35-44,Male,BR,2026-01-25
SPOT-108534,25-34,Male,US,2025-12-02
SPOT-108535,18-24,Female,FR,2025-10-12
SPOT-108536,18-24,Male,GB,2024-01-06
SPOT-108537,45-54,Male,US,2025-08-06
SPOT-108538,25-34,Male,DE,2025-07-25
SPOT-108539,45-54,Male,US,2024-04-09
SPOT-108540,25-34,Female,US,2025-08-22
SPOT-108541,25-34,Male,DE,2024-12-20
SPOT-108542,35-44,Male,MX,2025-10-12
SPOT-108543,25-34,Male,CA,2024-09-13
SPOT-108544,25-34,Female,ES,2025-05-06
SPOT-108545,25-34,Female,AR,2024-10-09
SPOT-108546,35-44,Female,DE,2024-10-11
SPOT-108547,25-34,Female,GB,2026-02-26
SPOT-108548,25-34,Male,BR,2026-03-19
SPOT-108549,18-24,Female,MX,2024-05-17
SPOT-108550,45-54,Male,BR,2024-09-22
SPOT-108551,18-24,Male,GB,2024-08-17
SPOT-108552,25-34,Female,GB,2025-05-27
SPOT-108553,25-34,Male,DE,2025-02-26
SPOT-108554,25-34,Female,US,2026-05-25
SPOT-108555,25-34,Male,FR,2025-12-26
SPOT-108556,18-24,Female,BR,2024-10-01
SPOT-108557,25-34,Male,ES,2025-05-13
SPOT-108558,35-44,Non-binary,US,2024-11-20
SPOT-108559,35-44,Male,BR,2026-02-21
SPOT-108560,18-24,Female,CA,2026-02-14
SPOT-108561,45-54,Female,US,2024-09-27
SPOT-108562,25-34,Female,GB,2025-05-21
SPOT-108563,45-54,Female,DE,2024-08-31
SPOT-108564,25-34,Female,DE,2024-09-08
SPOT-108565,25-34,Female,MX,2024-11-05
SPOT-108566,45-54,Female,DE,2024-04-30
SPOT-108567,45-54,Male,MX,2026-04-30
SPOT-108568,25-34,Female,BR,2024-06-28
SPOT-108569,18-24,Female,US,2024-05-27
SPOT-108570,25-34,Female,CA,2024-04-15
SPOT-108571,25-34,Male,US,2025-05-31
SPOT-108572,18-24,Female,BR,2024-12-29
SPOT-108573,18-24,Male,US,2025-09-13
SPOT-108574,45-54,Female,CA,2024-11-22
SPOT-108575,18-24,Male,CA,2023-11-13
SPOT-108576,25-34,Female,GB,2024-09-07
SPOT-108577,18-24,Female,US,2025-05-28
SPOT-108578,18-24,Male,ES,2025-06-24
SPOT-108579,18-24,Female,GB,2024-07-14
SPOT-108580,18-24,Male,ES,2024-04-18
SPOT-108581,35-44,Female,CA,2024-02-25
SPOT-108582,45-54,Female,BR,2025-12-21
SPOT-108583,18-24,Male,FR,2023-12-18
SPOT-108584,25-34,Female,US,2025-05-24
SPOT-108585,25-34,Female,CA,2025-01-19
SPOT-108586,45-54,Male,US,2026-04-19
SPOT-108587,35-44,Female,US,2024-09-13
SPOT-108588,25-34,Female,FR,2025-05-09
SPOT-108589,25-34,Male,BR,2025-10-04
SPOT-108590,35-44,Male,AR,2023-11-13
SPOT-108591,18-24,Female,AR,2025-02-28
SPOT-108592,25-34,Male,MX,2026-05-15
SPOT-108593,45-54,Male,US,2025-07-30
SPOT-108594,35-44,Male,MX,2024-05-31
SPOT-108595,25-34,Female,US,2024-06-10
SPOT-108596,25-34,Female,US,2024-03-26
SPOT-108597,18-24,Male,MX,2026-04-17
SPOT-108598,25-34,Female,CA,2023-11-11
SPOT-108599,25-34,Female,ES,2025-09-23
SPOT-108600,25-34,Non-binary,GB,2024-05-31
SPOT-108601,35-44,Female,AR,2024-03-06
SPOT-108602,45-54,Female,AU,2024-03-02
SPOT-108603,18-24,Male,GB,2023-11-29
SPOT-108604,25-34,Male,US,2025-02-05
SPOT-108605,25-34,Male,US,2023-11-17
SPOT-108606,25-34,Female,DE,2025-08-30
SPOT-108607,18-24,Female,US,2025-05-22
SPOT-108608,25-34,Male,BR,2024-12-28
SPOT-108609,45-54,Male,ES,2026-01-22
SPOT-108610,25-34,Female,BR,2024-03-09
SPOT-108611,45-54,Male,AU,2025-07-25
SPOT-108612,55+,Male,DE,2026-01-14
SPOT-108613,18-24,Male,US,2024-09-06
SPOT-108614,18-24,Non-binary,BR,2026-01-16
SPOT-108615,55+,Male,CA,2024-11-01
SPOT-108616,55+,Female,US,2026-01-18
SPOT-108617,18-24,Male,US,2025-07-13
SPOT-108618,18-24,Female,ES,2024-05-06
SPOT-108619,18-24,Male,GB,2024-09-29
SPOT-108620,55+,Male,ES,2025-10-06
SPOT-108621,18-24,Male,DE,2026-01-04
SPOT-108622,25-34,Male,AR,2026-04-29
SPOT-108623,35-44,Female,BR,2024-08-28
SPOT-108624,18-24,Male,US,2023-12-04
SPOT-108625,25-34,Female,DE,2023-11-13
SPOT-108626,18-24,Male,GB,2024-04-04
SPOT-108627,45-54,Male,AR,2024-11-06
SPOT-108628,18-24,Female,MX,2026-01-30
SPOT-108629,25-34,Male,ES,2024-11-18
SPOT-108630,25-34,Male,DE,2025-01-11
SPOT-108631,18-24,Male,MX,2024-07-03
SPOT-108632,18-24,Female,US,2024-12-11
SPOT-108633,25-34,Female,US,2024-07-11
SPOT-108634,18-24,Male,GB,2026-04-24
SPOT-108635,35-44,Female,ES,2025-03-04
SPOT-108636,35-44,Female,BR,2025-03-05
SPOT-108637,25-34,Female,DE,2025-06-06
SPOT-108638,25-34,Male,FR,2025-10-20
SPOT-108639,25-34,Female,BR,2024-12-08
SPOT-108640,35-44,Male,MX,2025-07-30
SPOT-108641,25-34,Male,AU,2025-10-29
SPOT-108642,18-24,Male,BR,2025-08-13
SPOT-108643,18-24,Female,AR,2024-12-23
SPOT-108644,25-34,Female,DE,2025-01-25
SPOT-108645,25-34,Female,US,2023-11-22
SPOT-108646,25-34,Female,AR,2024-02-27
SPOT-108647,18-24,Female,CA,2025-08-11
SPOT-108648,35-44,Female,DE,2026-03-22
SPOT-108649,18-24,Male,BR,2026-01-21
SPOT-108650,18-24,Male,DE,2025-02-03
SPOT-108651,25-34,Male,AU,2025-01-30
SPOT-108652,18-24,Male,CA,2025-11-01
SPOT-108653,25-34,Female,US,2025-04-06
SPOT-108654,25-34,Female,ES,2025-06-08
SPOT-108655,25-34,Female,MX,2025-05-19
SPOT-108656,25-34,Male,US,2025-07-26
SPOT-108657,18-24,Female,DE,2025-07-03
SPOT-108658,18-24,Male,US,2025-05-18
SPOT-108659,45-54,Female,FR,2026-04-29
SPOT-108660,25-34,Male,US,2025-01-18
SPOT-108661,25-34,Female,FR,2026-05-17
SPOT-108662,18-24,Female,CA,2026-01-07
SPOT-108663,25-34,Female,US,2025-09-02
SPOT-108664,25-34,Male,ES,2024-02-12
SPOT-108665,25-34,Male,BR,2025-05-13
SPOT-108666,35-44,Male,AU,2026-03-29
SPOT-108667,18-24,Male,AR,2024-07-14
SPOT-108668,18-24,Female,MX,2025-01-24
SPOT-108669,35-44,Female,CA,2025-10-27
SPOT-108670,45-54,Male,US,2026-03-15
SPOT-108671,18-24,Female,DE,2025-08-19
SPOT-108672,25-34,Female,AR,2025-04-07
SPOT-108673,18-24,Male,US,2025-01-19
SPOT-108674,18-24,Female,CA,2025-08-25
SPOT-108675,18-24,Female,ES,2026-02-27
SPOT-108676,18-24,Female,DE,2024-01-19
SPOT-108677,35-44,Female,GB,2025-10-07
SPOT-108678,25-34,Male,US,2026-04-11
SPOT-108679,18-24,Male,US,2025-03-26
SPOT-108680,18-24,Female,DE,2024-06-21
SPOT-108681,35-44,Male,AR,2025-02-04
SPOT-108682,18-24,Male,BR,2024-05-30
SPOT-108683,25-34,Female,DE,2023-12-21
SPOT-108684,18-24,Female,GB,2026-03-26
SPOT-108685,25-34,Female,US,2024-07-31
SPOT-108686,18-24,Male,AU,2026-03-23
SPOT-108687,18-24,Male,US,2024-08-10
SPOT-108688,18-24,Female,GB,2024-01-04
SPOT-108689,18-24,Female,ES,2024-01-15
SPOT-108690,25-34,Female,BR,2024-11-21
SPOT-108691,25-34,Non-binary,GB,2025-09-19
SPOT-108692,18-24,Female,AU,2024-10-24
SPOT-108693,18-24,Female,MX,2025-08-13
SPOT-108694,25-34,Male,GB,2024-07-08
SPOT-108695,25-34,Female,AR,2024-08-26
SPOT-108696,55+,Female,US,2024-10-15
SPOT-108697,25-34,Male,DE,2025-09-20
SPOT-108698,25-34,Female,AR,2023-11-30
SPOT-108699,25-34,Male,AU,2024-02-24
SPOT-108700,45-54,Female,DE,2025-09-02
SPOT-108701,35-44,Male,US,2024-02-04
SPOT-108702,18-24,Female,BR,2026-03-24
SPOT-108703,18-24,Female,CA,2023-11-18
SPOT-108704,18-24,Male,MX,2025-10-28
SPOT-108705,25-34,Female,MX,2026-05-10
SPOT-108706,35-44,Male,GB,2025-01-23
SPOT-108707,25-34,Female,MX,2023-12-30
SPOT-108708,18-24,Female,FR,2024-07-09
SPOT-108709,35-44,Female,DE,2025-09-29
SPOT-108710,35-44,Female,US,2025-05-03
SPOT-108711,18-24,Female,BR,2024-01-27
SPOT-108712,25-34,Male,DE,2024-01-23
SPOT-108713,25-34,Male,DE,2025-02-22
SPOT-108714,45-54,Female,US,2024-02-18
SPOT-108715,35-44,Female,GB,2024-12-04
SPOT-108716,25-34,Female,AR,2025-10-31
SPOT-108717,25-34,Male,DE,2024-05-31
SPOT-108718,45-54,Male,AU,2024-02-23
SPOT-108719,25-34,Male,ES,2024-02-13
SPOT-108720,18-24,Male,GB,2024-03-18
SPOT-108721,35-44,Female,GB,2024-03-20
SPOT-108722,18-24,Female,MX,2025-05-03
SPOT-108723,25-34,Female,GB,2025-09-04
SPOT-108724,45-54,Male,CA,2023-12-01
SPOT-108725,35-44,Female,US,2024-02-10
SPOT-108726,25-34,Male,US,2024-08-31
SPOT-108727,18-24,Male,US,2024-06-28
SPOT-108728,25-34,Female,MX,2026-05-15
SPOT-108729,18-24,Male,AR,2024-03-05
SPOT-108730,18-24,Male,US,2024-09-03
SPOT-108731,35-44,Male,BR,2023-11-06
SPOT-108732,18-24,Female,US,2025-10-17
SPOT-108733,25-34,Female,BR,2026-01-29
SPOT-108734,25-34,Female,US,2025-10-13
SPOT-108735,55+,Female,BR,2024-03-13
SPOT-108736,25-34,Male,BR,2023-12-18
SPOT-108737,18-24,Male,US,2025-11-10
SPOT-108738,18-24,Male,MX,2025-09-16
SPOT-108739,25-34,Female,BR,2025-04-26
SPOT-108740,25-34,Male,MX,2025-01-31
SPOT-108741,25-34,Non-binary,BR,2025-12-12
SPOT-108742,25-34,Male,ES,2025-12-24
SPOT-108743,18-24,Female,BR,2025-09-03
SPOT-108744,25-34,Female,CA,2024-07-06
SPOT-108745,25-34,Male,CA,2023-12-03
SPOT-108746,18-24,Female,ES,2025-09-16
SPOT-108747,18-24,Male,CA,2024-04-18
SPOT-108748,18-24,Male,CA,2025-10-24
SPOT-108749,18-24,Male,GB,2026-02-07
SPOT-108750,25-34,Female,AU,2025-12-20
SPOT-108751,18-24,Male,GB,2024-09-17
SPOT-108752,18-24,Male,US,2024-01-21
SPOT-108753,18-24,Non-binary,AU,2025-05-13
SPOT-108754,55+,Male,US,2025-06-23
SPOT-108755,45-54,Male,BR,2023-11-24
SPOT-108756,18-24,Non-binary,AU,2025-08-10
SPOT-108757,18-24,Male,US,2025-05-02
SPOT-108758,18-24,Male,GB,2024-06-10
SPOT-108759,25-34,Female,MX,2026-01-02
SPOT-108760,18-24,Male,ES,2024-06-20
SPOT-108761,25-34,Male,AR,2026-02-24
SPOT-108762,25-34,Male,FR,2025-03-14
SPOT-108763,45-54,Female,US,2024-10-03
SPOT-108764,18-24,Male,DE,2026-03-30
SPOT-108765,35-44,Male,ES,2025-04-14
SPOT-108766,35-44,Male,ES,2026-01-08
SPOT-108767,18-24,Male,GB,2025-01-09
SPOT-108768,25-34,Female,GB,2023-12-05
SPOT-108769,18-24,Male,GB,2026-05-10
SPOT-108770,18-24,Female,FR,2024-11-03
SPOT-108771,18-24,Female,CA,2024-08-17
SPOT-108772,25-34,Male,US,2025-10-31
SPOT-108773,25-34,Male,GB,2025-05-29
SPOT-108774,45-54,Male,DE,2024-03-06
SPOT-108775,18-24,Male,AU,2024-12-18
SPOT-108776,55+,Female,CA,2025-06-18
SPOT-108777,18-24,Female,MX,2025-01-08
SPOT-108778,35-44,Male,US,2026-04-12
SPOT-108779,18-24,Female,US,2025-11-10
SPOT-108780,18-24,Non-binary,DE,2023-12-15
SPOT-108781,45-54,Male,AU,2024-04-29
SPOT-108782,18-24,Female,US,2024-03-03
SPOT-108783,25-34,Female,AR,2023-11-13
SPOT-108784,25-34,Male,US,2026-02-02
SPOT-108785,25-34,Female,BR,2026-04-02
SPOT-108786,25-34,Non-binary,ES,2026-05-23
SPOT-108787,35-44,Male,MX,2024-11-26
SPOT-108788,18-24,Female,ES,2025-09-27
SPOT-108789,25-34,Male,AR,2024-08-26
SPOT-108790,45-54,Male,GB,2025-10-16
SPOT-108791,18-24,Female,GB,2026-03-06
SPOT-108792,18-24,Male,AR,2025-01-16
SPOT-108793,35-44,Female,US,2025-12-12
SPOT-108794,25-34,Male,BR,2025-03-19
SPOT-108795,25-34,Female,CA,2024-07-24
SPOT-108796,18-24,Male,FR,2025-06-08
SPOT-108797,25-34,Male,AR,2024-09-23
SPOT-108798,18-24,Male,US,2025-06-05
SPOT-108799,25-34,Male,FR,2024-12-01
SPOT-108800,35-44,Male,CA,2024-11-28
SPOT-108801,18-24,Female,MX,2024-02-28
SPOT-108802,25-34,Male,GB,2025-10-21
SPOT-108803,55+,Female,BR,2025-05-08
SPOT-108804,25-34,Male,ES,2025-02-22
SPOT-108805,35-44,Female,AR,2025-06-04
SPOT-108806,25-34,Female,GB,2025-12-17
SPOT-108807,35-44,Male,GB,2025-04-10
SPOT-108808,18-24,Female,ES,2024-06-19
SPOT-108809,18-24,Male,MX,2024-06-06
SPOT-108810,18-24,Female,BR,2025-05-25
SPOT-108811,25-34,Female,DE,2024-12-24
SPOT-108812,35-44,Female,MX,2024-06-10
SPOT-108813,18-24,Female,US,2025-10-24
SPOT-108814,25-34,Female,US,2026-01-17
SPOT-108815,35-44,Female,BR,2026-03-26
SPOT-108816,25-34,Male,US,2024-03-18
SPOT-108817,25-34,Female,ES,2024-11-23
SPOT-108818,25-34,Male,ES,2025-11-26
SPOT-108819,18-24,Female,ES,2026-04-14
SPOT-108820,18-24,Female,CA,2024-09-20
SPOT-108821,55+,Female,US,2024-05-28
SPOT-108822,18-24,Female,GB,2024-01-14
SPOT-108823,18-24,Female,GB,2024-07-23
SPOT-108824,45-54,Male,AR,2025-12-29
SPOT-108825,18-24,Male,BR,2024-03-21
SPOT-108826,25-34,Female,GB,2025-01-22
SPOT-108827,18-24,Male,US,2024-04-16
SPOT-108828,25-34,Female,FR,2024-02-25
SPOT-108829,18-24,Male,MX,2025-11-19
SPOT-108830,18-24,Male,BR,2024-07-26
SPOT-108831,25-34,Female,AU,2024-05-01
SPOT-108832,35-44,Female,AR,2025-02-12
SPOT-108833,25-34,Male,US,2025-10-17
SPOT-108834,45-54,Male,BR,2025-04-21
SPOT-108835,18-24,Male,BR,2023-11-16
SPOT-108836,25-34,Male,AR,2025-01-28
SPOT-108837,25-34,Male,US,2025-10-27
SPOT-108838,45-54,Female,DE,2025-01-06
SPOT-108839,18-24,Female,MX,2026-05-13
SPOT-108840,25-34,Male,CA,2024-07-19
SPOT-108841,45-54,Male,FR,2025-04-05
SPOT-108842,18-24,Female,BR,2026-02-15
SPOT-108843,45-54,Female,MX,2025-07-03
SPOT-108844,18-24,Male,FR,2024-02-08
SPOT-108845,35-44,Male,ES,2025-06-18
SPOT-108846,45-54,Male,FR,2025-07-30
SPOT-108847,25-34,Male,FR,2025-09-19
SPOT-108848,25-34,Female,AR,2025-03-23
SPOT-108849,18-24,Female,US,2024-11-01
SPOT-108850,45-54,Female,GB,2025-04-12
SPOT-108851,25-34,Non-binary,DE,2026-05-23
SPOT-108852,18-24,Male,MX,2025-06-25
SPOT-108853,25-34,Female,GB,2025-04-04
SPOT-108854,25-34,Male,GB,2025-06-23
SPOT-108855,18-24,Male,DE,2024-02-18
SPOT-108856,18-24,Female,AU,2025-10-14
SPOT-108857,18-24,Male,DE,2025-08-02
SPOT-108858,25-34,Male,US,2025-11-27
SPOT-108859,25-34,Female,US,2025-02-08
SPOT-108860,25-34,Male,US,2025-03-30
SPOT-108861,35-44,Female,CA,2025-02-20
SPOT-108862,45-54,Male,AU,2026-05-18
SPOT-108863,25-34,Female,BR,2024-06-09
SPOT-108864,18-24,Male,MX,2024-03-23
SPOT-108865,25-34,Female,AR,2024-12-14
SPOT-108866,25-34,Male,US,2023-12-22
SPOT-108867,25-34,Female,DE,2026-05-26
SPOT-108868,25-34,Female,MX,2024-09-10
SPOT-108869,25-34,Male,FR,2025-01-24
SPOT-108870,45-54,Male,ES,2025-07-14
SPOT-108871,18-24,Male,GB,2023-11-20
SPOT-108872,25-34,Female,CA,2025-07-29
SPOT-108873,18-24,Female,MX,2025-01-24
SPOT-108874,45-54,Male,AR,2024-11-15
SPOT-108875,18-24,Female,DE,2025-03-11
SPOT-108876,18-24,Female,US,2024-08-05
SPOT-108877,18-24,Male,US,2025-02-09
SPOT-108878,25-34,Male,CA,2024-04-13
SPOT-108879,18-24,Female,US,2025-11-01
SPOT-108880,25-34,Female,BR,2026-01-19
SPOT-108881,25-34,Male,DE,2025-04-18
SPOT-108882,18-24,Male,DE,2025-04-09
SPOT-108883,18-24,Male,DE,2024-11-01
SPOT-108884,35-44,Female,US,2024-01-09
SPOT-108885,25-34,Female,US,2025-07-26
SPOT-108886,35-44,Male,US,2024-10-17
SPOT-108887,25-34,Male,US,2025-09-06
SPOT-108888,18-24,Male,US,2025-05-14
SPOT-108889,18-24,Female,MX,2024-03-18
SPOT-108890,18-24,Male,US,2026-05-15
SPOT-108891,35-44,Female,GB,2025-07-15
SPOT-108892,55+,Female,MX,2024-01-31
SPOT-108893,25-34,Female,US,2024-07-16
SPOT-108894,18-24,Female,CA,2024-07-12
SPOT-108895,18-24,Male,BR,2025-01-21
SPOT-108896,18-24,Female,AU,2025-11-22
SPOT-108897,25-34,Female,US,2023-12-13
SPOT-108898,18-24,Female,US,2024-03-10
SPOT-108899,45-54,Male,BR,2025-09-13
SPOT-108900,25-34,Male,GB,2025-07-09
SPOT-108901,45-54,Female,BR,2025-05-26
SPOT-108902,35-44,Female,BR,2026-02-11
SPOT-108903,35-44,Female,DE,2025-10-22
SPOT-108904,25-34,Female,FR,2024-11-10
SPOT-108905,25-34,Female,US,2025-06-04
SPOT-108906,25-34,Male,BR,2024-05-10
SPOT-108907,25-34,Female,DE,2025-06-16
SPOT-108908,25-34,Female,MX,2026-03-15
SPOT-108909,55+,Female,US,2024-02-17
SPOT-108910,35-44,Female,BR,2023-11-16
SPOT-108911,35-44,Male,BR,2025-12-09
SPOT-108912,45-54,Male,AU,2024-01-21
SPOT-108913,18-24,Female,ES,2025-12-19
SPOT-108914,18-24,Male,US,2025-04-05
SPOT-108915,25-34,Female,BR,2024-02-03
SPOT-108916,25-34,Female,AR,2024-10-02
SPOT-108917,35-44,Male,BR,2025-04-16
SPOT-108918,25-34,Female,GB,2025-02-19
SPOT-108919,25-34,Male,DE,2024-09-09
SPOT-108920,25-34,Female,GB,2024-07-26
SPOT-108921,18-24,Male,US,2024-05-09
SPOT-108922,25-34,Female,ES,2024-08-25
SPOT-108923,35-44,Female,MX,2025-10-12
SPOT-108924,18-24,Female,GB,2026-03-15
SPOT-108925,25-34,Female,MX,2025-02-27
SPOT-108926,25-34,Female,GB,2024-11-29
SPOT-108927,18-24,Female,US,2025-01-08
SPOT-108928,18-24,Female,ES,2024-04-30
SPOT-108929,55+,Male,AR,2025-06-11
SPOT-108930,25-34,Female,MX,2026-01-08
SPOT-108931,18-24,Male,AR,2023-12-10
SPOT-108932,18-24,Non-binary,GB,2025-12-01
SPOT-108933,25-34,Male,US,2024-04-03
SPOT-108934,25-34,Male,MX,2024-10-12
SPOT-108935,25-34,Male,GB,2025-03-20
SPOT-108936,18-24,Male,ES,2025-10-18
SPOT-108937,45-54,Female,GB,2025-04-12
SPOT-108938,25-34,Male,MX,2024-09-23
SPOT-108939,18-24,Female,BR,2026-03-19
SPOT-108940,25-34,Male,AR,2025-11-03
SPOT-108941,25-34,Female,AR,2025-05-20
SPOT-108942,45-54,Female,US,2023-11-16
SPOT-108943,45-54,Male,GB,2023-12-14
SPOT-108944,18-24,Male,FR,2024-09-09
SPOT-108945,45-54,Male,DE,2023-12-10
SPOT-108946,35-44,Male,BR,2024-06-19
SPOT-108947,45-54,Male,US,2024-02-19
SPOT-108948,18-24,Male,BR,2025-12-19
SPOT-108949,25-34,Male,GB,2026-03-03
SPOT-108950,18-24,Female,AR,2024-02-07
SPOT-108951,35-44,Male,US,2025-04-01
SPOT-108952,18-24,Female,GB,2024-04-27
SPOT-108953,25-34,Non-binary,US,2024-04-17
SPOT-108954,18-24,Male,BR,2025-11-19
SPOT-108955,18-24,Male,CA,2024-09-27
SPOT-108956,25-34,Male,US,2024-01-03
SPOT-108957,45-54,Male,US,2025-09-25
SPOT-108958,25-34,Female,DE,2025-04-15
SPOT-108959,45-54,Male,ES,2025-07-20
SPOT-108960,18-24,Male,AU,2024-12-05
SPOT-108961,25-34,Male,US,2024-08-20
SPOT-108962,25-34,Female,AR,2026-02-04
SPOT-108963,18-24,Female,GB,2025-02-05
SPOT-108964,25-34,Female,US,2024-06-29
SPOT-108965,25-34,Female,US,2024-10-23
SPOT-108966,25-34,Male,CA,2025-12-22
SPOT-108967,35-44,Male,AR,2026-02-21
SPOT-108968,25-34,Male,GB,2024-11-06
SPOT-108969,18-24,Female,CA,2025-05-26
SPOT-108970,18-24,Female,US,2024-08-15
SPOT-108971,25-34,Male,GB,2025-08-17
SPOT-108972,18-24,Male,MX,2026-03-12
SPOT-108973,18-24,Male,AU,2025-03-15
SPOT-108974,25-34,Female,DE,2026-03-11
SPOT-108975,25-34,Female,AR,2025-02-14
SPOT-108976,18-24,Male,CA,2026-04-02
SPOT-108977,35-44,Male,US,2024-09-27
SPOT-108978,25-34,Male,GB,2024-05-18
SPOT-108979,18-24,Female,US,2026-02-28
SPOT-108980,35-44,Female,ES,2025-09-10
SPOT-108981,25-34,Male,BR,2025-03-26
SPOT-108982,25-34,Male,US,2026-02-04
SPOT-108983,25-34,Male,DE,2025-07-10
SPOT-108984,18-24,Female,BR,2024-03-05
SPOT-108985,25-34,Female,MX,2023-12-13
SPOT-108986,25-34,Female,ES,2023-11-08
SPOT-108987,45-54,Female,US,2025-07-25
SPOT-108988,35-44,Male,BR,2024-07-30
SPOT-108989,25-34,Female,US,2025-10-07
SPOT-108990,18-24,Male,ES,2024-05-18
SPOT-108991,18-24,Male,MX,2024-05-25
SPOT-108992,18-24,Female,ES,2024-04-17
SPOT-108993,25-34,Female,US,2025-12-12
SPOT-108994,18-24,Female,BR,2024-03-19
SPOT-108995,25-34,Female,AR,2026-01-07
SPOT-108996,18-24,Female,ES,2025-02-08
SPOT-108997,55+,Male,FR,2025-06-14
SPOT-108998,18-24,Female,US,2024-03-13
SPOT-108999,45-54,Female,GB,2025-07-20
SPOT-109000,45-54,Female,DE,2024-05-17
SPOT-109001,25-34,Female,BR,2023-12-07
SPOT-109002,35-44,Female,GB,2024-06-07
SPOT-109003,25-34,Female,DE,2024-03-22
SPOT-109004,25-34,Male,MX,2026-04-15
SPOT-109005,18-24,Female,MX,2024-03-16
SPOT-109006,18-24,Female,US,2024-11-13
SPOT-109007,25-34,Male,AU,2024-06-14
SPOT-109008,25-34,Female,BR,2025-04-30
SPOT-109009,25-34,Male,BR,2025-06-12
SPOT-109010,18-24,Male,AU,2026-02-27
SPOT-109011,25-34,Female,US,2026-01-12
SPOT-109012,18-24,Female,BR,2025-02-10
SPOT-109013,18-24,Male,AR,2025-03-17
SPOT-109014,18-24,Female,DE,2024-07-17
SPOT-109015,18-24,Female,ES,2026-03-17
SPOT-109016,18-24,Female,FR,2024-12-10
SPOT-109017,35-44,Female,GB,2024-07-04
SPOT-109018,18-24,Female,US,2024-09-30
SPOT-109019,25-34,Female,GB,2023-11-12
SPOT-109020,18-24,Female,DE,2024-11-28
SPOT-109021,45-54,Male,US,2024-07-12
SPOT-109022,25-34,Male,US,2025-02-06
SPOT-109023,18-24,Male,FR,2024-10-30
SPOT-109024,25-34,Female,BR,2026-01-17
SPOT-109025,25-34,Male,GB,2023-12-09
SPOT-109026,25-34,Male,CA,2024-01-05
SPOT-109027,18-24,Female,ES,2025-08-31
SPOT-109028,55+,Female,GB,2025-08-17
SPOT-109029,25-34,Female,ES,2024-05-21
SPOT-109030,18-24,Male,BR,2026-03-26
SPOT-109031,35-44,Male,MX,2026-02-02
SPOT-109032,25-34,Male,GB,2025-12-24
SPOT-109033,35-44,Male,US,2025-12-29
SPOT-109034,25-34,Male,GB,2025-12-04
SPOT-109035,35-44,Male,US,2024-07-27
SPOT-109036,18-24,Male,BR,2024-03-16
SPOT-109037,35-44,Female,DE,2024-08-02
SPOT-109038,35-44,Male,US,2025-10-07
SPOT-109039,18-24,Male,FR,2026-05-07
SPOT-109040,18-24,Female,MX,2025-12-07
SPOT-109041,18-24,Female,DE,2024-04-30
SPOT-109042,55+,Female,AU,2024-08-21
SPOT-109043,18-24,Male,CA,2023-12-03
SPOT-109044,25-34,Female,US,2024-09-07
SPOT-109045,18-24,Female,MX,2024-07-13
SPOT-109046,25-34,Female,AR,2024-09-21
SPOT-109047,25-34,Male,US,2026-05-02
SPOT-109048,55+,Male,US,2026-05-11
SPOT-109049,25-34,Female,GB,2025-12-12
SPOT-109050,35-44,Female,GB,2024-12-20
SPOT-109051,25-34,Female,AU,2025-04-23
SPOT-109052,18-24,Female,AR,2026-05-06
SPOT-109053,18-24,Non-binary,US,2024-03-08
SPOT-109054,25-34,Female,AR,2024-03-15
SPOT-109055,55+,Female,US,2025-09-05
SPOT-109056,45-54,Male,GB,2025-08-31
SPOT-109057,18-24,Male,GB,2025-04-13
SPOT-109058,18-24,Female,GB,2025-02-17
SPOT-109059,18-24,Female,GB,2024-11-12
SPOT-109060,45-54,Male,ES,2025-03-04
SPOT-109061,45-54,Female,GB,2025-07-29
SPOT-109062,35-44,Female,AR,2025-04-02
SPOT-109063,25-34,Male,US,2024-02-04
SPOT-109064,25-34,Female,BR,2026-02-23
SPOT-109065,25-34,Female,FR,2024-01-02
SPOT-109066,18-24,Female,US,2024-04-29
SPOT-109067,25-34,Female,MX,2026-03-08
SPOT-109068,18-24,Male,BR,2025-08-29
SPOT-109069,18-24,Female,GB,2026-02-25
SPOT-109070,45-54,Female,US,2023-11-30
SPOT-109071,35-44,Female,MX,2025-02-24
SPOT-109072,25-34,Male,GB,2024-08-31
SPOT-109073,25-34,Female,GB,2026-02-15
SPOT-109074,25-34,Female,ES,2024-11-11
SPOT-109075,35-44,Male,CA,2026-04-22
SPOT-109076,35-44,Male,GB,2024-03-05
SPOT-109077,35-44,Male,ES,2024-10-22
SPOT-109078,35-44,Female,AU,2025-02-09
SPOT-109079,18-24,Female,US,2025-01-23
SPOT-109080,18-24,Female,BR,2024-03-31
SPOT-109081,25-34,Male,US,2025-10-30
SPOT-109082,18-24,Female,AR,2025-02-07
SPOT-109083,35-44,Female,GB,2025-11-26
SPOT-109084,18-24,Male,GB,2024-10-11
SPOT-109085,18-24,Female,MX,2026-02-09
SPOT-109086,25-34,Female,AR,2025-07-15
SPOT-109087,55+,Male,DE,2024-11-22
SPOT-109088,18-24,Male,MX,2025-03-27
SPOT-109089,25-34,Female,AU,2023-12-21
SPOT-109090,25-34,Male,FR,2026-01-02
SPOT-109091,18-24,Male,ES,2026-04-18
SPOT-109092,25-34,Non-binary,CA,2024-09-02
SPOT-109093,35-44,Female,FR,2025-01-18
SPOT-109094,25-34,Female,ES,2025-07-25
SPOT-109095,45-54,Male,CA,2026-03-23
SPOT-109096,18-24,Female,AR,2025-01-27
SPOT-109097,18-24,Female,BR,2023-12-06
SPOT-109098,45-54,Female,BR,2023-12-18
SPOT-109099,25-34,Male,US,2025-01-08
SPOT-109100,25-34,Male,US,2026-01-20
SPOT-109101,35-44,Female,ES,2024-10-23
SPOT-109102,18-24,Female,BR,2026-04-03
SPOT-109103,35-44,Female,ES,2024-07-27
SPOT-109104,18-24,Male,CA,2025-06-22
SPOT-109105,18-24,Female,DE,2025-03-08
SPOT-109106,18-24,Female,US,2026-05-04
SPOT-109107,35-44,Female,MX,2023-12-24
SPOT-109108,18-24,Male,US,2026-04-16
SPOT-109109,35-44,Female,MX,2025-10-02
SPOT-109110,45-54,Female,BR,2024-04-10
SPOT-109111,25-34,Female,ES,2025-07-18
SPOT-109112,25-34,Female,GB,2024-09-09
SPOT-109113,25-34,Male,US,2024-04-18
SPOT-109114,18-24,Female,US,2024-01-21
SPOT-109115,25-34,Male,MX,2025-04-10
SPOT-109116,25-34,Female,BR,2026-05-10
SPOT-109117,55+,Male,BR,2026-05-03
SPOT-109118,45-54,Male,GB,2024-09-20
SPOT-109119,45-54,Female,AR,2024-09-26
SPOT-109120,45-54,Male,AU,2025-12-23
SPOT-109121,25-34,Female,GB,2025-05-10
SPOT-109122,25-34,Male,ES,2025-05-01
SPOT-109123,45-54,Female,US,2024-03-20
SPOT-109124,25-34,Female,ES,2025-06-12
SPOT-109125,55+,Male,DE,2026-03-14
SPOT-109126,25-34,Non-binary,MX,2025-04-25
SPOT-109127,25-34,Male,US,2024-02-21
SPOT-109128,35-44,Male,FR,2024-08-16
SPOT-109129,55+,Male,US,2024-01-10
SPOT-109130,18-24,Female,CA,2024-10-12
SPOT-109131,35-44,Male,US,2026-01-15
SPOT-109132,25-34,Male,GB,2024-09-16
SPOT-109133,18-24,Female,BR,2026-03-27
SPOT-109134,35-44,Male,FR,2025-05-31
SPOT-109135,25-34,Male,BR,2023-11-06
SPOT-109136,25-34,Male,US,2024-06-06
SPOT-109137,18-24,Male,FR,2025-06-17
SPOT-109138,25-34,Male,BR,2025-03-15
SPOT-109139,25-34,Male,US,2024-03-26
SPOT-109140,25-34,Male,BR,2024-02-17
SPOT-109141,18-24,Male,MX,2024-06-02
SPOT-109142,55+,Male,MX,2025-10-25
SPOT-109143,25-34,Female,ES,2025-11-10
SPOT-109144,35-44,Female,FR,2025-01-26
SPOT-109145,25-34,Male,AR,2025-02-05
SPOT-109146,25-34,Female,MX,2024-11-07
SPOT-109147,25-34,Female,US,2025-05-06
SPOT-109148,25-34,Female,ES,2024-03-07
SPOT-109149,25-34,Male,AU,2024-08-14
SPOT-109150,25-34,Female,GB,2025-01-10
SPOT-109151,25-34,Male,MX,2025-01-10
SPOT-109152,18-24,Female,ES,2026-05-19
SPOT-109153,25-34,Male,MX,2025-08-27
SPOT-109154,18-24,Male,CA,2024-01-22
SPOT-109155,18-24,Female,BR,2024-05-07
SPOT-109156,45-54,Female,BR,2025-12-10
SPOT-109157,25-34,Female,US,2024-06-22
SPOT-109158,25-34,Male,CA,2024-06-20
SPOT-109159,25-34,Male,GB,2024-09-06
SPOT-109160,45-54,Female,AU,2025-02-24
SPOT-109161,25-34,Female,US,2024-03-23
SPOT-109162,35-44,Female,GB,2025-02-08
SPOT-109163,25-34,Female,BR,2025-08-28
SPOT-109164,55+,Male,MX,2025-01-16
SPOT-109165,35-44,Male,DE,2024-08-12
SPOT-109166,45-54,Male,GB,2024-11-23
SPOT-109167,18-24,Male,BR,2026-02-04
SPOT-109168,18-24,Female,AU,2025-08-15
SPOT-109169,18-24,Male,AU,2024-11-22
SPOT-109170,18-24,Male,GB,2023-12-11
SPOT-109171,45-54,Male,MX,2025-09-06
SPOT-109172,18-24,Male,ES,2025-04-02
SPOT-109173,18-24,Female,MX,2024-06-09
SPOT-109174,18-24,Male,US,2025-07-05
SPOT-109175,18-24,Male,BR,2025-03-15
SPOT-109176,18-24,Female,ES,2025-07-01
SPOT-109177,35-44,Male,US,2023-11-28
SPOT-109178,25-34,Male,GB,2024-08-27
SPOT-109179,18-24,Female,US,2024-09-29
SPOT-109180,25-34,Male,FR,2024-02-27
SPOT-109181,25-34,Female,FR,2024-03-25
SPOT-109182,18-24,Female,US,2025-06-03
SPOT-109183,25-34,Male,ES,2025-11-11
SPOT-109184,35-44,Male,GB,2024-12-03
SPOT-109185,35-44,Female,MX,2025-09-16
SPOT-109186,35-44,Male,BR,2025-11-06
SPOT-109187,18-24,Non-binary,BR,2025-02-19
SPOT-109188,55+,Male,FR,2025-06-30
SPOT-109189,35-44,Female,MX,2025-08-04
SPOT-109190,45-54,Female,US,2026-02-20
SPOT-109191,18-24,Female,US,2026-03-22
SPOT-109192,45-54,Male,CA,2026-03-17
SPOT-109193,35-44,Male,US,2025-12-03
SPOT-109194,35-44,Male,ES,2025-01-17
SPOT-109195,18-24,Female,BR,2024-05-18
SPOT-109196,35-44,Male,US,2025-03-16
SPOT-109197,55+,Female,ES,2024-01-11
SPOT-109198,25-34,Male,CA,2024-11-17
SPOT-109199,25-34,Male,US,2026-03-07
SPOT-109200,45-54,Male,US,2023-12-07
SPOT-109201,25-34,Female,AR,2025-12-22
SPOT-109202,25-34,Female,BR,2025-09-04
SPOT-109203,25-34,Male,MX,2025-10-11
SPOT-109204,45-54,Female,DE,2026-03-27
SPOT-109205,18-24,Male,DE,2025-09-17
SPOT-109206,25-34,Female,GB,2025-02-06
SPOT-109207,25-34,Female,BR,2026-04-02
SPOT-109208,35-44,Male,US,2025-07-03
SPOT-109209,25-34,Male,ES,2026-05-03
SPOT-109210,45-54,Male,BR,2026-01-25
SPOT-109211,45-54,Male,AR,2025-07-20
SPOT-109212,18-24,Female,CA,2024-04-25
SPOT-109213,25-34,Female,CA,2025-12-24
SPOT-109214,18-24,Female,MX,2024-01-27
SPOT-109215,18-24,Female,GB,2025-01-18
SPOT-109216,25-34,Male,GB,2024-07-21
SPOT-109217,45-54,Male,MX,2025-11-22
SPOT-109218,35-44,Female,ES,2026-01-10
SPOT-109219,18-24,Female,US,2025-04-08
SPOT-109220,18-24,Female,AU,2024-11-16
SPOT-109221,25-34,Female,US,2025-10-04
SPOT-109222,25-34,Male,MX,2026-04-29
SPOT-109223,18-24,Male,BR,2026-03-23
SPOT-109224,45-54,Female,BR,2024-07-16
SPOT-109225,45-54,Male,BR,2025-06-13
SPOT-109226,25-34,Female,US,2025-05-28
SPOT-109227,45-54,Male,AU,2026-01-24
SPOT-109228,25-34,Male,AU,2025-04-01
SPOT-109229,35-44,Male,BR,2025-03-23
SPOT-109230,25-34,Female,US,2026-03-13
SPOT-109231,18-24,Female,US,2024-10-25
SPOT-109232,45-54,Male,US,2024-08-22
SPOT-109233,25-34,Female,MX,2025-07-06
SPOT-109234,35-44,Female,BR,2025-06-09
SPOT-109235,25-34,Male,DE,2025-11-29
SPOT-109236,18-24,Male,BR,2023-11-26
SPOT-109237,18-24,Male,FR,2025-08-29
SPOT-109238,25-34,Male,US,2024-11-27
SPOT-109239,25-34,Female,BR,2025-01-02
SPOT-109240,18-24,Male,ES,2026-03-09
SPOT-109241,25-34,Male,AU,2024-08-28
SPOT-109242,25-34,Male,ES,2024-05-19
SPOT-109243,35-44,Male,BR,2024-06-11
SPOT-109244,25-34,Non-binary,ES,2025-10-24
SPOT-109245,45-54,Male,AU,2026-02-13
SPOT-109246,25-34,Female,FR,2025-03-17
SPOT-109247,25-34,Male,US,2026-05-12
SPOT-109248,18-24,Female,BR,2024-11-08
SPOT-109249,18-24,Female,AR,2024-02-16
SPOT-109250,18-24,Male,MX,2025-02-02
SPOT-109251,25-34,Female,DE,2024-01-07
SPOT-109252,18-24,Male,GB,2025-05-27
SPOT-109253,18-24,Male,MX,2024-04-15
SPOT-109254,35-44,Male,DE,2025-12-11
SPOT-109255,18-24,Male,DE,2024-07-22
SPOT-109256,18-24,Male,AR,2026-01-19
SPOT-109257,18-24,Male,GB,2025-08-27
SPOT-109258,35-44,Male,MX,2026-01-18
SPOT-109259,18-24,Female,FR,2025-09-08
SPOT-109260,25-34,Male,MX,2025-05-05
SPOT-109261,25-34,Male,BR,2025-05-04
SPOT-109262,25-34,Male,US,2023-11-30
SPOT-109263,25-34,Male,MX,2025-10-16
SPOT-109264,35-44,Male,AU,2026-04-20
SPOT-109265,18-24,Male,AR,2024-12-15
SPOT-109266,18-24,Female,MX,2025-08-29
SPOT-109267,18-24,Male,DE,2024-07-18
SPOT-109268,18-24,Female,US,2026-05-12
SPOT-109269,18-24,Male,MX,2026-04-25
SPOT-109270,18-24,Male,US,2024-03-16
SPOT-109271,25-34,Male,FR,2026-04-08
SPOT-109272,25-34,Non-binary,GB,2024-02-19
SPOT-109273,25-34,Female,DE,2026-01-30
SPOT-109274,35-44,Male,US,2026-04-29
SPOT-109275,18-24,Male,BR,2025-09-04
SPOT-109276,18-24,Male,MX,2024-08-14
SPOT-109277,25-34,Male,GB,2025-05-02
SPOT-109278,18-24,Female,ES,2026-05-12
SPOT-109279,18-24,Female,MX,2026-05-25
SPOT-109280,25-34,Male,DE,2024-10-29
SPOT-109281,45-54,Male,GB,2024-01-06
SPOT-109282,35-44,Female,FR,2025-05-06
SPOT-109283,18-24,Female,US,2026-05-16
SPOT-109284,35-44,Female,ES,2025-10-02
SPOT-109285,35-44,Male,DE,2025-10-09
SPOT-109286,25-34,Female,ES,2024-06-29
SPOT-109287,35-44,Male,BR,2024-05-27
SPOT-109288,25-34,Male,US,2025-08-13
SPOT-109289,18-24,Female,AU,2026-04-13
SPOT-109290,25-34,Female,US,2024-02-28
SPOT-109291,25-34,Male,US,2024-04-04
SPOT-109292,25-34,Female,DE,2024-01-20
SPOT-109293,25-34,Female,CA,2024-07-07
SPOT-109294,45-54,Male,GB,2024-09-21
SPOT-109295,45-54,Female,BR,2026-05-05
SPOT-109296,45-54,Female,BR,2024-07-08
SPOT-109297,35-44,Female,GB,2024-09-08
SPOT-109298,45-54,Female,MX,2026-03-15
SPOT-109299,18-24,Male,BR,2025-05-11
SPOT-109300,18-24,Female,BR,2025-12-21
SPOT-109301,25-34,Male,US,2026-05-02
SPOT-109302,35-44,Male,CA,2025-10-22
SPOT-109303,25-34,Female,US,2025-09-06
SPOT-109304,35-44,Female,MX,2024-06-09
SPOT-109305,18-24,Male,FR,2024-04-08
SPOT-109306,18-24,Male,US,2024-06-23
SPOT-109307,35-44,Female,US,2025-10-22
SPOT-109308,18-24,Male,GB,2024-08-23
SPOT-109309,25-34,Male,AR,2025-08-25
SPOT-109310,18-24,Male,ES,2024-01-08
SPOT-109311,18-24,Female,AR,2026-02-08
SPOT-109312,35-44,Male,DE,2024-09-23
SPOT-109313,25-34,Female,AU,2025-09-01
SPOT-109314,25-34,Female,GB,2024-02-16
SPOT-109315,18-24,Male,AR,2026-01-24
SPOT-109316,35-44,Male,GB,2024-03-29
SPOT-109317,25-34,Male,US,2026-02-11
SPOT-109318,25-34,Male,GB,2025-11-03
SPOT-109319,35-44,Male,US,2025-11-09
SPOT-109320,18-24,Female,US,2024-06-25
SPOT-109321,45-54,Male,GB,2025-10-17
SPOT-109322,25-34,Female,US,2024-03-15
SPOT-109323,25-34,Female,BR,2024-03-27
SPOT-109324,18-24,Male,US,2024-04-08
SPOT-109325,45-54,Male,DE,2026-01-29
SPOT-109326,35-44,Female,AU,2026-01-17
SPOT-109327,18-24,Female,GB,2025-09-13
SPOT-109328,18-24,Non-binary,US,2025-06-12
SPOT-109329,35-44,Male,GB,2024-03-04
SPOT-109330,25-34,Female,AR,2025-01-11
SPOT-109331,35-44,Male,GB,2025-11-08
SPOT-109332,25-34,Male,DE,2024-09-16
SPOT-109333,35-44,Male,AR,2025-01-13
SPOT-109334,25-34,Male,GB,2024-08-27
SPOT-109335,18-24,Female,BR,2024-11-25
SPOT-109336,25-34,Male,US,2026-02-21
SPOT-109337,55+,Female,US,2025-03-07
SPOT-109338,18-24,Female,US,2025-11-01
SPOT-109339,25-34,Female,DE,2024-10-12
SPOT-109340,25-34,Male,AR,2024-08-19
SPOT-109341,25-34,Female,GB,2025-07-12
SPOT-109342,35-44,Male,DE,2025-01-26
SPOT-109343,35-44,Female,GB,2025-08-06
SPOT-109344,18-24,Female,GB,2024-01-11
SPOT-109345,55+,Male,DE,2025-06-14
SPOT-109346,35-44,Male,FR,2025-09-18
SPOT-109347,45-54,Female,US,2025-05-06
SPOT-109348,25-34,Female,MX,2024-08-10
SPOT-109349,45-54,Male,FR,2025-04-25
SPOT-109350,18-24,Male,DE,2024-02-12
SPOT-109351,18-24,Male,MX,2024-02-01
SPOT-109352,45-54,Female,BR,2024-04-29
SPOT-109353,18-24,Male,GB,2025-11-27
SPOT-109354,18-24,Female,US,2024-08-21
SPOT-109355,35-44,Female,US,2024-09-12
SPOT-109356,35-44,Female,US,2025-06-08
SPOT-109357,18-24,Female,ES,2025-08-30
SPOT-109358,45-54,Male,BR,2024-06-11
SPOT-109359,25-34,Male,AR,2024-06-27
SPOT-109360,25-34,Male,GB,2024-11-15
SPOT-109361,35-44,Male,AR,2025-02-04
SPOT-109362,25-34,Male,GB,2024-05-31
SPOT-109363,18-24,Female,US,2025-05-29
SPOT-109364,18-24,Female,BR,2024-08-10
SPOT-109365,25-34,Male,CA,2025-07-02
SPOT-109366,25-34,Male,DE,2024-04-02
SPOT-109367,35-44,Male,BR,2024-06-27
SPOT-109368,35-44,Female,DE,2025-06-17
SPOT-109369,25-34,Female,DE,2025-12-31
SPOT-109370,35-44,Male,US,2025-11-16
SPOT-109371,18-24,Female,DE,2023-11-14
SPOT-109372,18-24,Male,BR,2024-03-20
SPOT-109373,45-54,Male,ES,2026-01-08
SPOT-109374,18-24,Male,US,2025-12-30
SPOT-109375,18-24,Female,BR,2024-05-30
SPOT-109376,25-34,Male,MX,2026-03-21
SPOT-109377,25-34,Male,DE,2024-05-19
SPOT-109378,45-54,Male,BR,2026-02-28
SPOT-109379,18-24,Male,ES,2025-07-02
SPOT-109380,18-24,Female,DE,2025-09-01
SPOT-109381,18-24,Male,GB,2025-07-24
SPOT-109382,25-34,Female,AR,2025-01-22
SPOT-109383,25-34,Male,AU,2025-08-15
SPOT-109384,25-34,Male,US,2024-07-30
SPOT-109385,45-54,Male,FR,2024-02-25
SPOT-109386,45-54,Male,BR,2023-12-14
SPOT-109387,18-24,Male,DE,2026-03-15
SPOT-109388,25-34,Male,FR,2026-02-14
SPOT-109389,25-34,Female,CA,2025-01-03
SPOT-109390,45-54,Female,GB,2026-01-30
SPOT-109391,55+,Female,GB,2024-08-23
SPOT-109392,18-24,Male,FR,2025-08-26
SPOT-109393,35-44,Male,BR,2025-04-22
SPOT-109394,25-34,Male,GB,2024-10-31
SPOT-109395,18-24,Female,AU,2026-04-07
SPOT-109396,18-24,Non-binary,US,2025-07-13
SPOT-109397,25-34,Female,MX,2024-12-12
SPOT-109398,25-34,Male,DE,2026-03-04
SPOT-109399,18-24,Male,DE,2026-05-30
SPOT-109400,25-34,Male,US,2024-12-17
SPOT-109401,18-24,Male,GB,2023-11-25
SPOT-109402,25-34,Male,US,2025-03-01
SPOT-109403,18-24,Male,ES,2025-04-14
SPOT-109404,18-24,Male,MX,2024-09-05
SPOT-109405,25-34,Male,AR,2025-11-06
SPOT-109406,18-24,Male,MX,2025-09-13
SPOT-109407,25-34,Female,US,2024-05-19
SPOT-109408,18-24,Male,AU,2024-10-08
SPOT-109409,25-34,Male,US,2024-09-16
SPOT-109410,18-24,Female,GB,2026-02-08
SPOT-109411,25-34,Female,ES,2025-05-02
SPOT-109412,35-44,Male,US,2025-07-27
SPOT-109413,18-24,Female,US,2024-10-04
SPOT-109414,25-34,Male,FR,2024-06-25
SPOT-109415,18-24,Male,GB,2024-12-29
SPOT-109416,25-34,Male,MX,2024-02-28
SPOT-109417,18-24,Male,FR,2023-11-07
SPOT-109418,25-34,Female,AU,2026-02-14
SPOT-109419,25-34,Male,US,2025-08-21
SPOT-109420,45-54,Male,US,2025-02-16
SPOT-109421,25-34,Female,ES,2025-05-31
SPOT-109422,25-34,Male,US,2026-02-17
SPOT-109423,25-34,Female,BR,2025-03-08
SPOT-109424,45-54,Male,BR,2026-04-03
SPOT-109425,35-44,Male,BR,2026-03-28
SPOT-109426,18-24,Male,MX,2025-05-26
SPOT-109427,35-44,Female,FR,2025-09-29
SPOT-109428,25-34,Female,GB,2025-03-22
SPOT-109429,35-44,Male,BR,2025-04-06
SPOT-109430,35-44,Male,GB,2023-11-21
SPOT-109431,18-24,Female,GB,2025-08-30
SPOT-109432,35-44,Female,US,2025-09-08
SPOT-109433,18-24,Female,BR,2025-06-30
SPOT-109434,18-24,Female,AU,2025-03-07
SPOT-109435,18-24,Female,ES,2024-04-03
SPOT-109436,35-44,Male,US,2024-08-15
SPOT-109437,18-24,Female,ES,2025-11-26
SPOT-109438,18-24,Male,GB,2024-09-28
SPOT-109439,35-44,Female,ES,2024-09-13
SPOT-109440,18-24,Male,FR,2024-04-30
SPOT-109441,18-24,Female,GB,2025-04-14
SPOT-109442,18-24,Female,US,2024-04-14
SPOT-109443,25-34,Female,GB,2025-09-29
SPOT-109444,25-34,Female,US,2024-07-15
SPOT-109445,18-24,Female,MX,2024-12-16
SPOT-109446,55+,Female,GB,2025-06-09
SPOT-109447,35-44,Male,US,2025-10-09
SPOT-109448,18-24,Male,BR,2025-01-02
SPOT-109449,18-24,Female,FR,2024-05-04
SPOT-109450,25-34,Female,DE,2024-05-09
SPOT-109451,25-34,Male,DE,2026-03-11
SPOT-109452,18-24,Female,US,2025-07-02
SPOT-109453,18-24,Male,DE,2026-04-01
SPOT-109454,45-54,Male,GB,2025-11-11
SPOT-109455,18-24,Female,AU,2025-09-14
SPOT-109456,25-34,Female,US,2025-09-22
SPOT-109457,45-54,Female,US,2025-02-17
SPOT-109458,25-34,Female,US,2026-03-31
SPOT-109459,18-24,Male,FR,2024-02-28
SPOT-109460,25-34,Male,DE,2025-09-22
SPOT-109461,18-24,Female,AR,2025-04-20
SPOT-109462,35-44,Female,MX,2024-09-04
SPOT-109463,25-34,Male,CA,2026-04-11
SPOT-109464,35-44,Female,US,2025-05-15
SPOT-109465,55+,Female,US,2026-02-25
SPOT-109466,45-54,Female,ES,2026-01-29
SPOT-109467,45-54,Female,BR,2026-02-19
SPOT-109468,25-34,Male,MX,2024-12-18
SPOT-109469,25-34,Male,BR,2024-08-29
SPOT-109470,25-34,Female,BR,2025-03-12
SPOT-109471,25-34,Female,CA,2023-12-13
SPOT-109472,45-54,Male,CA,2025-09-17
SPOT-109473,18-24,Female,US,2023-11-07
SPOT-109474,45-54,Female,DE,2025-10-10
SPOT-109475,35-44,Male,BR,2024-03-12
SPOT-109476,55+,Female,GB,2025-05-11
SPOT-109477,45-54,Male,US,2025-12-23
SPOT-109478,18-24,Male,BR,2024-02-16
SPOT-109479,18-24,Female,AU,2025-11-02
SPOT-109480,18-24,Male,US,2025-04-01
SPOT-109481,18-24,Male,AR,2024-04-26
SPOT-109482,25-34,Female,US,2025-04-03
SPOT-109483,35-44,Female,BR,2025-11-29
SPOT-109484,45-54,Female,DE,2024-11-16
SPOT-109485,25-34,Male,GB,2025-03-08
SPOT-109486,18-24,Male,FR,2026-01-14
SPOT-109487,18-24,Female,AU,2024-11-17
SPOT-109488,18-24,Male,DE,2026-03-10
SPOT-109489,25-34,Male,MX,2026-02-12
SPOT-109490,25-34,Male,BR,2026-01-19
SPOT-109491,18-24,Male,US,2026-02-08
SPOT-109492,18-24,Male,US,2025-11-25
SPOT-109493,18-24,Male,ES,2025-03-17
SPOT-109494,25-34,Female,DE,2026-04-24
SPOT-109495,25-34,Non-binary,GB,2025-03-26
SPOT-109496,25-34,Male,AU,2026-02-13
SPOT-109497,25-34,Female,US,2023-11-10
SPOT-109498,55+,Female,GB,2024-12-13
SPOT-109499,18-24,Male,FR,2024-09-08
SPOT-109500,25-34,Male,DE,2024-04-20
SPOT-109501,35-44,Male,BR,2024-06-02
SPOT-109502,25-34,Female,US,2025-06-13
SPOT-109503,45-54,Female,CA,2024-11-24
SPOT-109504,25-34,Female,US,2026-06-02
SPOT-109505,25-34,Female,US,2024-10-18
SPOT-109506,18-24,Female,US,2023-12-15
SPOT-109507,25-34,Female,BR,2025-04-01
SPOT-109508,18-24,Female,AR,2025-07-24
SPOT-109509,18-24,Male,GB,2024-10-03
SPOT-109510,25-34,Male,US,2023-12-02
SPOT-109511,25-34,Female,DE,2025-08-06
SPOT-109512,18-24,Female,AU,2025-03-18
SPOT-109513,25-34,Male,US,2024-07-22
SPOT-109514,25-34,Female,BR,2025-12-22
SPOT-109515,18-24,Female,MX,2024-07-27
SPOT-109516,25-34,Female,AR,2024-11-26
SPOT-109517,35-44,Male,ES,2024-06-19
SPOT-109518,25-34,Female,US,2026-06-01
SPOT-109519,25-34,Male,DE,2024-04-08
SPOT-109520,18-24,Male,US,2025-12-22
SPOT-109521,25-34,Female,MX,2025-08-29
SPOT-109522,45-54,Female,US,2024-03-02
SPOT-109523,25-34,Male,US,2024-02-17
SPOT-109524,18-24,Female,GB,2024-08-08
SPOT-109525,25-34,Male,CA,2026-05-02
SPOT-109526,45-54,Female,ES,2026-02-25
SPOT-109527,18-24,Female,US,2025-10-17
SPOT-109528,55+,Male,GB,2025-05-30
SPOT-109529,45-54,Male,US,2023-12-09
SPOT-109530,18-24,Female,GB,2024-04-16
SPOT-109531,45-54,Male,MX,2025-02-17
SPOT-109532,25-34,Male,ES,2025-05-28
SPOT-109533,35-44,Male,AR,2026-02-21
SPOT-109534,25-34,Male,CA,2025-11-13
SPOT-109535,25-34,Female,GB,2025-12-14
SPOT-109536,25-34,Male,FR,2024-12-31
SPOT-109537,35-44,Female,ES,2024-03-09
SPOT-109538,18-24,Male,BR,2025-10-01
SPOT-109539,25-34,Female,AU,2024-10-22
SPOT-109540,18-24,Female,CA,2023-11-27
SPOT-109541,18-24,Male,FR,2024-06-18
SPOT-109542,18-24,Non-binary,US,2026-01-18
SPOT-109543,25-34,Male,US,2025-02-17
SPOT-109544,18-24,Female,CA,2026-02-23
SPOT-109545,18-24,Non-binary,DE,2026-05-27
SPOT-109546,18-24,Female,AR,2024-04-16
SPOT-109547,18-24,Female,MX,2025-05-03
SPOT-109548,25-34,Male,ES,2025-02-09
SPOT-109549,55+,Male,US,2025-03-01
SPOT-109550,18-24,Male,DE,2023-11-13
SPOT-109551,45-54,Non-binary,FR,2025-12-31
SPOT-109552,35-44,Non-binary,BR,2026-05-29
SPOT-109553,25-34,Male,MX,2024-07-16
SPOT-109554,25-34,Male,ES,2024-04-19
SPOT-109555,35-44,Male,US,2025-08-15
SPOT-109556,18-24,Male,US,2024-12-31
SPOT-109557,25-34,Male,ES,2025-04-06
SPOT-109558,25-34,Female,US,2025-08-09
SPOT-109559,25-34,Female,GB,2025-09-22
SPOT-109560,35-44,Female,CA,2025-06-12
SPOT-109561,18-24,Female,BR,2024-05-10
SPOT-109562,25-34,Female,CA,2025-12-03
SPOT-109563,25-34,Female,GB,2025-09-14
SPOT-109564,25-34,Male,MX,2026-03-30
SPOT-109565,18-24,Male,GB,2026-06-01
SPOT-109566,25-34,Male,US,2024-11-01
SPOT-109567,45-54,Female,AU,2026-02-20
SPOT-109568,25-34,Female,US,2024-05-26
SPOT-109569,35-44,Female,US,2025-09-06
SPOT-109570,25-34,Female,AR,2025-09-27
SPOT-109571,18-24,Male,AR,2025-06-23
SPOT-109572,18-24,Female,AU,2024-10-19
SPOT-109573,18-24,Female,US,2026-01-26
SPOT-109574,25-34,Female,US,2025-11-08
SPOT-109575,18-24,Female,DE,2025-01-23
SPOT-109576,35-44,Female,BR,2025-04-21
SPOT-109577,35-44,Male,US,2024-11-27
SPOT-109578,18-24,Male,US,2024-06-21
SPOT-109579,18-24,Female,ES,2025-09-26
SPOT-109580,18-24,Female,MX,2025-07-28
SPOT-109581,25-34,Male,US,2024-08-30
SPOT-109582,18-24,Female,CA,2024-09-04
SPOT-109583,18-24,Female,GB,2026-02-17
SPOT-109584,45-54,Male,FR,2025-06-22
SPOT-109585,35-44,Male,CA,2025-04-27
SPOT-109586,18-24,Male,BR,2024-12-20
SPOT-109587,25-34,Male,DE,2026-01-07
SPOT-109588,25-34,Male,GB,2024-07-26
SPOT-109589,35-44,Male,AR,2025-02-07
SPOT-109590,25-34,Male,US,2026-02-27
SPOT-109591,18-24,Female,MX,2026-03-06
SPOT-109592,35-44,Female,BR,2024-01-26
SPOT-109593,25-34,Female,US,2023-11-29
SPOT-109594,18-24,Female,AU,2025-10-31
SPOT-109595,25-34,Female,AR,2024-06-18
SPOT-109596,25-34,Female,US,2026-01-05
SPOT-109597,18-24,Female,DE,2025-12-14
SPOT-109598,18-24,Male,GB,2024-01-22
SPOT-109599,25-34,Female,FR,2025-07-24
SPOT-109600,18-24,Female,GB,2026-04-29
SPOT-109601,35-44,Male,AU,2025-06-13
SPOT-109602,18-24,Male,US,2023-12-04
SPOT-109603,18-24,Female,US,2025-07-30
SPOT-109604,25-34,Male,MX,2025-10-07
SPOT-109605,35-44,Male,US,2024-03-26
SPOT-109606,35-44,Female,FR,2024-02-09
SPOT-109607,25-34,Female,US,2025-10-12
SPOT-109608,18-24,Female,AU,2025-11-04
SPOT-109609,35-44,Female,FR,2026-01-16
SPOT-109610,25-34,Female,AR,2024-11-20
SPOT-109611,18-24,Male,DE,2025-02-02
SPOT-109612,45-54,Female,BR,2024-02-17
SPOT-109613,18-24,Male,DE,2025-09-21
SPOT-109614,55+,Female,AU,2024-02-22
SPOT-109615,45-54,Male,US,2025-06-01
SPOT-109616,25-34,Male,DE,2024-03-08
SPOT-109617,45-54,Male,AU,2025-09-16
SPOT-109618,35-44,Female,GB,2024-07-23
SPOT-109619,18-24,Female,DE,2026-03-19
SPOT-109620,25-34,Male,MX,2024-05-15
SPOT-109621,18-24,Male,CA,2025-03-16
SPOT-109622,25-34,Female,GB,2024-03-16
SPOT-109623,35-44,Female,CA,2025-02-14
SPOT-109624,25-34,Female,GB,2024-03-10
SPOT-109625,18-24,Male,AR,2025-12-14
SPOT-109626,25-34,Male,GB,2024-02-22
SPOT-109627,45-54,Female,US,2023-12-05
SPOT-109628,18-24,Male,AR,2026-05-05
SPOT-109629,25-34,Male,DE,2025-01-17
SPOT-109630,18-24,Male,DE,2025-12-27
SPOT-109631,25-34,Female,DE,2024-12-09
SPOT-109632,18-24,Non-binary,MX,2024-04-30
SPOT-109633,25-34,Female,GB,2025-02-13
SPOT-109634,18-24,Female,US,2025-11-08
SPOT-109635,18-24,Female,BR,2025-02-04
SPOT-109636,45-54,Male,US,2025-06-20
SPOT-109637,18-24,Female,MX,2025-02-24
SPOT-109638,25-34,Male,AR,2024-03-23
SPOT-109639,18-24,Female,ES,2025-03-13
SPOT-109640,25-34,Female,DE,2023-12-08
SPOT-109641,25-34,Female,BR,2023-11-25
SPOT-109642,18-24,Female,US,2026-01-18
SPOT-109643,18-24,Female,CA,2024-09-12
SPOT-109644,25-34,Female,BR,2024-04-26
SPOT-109645,25-34,Male,GB,2025-05-23
SPOT-109646,35-44,Female,GB,2024-09-11
SPOT-109647,25-34,Male,MX,2025-01-22
SPOT-109648,25-34,Female,BR,2025-06-16
SPOT-109649,18-24,Male,US,2026-03-07
SPOT-109650,18-24,Male,DE,2025-05-10
SPOT-109651,18-24,Female,MX,2026-01-07
SPOT-109652,18-24,Male,GB,2026-03-20
SPOT-109653,18-24,Male,BR,2026-03-14
SPOT-109654,25-34,Female,GB,2025-12-29
SPOT-109655,25-34,Female,US,2025-08-27
SPOT-109656,45-54,Male,DE,2025-12-19
SPOT-109657,18-24,Female,ES,2025-11-11
SPOT-109658,25-34,Female,US,2024-03-26
SPOT-109659,35-44,Female,ES,2024-11-20
SPOT-109660,25-34,Female,MX,2023-12-17
SPOT-109661,18-24,Male,BR,2025-11-11
SPOT-109662,18-24,Male,AU,2025-02-14
SPOT-109663,18-24,Male,FR,2024-05-20
SPOT-109664,18-24,Male,BR,2024-04-23
SPOT-109665,35-44,Male,BR,2025-05-26
SPOT-109666,18-24,Male,GB,2025-12-19
SPOT-109667,18-24,Female,CA,2024-03-28
SPOT-109668,35-44,Female,FR,2025-10-14
SPOT-109669,35-44,Female,ES,2026-02-15
SPOT-109670,25-34,Male,US,2024-03-12
SPOT-109671,25-34,Male,ES,2023-11-29
SPOT-109672,25-34,Female,GB,2025-03-27
SPOT-109673,18-24,Male,US,2025-10-25
SPOT-109674,25-34,Female,ES,2025-01-12
SPOT-109675,25-34,Female,AU,2025-09-30
SPOT-109676,45-54,Male,US,2024-05-14
SPOT-109677,18-24,Male,US,2024-06-03
SPOT-109678,25-34,Male,US,2024-02-06
SPOT-109679,18-24,Male,AU,2024-02-11
SPOT-109680,25-34,Male,MX,2025-06-10
SPOT-109681,18-24,Male,MX,2024-12-12
SPOT-109682,18-24,Female,BR,2024-12-08
SPOT-109683,35-44,Male,BR,2024-05-18
SPOT-109684,25-34,Female,GB,2024-09-26
SPOT-109685,25-34,Male,US,2024-01-30
SPOT-109686,18-24,Male,AR,2026-01-30
SPOT-109687,18-24,Male,BR,2025-08-23
SPOT-109688,25-34,Male,GB,2026-01-04
SPOT-109689,35-44,Male,MX,2025-05-15
SPOT-109690,55+,Male,US,2023-11-22
SPOT-109691,25-34,Male,BR,2025-02-28
SPOT-109692,25-34,Male,US,2024-06-29
SPOT-109693,35-44,Female,ES,2024-05-16
SPOT-109694,25-34,Female,GB,2025-04-26
SPOT-109695,25-34,Male,DE,2024-07-16
SPOT-109696,18-24,Male,ES,2026-03-11
SPOT-109697,35-44,Female,MX,2024-09-27
SPOT-109698,25-34,Female,DE,2024-07-16
SPOT-109699,35-44,Female,US,2024-02-02
SPOT-109700,35-44,Male,CA,2026-04-16
SPOT-109701,18-24,Male,US,2025-01-05
SPOT-109702,35-44,Female,ES,2024-04-03
SPOT-109703,35-44,Female,CA,2025-02-22
SPOT-109704,18-24,Male,GB,2025-06-27
SPOT-109705,18-24,Female,US,2025-05-10
SPOT-109706,18-24,Male,US,2025-07-10
SPOT-109707,25-34,Male,GB,2024-11-25
SPOT-109708,25-34,Male,DE,2024-06-14
SPOT-109709,25-34,Male,BR,2023-12-26
SPOT-109710,18-24,Female,ES,2026-02-22
SPOT-109711,45-54,Female,CA,2024-08-18
SPOT-109712,18-24,Female,DE,2024-12-10
SPOT-109713,18-24,Male,ES,2024-10-25
SPOT-109714,25-34,Male,US,2026-05-28
SPOT-109715,25-34,Male,GB,2024-05-14
SPOT-109716,18-24,Male,US,2024-04-27
SPOT-109717,18-24,Female,MX,2024-12-18
SPOT-109718,18-24,Male,CA,2024-10-31
SPOT-109719,35-44,Female,FR,2024-01-07
SPOT-109720,35-44,Female,GB,2024-12-07
SPOT-109721,25-34,Male,US,2025-12-07
SPOT-109722,35-44,Female,GB,2025-02-20
SPOT-109723,35-44,Male,GB,2026-04-21
SPOT-109724,18-24,Female,US,2024-01-28
SPOT-109725,55+,Female,US,2024-10-10
SPOT-109726,35-44,Male,US,2023-12-08
SPOT-109727,18-24,Male,US,2024-11-20
SPOT-109728,18-24,Female,US,2024-06-09
SPOT-109729,18-24,Male,MX,2024-05-19
SPOT-109730,18-24,Female,MX,2026-02-06
SPOT-109731,35-44,Male,CA,2024-03-29
SPOT-109732,25-34,Female,DE,2025-02-09
SPOT-109733,35-44,Female,DE,2024-09-08
SPOT-109734,35-44,Female,US,2024-06-20
SPOT-109735,25-34,Male,US,2025-09-27
SPOT-109736,25-34,Male,MX,2024-06-20
SPOT-109737,18-24,Male,US,2026-04-25
SPOT-109738,18-24,Female,ES,2025-05-06
SPOT-109739,25-34,Female,ES,2025-12-24
SPOT-109740,18-24,Male,ES,2024-05-24
SPOT-109741,18-24,Female,MX,2025-10-16
SPOT-109742,45-54,Male,ES,2025-12-14
SPOT-109743,25-34,Female,BR,2024-04-25
SPOT-109744,18-24,Female,MX,2024-06-15
SPOT-109745,25-34,Female,BR,2025-07-01
SPOT-109746,35-44,Male,US,2024-10-11
SPOT-109747,18-24,Male,US,2024-05-11
SPOT-109748,18-24,Female,DE,2025-03-03
SPOT-109749,45-54,Male,US,2025-05-05
SPOT-109750,18-24,Female,FR,2026-01-08
SPOT-109751,18-24,Female,GB,2025-09-11
SPOT-109752,25-34,Male,US,2025-09-27
SPOT-109753,35-44,Female,DE,2024-12-25
SPOT-109754,18-24,Female,AR,2024-03-14
SPOT-109755,18-24,Female,DE,2026-02-25
SPOT-109756,18-24,Female,GB,2025-05-11
SPOT-109757,55+,Female,BR,2024-11-25
SPOT-109758,18-24,Male,BR,2024-05-29
SPOT-109759,25-34,Female,ES,2025-12-26
SPOT-109760,45-54,Male,AR,2025-02-13
SPOT-109761,18-24,Female,ES,2025-01-30
SPOT-109762,55+,Male,US,2026-05-09
SPOT-109763,45-54,Male,US,2025-10-30
SPOT-109764,45-54,Male,AU,2026-03-19
SPOT-109765,18-24,Male,GB,2024-02-01
SPOT-109766,25-34,Male,GB,2025-09-03
SPOT-109767,35-44,Female,ES,2024-08-04
SPOT-109768,55+,Male,BR,2024-12-24
SPOT-109769,18-24,Female,DE,2024-01-01
SPOT-109770,35-44,Male,US,2024-06-20
SPOT-109771,18-24,Male,US,2026-03-27
SPOT-109772,18-24,Male,ES,2026-03-26
SPOT-109773,25-34,Male,US,2024-01-04
SPOT-109774,35-44,Male,DE,2024-12-25
SPOT-109775,25-34,Non-binary,ES,2026-03-10
SPOT-109776,25-34,Male,CA,2025-09-06
SPOT-109777,55+,Female,FR,2024-08-14
SPOT-109778,25-34,Male,FR,2026-01-17
SPOT-109779,25-34,Female,GB,2024-01-27
SPOT-109780,25-34,Male,CA,2024-05-18
SPOT-109781,25-34,Female,MX,2025-08-07
SPOT-109782,25-34,Male,FR,2024-12-11
SPOT-109783,45-54,Male,US,2025-12-16
SPOT-109784,25-34,Female,US,2024-11-12
SPOT-109785,35-44,Female,DE,2025-06-18
SPOT-109786,18-24,Male,AR,2024-11-24
SPOT-109787,18-24,Male,DE,2026-05-24
SPOT-109788,25-34,Female,FR,2025-04-13
SPOT-109789,18-24,Male,US,2024-10-29
SPOT-109790,18-24,Male,US,2025-08-25
SPOT-109791,25-34,Female,ES,2024-06-05
SPOT-109792,18-24,Female,MX,2024-11-27
SPOT-109793,18-24,Male,DE,2024-03-11
SPOT-109794,25-34,Female,AR,2026-05-20
SPOT-109795,25-34,Male,AR,2025-08-06
SPOT-109796,45-54,Male,GB,2025-12-31
SPOT-109797,25-34,Female,AR,2024-09-29
SPOT-109798,25-34,Female,GB,2026-05-27
SPOT-109799,45-54,Male,MX,2024-07-26
SPOT-109800,35-44,Male,US,2025-10-18
SPOT-109801,18-24,Female,GB,2025-11-21
SPOT-109802,18-24,Male,DE,2025-08-22
SPOT-109803,25-34,Female,GB,2024-01-11
SPOT-109804,25-34,Non-binary,US,2025-05-23
SPOT-109805,35-44,Non-binary,BR,2025-10-14
SPOT-109806,35-44,Male,BR,2026-02-04
SPOT-109807,25-34,Female,US,2025-10-02
SPOT-109808,55+,Female,US,2024-07-08
SPOT-109809,25-34,Male,US,2025-09-11
SPOT-109810,18-24,Male,US,2023-11-19
SPOT-109811,35-44,Male,GB,2025-05-23
SPOT-109812,18-24,Male,US,2025-02-19
SPOT-109813,35-44,Non-binary,CA,2026-02-24
SPOT-109814,55+,Female,US,2024-10-06
SPOT-109815,25-34,Male,US,2024-08-14
SPOT-109816,25-34,Female,DE,2025-12-27
SPOT-109817,25-34,Male,US,2026-03-18
SPOT-109818,25-34,Female,US,2025-05-04
SPOT-109819,25-34,Male,ES,2025-08-26
SPOT-109820,25-34,Male,BR,2024-08-06
SPOT-109821,35-44,Male,US,2025-11-03
SPOT-109822,25-34,Female,DE,2024-06-04
SPOT-109823,18-24,Male,US,2024-08-22
SPOT-109824,25-34,Male,GB,2024-09-12
SPOT-109825,35-44,Non-binary,GB,2024-10-22
SPOT-109826,25-34,Female,AR,2024-07-31
SPOT-109827,25-34,Female,ES,2025-06-13
SPOT-109828,35-44,Female,FR,2024-11-14
SPOT-109829,25-34,Female,US,2025-08-26
SPOT-109830,25-34,Female,BR,2025-02-16
SPOT-109831,45-54,Female,US,2024-08-03
SPOT-109832,18-24,Female,AR,2024-07-28
SPOT-109833,55+,Female,GB,2024-11-16
SPOT-109834,18-24,Male,US,2026-02-07
SPOT-109835,18-24,Male,GB,2025-01-22
SPOT-109836,45-54,Male,GB,2024-09-05
SPOT-109837,18-24,Female,ES,2025-11-02
SPOT-109838,35-44,Female,US,2023-12-08
SPOT-109839,35-44,Female,BR,2025-12-09
SPOT-109840,45-54,Female,AR,2025-09-13
SPOT-109841,55+,Male,ES,2024-06-22
SPOT-109842,18-24,Female,CA,2026-03-10
SPOT-109843,35-44,Male,US,2024-11-15
SPOT-109844,18-24,Male,GB,2025-07-01
SPOT-109845,25-34,Female,GB,2024-05-13
SPOT-109846,35-44,Female,US,2024-10-31
SPOT-109847,25-34,Female,AR,2025-12-12
SPOT-109848,25-34,Male,MX,2024-09-16
SPOT-109849,25-34,Female,BR,2024-03-24
SPOT-109850,25-34,Male,DE,2024-07-06
SPOT-109851,55+,Female,FR,2025-09-02
SPOT-109852,18-24,Male,GB,2024-08-16
SPOT-109853,25-34,Female,GB,2024-10-04
SPOT-109854,45-54,Male,AU,2024-11-20
SPOT-109855,25-34,Male,US,2024-03-16
SPOT-109856,18-24,Female,AR,2026-03-14
SPOT-109857,25-34,Female,ES,2024-02-23
SPOT-109858,18-24,Female,CA,2024-08-03
SPOT-109859,18-24,Female,US,2025-10-13
SPOT-109860,35-44,Female,AU,2025-09-03
SPOT-109861,25-34,Female,US,2024-12-12
SPOT-109862,45-54,Male,GB,2024-10-20
SPOT-109863,35-44,Male,US,2024-08-01
SPOT-109864,25-34,Female,US,2025-04-05
SPOT-109865,18-24,Male,AU,2024-11-19
SPOT-109866,25-34,Male,ES,2023-12-12
SPOT-109867,18-24,Male,BR,2024-07-14
SPOT-109868,45-54,Male,US,2025-11-23
SPOT-109869,18-24,Female,BR,2025-12-12
SPOT-109870,18-24,Male,GB,2024-07-23
SPOT-109871,25-34,Male,GB,2026-01-29
SPOT-109872,18-24,Female,MX,2025-09-18
SPOT-109873,18-24,Female,AR,2024-07-10
SPOT-109874,25-34,Female,DE,2024-06-14
SPOT-109875,18-24,Male,BR,2026-04-09
SPOT-109876,18-24,Male,MX,2026-01-02
SPOT-109877,25-34,Male,US,2024-08-04
SPOT-109878,35-44,Male,AR,2024-04-20
SPOT-109879,25-34,Male,AR,2025-04-05
SPOT-109880,25-34,Female,BR,2025-02-24
SPOT-109881,25-34,Non-binary,US,2024-05-05
SPOT-109882,25-34,Female,BR,2024-09-10
SPOT-109883,45-54,Female,US,2025-11-21
SPOT-109884,18-24,Female,ES,2025-09-10
SPOT-109885,25-34,Female,GB,2025-09-23
SPOT-109886,45-54,Female,GB,2026-05-31
SPOT-109887,35-44,Female,CA,2025-09-28
SPOT-109888,18-24,Male,DE,2024-08-21
SPOT-109889,18-24,Male,AR,2024-09-18
SPOT-109890,35-44,Female,MX,2024-08-07
SPOT-109891,18-24,Male,GB,2024-02-20
SPOT-109892,35-44,Female,US,2026-01-17
SPOT-109893,35-44,Female,AR,2024-07-02
SPOT-109894,35-44,Female,ES,2025-11-04
SPOT-109895,18-24,Male,US,2025-10-05
SPOT-109896,35-44,Female,US,2025-11-28
SPOT-109897,25-34,Male,ES,2024-10-05
SPOT-109898,35-44,Female,AU,2024-08-31
SPOT-109899,18-24,Male,AR,2025-04-22
SPOT-109900,18-24,Non-binary,MX,2024-08-31
SPOT-109901,25-34,Female,CA,2024-12-27
SPOT-109902,18-24,Female,GB,2024-06-13
SPOT-109903,25-34,Female,US,2024-12-09
SPOT-109904,45-54,Non-binary,GB,2026-02-20
SPOT-109905,25-34,Male,AU,2024-05-13
SPOT-109906,35-44,Female,FR,2024-12-31
SPOT-109907,18-24,Male,US,2025-12-19
SPOT-109908,18-24,Male,BR,2026-05-30
SPOT-109909,18-24,Male,US,2024-05-24
SPOT-109910,18-24,Female,AR,2025-09-10
SPOT-109911,45-54,Male,DE,2024-11-14
SPOT-109912,18-24,Female,CA,2025-09-24
SPOT-109913,25-34,Female,US,2025-09-28
SPOT-109914,25-34,Female,ES,2025-02-16
SPOT-109915,45-54,Male,DE,2023-11-20
SPOT-109916,18-24,Female,GB,2025-01-20
SPOT-109917,18-24,Female,BR,2025-09-10
SPOT-109918,18-24,Male,BR,2025-10-10
SPOT-109919,25-34,Non-binary,GB,2024-09-13
SPOT-109920,18-24,Male,MX,2024-11-27
SPOT-109921,45-54,Female,MX,2024-04-19
SPOT-109922,25-34,Female,US,2025-12-01
SPOT-109923,25-34,Male,BR,2025-02-07
SPOT-109924,25-34,Male,ES,2024-12-18
SPOT-109925,18-24,Female,US,2024-04-20
SPOT-109926,25-34,Male,MX,2025-06-26
SPOT-109927,55+,Female,AR,2024-04-28
SPOT-109928,35-44,Female,AR,2026-05-18
SPOT-109929,45-54,Female,US,2024-04-10
SPOT-109930,35-44,Female,MX,2026-02-25
SPOT-109931,18-24,Female,AR,2023-11-27
SPOT-109932,18-24,Male,DE,2025-01-04
SPOT-109933,18-24,Female,BR,2025-06-26
SPOT-109934,18-24,Female,GB,2024-03-29
SPOT-109935,18-24,Male,GB,2023-12-01
SPOT-109936,25-34,Female,BR,2024-09-27
SPOT-109937,25-34,Female,US,2024-11-10
SPOT-109938,45-54,Male,DE,2024-07-02
SPOT-109939,35-44,Female,GB,2024-09-23
SPOT-109940,45-54,Female,US,2024-07-23
SPOT-109941,18-24,Male,BR,2024-10-14
SPOT-109942,18-24,Female,AR,2025-05-12
SPOT-109943,25-34,Female,US,2024-12-05
SPOT-109944,18-24,Female,MX,2023-12-12
SPOT-109945,18-24,Male,GB,2025-04-06
SPOT-109946,18-24,Male,US,2025-04-03
SPOT-109947,18-24,Male,CA,2025-10-26
SPOT-109948,25-34,Female,MX,2025-08-23
SPOT-109949,25-34,Female,US,2023-11-21
SPOT-109950,25-34,Male,MX,2024-04-06
SPOT-109951,25-34,Male,US,2025-10-23
SPOT-109952,25-34,Male,FR,2024-07-11
SPOT-109953,18-24,Female,US,2025-07-01
SPOT-109954,18-24,Female,AR,2026-03-17
SPOT-109955,18-24,Female,US,2025-12-21
SPOT-109956,35-44,Male,BR,2025-10-21
SPOT-109957,35-44,Male,CA,2025-08-30
SPOT-109958,25-34,Male,GB,2026-04-27
SPOT-109959,18-24,Female,US,2025-06-06
SPOT-109960,25-34,Male,BR,2024-04-08
SPOT-109961,25-34,Male,US,2025-03-03
SPOT-109962,25-34,Female,ES,2024-12-20
SPOT-109963,25-34,Female,BR,2025-11-18
SPOT-109964,25-34,Non-binary,GB,2026-03-19
SPOT-109965,25-34,Female,ES,2024-05-03
SPOT-109966,35-44,Female,US,2024-09-17
SPOT-109967,18-24,Female,CA,2025-07-26
SPOT-109968,35-44,Female,GB,2025-01-05
SPOT-109969,18-24,Female,ES,2024-04-05
SPOT-109970,18-24,Female,GB,2025-09-04
SPOT-109971,55+,Male,ES,2024-07-27
SPOT-109972,55+,Male,US,2026-02-24
SPOT-109973,18-24,Male,GB,2026-03-11
SPOT-109974,25-34,Female,US,2025-08-17
SPOT-109975,18-24,Female,DE,2026-02-25
SPOT-109976,25-34,Female,DE,2024-12-18
SPOT-109977,35-44,Male,GB,2024-10-23
SPOT-109978,55+,Male,AU,2025-10-09
SPOT-109979,25-34,Non-binary,US,2025-05-28
SPOT-109980,25-34,Male,AR,2026-01-03
SPOT-109981,25-34,Male,DE,2025-08-18
SPOT-109982,18-24,Female,GB,2024-08-25
SPOT-109983,45-54,Male,US,2026-04-13
SPOT-109984,45-54,Male,MX,2024-07-18
SPOT-109985,25-34,Male,GB,2025-03-08
SPOT-109986,18-24,Male,AR,2026-04-16
SPOT-109987,18-24,Female,AU,2024-09-15
SPOT-109988,18-24,Male,US,2025-05-16
SPOT-109989,35-44,Male,US,2026-03-16
SPOT-109990,25-34,Male,GB,2025-07-07
SPOT-109991,18-24,Female,DE,2024-04-27
SPOT-109992,25-34,Male,GB,2025-07-13
SPOT-109993,35-44,Male,AU,2025-11-23
SPOT-109994,18-24,Male,ES,2024-05-04
SPOT-109995,45-54,Male,AU,2024-04-12
SPOT-109996,45-54,Male,DE,2024-05-17
SPOT-109997,45-54,Female,GB,2025-06-08
SPOT-109998,25-34,Female,DE,2023-12-11
SPOT-109999,18-24,Female,BR,2026-04-20
SPOT-110000,25-34,Female,ES,2024-05-28
SPOT-110001,18-24,Male,FR,2024-12-17
SPOT-110002,18-24,Female,DE,2025-10-29
SPOT-110003,25-34,Male,GB,2024-06-29
SPOT-110004,25-34,Female,GB,2026-04-08
SPOT-110005,45-54,Male,MX,2026-05-23
SPOT-110006,18-24,Female,BR,2025-06-11
SPOT-110007,25-34,Female,BR,2025-02-09
SPOT-110008,35-44,Male,US,2023-12-22
SPOT-110009,35-44,Male,FR,2024-11-11
SPOT-110010,45-54,Female,AR,2024-05-29
SPOT-110011,35-44,Male,US,2026-02-18
SPOT-110012,45-54,Female,GB,2024-06-07
SPOT-110013,18-24,Male,BR,2024-10-18
SPOT-110014,25-34,Male,DE,2024-09-20
SPOT-110015,18-24,Female,DE,2024-01-30
SPOT-110016,18-24,Male,ES,2024-11-30
SPOT-110017,18-24,Male,US,2024-09-09
SPOT-110018,18-24,Female,BR,2024-08-04
SPOT-110019,18-24,Female,GB,2026-05-27
SPOT-110020,18-24,Female,US,2023-11-16
SPOT-110021,18-24,Female,DE,2024-08-30
SPOT-110022,45-54,Male,US,2026-04-20
SPOT-110023,18-24,Male,GB,2025-11-21
SPOT-110024,35-44,Male,BR,2024-08-10
SPOT-110025,18-24,Non-binary,AU,2025-09-28
SPOT-110026,45-54,Male,MX,2023-12-19
SPOT-110027,45-54,Male,GB,2024-10-01
SPOT-110028,25-34,Female,DE,2026-04-27
SPOT-110029,25-34,Non-binary,DE,2025-07-25
SPOT-110030,18-24,Female,US,2024-08-21
SPOT-110031,55+,Male,US,2024-11-07
SPOT-110032,45-54,Female,US,2024-08-18
SPOT-110033,45-54,Male,BR,2024-10-27
SPOT-110034,25-34,Female,MX,2024-10-18
SPOT-110035,18-24,Male,BR,2026-03-18
SPOT-110036,45-54,Male,AU,2024-05-20
SPOT-110037,18-24,Male,US,2024-01-06
SPOT-110038,25-34,Male,AU,2025-09-13
SPOT-110039,18-24,Female,DE,2024-10-20
SPOT-110040,45-54,Female,US,2025-04-04
SPOT-110041,18-24,Female,CA,2024-09-19
SPOT-110042,18-24,Male,DE,2024-04-11
SPOT-110043,25-34,Female,GB,2024-05-17
SPOT-110044,35-44,Male,US,2024-05-24
SPOT-110045,25-34,Male,GB,2025-11-09
SPOT-110046,18-24,Male,AU,2026-03-01
SPOT-110047,18-24,Male,GB,2024-07-01
SPOT-110048,35-44,Male,AU,2025-11-29
SPOT-110049,55+,Male,GB,2026-02-05
SPOT-110050,35-44,Female,US,2026-04-17
SPOT-110051,25-34,Female,US,2024-03-21
SPOT-110052,45-54,Male,DE,2026-01-27
SPOT-110053,25-34,Male,US,2026-03-17
SPOT-110054,25-34,Male,MX,2025-01-03
SPOT-110055,25-34,Male,US,2025-07-09
SPOT-110056,25-34,Male,AR,2025-06-15
SPOT-110057,35-44,Male,AR,2024-11-10
SPOT-110058,25-34,Female,GB,2024-05-05
SPOT-110059,18-24,Female,ES,2025-11-27
SPOT-110060,18-24,Male,FR,2024-06-21
SPOT-110061,18-24,Female,BR,2024-10-20
SPOT-110062,25-34,Female,GB,2025-10-16
SPOT-110063,18-24,Female,DE,2023-11-21
SPOT-110064,18-24,Male,AR,2025-07-17
SPOT-110065,25-34,Female,GB,2025-02-02
SPOT-110066,25-34,Female,GB,2025-05-27
SPOT-110067,35-44,Male,US,2024-08-05
SPOT-110068,25-34,Female,DE,2026-03-17
SPOT-110069,45-54,Male,US,2025-03-04
SPOT-110070,45-54,Female,GB,2024-12-31
SPOT-110071,35-44,Male,DE,2024-10-11
SPOT-110072,25-34,Male,GB,2024-02-06
SPOT-110073,18-24,Female,US,2025-11-22
SPOT-110074,55+,Female,BR,2024-05-18
SPOT-110075,18-24,Male,FR,2024-02-10
SPOT-110076,18-24,Male,GB,2024-03-16
SPOT-110077,25-34,Male,US,2024-10-25
SPOT-110078,18-24,Male,GB,2024-03-15
SPOT-110079,55+,Male,FR,2025-04-10
SPOT-110080,25-34,Female,BR,2025-04-11
SPOT-110081,25-34,Male,US,2023-12-11
SPOT-110082,25-34,Female,ES,2024-03-08
SPOT-110083,25-34,Female,US,2025-04-23
SPOT-110084,18-24,Male,US,2025-04-08
SPOT-110085,25-34,Female,GB,2025-07-22
SPOT-110086,35-44,Female,US,2026-05-22
SPOT-110087,25-34,Male,MX,2025-05-20
SPOT-110088,35-44,Female,BR,2025-08-15
SPOT-110089,18-24,Female,ES,2024-03-15
SPOT-110090,18-24,Female,BR,2024-01-21
SPOT-110091,18-24,Male,DE,2023-12-21
SPOT-110092,25-34,Female,BR,2026-03-14
SPOT-110093,35-44,Male,DE,2023-12-18
SPOT-110094,35-44,Female,US,2023-11-19
SPOT-110095,25-34,Female,MX,2024-04-06
SPOT-110096,25-34,Female,AU,2023-12-30
SPOT-110097,35-44,Male,DE,2026-04-26
SPOT-110098,18-24,Male,DE,2024-08-27
SPOT-110099,18-24,Male,US,2025-11-15
SPOT-110100,55+,Female,FR,2025-09-04
SPOT-110101,25-34,Male,CA,2024-11-08
SPOT-110102,55+,Male,AR,2024-10-03
SPOT-110103,18-24,Male,US,2025-01-04
SPOT-110104,35-44,Female,CA,2024-06-20
SPOT-110105,18-24,Male,US,2026-02-01
SPOT-110106,18-24,Non-binary,DE,2025-10-18
SPOT-110107,25-34,Female,BR,2024-12-05
SPOT-110108,18-24,Female,AR,2025-07-12
SPOT-110109,18-24,Male,ES,2024-10-03
SPOT-110110,18-24,Male,AR,2025-09-02
SPOT-110111,18-24,Male,FR,2025-09-16
SPOT-110112,35-44,Male,BR,2025-12-13
SPOT-110113,25-34,Female,AR,2025-10-08
SPOT-110114,18-24,Male,US,2025-06-20
SPOT-110115,18-24,Male,DE,2024-07-28
SPOT-110116,18-24,Female,US,2025-05-28
SPOT-110117,25-34,Male,CA,2024-10-01
SPOT-110118,18-24,Male,AU,2023-12-28
SPOT-110119,35-44,Male,US,2024-12-04
SPOT-110120,18-24,Female,BR,2026-02-10
SPOT-110121,18-24,Female,GB,2025-12-20
SPOT-110122,45-54,Female,GB,2025-02-07
SPOT-110123,35-44,Male,DE,2025-04-29
SPOT-110124,18-24,Male,US,2024-05-22
SPOT-110125,35-44,Female,US,2025-11-27
SPOT-110126,25-34,Female,BR,2026-02-15
SPOT-110127,35-44,Female,US,2025-11-06
SPOT-110128,25-34,Female,BR,2024-04-03
SPOT-110129,25-34,Male,GB,2023-12-09
SPOT-110130,55+,Female,AR,2024-09-14
SPOT-110131,18-24,Female,MX,2026-04-30
SPOT-110132,25-34,Female,ES,2026-04-06
SPOT-110133,25-34,Female,US,2024-10-10
SPOT-110134,18-24,Male,GB,2025-08-03
SPOT-110135,18-24,Female,AU,2026-03-23
SPOT-110136,18-24,Female,DE,2024-10-31
SPOT-110137,25-34,Male,GB,2024-08-26
SPOT-110138,25-34,Male,FR,2024-10-11
SPOT-110139,25-34,Female,US,2024-06-09
SPOT-110140,18-24,Male,BR,2025-09-17
SPOT-110141,25-34,Female,US,2024-01-12
SPOT-110142,45-54,Male,GB,2024-02-28
SPOT-110143,25-34,Female,US,2026-05-11
SPOT-110144,25-34,Male,US,2024-07-06
SPOT-110145,35-44,Male,DE,2026-03-12
SPOT-110146,35-44,Female,AR,2024-08-31
SPOT-110147,25-34,Female,AU,2024-04-23
SPOT-110148,45-54,Male,MX,2024-04-03
SPOT-110149,25-34,Male,DE,2026-06-02
SPOT-110150,45-54,Female,ES,2025-06-01
SPOT-110151,18-24,Female,BR,2026-05-29
SPOT-110152,18-24,Female,GB,2024-08-04
SPOT-110153,18-24,Female,US,2026-03-26
SPOT-110154,35-44,Male,AR,2024-10-16
SPOT-110155,25-34,Female,BR,2024-03-13
SPOT-110156,18-24,Female,AU,2023-12-07
SPOT-110157,18-24,Female,AR,2025-11-15
SPOT-110158,45-54,Female,DE,2024-10-18
SPOT-110159,35-44,Female,ES,2024-04-01
SPOT-110160,25-34,Female,DE,2024-10-23
SPOT-110161,25-34,Female,US,2025-01-12
SPOT-110162,25-34,Female,BR,2025-10-08
SPOT-110163,25-34,Female,FR,2025-08-22
SPOT-110164,45-54,Female,FR,2025-10-11
SPOT-110165,18-24,Female,BR,2025-05-24
SPOT-110166,25-34,Male,DE,2025-05-14
SPOT-110167,18-24,Male,US,2024-03-23
SPOT-110168,25-34,Female,GB,2024-11-09
SPOT-110169,25-34,Female,AU,2025-10-21
SPOT-110170,25-34,Male,ES,2025-03-11
SPOT-110171,18-24,Male,ES,2025-11-13
SPOT-110172,25-34,Male,ES,2025-11-05
SPOT-110173,18-24,Male,MX,2026-05-12
SPOT-110174,18-24,Male,BR,2024-07-10
SPOT-110175,18-24,Female,DE,2025-01-18
SPOT-110176,35-44,Female,DE,2024-12-07
SPOT-110177,25-34,Female,FR,2025-07-16
SPOT-110178,25-34,Male,DE,2025-10-31
SPOT-110179,35-44,Female,AR,2025-09-17
SPOT-110180,25-34,Female,AR,2024-07-17
SPOT-110181,25-34,Male,ES,2025-04-01
SPOT-110182,25-34,Male,US,2025-05-22
SPOT-110183,25-34,Female,US,2024-01-29
SPOT-110184,25-34,Female,GB,2025-10-29
SPOT-110185,25-34,Female,AR,2025-12-16
SPOT-110186,35-44,Male,FR,2024-12-25
SPOT-110187,45-54,Female,US,2024-12-28
SPOT-110188,18-24,Male,GB,2024-11-06
SPOT-110189,18-24,Female,FR,2025-05-09
SPOT-110190,25-34,Female,US,2025-03-07
SPOT-110191,18-24,Male,AU,2025-03-26
SPOT-110192,18-24,Male,BR,2025-04-06
SPOT-110193,45-54,Male,CA,2023-11-07
SPOT-110194,18-24,Male,DE,2025-06-27
SPOT-110195,45-54,Male,GB,2024-03-15
SPOT-110196,35-44,Female,GB,2025-05-20
SPOT-110197,35-44,Female,FR,2024-03-17
SPOT-110198,18-24,Female,GB,2025-05-10
SPOT-110199,18-24,Female,MX,2025-10-21
SPOT-110200,25-34,Female,DE,2024-11-01
SPOT-110201,18-24,Female,CA,2025-07-21
SPOT-110202,18-24,Male,US,2024-12-23
SPOT-110203,18-24,Female,DE,2023-12-10
SPOT-110204,18-24,Male,US,2025-01-06
SPOT-110205,18-24,Male,BR,2024-02-23
SPOT-110206,35-44,Female,DE,2025-07-08
SPOT-110207,18-24,Male,US,2025-09-04
SPOT-110208,18-24,Female,AR,2025-06-17
SPOT-110209,25-34,Male,DE,2026-05-06
SPOT-110210,55+,Male,BR,2026-04-27
SPOT-110211,18-24,Female,DE,2024-01-26
SPOT-110212,18-24,Male,BR,2024-11-14
SPOT-110213,25-34,Male,US,2024-09-10
SPOT-110214,45-54,Male,AR,2025-05-04
SPOT-110215,35-44,Non-binary,GB,2024-06-08
SPOT-110216,25-34,Male,ES,2025-08-14
SPOT-110217,18-24,Female,US,2025-04-07
SPOT-110218,25-34,Female,BR,2025-09-27
SPOT-110219,18-24,Female,CA,2025-04-11
SPOT-110220,25-34,Female,DE,2024-08-10
SPOT-110221,35-44,Male,US,2024-08-28
SPOT-110222,55+,Non-binary,US,2024-11-24
SPOT-110223,18-24,Female,FR,2024-08-27
SPOT-110224,18-24,Male,US,2025-02-17
SPOT-110225,25-34,Male,AU,2025-09-21
SPOT-110226,35-44,Female,US,2025-11-07
SPOT-110227,35-44,Female,BR,2025-12-01
SPOT-110228,18-24,Female,DE,2025-04-26
SPOT-110229,18-24,Female,US,2026-05-19
SPOT-110230,25-34,Female,BR,2025-07-31
SPOT-110231,18-24,Male,MX,2026-01-01
SPOT-110232,45-54,Male,ES,2025-11-11
SPOT-110233,25-34,Female,BR,2025-06-06
SPOT-110234,35-44,Male,AR,2026-03-23
SPOT-110235,25-34,Male,ES,2024-07-10
SPOT-110236,35-44,Female,US,2026-03-28
SPOT-110237,18-24,Male,DE,2025-12-13
SPOT-110238,35-44,Male,US,2025-02-01
SPOT-110239,18-24,Female,US,2025-01-19
SPOT-110240,25-34,Female,ES,2024-03-19
SPOT-110241,18-24,Male,BR,2024-07-02
SPOT-110242,25-34,Female,MX,2024-10-30
SPOT-110243,18-24,Female,ES,2026-04-18
SPOT-110244,18-24,Male,GB,2026-02-20
SPOT-110245,55+,Male,DE,2024-05-13
SPOT-110246,18-24,Male,MX,2024-09-17
SPOT-110247,35-44,Female,US,2024-02-26
SPOT-110248,55+,Female,AR,2026-05-02
SPOT-110249,18-24,Female,GB,2024-04-30
SPOT-110250,25-34,Female,MX,2023-11-27
SPOT-110251,18-24,Male,AU,2025-04-26
SPOT-110252,18-24,Male,BR,2024-12-11
SPOT-110253,25-34,Male,US,2025-02-19
SPOT-110254,45-54,Male,US,2025-08-17
SPOT-110255,18-24,Female,US,2025-07-16
SPOT-110256,25-34,Female,ES,2026-02-06
SPOT-110257,25-34,Male,GB,2024-03-04
SPOT-110258,45-54,Male,US,2024-08-23
SPOT-110259,18-24,Male,ES,2024-08-01
SPOT-110260,25-34,Female,GB,2024-03-01
SPOT-110261,25-34,Female,MX,2025-06-16
SPOT-110262,25-34,Female,DE,2025-05-23
SPOT-110263,45-54,Male,GB,2024-10-25
SPOT-110264,35-44,Male,BR,2023-11-14
SPOT-110265,18-24,Male,GB,2025-04-20
SPOT-110266,25-34,Non-binary,FR,2023-12-19
SPOT-110267,25-34,Female,US,2024-06-07
SPOT-110268,18-24,Female,US,2023-12-15
SPOT-110269,25-34,Female,DE,2024-11-17
SPOT-110270,25-34,Female,US,2025-12-24
SPOT-110271,25-34,Male,ES,2024-02-05
SPOT-110272,55+,Male,GB,2025-02-18
SPOT-110273,18-24,Female,GB,2024-07-02
SPOT-110274,45-54,Male,GB,2023-11-15
SPOT-110275,25-34,Male,US,2023-11-15
SPOT-110276,25-34,Female,GB,2025-10-10
SPOT-110277,35-44,Female,BR,2024-10-16
SPOT-110278,25-34,Female,FR,2024-03-30
SPOT-110279,25-34,Male,DE,2026-01-15
SPOT-110280,25-34,Male,GB,2025-10-12
SPOT-110281,25-34,Female,AR,2024-12-10
SPOT-110282,45-54,Female,US,2026-01-16
SPOT-110283,35-44,Female,GB,2024-03-22
SPOT-110284,18-24,Female,DE,2025-09-02
SPOT-110285,18-24,Female,MX,2026-01-21
SPOT-110286,25-34,Male,US,2025-05-09
SPOT-110287,18-24,Male,DE,2024-01-31
SPOT-110288,25-34,Male,BR,2024-08-02
SPOT-110289,18-24,Female,BR,2025-06-30
SPOT-110290,25-34,Male,BR,2025-01-26
SPOT-110291,18-24,Female,MX,2024-02-21
SPOT-110292,18-24,Female,DE,2024-06-25
SPOT-110293,25-34,Male,US,2025-11-25
SPOT-110294,25-34,Female,US,2025-06-06
SPOT-110295,55+,Female,FR,2025-12-09
SPOT-110296,45-54,Female,MX,2024-09-17
SPOT-110297,25-34,Female,ES,2026-01-02
SPOT-110298,18-24,Male,CA,2024-10-18
SPOT-110299,35-44,Male,ES,2024-07-20
SPOT-110300,45-54,Male,MX,2023-12-29
SPOT-110301,35-44,Female,MX,2024-02-01
SPOT-110302,18-24,Female,GB,2025-11-15
SPOT-110303,55+,Female,AU,2025-01-25
SPOT-110304,18-24,Male,BR,2025-09-02
SPOT-110305,35-44,Female,US,2025-12-24
SPOT-110306,45-54,Non-binary,US,2024-10-05
SPOT-110307,18-24,Female,AR,2024-12-29
SPOT-110308,45-54,Male,GB,2024-07-11
SPOT-110309,18-24,Female,US,2026-05-23
SPOT-110310,55+,Male,DE,2025-03-08
SPOT-110311,18-24,Male,AR,2025-01-05
SPOT-110312,55+,Male,DE,2024-03-30
SPOT-110313,18-24,Male,AR,2025-04-27
SPOT-110314,35-44,Female,AR,2025-06-11
SPOT-110315,25-34,Male,FR,2024-07-29
SPOT-110316,25-34,Female,BR,2025-03-22
SPOT-110317,18-24,Male,MX,2026-05-23
SPOT-110318,35-44,Male,GB,2025-09-29
SPOT-110319,18-24,Male,US,2025-03-10
SPOT-110320,25-34,Male,BR,2025-08-20
SPOT-110321,18-24,Male,US,2023-11-06
SPOT-110322,55+,Female,DE,2026-04-08
SPOT-110323,18-24,Non-binary,US,2025-06-23
SPOT-110324,18-24,Male,US,2025-10-12
SPOT-110325,18-24,Male,FR,2026-01-07
SPOT-110326,25-34,Male,MX,2025-08-19
SPOT-110327,18-24,Female,MX,2025-04-09
SPOT-110328,25-34,Female,DE,2024-10-28
SPOT-110329,45-54,Female,DE,2024-08-18
SPOT-110330,35-44,Male,GB,2025-05-20
SPOT-110331,25-34,Male,DE,2024-07-18
SPOT-110332,18-24,Male,BR,2025-09-19
SPOT-110333,25-34,Female,US,2025-12-05
SPOT-110334,18-24,Male,GB,2024-03-24
SPOT-110335,35-44,Female,BR,2025-12-23
SPOT-110336,18-24,Female,DE,2023-12-04
SPOT-110337,25-34,Female,AR,2024-01-22
SPOT-110338,25-34,Male,AR,2026-02-02
SPOT-110339,45-54,Female,GB,2024-08-30
SPOT-110340,18-24,Male,DE,2025-11-25
SPOT-110341,25-34,Non-binary,AU,2024-02-10
SPOT-110342,18-24,Male,AR,2026-05-15
SPOT-110343,35-44,Male,US,2025-04-30
SPOT-110344,45-54,Male,GB,2025-02-24
SPOT-110345,25-34,Female,US,2024-04-10
SPOT-110346,25-34,Male,MX,2023-11-22
SPOT-110347,45-54,Male,GB,2024-08-26
SPOT-110348,25-34,Male,BR,2024-03-30
SPOT-110349,25-34,Male,ES,2024-06-12
SPOT-110350,25-34,Female,AR,2023-11-11
SPOT-110351,25-34,Male,GB,2023-12-09
SPOT-110352,18-24,Female,US,2024-08-19
SPOT-110353,35-44,Female,AR,2025-01-23
SPOT-110354,25-34,Female,DE,2024-10-22
SPOT-110355,18-24,Male,AR,2025-07-10
SPOT-110356,35-44,Male,US,2026-05-09
SPOT-110357,25-34,Female,CA,2024-07-22
SPOT-110358,18-24,Female,BR,2024-09-05
SPOT-110359,25-34,Male,US,2025-12-20
SPOT-110360,45-54,Female,BR,2025-09-06
SPOT-110361,45-54,Female,FR,2023-11-29
SPOT-110362,55+,Male,DE,2024-11-25
SPOT-110363,45-54,Female,US,2025-08-07
SPOT-110364,18-24,Female,BR,2025-02-20
SPOT-110365,25-34,Male,AR,2025-08-09
SPOT-110366,35-44,Male,US,2023-11-23
SPOT-110367,25-34,Male,US,2026-05-01
SPOT-110368,25-34,Male,US,2023-11-19
SPOT-110369,25-34,Female,US,2024-08-16
SPOT-110370,25-34,Female,US,2024-08-25
SPOT-110371,45-54,Female,DE,2025-05-23
SPOT-110372,25-34,Female,MX,2024-12-22
SPOT-110373,25-34,Male,ES,2026-04-18
SPOT-110374,55+,Male,MX,2025-01-03
SPOT-110375,25-34,Female,GB,2025-01-04
SPOT-110376,18-24,Female,ES,2025-06-18
SPOT-110377,25-34,Male,BR,2025-09-01
SPOT-110378,35-44,Non-binary,FR,2025-06-21
SPOT-110379,35-44,Male,BR,2025-08-22
SPOT-110380,35-44,Female,US,2025-01-16
SPOT-110381,35-44,Female,MX,2025-01-17
SPOT-110382,18-24,Male,US,2024-01-04
SPOT-110383,45-54,Male,AU,2025-10-10
SPOT-110384,45-54,Non-binary,ES,2024-02-05
SPOT-110385,18-24,Male,ES,2024-11-03
SPOT-110386,18-24,Male,MX,2025-08-30
SPOT-110387,55+,Female,US,2024-05-27
SPOT-110388,45-54,Female,DE,2025-12-02
SPOT-110389,45-54,Female,MX,2024-10-10
SPOT-110390,45-54,Female,US,2024-12-27
SPOT-110391,25-34,Female,MX,2024-09-30
SPOT-110392,25-34,Female,AR,2025-04-09
SPOT-110393,25-34,Male,GB,2026-04-25
SPOT-110394,18-24,Female,US,2024-11-18
SPOT-110395,35-44,Male,FR,2024-03-29
SPOT-110396,25-34,Male,US,2026-05-14
SPOT-110397,25-34,Female,GB,2024-07-24
SPOT-110398,25-34,Male,DE,2025-01-28
SPOT-110399,25-34,Female,MX,2025-04-20
SPOT-110400,18-24,Male,AU,2023-12-21
SPOT-110401,18-24,Female,DE,2024-04-29
SPOT-110402,18-24,Male,CA,2025-12-11
SPOT-110403,18-24,Male,GB,2024-06-21
SPOT-110404,55+,Male,MX,2024-03-25
SPOT-110405,18-24,Male,US,2025-11-03
SPOT-110406,18-24,Male,DE,2024-01-05
SPOT-110407,25-34,Female,FR,2024-01-03
SPOT-110408,25-34,Female,GB,2025-08-07
SPOT-110409,18-24,Male,US,2023-11-09
SPOT-110410,35-44,Male,BR,2024-10-15
SPOT-110411,35-44,Male,DE,2025-09-27
SPOT-110412,18-24,Male,US,2026-05-25
SPOT-110413,18-24,Female,CA,2025-05-26
SPOT-110414,45-54,Male,MX,2025-02-27
SPOT-110415,35-44,Female,GB,2026-04-26
SPOT-110416,25-34,Male,AU,2025-02-18
SPOT-110417,18-24,Female,US,2026-01-30
SPOT-110418,25-34,Female,AR,2024-01-23
SPOT-110419,25-34,Male,US,2024-12-01
SPOT-110420,18-24,Female,US,2025-08-09
SPOT-110421,25-34,Female,BR,2026-01-03
SPOT-110422,25-34,Female,MX,2026-03-20
SPOT-110423,18-24,Female,MX,2025-11-09
SPOT-110424,35-44,Female,US,2024-08-16
SPOT-110425,35-44,Female,GB,2026-04-25
SPOT-110426,18-24,Male,MX,2025-02-12
SPOT-110427,35-44,Male,FR,2025-07-28
SPOT-110428,18-24,Male,MX,2023-12-23
SPOT-110429,35-44,Male,GB,2024-09-15
SPOT-110430,18-24,Non-binary,BR,2026-02-19
SPOT-110431,18-24,Male,MX,2025-12-30
SPOT-110432,25-34,Female,US,2024-07-17
SPOT-110433,25-34,Male,BR,2025-03-02
SPOT-110434,45-54,Male,BR,2024-03-11
SPOT-110435,25-34,Female,GB,2024-12-18
SPOT-110436,18-24,Male,MX,2025-06-21
SPOT-110437,25-34,Female,MX,2024-01-31
SPOT-110438,25-34,Female,AU,2025-03-31
SPOT-110439,18-24,Female,DE,2025-08-19
SPOT-110440,25-34,Female,BR,2025-08-19
SPOT-110441,35-44,Female,US,2024-09-10
SPOT-110442,45-54,Female,BR,2025-12-08
SPOT-110443,55+,Male,US,2025-08-04
SPOT-110444,18-24,Female,US,2026-04-24
SPOT-110445,35-44,Non-binary,US,2026-05-29
SPOT-110446,25-34,Female,MX,2026-02-19
SPOT-110447,25-34,Male,BR,2025-01-17
SPOT-110448,25-34,Female,AR,2025-01-16
SPOT-110449,55+,Female,DE,2024-04-17
SPOT-110450,35-44,Male,BR,2025-03-05
SPOT-110451,55+,Female,US,2024-08-14
SPOT-110452,35-44,Female,ES,2024-05-20
SPOT-110453,45-54,Female,US,2026-06-02
SPOT-110454,35-44,Male,DE,2025-10-05
SPOT-110455,25-34,Male,US,2025-05-21
SPOT-110456,18-24,Female,ES,2026-01-20
SPOT-110457,25-34,Female,MX,2024-06-15
SPOT-110458,18-24,Male,ES,2024-06-05
SPOT-110459,25-34,Male,US,2025-01-13
SPOT-110460,25-34,Male,MX,2024-06-12
SPOT-110461,25-34,Male,MX,2024-10-18
SPOT-110462,55+,Non-binary,US,2025-10-10
SPOT-110463,45-54,Female,GB,2024-12-17
SPOT-110464,18-24,Female,US,2025-05-31
SPOT-110465,25-34,Female,MX,2024-03-22
SPOT-110466,25-34,Female,US,2025-11-29
SPOT-110467,25-34,Male,GB,2023-12-26
SPOT-110468,35-44,Female,US,2024-03-08
SPOT-110469,25-34,Male,BR,2024-05-26
SPOT-110470,25-34,Female,US,2025-11-10
SPOT-110471,45-54,Male,AR,2026-01-12
SPOT-110472,35-44,Male,US,2024-10-31
SPOT-110473,18-24,Male,US,2025-05-17
SPOT-110474,35-44,Female,MX,2026-01-20
SPOT-110475,25-34,Male,CA,2025-04-25
SPOT-110476,18-24,Male,FR,2024-01-21
SPOT-110477,18-24,Female,US,2024-12-15
SPOT-110478,25-34,Female,GB,2025-10-13
SPOT-110479,25-34,Male,BR,2026-05-20
SPOT-110480,18-24,Male,US,2025-06-26
SPOT-110481,25-34,Male,BR,2024-06-12
SPOT-110482,35-44,Female,DE,2025-06-08
SPOT-110483,18-24,Female,BR,2024-03-06
SPOT-110484,18-24,Male,CA,2025-05-26
SPOT-110485,35-44,Female,GB,2024-04-24
SPOT-110486,18-24,Male,MX,2025-12-08
SPOT-110487,45-54,Male,DE,2025-09-13
SPOT-110488,25-34,Non-binary,DE,2024-05-25
SPOT-110489,18-24,Male,MX,2026-02-23
SPOT-110490,18-24,Female,AU,2024-07-13
SPOT-110491,18-24,Female,FR,2026-01-12
SPOT-110492,18-24,Male,MX,2024-12-18
SPOT-110493,18-24,Male,DE,2025-10-26
SPOT-110494,25-34,Female,DE,2023-12-07
SPOT-110495,18-24,Female,AR,2025-07-25
SPOT-110496,25-34,Male,US,2025-09-27
SPOT-110497,25-34,Male,BR,2025-12-08
SPOT-110498,18-24,Male,BR,2024-05-16
SPOT-110499,18-24,Female,MX,2025-03-05
SPOT-110500,18-24,Male,US,2026-01-21
SPOT-110501,18-24,Male,MX,2024-01-20
SPOT-110502,35-44,Non-binary,MX,2025-03-30
SPOT-110503,18-24,Male,US,2024-02-27
SPOT-110504,35-44,Male,DE,2024-12-29
SPOT-110505,25-34,Female,MX,2026-04-11
SPOT-110506,25-34,Female,CA,2024-10-08
SPOT-110507,25-34,Male,US,2025-09-05
SPOT-110508,35-44,Male,US,2024-05-26
SPOT-110509,18-24,Male,US,2024-02-04
SPOT-110510,18-24,Male,AU,2024-04-22
SPOT-110511,25-34,Female,ES,2025-04-11
SPOT-110512,18-24,Female,MX,2025-07-20
SPOT-110513,25-34,Female,US,2024-05-15
SPOT-110514,25-34,Female,DE,2025-11-02
SPOT-110515,25-34,Female,ES,2024-06-11
SPOT-110516,25-34,Female,FR,2024-03-05
SPOT-110517,25-34,Female,DE,2025-12-21
SPOT-110518,35-44,Male,AU,2024-09-30
SPOT-110519,35-44,Female,US,2024-07-05
SPOT-110520,25-34,Male,DE,2026-03-24
SPOT-110521,25-34,Male,FR,2025-10-20
SPOT-110522,45-54,Female,MX,2025-04-08
SPOT-110523,25-34,Male,AR,2024-06-27
SPOT-110524,25-34,Female,CA,2025-04-04
SPOT-110525,35-44,Female,BR,2024-02-06
SPOT-110526,25-34,Female,US,2025-04-17
SPOT-110527,18-24,Female,MX,2025-07-28
SPOT-110528,45-54,Male,BR,2025-09-24
SPOT-110529,18-24,Male,ES,2025-12-27
SPOT-110530,35-44,Female,BR,2024-12-07
SPOT-110531,35-44,Male,AR,2026-05-26
SPOT-110532,55+,Female,CA,2026-02-24
SPOT-110533,18-24,Male,ES,2024-02-04
SPOT-110534,25-34,Male,ES,2025-10-18
SPOT-110535,25-34,Male,BR,2025-11-29
SPOT-110536,18-24,Female,BR,2026-03-10
SPOT-110537,18-24,Male,AU,2024-04-22
SPOT-110538,25-34,Male,MX,2024-10-03
SPOT-110539,25-34,Male,AR,2024-10-19
SPOT-110540,18-24,Male,BR,2025-09-02
SPOT-110541,25-34,Male,BR,2024-04-04
SPOT-110542,35-44,Male,MX,2025-08-24
SPOT-110543,35-44,Female,ES,2026-03-19
SPOT-110544,45-54,Male,DE,2026-05-02
SPOT-110545,25-34,Male,GB,2025-03-05
SPOT-110546,55+,Female,US,2024-03-17
SPOT-110547,45-54,Male,DE,2024-01-15
SPOT-110548,18-24,Female,US,2025-10-10
SPOT-110549,18-24,Male,DE,2025-10-14
SPOT-110550,25-34,Male,FR,2024-02-12
SPOT-110551,25-34,Male,AU,2025-12-21
SPOT-110552,25-34,Female,BR,2025-09-10
SPOT-110553,25-34,Female,US,2025-03-05
SPOT-110554,35-44,Male,DE,2024-01-02
SPOT-110555,25-34,Female,MX,2026-01-23
SPOT-110556,18-24,Female,DE,2026-03-19
SPOT-110557,45-54,Male,US,2025-10-22
SPOT-110558,18-24,Female,US,2024-11-05
SPOT-110559,55+,Female,BR,2025-05-28
SPOT-110560,18-24,Male,US,2025-06-18
SPOT-110561,55+,Male,US,2023-12-10
SPOT-110562,18-24,Female,FR,2024-08-11
SPOT-110563,18-24,Non-binary,ES,2023-11-12
SPOT-110564,18-24,Male,US,2026-05-14
SPOT-110565,35-44,Female,GB,2026-05-19
SPOT-110566,45-54,Male,BR,2025-04-24
SPOT-110567,25-34,Female,US,2024-01-22
SPOT-110568,45-54,Female,MX,2025-04-26
SPOT-110569,25-34,Female,DE,2024-08-24
SPOT-110570,25-34,Female,DE,2025-04-03
SPOT-110571,35-44,Male,GB,2024-04-04
SPOT-110572,18-24,Male,GB,2024-09-19
SPOT-110573,25-34,Female,FR,2024-09-13
SPOT-110574,45-54,Male,AR,2025-01-25
SPOT-110575,45-54,Male,CA,2025-07-06
SPOT-110576,55+,Female,MX,2025-09-03
SPOT-110577,45-54,Male,BR,2025-06-06
SPOT-110578,18-24,Male,GB,2026-05-22
SPOT-110579,35-44,Male,MX,2024-09-04
SPOT-110580,25-34,Female,CA,2024-10-04
SPOT-110581,55+,Male,US,2025-01-20
SPOT-110582,25-34,Male,DE,2023-12-23
SPOT-110583,25-34,Female,US,2024-02-23
SPOT-110584,25-34,Female,AR,2024-02-14
SPOT-110585,18-24,Female,MX,2025-09-22
SPOT-110586,18-24,Female,FR,2024-11-20
SPOT-110587,45-54,Male,US,2025-11-05
SPOT-110588,35-44,Female,CA,2024-05-08
SPOT-110589,18-24,Male,US,2026-05-07
SPOT-110590,35-44,Male,GB,2025-03-12
SPOT-110591,25-34,Male,US,2024-01-11
SPOT-110592,25-34,Male,US,2026-02-06
SPOT-110593,18-24,Male,US,2024-11-05
SPOT-110594,45-54,Male,BR,2025-04-02
SPOT-110595,35-44,Female,AR,2025-11-17
SPOT-110596,25-34,Male,FR,2025-12-29
SPOT-110597,25-34,Female,BR,2026-01-28
SPOT-110598,18-24,Female,US,2025-12-28
SPOT-110599,25-34,Female,US,2025-04-27
SPOT-110600,18-24,Male,BR,2024-09-22
SPOT-110601,18-24,Female,ES,2025-08-05
SPOT-110602,25-34,Female,MX,2025-01-25
SPOT-110603,45-54,Female,BR,2026-03-08
SPOT-110604,25-34,Male,US,2024-02-29
SPOT-110605,18-24,Male,DE,2024-05-24
SPOT-110606,25-34,Male,BR,2026-05-24
SPOT-110607,45-54,Male,BR,2024-03-05
SPOT-110608,35-44,Female,US,2024-12-11
SPOT-110609,45-54,Female,US,2025-09-02
SPOT-110610,25-34,Male,CA,2025-08-10
SPOT-110611,35-44,Male,BR,2024-11-15
SPOT-110612,18-24,Male,ES,2026-05-21
SPOT-110613,18-24,Male,GB,2024-08-09
SPOT-110614,25-34,Female,BR,2024-11-17
SPOT-110615,25-34,Female,GB,2025-08-11
SPOT-110616,45-54,Male,GB,2024-05-17
SPOT-110617,45-54,Male,DE,2025-06-25
SPOT-110618,18-24,Female,DE,2024-11-28
SPOT-110619,18-24,Male,GB,2025-08-01
SPOT-110620,25-34,Female,GB,2024-09-09
SPOT-110621,18-24,Female,MX,2025-05-30
SPOT-110622,25-34,Female,DE,2024-12-09
SPOT-110623,45-54,Male,US,2024-10-25
SPOT-110624,55+,Male,ES,2024-09-11
SPOT-110625,25-34,Female,ES,2024-05-30
SPOT-110626,35-44,Male,FR,2026-01-04
SPOT-110627,25-34,Male,BR,2024-07-05
SPOT-110628,18-24,Female,GB,2025-10-23
SPOT-110629,25-34,Female,FR,2025-08-09
SPOT-110630,25-34,Male,GB,2026-05-11
SPOT-110631,35-44,Male,MX,2025-01-31
SPOT-110632,18-24,Female,US,2024-04-24
SPOT-110633,25-34,Male,MX,2024-06-15
SPOT-110634,25-34,Male,AR,2025-08-11
SPOT-110635,55+,Female,BR,2025-05-24
SPOT-110636,25-34,Male,BR,2025-04-19
SPOT-110637,35-44,Male,AU,2023-11-28
SPOT-110638,35-44,Male,US,2025-08-05
SPOT-110639,18-24,Female,GB,2025-06-08
SPOT-110640,25-34,Female,CA,2024-06-11
SPOT-110641,45-54,Female,MX,2024-06-21
SPOT-110642,25-34,Female,BR,2024-01-11
SPOT-110643,45-54,Female,MX,2025-10-18
SPOT-110644,18-24,Female,GB,2024-06-18
SPOT-110645,18-24,Male,US,2024-01-07
SPOT-110646,45-54,Male,GB,2025-01-16
SPOT-110647,35-44,Female,GB,2024-07-03
SPOT-110648,55+,Male,BR,2025-07-02
SPOT-110649,25-34,Male,DE,2025-01-29
SPOT-110650,45-54,Male,BR,2025-04-30
SPOT-110651,35-44,Female,US,2025-10-14
SPOT-110652,35-44,Male,US,2025-08-04
SPOT-110653,25-34,Female,GB,2026-01-26
SPOT-110654,25-34,Male,BR,2025-06-29
SPOT-110655,45-54,Female,GB,2025-07-22
SPOT-110656,25-34,Male,BR,2024-10-27
SPOT-110657,25-34,Female,GB,2023-12-21
SPOT-110658,25-34,Male,US,2024-04-09
SPOT-110659,25-34,Male,FR,2025-09-27
SPOT-110660,25-34,Female,US,2023-12-02
SPOT-110661,18-24,Male,AU,2026-03-29
SPOT-110662,45-54,Male,AU,2025-08-14
SPOT-110663,25-34,Female,MX,2025-05-31
SPOT-110664,25-34,Male,BR,2024-04-02
SPOT-110665,18-24,Female,AR,2024-10-18
SPOT-110666,18-24,Male,FR,2024-08-17
SPOT-110667,18-24,Male,ES,2024-11-17
SPOT-110668,35-44,Female,US,2023-11-26
SPOT-110669,18-24,Female,US,2024-04-03
SPOT-110670,45-54,Male,US,2024-01-26
SPOT-110671,18-24,Female,US,2024-06-07
SPOT-110672,18-24,Female,US,2025-08-04
SPOT-110673,18-24,Female,BR,2025-11-25
SPOT-110674,18-24,Male,BR,2025-11-10
SPOT-110675,35-44,Male,ES,2024-05-11
SPOT-110676,45-54,Male,US,2024-05-08
SPOT-110677,25-34,Male,US,2025-03-13
SPOT-110678,18-24,Male,MX,2024-04-14
SPOT-110679,18-24,Male,BR,2026-02-24
SPOT-110680,25-34,Female,MX,2023-12-20
SPOT-110681,55+,Female,DE,2025-06-20
SPOT-110682,18-24,Male,ES,2024-04-16
SPOT-110683,35-44,Female,MX,2025-11-13
SPOT-110684,25-34,Female,MX,2025-03-21
SPOT-110685,18-24,Male,US,2026-04-19
SPOT-110686,25-34,Male,FR,2024-06-05
SPOT-110687,18-24,Male,DE,2025-06-20
SPOT-110688,35-44,Female,US,2025-06-09
SPOT-110689,18-24,Male,ES,2026-04-27
SPOT-110690,35-44,Male,BR,2023-12-11
SPOT-110691,18-24,Male,US,2024-09-29
SPOT-110692,55+,Female,AR,2025-06-13
SPOT-110693,18-24,Female,DE,2024-01-10
SPOT-110694,45-54,Male,ES,2025-03-20
SPOT-110695,35-44,Male,ES,2024-07-14
SPOT-110696,55+,Female,US,2025-01-13
SPOT-110697,25-34,Female,MX,2025-03-10
SPOT-110698,35-44,Female,GB,2024-04-30
SPOT-110699,25-34,Non-binary,BR,2024-11-15
SPOT-110700,18-24,Male,US,2024-01-12
SPOT-110701,25-34,Male,BR,2025-02-02
SPOT-110702,18-24,Female,ES,2026-01-03
SPOT-110703,55+,Male,AU,2026-01-27
SPOT-110704,18-24,Male,GB,2023-12-08
SPOT-110705,25-34,Male,US,2025-10-03
SPOT-110706,25-34,Male,GB,2024-02-01
SPOT-110707,25-34,Male,US,2026-05-05
SPOT-110708,25-34,Female,DE,2025-10-18
SPOT-110709,18-24,Male,CA,2026-02-16
SPOT-110710,25-34,Male,US,2024-05-23
SPOT-110711,18-24,Male,BR,2025-01-19
SPOT-110712,45-54,Female,BR,2024-03-30
SPOT-110713,35-44,Female,US,2024-06-23
SPOT-110714,55+,Male,GB,2026-01-06
SPOT-110715,18-24,Male,CA,2024-07-09
SPOT-110716,18-24,Female,GB,2024-11-20
SPOT-110717,18-24,Male,MX,2024-09-22
SPOT-110718,18-24,Non-binary,US,2024-07-07
SPOT-110719,18-24,Female,MX,2025-01-30
SPOT-110720,25-34,Male,GB,2024-08-10
SPOT-110721,18-24,Female,US,2024-08-09
SPOT-110722,25-34,Male,US,2025-12-23
SPOT-110723,45-54,Male,US,2024-04-22
SPOT-110724,25-34,Male,AU,2025-02-08
SPOT-110725,25-34,Female,DE,2025-09-04
SPOT-110726,25-34,Male,ES,2025-07-14
SPOT-110727,25-34,Male,CA,2024-12-10
SPOT-110728,18-24,Male,US,2024-05-19
SPOT-110729,25-34,Female,FR,2024-12-16
SPOT-110730,25-34,Male,ES,2026-05-26
SPOT-110731,45-54,Male,BR,2025-10-28
SPOT-110732,35-44,Female,AR,2024-05-21
SPOT-110733,25-34,Female,US,2025-06-18
SPOT-110734,25-34,Female,GB,2026-02-09
SPOT-110735,18-24,Male,US,2024-07-10
SPOT-110736,35-44,Female,FR,2026-01-17
SPOT-110737,25-34,Male,US,2024-01-27
SPOT-110738,18-24,Male,AU,2025-04-03
SPOT-110739,18-24,Female,US,2026-01-31
SPOT-110740,18-24,Female,MX,2026-04-10
SPOT-110741,35-44,Female,MX,2025-07-07
SPOT-110742,18-24,Female,CA,2023-12-27
SPOT-110743,25-34,Female,GB,2025-04-20
SPOT-110744,25-34,Male,GB,2026-02-25
SPOT-110745,25-34,Female,AR,2026-03-04
SPOT-110746,45-54,Male,AU,2025-01-20
SPOT-110747,45-54,Female,US,2024-12-28
SPOT-110748,25-34,Male,MX,2025-02-25
SPOT-110749,18-24,Male,US,2025-10-04
SPOT-110750,25-34,Female,ES,2025-05-03
SPOT-110751,25-34,Male,ES,2025-09-12
SPOT-110752,25-34,Female,ES,2024-06-23
SPOT-110753,25-34,Female,DE,2025-06-24
SPOT-110754,18-24,Male,US,2024-04-25
SPOT-110755,25-34,Female,BR,2024-04-01
SPOT-110756,18-24,Female,AR,2024-03-12
SPOT-110757,35-44,Female,CA,2025-12-10
SPOT-110758,18-24,Female,DE,2024-04-15
SPOT-110759,35-44,Male,US,2025-11-25
SPOT-110760,18-24,Male,US,2025-10-31
SPOT-110761,25-34,Male,AR,2025-04-09
SPOT-110762,35-44,Male,BR,2026-04-24
SPOT-110763,18-24,Female,MX,2026-03-24
SPOT-110764,35-44,Male,US,2025-10-27
SPOT-110765,25-34,Female,US,2025-06-03
SPOT-110766,25-34,Female,AU,2025-01-02
SPOT-110767,25-34,Male,AR,2024-05-27
SPOT-110768,25-34,Male,DE,2025-11-30
SPOT-110769,25-34,Female,DE,2026-01-10
SPOT-110770,25-34,Female,CA,2025-05-04
SPOT-110771,25-34,Female,US,2024-07-09
SPOT-110772,25-34,Male,AR,2025-05-16
SPOT-110773,18-24,Male,US,2023-11-18
SPOT-110774,18-24,Female,FR,2024-03-07
SPOT-110775,18-24,Male,BR,2024-06-05
SPOT-110776,18-24,Female,BR,2024-07-01
SPOT-110777,35-44,Male,ES,2025-06-12
SPOT-110778,35-44,Female,US,2025-09-13
SPOT-110779,18-24,Male,US,2024-01-25
SPOT-110780,55+,Female,DE,2025-07-22
SPOT-110781,25-34,Female,MX,2025-02-17
SPOT-110782,45-54,Female,US,2024-03-18
SPOT-110783,35-44,Male,DE,2026-03-18
SPOT-110784,35-44,Male,GB,2024-11-17
SPOT-110785,18-24,Male,MX,2023-12-13
SPOT-110786,18-24,Female,CA,2025-02-19
SPOT-110787,18-24,Female,US,2026-01-30
SPOT-110788,35-44,Female,US,2026-01-30
SPOT-110789,18-24,Male,MX,2024-07-24
SPOT-110790,35-44,Male,DE,2024-06-16
SPOT-110791,18-24,Male,ES,2025-12-21
SPOT-110792,35-44,Male,GB,2024-12-26
SPOT-110793,18-24,Female,BR,2025-07-10
SPOT-110794,18-24,Male,DE,2025-01-23
SPOT-110795,18-24,Female,GB,2026-02-16
SPOT-110796,25-34,Female,ES,2025-06-12
SPOT-110797,18-24,Female,AR,2024-11-15
SPOT-110798,35-44,Female,GB,2025-11-26
SPOT-110799,18-24,Male,MX,2024-01-06
SPOT-110800,25-34,Female,US,2026-02-01
SPOT-110801,35-44,Male,AR,2025-10-10
SPOT-110802,18-24,Male,GB,2026-05-11
SPOT-110803,45-54,Female,US,2024-04-03
SPOT-110804,55+,Female,CA,2024-05-22
SPOT-110805,18-24,Male,DE,2025-08-22
SPOT-110806,18-24,Male,MX,2025-03-26
SPOT-110807,25-34,Female,AR,2024-08-08
SPOT-110808,35-44,Male,MX,2026-01-04
SPOT-110809,25-34,Female,BR,2024-12-26
SPOT-110810,25-34,Male,DE,2024-02-06
SPOT-110811,35-44,Male,CA,2025-11-22
SPOT-110812,18-24,Female,US,2024-01-02
SPOT-110813,35-44,Female,FR,2023-11-20
SPOT-110814,35-44,Female,ES,2026-04-28
SPOT-110815,25-34,Female,BR,2024-11-26
SPOT-110816,45-54,Male,GB,2024-05-18
SPOT-110817,35-44,Female,US,2025-05-15
SPOT-110818,18-24,Male,DE,2024-12-14
SPOT-110819,25-34,Female,AR,2025-04-06
SPOT-110820,25-34,Male,ES,2026-04-26
SPOT-110821,18-24,Male,MX,2025-12-25
SPOT-110822,55+,Male,AU,2024-04-27
SPOT-110823,18-24,Female,AU,2024-07-05
SPOT-110824,25-34,Male,DE,2024-11-14
SPOT-110825,25-34,Female,US,2023-11-18
SPOT-110826,18-24,Male,DE,2024-04-29
SPOT-110827,45-54,Male,AR,2024-02-10
SPOT-110828,45-54,Male,DE,2025-09-10
SPOT-110829,25-34,Male,GB,2026-04-07
SPOT-110830,18-24,Female,ES,2025-11-11
SPOT-110831,18-24,Female,MX,2024-02-09
SPOT-110832,25-34,Female,AU,2026-03-16
SPOT-110833,18-24,Male,BR,2024-04-30
SPOT-110834,25-34,Female,AU,2025-05-17
SPOT-110835,55+,Male,GB,2026-05-04
SPOT-110836,25-34,Female,FR,2024-03-04
SPOT-110837,45-54,Male,GB,2024-10-22
SPOT-110838,25-34,Female,AR,2025-10-03
SPOT-110839,25-34,Female,CA,2024-07-15
SPOT-110840,45-54,Male,MX,2024-03-14
SPOT-110841,25-34,Male,ES,2026-01-25
SPOT-110842,45-54,Female,AU,2024-10-17
SPOT-110843,18-24,Male,DE,2025-08-12
SPOT-110844,18-24,Female,BR,2023-12-08
SPOT-110845,45-54,Female,FR,2025-12-07
SPOT-110846,25-34,Female,MX,2025-05-06
SPOT-110847,45-54,Non-binary,FR,2025-03-27
SPOT-110848,45-54,Male,MX,2024-08-28
SPOT-110849,18-24,Male,ES,2025-05-23
SPOT-110850,25-34,Male,US,2025-10-27
SPOT-110851,25-34,Female,GB,2024-04-27
SPOT-110852,25-34,Female,ES,2024-10-07
SPOT-110853,35-44,Non-binary,DE,2026-05-10
SPOT-110854,18-24,Female,GB,2024-10-31
SPOT-110855,25-34,Female,AU,2025-03-16
SPOT-110856,35-44,Non-binary,BR,2025-09-22
SPOT-110857,18-24,Male,US,2024-08-04
SPOT-110858,35-44,Female,BR,2024-07-11
SPOT-110859,25-34,Female,BR,2023-11-30
SPOT-110860,45-54,Male,AU,2025-07-19
SPOT-110861,18-24,Male,ES,2024-05-31
SPOT-110862,18-24,Male,BR,2024-01-20
SPOT-110863,25-34,Female,DE,2024-12-08
SPOT-110864,18-24,Female,CA,2025-03-09
SPOT-110865,55+,Male,MX,2024-08-13
SPOT-110866,18-24,Female,GB,2026-01-05
SPOT-110867,35-44,Male,DE,2025-04-05
SPOT-110868,25-34,Female,GB,2025-08-30
SPOT-110869,25-34,Female,AU,2025-06-28
SPOT-110870,18-24,Non-binary,ES,2024-04-26
SPOT-110871,25-34,Male,DE,2025-07-27
SPOT-110872,25-34,Female,US,2024-03-24
SPOT-110873,18-24,Male,US,2025-04-07
SPOT-110874,45-54,Male,BR,2024-12-29
SPOT-110875,18-24,Male,DE,2026-04-14
SPOT-110876,25-34,Female,DE,2024-10-04
SPOT-110877,25-34,Non-binary,FR,2026-05-02
SPOT-110878,18-24,Female,AU,2026-04-23
SPOT-110879,45-54,Female,GB,2023-11-27
SPOT-110880,25-34,Male,GB,2024-06-06
SPOT-110881,18-24,Male,ES,2024-01-01
SPOT-110882,25-34,Female,DE,2025-08-09
SPOT-110883,25-34,Male,US,2023-12-04
SPOT-110884,25-34,Non-binary,US,2023-11-29
SPOT-110885,25-34,Female,GB,2026-03-19
SPOT-110886,18-24,Male,US,2025-03-06
SPOT-110887,18-24,Female,CA,2023-12-06
SPOT-110888,35-44,Male,DE,2024-10-13
SPOT-110889,18-24,Male,US,2025-02-09
SPOT-110890,45-54,Female,US,2024-09-25
SPOT-110891,18-24,Female,GB,2025-04-03
SPOT-110892,35-44,Non-binary,BR,2024-08-04
SPOT-110893,25-34,Male,ES,2024-08-06
SPOT-110894,25-34,Female,GB,2025-03-24
SPOT-110895,18-24,Male,AU,2026-03-04
SPOT-110896,18-24,Male,ES,2024-02-06
SPOT-110897,18-24,Female,AR,2025-12-01
SPOT-110898,18-24,Male,GB,2026-05-26
SPOT-110899,18-24,Female,DE,2025-11-12
SPOT-110900,25-34,Female,BR,2025-09-17
SPOT-110901,25-34,Male,DE,2024-02-20
SPOT-110902,35-44,Female,GB,2025-05-14
SPOT-110903,25-34,Male,AU,2026-06-02
SPOT-110904,25-34,Female,AR,2025-06-28
SPOT-110905,25-34,Male,US,2024-03-15
SPOT-110906,25-34,Male,FR,2024-07-13
SPOT-110907,25-34,Female,BR,2024-10-19
SPOT-110908,35-44,Non-binary,US,2025-03-25
SPOT-110909,18-24,Female,GB,2024-03-09
SPOT-110910,18-24,Male,US,2025-08-12
SPOT-110911,25-34,Male,US,2024-02-16
SPOT-110912,18-24,Female,US,2023-11-13
SPOT-110913,45-54,Female,BR,2025-10-13
SPOT-110914,45-54,Male,DE,2024-12-02
SPOT-110915,18-24,Male,US,2026-03-19
SPOT-110916,18-24,Male,DE,2024-10-25
SPOT-110917,25-34,Male,GB,2024-12-03
SPOT-110918,25-34,Female,DE,2025-02-01
SPOT-110919,18-24,Male,US,2024-02-20
SPOT-110920,35-44,Male,MX,2025-05-22
SPOT-110921,25-34,Male,US,2024-12-07
SPOT-110922,18-24,Male,DE,2024-07-23
SPOT-110923,18-24,Male,FR,2025-01-26
SPOT-110924,35-44,Female,DE,2026-03-16
SPOT-110925,18-24,Female,DE,2025-05-16
SPOT-110926,35-44,Male,US,2024-07-30
SPOT-110927,25-34,Female,MX,2025-11-21
SPOT-110928,25-34,Female,CA,2024-12-11
SPOT-110929,45-54,Male,GB,2025-12-07
SPOT-110930,45-54,Male,DE,2025-06-24
SPOT-110931,25-34,Male,BR,2024-10-08
SPOT-110932,18-24,Female,US,2026-02-08
SPOT-110933,35-44,Female,AU,2026-02-28
SPOT-110934,25-34,Male,DE,2025-01-09
SPOT-110935,18-24,Female,US,2026-05-08
SPOT-110936,45-54,Female,GB,2025-09-23
SPOT-110937,18-24,Male,DE,2026-01-04
SPOT-110938,18-24,Female,GB,2025-03-10
SPOT-110939,18-24,Male,MX,2025-04-29
SPOT-110940,25-34,Female,GB,2025-08-26
SPOT-110941,25-34,Male,GB,2023-12-04
SPOT-110942,18-24,Female,GB,2025-09-27
SPOT-110943,18-24,Male,ES,2025-06-25
SPOT-110944,18-24,Female,GB,2024-12-02
SPOT-110945,25-34,Male,US,2025-09-06
SPOT-110946,18-24,Female,GB,2024-03-17
SPOT-110947,45-54,Male,GB,2025-09-11
SPOT-110948,18-24,Male,CA,2026-04-24
SPOT-110949,55+,Male,BR,2025-06-17
SPOT-110950,18-24,Male,US,2025-05-29
SPOT-110951,35-44,Female,AU,2024-02-15
SPOT-110952,18-24,Non-binary,US,2025-05-21
SPOT-110953,18-24,Female,ES,2024-11-23
SPOT-110954,45-54,Female,MX,2026-06-02
SPOT-110955,45-54,Male,DE,2025-04-16
SPOT-110956,25-34,Male,DE,2024-08-24
SPOT-110957,35-44,Female,FR,2025-11-14
SPOT-110958,25-34,Non-binary,BR,2024-07-05
SPOT-110959,45-54,Female,DE,2026-05-15
SPOT-110960,18-24,Male,GB,2024-03-10
SPOT-110961,25-34,Male,GB,2025-02-05
SPOT-110962,25-34,Male,DE,2024-09-09
SPOT-110963,25-34,Male,US,2024-12-11
SPOT-110964,45-54,Female,US,2024-06-08
SPOT-110965,18-24,Male,BR,2024-01-10
SPOT-110966,18-24,Female,DE,2025-11-09
SPOT-110967,25-34,Female,US,2025-11-11
SPOT-110968,25-34,Female,US,2024-09-05
SPOT-110969,18-24,Female,US,2025-03-22
SPOT-110970,25-34,Male,GB,2024-10-01
SPOT-110971,45-54,Non-binary,DE,2026-04-07
SPOT-110972,18-24,Male,US,2025-12-02
SPOT-110973,25-34,Female,ES,2025-03-05
SPOT-110974,35-44,Male,US,2025-09-15
SPOT-110975,25-34,Male,US,2024-05-25
SPOT-110976,45-54,Male,AU,2026-03-01
SPOT-110977,35-44,Male,DE,2023-11-08
SPOT-110978,25-34,Female,US,2024-02-11
SPOT-110979,25-34,Female,FR,2026-02-21
SPOT-110980,25-34,Female,US,2025-12-29
SPOT-110981,25-34,Female,CA,2023-12-08
SPOT-110982,45-54,Female,US,2025-12-12
SPOT-110983,25-34,Male,AR,2024-03-23
SPOT-110984,18-24,Female,US,2024-10-04
SPOT-110985,18-24,Male,CA,2024-05-05
SPOT-110986,18-24,Female,BR,2024-02-01
SPOT-110987,18-24,Female,US,2025-02-24
SPOT-110988,45-54,Male,AR,2025-10-30
SPOT-110989,25-34,Male,DE,2025-11-01
SPOT-110990,25-34,Female,ES,2025-11-29
SPOT-110991,25-34,Female,MX,2024-04-13
SPOT-110992,35-44,Non-binary,ES,2025-09-11
SPOT-110993,25-34,Female,GB,2024-05-15
SPOT-110994,45-54,Male,CA,2024-01-06
SPOT-110995,25-34,Male,BR,2025-07-10
SPOT-110996,45-54,Male,US,2025-02-17
SPOT-110997,25-34,Female,US,2026-04-15
SPOT-110998,18-24,Male,ES,2026-01-16
SPOT-110999,25-34,Female,AR,2026-02-18
SPOT-111000,25-34,Female,MX,2024-09-09
SPOT-111001,18-24,Female,GB,2026-05-05
SPOT-111002,25-34,Male,US,2025-08-02
SPOT-111003,18-24,Male,BR,2024-07-12
SPOT-111004,18-24,Female,US,2025-12-06
SPOT-111005,45-54,Female,DE,2024-12-27
SPOT-111006,25-34,Female,MX,2024-02-14
SPOT-111007,45-54,Female,GB,2023-11-29
SPOT-111008,25-34,Male,DE,2024-03-07
SPOT-111009,25-34,Male,GB,2025-03-05
SPOT-111010,25-34,Male,DE,2024-01-12
SPOT-111011,25-34,Female,MX,2025-10-29
SPOT-111012,55+,Male,AR,2026-05-25
SPOT-111013,18-24,Female,MX,2024-01-11
SPOT-111014,45-54,Female,US,2024-09-17
SPOT-111015,45-54,Male,FR,2024-11-25
SPOT-111016,25-34,Female,BR,2024-07-25
SPOT-111017,45-54,Female,CA,2025-06-21
SPOT-111018,25-34,Female,AU,2024-11-24
SPOT-111019,55+,Male,DE,2024-07-10
SPOT-111020,35-44,Male,CA,2024-07-03
SPOT-111021,18-24,Male,GB,2024-02-12
SPOT-111022,45-54,Male,GB,2025-10-06
SPOT-111023,25-34,Male,US,2023-11-24
SPOT-111024,25-34,Female,DE,2024-04-28
SPOT-111025,25-34,Male,MX,2025-02-13
SPOT-111026,18-24,Female,AU,2024-03-01
SPOT-111027,25-34,Female,BR,2026-03-09
SPOT-111028,35-44,Male,ES,2025-12-01
SPOT-111029,18-24,Female,FR,2024-07-17
SPOT-111030,18-24,Non-binary,BR,2024-05-11
SPOT-111031,18-24,Female,US,2025-04-25
SPOT-111032,25-34,Male,AR,2025-10-28
SPOT-111033,35-44,Female,BR,2025-08-14
SPOT-111034,35-44,Male,ES,2025-04-09
SPOT-111035,45-54,Female,MX,2025-02-11
SPOT-111036,25-34,Female,US,2024-09-11
SPOT-111037,18-24,Male,US,2025-11-10
SPOT-111038,45-54,Male,GB,2024-02-15
SPOT-111039,35-44,Female,GB,2024-06-18
SPOT-111040,25-34,Female,AR,2023-11-07
SPOT-111041,25-34,Female,BR,2025-05-23
SPOT-111042,45-54,Male,US,2023-12-28
SPOT-111043,35-44,Male,DE,2024-03-04
SPOT-111044,25-34,Male,BR,2024-07-07
SPOT-111045,35-44,Female,GB,2023-11-06
SPOT-111046,18-24,Male,US,2025-11-20
SPOT-111047,25-34,Male,DE,2025-06-04
SPOT-111048,25-34,Male,DE,2024-12-03
SPOT-111049,18-24,Female,CA,2025-05-14
SPOT-111050,18-24,Female,CA,2024-07-21
SPOT-111051,18-24,Female,BR,2026-05-08
SPOT-111052,25-34,Female,BR,2024-01-10
SPOT-111053,35-44,Male,MX,2024-09-17
SPOT-111054,55+,Female,GB,2025-03-09
SPOT-111055,18-24,Female,GB,2025-06-24
SPOT-111056,25-34,Female,US,2024-09-30
SPOT-111057,45-54,Male,US,2025-11-26
SPOT-111058,18-24,Female,US,2024-09-04
SPOT-111059,35-44,Female,MX,2025-06-08
SPOT-111060,35-44,Female,US,2025-05-20
SPOT-111061,18-24,Female,US,2025-12-12
SPOT-111062,45-54,Female,MX,2024-10-19
SPOT-111063,35-44,Male,MX,2024-05-13
SPOT-111064,18-24,Female,US,2024-09-23
SPOT-111065,18-24,Female,ES,2025-05-30
SPOT-111066,18-24,Male,MX,2026-02-24
SPOT-111067,18-24,Male,DE,2026-03-17
SPOT-111068,25-34,Female,AU,2023-11-17
SPOT-111069,25-34,Male,US,2025-11-29
SPOT-111070,18-24,Female,BR,2025-05-06
SPOT-111071,45-54,Male,US,2023-12-01
SPOT-111072,25-34,Female,GB,2026-02-01
SPOT-111073,18-24,Female,US,2024-08-02
SPOT-111074,18-24,Male,MX,2024-06-19
SPOT-111075,25-34,Male,DE,2025-11-24
SPOT-111076,25-34,Male,AU,2025-03-23
SPOT-111077,18-24,Male,MX,2023-12-09
SPOT-111078,18-24,Female,CA,2025-12-31
SPOT-111079,35-44,Male,US,2023-11-24
SPOT-111080,55+,Female,GB,2023-12-06
SPOT-111081,18-24,Female,GB,2023-12-04
SPOT-111082,25-34,Male,AR,2025-08-12
SPOT-111083,25-34,Male,US,2026-05-04
SPOT-111084,35-44,Male,CA,2024-08-19
SPOT-111085,25-34,Female,US,2026-02-20
SPOT-111086,45-54,Male,FR,2026-03-30
SPOT-111087,25-34,Male,DE,2025-05-24
SPOT-111088,25-34,Male,BR,2025-10-15
SPOT-111089,25-34,Female,AU,2024-08-30
SPOT-111090,55+,Female,FR,2026-05-11
SPOT-111091,35-44,Female,CA,2025-08-17
SPOT-111092,18-24,Male,BR,2025-07-17
SPOT-111093,18-24,Male,AU,2024-09-24
SPOT-111094,25-34,Male,MX,2026-04-22
SPOT-111095,18-24,Female,AR,2025-12-15
SPOT-111096,35-44,Male,ES,2024-02-17
SPOT-111097,35-44,Male,AR,2025-04-06
SPOT-111098,35-44,Male,MX,2025-11-13
SPOT-111099,55+,Female,ES,2024-12-16
SPOT-111100,18-24,Male,DE,2025-02-16
SPOT-111101,45-54,Female,ES,2024-05-02
SPOT-111102,35-44,Non-binary,GB,2026-04-29
SPOT-111103,25-34,Male,MX,2024-05-29
SPOT-111104,35-44,Female,BR,2026-04-20
SPOT-111105,18-24,Female,FR,2025-01-19
SPOT-111106,35-44,Female,MX,2024-03-09
SPOT-111107,25-34,Male,BR,2024-03-07
SPOT-111108,18-24,Male,GB,2025-01-23
SPOT-111109,25-34,Female,FR,2025-11-28
SPOT-111110,25-34,Male,US,2024-02-12
SPOT-111111,18-24,Female,FR,2026-03-04
SPOT-111112,18-24,Female,MX,2024-03-24
SPOT-111113,25-34,Female,US,2024-12-22
SPOT-111114,25-34,Male,CA,2026-01-27
SPOT-111115,45-54,Female,GB,2024-04-21
SPOT-111116,45-54,Female,US,2024-06-05
SPOT-111117,25-34,Female,GB,2025-04-01
SPOT-111118,35-44,Male,AU,2026-02-11
SPOT-111119,25-34,Female,ES,2025-10-27
SPOT-111120,35-44,Male,CA,2025-09-06
SPOT-111121,18-24,Male,GB,2023-12-27
SPOT-111122,25-34,Non-binary,US,2025-07-02
SPOT-111123,25-34,Female,BR,2024-01-24
SPOT-111124,18-24,Male,BR,2025-02-18
SPOT-111125,35-44,Female,ES,2024-01-10
SPOT-111126,35-44,Male,BR,2024-02-29
SPOT-111127,25-34,Male,DE,2026-03-25
SPOT-111128,25-34,Female,US,2026-01-31
SPOT-111129,45-54,Male,DE,2024-09-14
SPOT-111130,35-44,Female,US,2024-03-10
SPOT-111131,18-24,Female,CA,2024-10-08
SPOT-111132,18-24,Male,CA,2024-01-24
SPOT-111133,25-34,Female,AR,2025-10-09
SPOT-111134,25-34,Male,US,2025-10-26
SPOT-111135,18-24,Female,US,2026-01-07
SPOT-111136,18-24,Female,BR,2024-01-20
SPOT-111137,45-54,Female,ES,2026-04-02
SPOT-111138,25-34,Male,CA,2024-08-22
SPOT-111139,55+,Male,FR,2026-04-08
SPOT-111140,35-44,Male,US,2024-04-15
SPOT-111141,45-54,Female,AU,2025-10-10
SPOT-111142,18-24,Female,US,2024-10-05
SPOT-111143,35-44,Male,AR,2024-06-15
SPOT-111144,18-24,Male,BR,2024-10-19
SPOT-111145,25-34,Female,MX,2025-05-08
SPOT-111146,25-34,Male,MX,2024-03-04
SPOT-111147,18-24,Male,FR,2024-02-18
SPOT-111148,45-54,Female,MX,2024-08-16
SPOT-111149,45-54,Male,AR,2024-07-03
SPOT-111150,18-24,Female,US,2026-04-13
SPOT-111151,25-34,Male,FR,2026-01-26
SPOT-111152,25-34,Male,AU,2025-10-19
SPOT-111153,25-34,Female,MX,2023-12-11
SPOT-111154,35-44,Female,AU,2025-08-15
SPOT-111155,18-24,Female,US,2025-09-11
SPOT-111156,45-54,Male,AR,2025-08-19
SPOT-111157,18-24,Female,US,2024-05-14
SPOT-111158,25-34,Male,BR,2024-02-29
SPOT-111159,25-34,Male,MX,2025-06-22
SPOT-111160,18-24,Non-binary,MX,2025-07-25
SPOT-111161,18-24,Female,MX,2026-04-20
SPOT-111162,35-44,Female,GB,2026-01-07
SPOT-111163,35-44,Female,AU,2023-12-31
SPOT-111164,18-24,Male,US,2026-04-21
SPOT-111165,25-34,Female,MX,2025-07-14
SPOT-111166,18-24,Female,FR,2025-07-18
SPOT-111167,18-24,Male,FR,2026-02-28
SPOT-111168,25-34,Female,ES,2024-08-19
SPOT-111169,18-24,Male,BR,2025-10-08
SPOT-111170,35-44,Male,DE,2026-01-16
SPOT-111171,35-44,Male,DE,2024-07-15
SPOT-111172,45-54,Non-binary,DE,2024-08-12
SPOT-111173,25-34,Female,MX,2024-09-13
SPOT-111174,45-54,Male,ES,2025-09-14
SPOT-111175,25-34,Female,BR,2025-04-01
SPOT-111176,25-34,Male,ES,2025-03-28
SPOT-111177,55+,Female,BR,2024-06-21
SPOT-111178,25-34,Female,US,2026-03-31
SPOT-111179,18-24,Female,FR,2025-05-17
SPOT-111180,35-44,Female,FR,2025-02-25
SPOT-111181,45-54,Male,GB,2026-05-05
SPOT-111182,35-44,Female,AR,2025-01-21
SPOT-111183,25-34,Female,BR,2025-07-10
SPOT-111184,25-34,Female,US,2026-05-25
SPOT-111185,55+,Female,DE,2025-10-25
SPOT-111186,18-24,Non-binary,US,2024-12-15
SPOT-111187,25-34,Female,AR,2025-01-19
SPOT-111188,18-24,Female,US,2025-07-27
SPOT-111189,25-34,Female,US,2024-02-10
SPOT-111190,25-34,Male,US,2023-11-22
SPOT-111191,18-24,Male,US,2025-03-29
SPOT-111192,18-24,Female,MX,2025-10-10
SPOT-111193,25-34,Male,MX,2024-08-17
SPOT-111194,18-24,Female,US,2025-10-04
SPOT-111195,18-24,Male,ES,2024-11-10
SPOT-111196,35-44,Male,GB,2024-08-14
SPOT-111197,18-24,Female,DE,2025-04-05
SPOT-111198,25-34,Male,US,2026-01-08
SPOT-111199,45-54,Male,ES,2025-03-02
SPOT-111200,18-24,Male,DE,2026-05-27
SPOT-111201,25-34,Female,MX,2024-08-30
SPOT-111202,25-34,Female,DE,2024-06-11
SPOT-111203,35-44,Female,US,2025-10-12
SPOT-111204,45-54,Male,ES,2024-03-06
SPOT-111205,45-54,Female,BR,2023-11-15
SPOT-111206,35-44,Male,DE,2024-01-15
SPOT-111207,18-24,Male,US,2023-12-10
SPOT-111208,18-24,Female,MX,2024-12-18
SPOT-111209,25-34,Male,GB,2024-11-11
SPOT-111210,18-24,Male,DE,2024-08-19
SPOT-111211,35-44,Male,US,2024-09-12
SPOT-111212,25-34,Male,ES,2024-12-14
SPOT-111213,18-24,Female,US,2023-11-08
SPOT-111214,35-44,Male,FR,2026-02-08
SPOT-111215,18-24,Non-binary,FR,2024-03-11
SPOT-111216,25-34,Female,AU,2025-07-07
SPOT-111217,25-34,Male,CA,2023-12-27
SPOT-111218,25-34,Female,AU,2025-04-25
SPOT-111219,25-34,Female,FR,2024-04-10
SPOT-111220,18-24,Female,US,2024-12-03
SPOT-111221,25-34,Female,DE,2025-02-27
SPOT-111222,35-44,Female,US,2024-05-14
SPOT-111223,45-54,Male,BR,2025-09-11
SPOT-111224,25-34,Male,BR,2025-04-09
SPOT-111225,25-34,Female,CA,2025-05-25
SPOT-111226,35-44,Female,AU,2026-05-20
SPOT-111227,45-54,Female,GB,2023-11-07
SPOT-111228,18-24,Female,BR,2026-03-19
SPOT-111229,25-34,Male,DE,2024-12-15
SPOT-111230,35-44,Female,BR,2025-12-08
SPOT-111231,25-34,Female,BR,2025-02-08
SPOT-111232,18-24,Male,CA,2025-01-06
SPOT-111233,25-34,Male,FR,2025-11-07
SPOT-111234,18-24,Female,US,2024-11-18
SPOT-111235,25-34,Female,GB,2026-04-06
SPOT-111236,25-34,Male,ES,2025-11-12
SPOT-111237,45-54,Male,MX,2025-08-22
SPOT-111238,25-34,Female,MX,2026-06-01
SPOT-111239,18-24,Male,AU,2024-08-16
SPOT-111240,18-24,Male,GB,2026-03-15
SPOT-111241,45-54,Female,BR,2025-12-30
SPOT-111242,18-24,Female,AU,2025-04-09
SPOT-111243,25-34,Female,MX,2024-05-27
SPOT-111244,18-24,Female,MX,2025-12-31
SPOT-111245,35-44,Female,US,2026-03-20
SPOT-111246,25-34,Female,US,2025-09-13
SPOT-111247,25-34,Male,DE,2024-07-25
SPOT-111248,25-34,Male,DE,2024-03-19
SPOT-111249,45-54,Male,BR,2024-08-07
SPOT-111250,25-34,Female,CA,2024-07-11
SPOT-111251,35-44,Female,US,2025-03-20
SPOT-111252,45-54,Female,US,2025-08-01
SPOT-111253,45-54,Female,US,2025-03-04
SPOT-111254,18-24,Female,ES,2025-07-24
SPOT-111255,55+,Female,AU,2025-06-20
SPOT-111256,18-24,Male,FR,2024-04-20
SPOT-111257,25-34,Female,ES,2026-02-19
SPOT-111258,45-54,Female,US,2024-03-28
SPOT-111259,18-24,Female,GB,2024-06-26
SPOT-111260,18-24,Male,FR,2026-04-28
SPOT-111261,18-24,Female,MX,2025-09-14
SPOT-111262,25-34,Male,US,2025-10-05
SPOT-111263,25-34,Female,DE,2023-12-19
SPOT-111264,35-44,Female,US,2026-03-16
SPOT-111265,45-54,Male,BR,2025-12-28
SPOT-111266,25-34,Male,CA,2025-07-03
SPOT-111267,18-24,Female,US,2026-05-22
SPOT-111268,45-54,Female,MX,2024-03-01
SPOT-111269,18-24,Female,US,2023-12-20
SPOT-111270,18-24,Female,AU,2025-01-01
SPOT-111271,18-24,Female,US,2024-04-26
SPOT-111272,25-34,Male,MX,2024-11-09
SPOT-111273,18-24,Female,GB,2026-04-27
SPOT-111274,18-24,Female,FR,2024-10-28
SPOT-111275,18-24,Female,US,2026-02-19
SPOT-111276,18-24,Male,DE,2024-07-21
SPOT-111277,25-34,Male,US,2026-04-25
SPOT-111278,35-44,Male,AR,2025-12-18
SPOT-111279,35-44,Female,GB,2024-11-13
SPOT-111280,18-24,Male,US,2024-07-17
SPOT-111281,18-24,Male,ES,2025-03-08
SPOT-111282,55+,Male,AR,2024-11-15
SPOT-111283,18-24,Male,DE,2024-12-28
SPOT-111284,45-54,Female,DE,2026-03-18
SPOT-111285,18-24,Female,MX,2024-04-19
SPOT-111286,45-54,Female,MX,2023-11-15
SPOT-111287,18-24,Male,MX,2025-07-13
SPOT-111288,25-34,Male,GB,2025-06-30
SPOT-111289,35-44,Female,CA,2026-05-27
SPOT-111290,25-34,Male,US,2023-11-12
SPOT-111291,18-24,Female,DE,2024-12-30
SPOT-111292,25-34,Male,GB,2024-01-14
SPOT-111293,35-44,Male,CA,2024-05-08
SPOT-111294,18-24,Male,AR,2023-12-23
SPOT-111295,18-24,Female,AR,2026-02-06
SPOT-111296,25-34,Male,US,2023-11-07
SPOT-111297,18-24,Female,MX,2024-03-15
SPOT-111298,25-34,Female,US,2025-12-31
SPOT-111299,18-24,Male,AU,2025-09-14
SPOT-111300,25-34,Male,BR,2024-02-04
SPOT-111301,18-24,Female,BR,2024-02-28
SPOT-111302,25-34,Male,GB,2025-06-10
SPOT-111303,18-24,Female,BR,2026-05-24
SPOT-111304,18-24,Female,ES,2025-07-09
SPOT-111305,18-24,Male,BR,2024-01-13
SPOT-111306,55+,Male,MX,2025-09-08
SPOT-111307,18-24,Male,BR,2026-05-05
SPOT-111308,35-44,Male,ES,2025-04-24
SPOT-111309,18-24,Male,FR,2026-05-13
SPOT-111310,18-24,Female,US,2024-01-26
SPOT-111311,25-34,Female,US,2025-08-09
SPOT-111312,25-34,Female,MX,2024-02-10
SPOT-111313,55+,Female,DE,2025-08-22
SPOT-111314,45-54,Male,GB,2024-04-28
SPOT-111315,35-44,Male,US,2024-10-09
SPOT-111316,25-34,Male,BR,2025-10-04
SPOT-111317,25-34,Male,GB,2024-10-09
SPOT-111318,25-34,Male,BR,2024-01-02
SPOT-111319,45-54,Male,AU,2024-10-07
SPOT-111320,25-34,Female,ES,2024-12-24
SPOT-111321,25-34,Female,AR,2024-09-20
SPOT-111322,18-24,Male,US,2024-08-07
SPOT-111323,18-24,Female,GB,2024-07-24
SPOT-111324,45-54,Female,US,2024-11-09
SPOT-111325,18-24,Male,AU,2025-11-15
SPOT-111326,25-34,Male,MX,2024-07-01
SPOT-111327,18-24,Non-binary,US,2025-02-25
SPOT-111328,35-44,Female,BR,2025-12-30
SPOT-111329,18-24,Non-binary,GB,2025-06-07
SPOT-111330,35-44,Male,BR,2024-08-27
SPOT-111331,18-24,Male,US,2026-01-22
SPOT-111332,45-54,Male,US,2024-07-11
SPOT-111333,35-44,Non-binary,GB,2025-06-27
SPOT-111334,18-24,Male,GB,2024-05-07
SPOT-111335,25-34,Male,ES,2025-06-28
SPOT-111336,18-24,Female,BR,2025-09-14
SPOT-111337,18-24,Male,GB,2025-08-22
SPOT-111338,45-54,Male,BR,2024-07-08
SPOT-111339,25-34,Female,US,2024-09-25
SPOT-111340,25-34,Male,MX,2024-11-01
SPOT-111341,18-24,Male,US,2024-12-02
SPOT-111342,25-34,Male,GB,2025-04-28
SPOT-111343,45-54,Female,GB,2025-05-30
SPOT-111344,25-34,Male,DE,2026-04-27
SPOT-111345,55+,Male,AU,2025-12-08
SPOT-111346,45-54,Female,GB,2026-03-06
SPOT-111347,18-24,Male,GB,2024-05-16
SPOT-111348,18-24,Male,US,2025-03-12
SPOT-111349,45-54,Female,DE,2025-11-30
SPOT-111350,25-34,Male,US,2024-08-11
SPOT-111351,18-24,Male,US,2024-06-27
SPOT-111352,18-24,Female,FR,2024-05-03
SPOT-111353,25-34,Female,US,2023-12-29
SPOT-111354,35-44,Female,ES,2026-05-23
SPOT-111355,18-24,Male,US,2025-06-10
SPOT-111356,18-24,Male,US,2026-01-09
SPOT-111357,45-54,Female,AR,2024-02-25
SPOT-111358,35-44,Male,ES,2024-08-03
SPOT-111359,25-34,Male,GB,2026-03-18
SPOT-111360,35-44,Female,US,2026-01-05
SPOT-111361,25-34,Male,GB,2025-06-11
SPOT-111362,35-44,Female,US,2024-02-17
SPOT-111363,25-34,Male,CA,2024-11-17
SPOT-111364,18-24,Male,BR,2024-03-29
SPOT-111365,35-44,Female,AU,2024-08-17
SPOT-111366,25-34,Male,GB,2026-05-30
SPOT-111367,55+,Female,BR,2024-07-25
SPOT-111368,18-24,Male,US,2025-03-09
SPOT-111369,45-54,Male,AR,2025-01-15
SPOT-111370,45-54,Male,US,2024-08-03
SPOT-111371,18-24,Male,MX,2024-04-15
SPOT-111372,35-44,Non-binary,DE,2025-03-25
SPOT-111373,25-34,Female,BR,2024-07-27
SPOT-111374,45-54,Female,BR,2026-02-05
SPOT-111375,25-34,Female,ES,2026-02-20
SPOT-111376,35-44,Female,US,2025-02-05
SPOT-111377,25-34,Male,BR,2026-04-07
SPOT-111378,18-24,Male,DE,2025-05-10
SPOT-111379,18-24,Female,GB,2024-04-10
SPOT-111380,25-34,Male,BR,2024-02-01
SPOT-111381,35-44,Male,AU,2024-08-07
SPOT-111382,25-34,Female,CA,2024-03-27
SPOT-111383,25-34,Male,GB,2026-04-13
SPOT-111384,18-24,Male,FR,2025-10-04
SPOT-111385,25-34,Male,FR,2024-04-23
SPOT-111386,18-24,Female,US,2025-04-08
SPOT-111387,35-44,Male,BR,2026-03-24
SPOT-111388,55+,Female,FR,2025-06-09
SPOT-111389,25-34,Male,BR,2026-05-31
SPOT-111390,18-24,Female,GB,2024-07-05
SPOT-111391,18-24,Male,MX,2026-02-18
SPOT-111392,25-34,Non-binary,US,2024-10-27
SPOT-111393,25-34,Female,US,2024-08-11
SPOT-111394,35-44,Female,AR,2023-12-02
SPOT-111395,18-24,Female,US,2025-03-18
SPOT-111396,35-44,Female,AR,2026-05-24
SPOT-111397,25-34,Male,GB,2024-12-18
SPOT-111398,18-24,Female,BR,2024-07-23
SPOT-111399,25-34,Female,BR,2025-01-31
SPOT-111400,18-24,Male,ES,2026-02-10
SPOT-111401,25-34,Male,FR,2026-05-05
SPOT-111402,45-54,Male,AR,2024-09-16
SPOT-111403,25-34,Male,BR,2025-06-18
SPOT-111404,35-44,Male,GB,2025-12-21
SPOT-111405,25-34,Female,BR,2026-05-02
SPOT-111406,18-24,Male,US,2025-07-12
SPOT-111407,25-34,Male,US,2024-09-04
SPOT-111408,25-34,Female,GB,2023-12-01
SPOT-111409,25-34,Female,GB,2025-06-17
SPOT-111410,18-24,Male,US,2024-01-20
SPOT-111411,25-34,Male,US,2025-03-08
SPOT-111412,18-24,Male,DE,2024-02-11
SPOT-111413,18-24,Male,US,2026-01-14
SPOT-111414,25-34,Male,GB,2026-04-27
SPOT-111415,18-24,Male,BR,2024-07-17
SPOT-111416,45-54,Male,US,2026-05-03
SPOT-111417,25-34,Female,US,2023-12-03
SPOT-111418,35-44,Male,DE,2024-08-28
SPOT-111419,25-34,Male,DE,2024-08-17
SPOT-111420,35-44,Non-binary,CA,2025-10-16
SPOT-111421,18-24,Female,US,2024-07-18
SPOT-111422,45-54,Male,MX,2026-01-14
SPOT-111423,25-34,Male,GB,2024-10-25
SPOT-111424,35-44,Female,US,2025-09-14
SPOT-111425,25-34,Male,DE,2026-01-04
SPOT-111426,18-24,Female,DE,2024-02-24
SPOT-111427,25-34,Female,GB,2025-08-10
SPOT-111428,18-24,Male,ES,2023-12-04
SPOT-111429,25-34,Female,AR,2024-05-21
SPOT-111430,18-24,Non-binary,US,2025-12-11
SPOT-111431,25-34,Female,US,2025-03-14
SPOT-111432,55+,Male,DE,2025-03-18
SPOT-111433,25-34,Female,GB,2023-11-14
SPOT-111434,35-44,Female,AR,2023-12-17
SPOT-111435,25-34,Female,AU,2026-05-05
SPOT-111436,25-34,Female,US,2024-08-29
SPOT-111437,45-54,Male,ES,2024-03-06
SPOT-111438,45-54,Male,MX,2025-09-10
SPOT-111439,35-44,Male,MX,2024-11-22
SPOT-111440,18-24,Male,GB,2024-05-28
SPOT-111441,25-34,Male,US,2024-10-14
SPOT-111442,18-24,Male,BR,2026-01-20
SPOT-111443,25-34,Male,MX,2026-02-15
SPOT-111444,25-34,Female,AU,2024-07-31
SPOT-111445,35-44,Female,MX,2024-09-21
SPOT-111446,45-54,Female,DE,2024-06-01
SPOT-111447,25-34,Male,AU,2025-11-19
SPOT-111448,18-24,Male,DE,2025-10-24
SPOT-111449,45-54,Male,US,2024-01-11
SPOT-111450,18-24,Female,MX,2025-01-08
SPOT-111451,25-34,Female,GB,2025-03-15
SPOT-111452,18-24,Male,CA,2025-11-06
SPOT-111453,25-34,Female,DE,2024-02-22
SPOT-111454,55+,Female,US,2025-01-16
SPOT-111455,18-24,Female,US,2024-06-01
SPOT-111456,25-34,Male,MX,2024-11-29
SPOT-111457,18-24,Female,GB,2024-02-12
SPOT-111458,45-54,Female,GB,2025-01-06
SPOT-111459,45-54,Male,MX,2024-07-12
SPOT-111460,18-24,Male,US,2024-10-04
SPOT-111461,18-24,Male,US,2025-09-26
SPOT-111462,25-34,Male,MX,2024-05-28
SPOT-111463,18-24,Male,US,2024-03-03
SPOT-111464,25-34,Male,CA,2025-04-25
SPOT-111465,18-24,Male,US,2025-06-19
SPOT-111466,18-24,Male,DE,2025-08-14
SPOT-111467,25-34,Male,US,2026-02-02
SPOT-111468,18-24,Female,US,2024-07-05
SPOT-111469,45-54,Female,AR,2025-10-29
SPOT-111470,18-24,Male,BR,2025-01-06
SPOT-111471,18-24,Male,GB,2024-11-14
SPOT-111472,55+,Female,GB,2025-02-06
SPOT-111473,25-34,Female,US,2026-03-08
SPOT-111474,35-44,Male,BR,2025-02-11
SPOT-111475,18-24,Female,ES,2024-09-15
SPOT-111476,25-34,Male,GB,2023-12-07
SPOT-111477,35-44,Female,GB,2025-09-18
SPOT-111478,18-24,Non-binary,ES,2024-11-28
SPOT-111479,35-44,Male,ES,2025-01-12
SPOT-111480,25-34,Female,US,2025-03-20
SPOT-111481,25-34,Male,DE,2025-07-13
SPOT-111482,25-34,Female,FR,2026-05-12
SPOT-111483,25-34,Male,ES,2026-04-05
SPOT-111484,18-24,Female,US,2024-03-02
SPOT-111485,25-34,Male,DE,2025-09-05
SPOT-111486,18-24,Female,AU,2026-02-02
SPOT-111487,25-34,Female,BR,2024-06-16
SPOT-111488,35-44,Male,ES,2026-02-04
SPOT-111489,25-34,Male,US,2025-12-27
SPOT-111490,45-54,Male,AR,2024-08-07
SPOT-111491,18-24,Female,MX,2025-06-27
SPOT-111492,25-34,Female,US,2024-02-05
SPOT-111493,35-44,Male,DE,2025-04-06
SPOT-111494,25-34,Female,US,2026-04-30
SPOT-111495,25-34,Male,ES,2025-01-30
SPOT-111496,18-24,Male,ES,2024-10-01
SPOT-111497,25-34,Male,BR,2025-12-08
SPOT-111498,18-24,Female,DE,2024-11-30
SPOT-111499,55+,Non-binary,DE,2024-11-18
SPOT-111500,18-24,Female,US,2024-07-04
SPOT-111501,45-54,Male,GB,2025-01-17
SPOT-111502,25-34,Female,US,2025-02-02
SPOT-111503,18-24,Male,US,2024-11-06
SPOT-111504,25-34,Male,AU,2024-08-06
SPOT-111505,35-44,Male,GB,2024-11-02
SPOT-111506,45-54,Male,BR,2024-01-19
SPOT-111507,18-24,Female,FR,2026-02-21
SPOT-111508,18-24,Female,DE,2024-05-19
SPOT-111509,18-24,Female,BR,2025-01-09
SPOT-111510,18-24,Male,US,2025-11-25
SPOT-111511,25-34,Male,GB,2024-09-29
SPOT-111512,45-54,Male,BR,2024-01-11
SPOT-111513,25-34,Male,GB,2024-03-05
SPOT-111514,35-44,Non-binary,US,2025-11-25
SPOT-111515,25-34,Male,DE,2024-05-26
SPOT-111516,25-34,Female,AR,2024-01-08
SPOT-111517,18-24,Male,US,2025-07-14
SPOT-111518,35-44,Male,US,2024-02-11
SPOT-111519,45-54,Male,US,2023-11-08
SPOT-111520,25-34,Female,MX,2026-01-13
SPOT-111521,18-24,Male,AR,2024-09-26
SPOT-111522,18-24,Female,US,2023-11-14
SPOT-111523,18-24,Male,FR,2023-12-30
SPOT-111524,25-34,Male,MX,2025-03-07
SPOT-111525,35-44,Female,BR,2024-01-14
SPOT-111526,18-24,Male,GB,2026-03-20
SPOT-111527,35-44,Male,DE,2025-08-24
SPOT-111528,25-34,Female,CA,2025-09-17
SPOT-111529,25-34,Male,CA,2025-05-20
SPOT-111530,55+,Female,MX,2025-03-31
SPOT-111531,18-24,Male,BR,2024-09-03
SPOT-111532,45-54,Male,US,2025-08-16
SPOT-111533,18-24,Male,AU,2024-07-26
SPOT-111534,25-34,Female,ES,2023-12-06
SPOT-111535,45-54,Female,DE,2024-03-28
SPOT-111536,45-54,Female,AR,2024-05-08
SPOT-111537,25-34,Female,US,2024-01-16
SPOT-111538,25-34,Male,US,2023-12-21
SPOT-111539,35-44,Male,AR,2024-11-06
SPOT-111540,35-44,Male,BR,2024-06-12
SPOT-111541,18-24,Female,BR,2025-05-01
SPOT-111542,35-44,Female,BR,2025-04-14
SPOT-111543,25-34,Male,US,2024-03-09
SPOT-111544,25-34,Male,GB,2025-01-19
SPOT-111545,25-34,Female,BR,2024-03-19
SPOT-111546,25-34,Female,US,2024-07-08
SPOT-111547,45-54,Female,BR,2025-01-15
SPOT-111548,25-34,Male,BR,2026-05-29
SPOT-111549,55+,Female,CA,2025-04-27
SPOT-111550,18-24,Female,US,2024-02-04
SPOT-111551,35-44,Male,DE,2024-08-17
SPOT-111552,35-44,Female,AU,2025-03-25
SPOT-111553,25-34,Male,US,2026-03-27
SPOT-111554,25-34,Male,AR,2024-05-22
SPOT-111555,25-34,Female,US,2025-03-23
SPOT-111556,45-54,Female,FR,2023-12-31
SPOT-111557,35-44,Male,BR,2025-01-30
SPOT-111558,18-24,Male,AU,2025-09-11
SPOT-111559,35-44,Female,US,2024-05-01
SPOT-111560,25-34,Male,MX,2025-05-19
SPOT-111561,18-24,Male,MX,2025-04-26
SPOT-111562,45-54,Male,ES,2025-04-20
SPOT-111563,25-34,Female,US,2024-07-14
SPOT-111564,35-44,Male,GB,2025-11-03
SPOT-111565,18-24,Female,GB,2024-10-21
SPOT-111566,18-24,Male,GB,2023-12-12
SPOT-111567,25-34,Female,MX,2025-03-03
SPOT-111568,18-24,Female,US,2025-08-30
SPOT-111569,35-44,Female,ES,2026-02-25
SPOT-111570,18-24,Male,BR,2023-11-10
SPOT-111571,25-34,Male,US,2025-07-25
SPOT-111572,18-24,Female,US,2025-09-30
SPOT-111573,18-24,Female,US,2026-04-05
SPOT-111574,35-44,Male,DE,2025-06-07
SPOT-111575,18-24,Male,BR,2025-11-10
SPOT-111576,25-34,Male,BR,2023-11-24
SPOT-111577,45-54,Male,AU,2024-07-21
SPOT-111578,25-34,Male,GB,2023-12-28
SPOT-111579,35-44,Female,ES,2026-02-14
SPOT-111580,18-24,Male,ES,2025-11-28
SPOT-111581,18-24,Female,US,2025-10-17
SPOT-111582,45-54,Female,CA,2025-12-27
SPOT-111583,35-44,Male,CA,2024-07-16
SPOT-111584,25-34,Female,DE,2026-04-03
SPOT-111585,25-34,Male,DE,2025-11-03
SPOT-111586,25-34,Female,AR,2026-01-19
SPOT-111587,18-24,Male,BR,2025-07-28
SPOT-111588,35-44,Non-binary,AR,2024-05-16
SPOT-111589,25-34,Male,US,2026-05-14
SPOT-111590,25-34,Male,GB,2025-09-04
SPOT-111591,45-54,Male,US,2025-01-05
SPOT-111592,18-24,Male,DE,2023-12-10
SPOT-111593,18-24,Male,FR,2025-10-13
SPOT-111594,45-54,Female,BR,2024-05-08
SPOT-111595,35-44,Male,BR,2024-09-30
SPOT-111596,25-34,Female,GB,2025-12-14
SPOT-111597,18-24,Male,US,2025-12-29
SPOT-111598,18-24,Female,ES,2025-09-10
SPOT-111599,25-34,Female,BR,2024-06-16
SPOT-111600,25-34,Non-binary,CA,2024-12-16
SPOT-111601,35-44,Male,DE,2023-11-16
SPOT-111602,45-54,Male,DE,2026-01-10
SPOT-111603,35-44,Male,AU,2026-03-23
SPOT-111604,25-34,Female,US,2024-05-03
SPOT-111605,35-44,Female,GB,2026-03-21
SPOT-111606,25-34,Female,BR,2024-11-13
SPOT-111607,18-24,Male,BR,2025-03-12
SPOT-111608,18-24,Female,BR,2024-01-24
SPOT-111609,25-34,Female,US,2025-05-30
SPOT-111610,45-54,Male,CA,2024-01-03
SPOT-111611,18-24,Male,ES,2025-05-27
SPOT-111612,18-24,Female,GB,2024-07-21
SPOT-111613,55+,Male,GB,2025-04-15
SPOT-111614,18-24,Female,FR,2024-02-26
SPOT-111615,35-44,Female,DE,2024-09-05
SPOT-111616,18-24,Non-binary,BR,2024-06-05
SPOT-111617,18-24,Female,US,2024-04-24
SPOT-111618,45-54,Female,GB,2024-03-23
SPOT-111619,18-24,Male,DE,2026-04-22
SPOT-111620,25-34,Male,MX,2024-04-05
SPOT-111621,18-24,Female,GB,2025-08-17
SPOT-111622,18-24,Female,AU,2025-08-19
SPOT-111623,18-24,Female,US,2023-11-20
SPOT-111624,18-24,Male,ES,2025-07-18
SPOT-111625,18-24,Male,GB,2024-02-08
SPOT-111626,35-44,Male,AR,2024-04-07
SPOT-111627,25-34,Male,CA,2024-03-27
SPOT-111628,18-24,Female,US,2025-11-29
SPOT-111629,25-34,Female,BR,2025-04-04
SPOT-111630,45-54,Male,US,2025-08-24
SPOT-111631,45-54,Female,ES,2025-09-04
SPOT-111632,35-44,Female,AR,2024-12-13
SPOT-111633,45-54,Female,DE,2026-02-05
SPOT-111634,18-24,Female,DE,2026-03-06
SPOT-111635,25-34,Male,US,2024-01-29
SPOT-111636,25-34,Female,GB,2025-03-09
SPOT-111637,25-34,Male,GB,2025-06-24
SPOT-111638,25-34,Female,US,2024-12-27
SPOT-111639,25-34,Female,GB,2024-07-31
SPOT-111640,55+,Female,CA,2025-06-25
SPOT-111641,35-44,Non-binary,GB,2025-07-06
SPOT-111642,25-34,Female,GB,2025-01-14
SPOT-111643,35-44,Male,DE,2026-02-20
SPOT-111644,18-24,Male,AU,2025-12-20
SPOT-111645,18-24,Male,ES,2025-07-30
SPOT-111646,25-34,Male,US,2025-12-23
SPOT-111647,25-34,Male,ES,2026-03-10
SPOT-111648,18-24,Female,ES,2025-10-28
SPOT-111649,35-44,Male,AU,2025-06-12
SPOT-111650,25-34,Male,FR,2025-10-05
SPOT-111651,25-34,Female,US,2025-03-26
SPOT-111652,18-24,Female,DE,2025-01-12
SPOT-111653,18-24,Female,ES,2023-11-16
SPOT-111654,45-54,Male,AU,2025-05-06
SPOT-111655,25-34,Female,US,2024-03-15
SPOT-111656,55+,Male,GB,2025-08-12
SPOT-111657,55+,Female,BR,2026-05-04
SPOT-111658,25-34,Female,DE,2025-05-12
SPOT-111659,18-24,Male,DE,2024-09-15
SPOT-111660,45-54,Male,GB,2026-02-03
SPOT-111661,55+,Female,AU,2025-05-19
SPOT-111662,25-34,Female,AR,2024-08-30
SPOT-111663,35-44,Female,ES,2023-12-23
SPOT-111664,35-44,Male,DE,2025-05-22
SPOT-111665,25-34,Male,FR,2024-06-26
SPOT-111666,25-34,Male,US,2024-10-20
SPOT-111667,35-44,Female,US,2025-01-30
SPOT-111668,25-34,Female,AU,2024-09-08
SPOT-111669,18-24,Male,BR,2025-01-28
SPOT-111670,18-24,Male,US,2024-08-15
SPOT-111671,18-24,Female,CA,2024-06-30
SPOT-111672,18-24,Male,AU,2024-08-29
SPOT-111673,45-54,Female,FR,2024-10-28
SPOT-111674,18-24,Female,US,2026-02-28
SPOT-111675,18-24,Male,GB,2024-04-16
SPOT-111676,18-24,Male,DE,2026-02-08
SPOT-111677,25-34,Female,BR,2024-01-18
SPOT-111678,25-34,Male,AU,2026-04-09
SPOT-111679,18-24,Female,AU,2024-05-05
SPOT-111680,18-24,Male,CA,2024-08-12
SPOT-111681,18-24,Male,US,2024-08-31
SPOT-111682,25-34,Female,ES,2024-11-26
SPOT-111683,18-24,Male,FR,2024-04-13
SPOT-111684,45-54,Male,GB,2026-05-26
SPOT-111685,25-34,Male,US,2025-08-27
SPOT-111686,18-24,Female,ES,2024-04-04
SPOT-111687,35-44,Female,US,2025-02-13
SPOT-111688,18-24,Male,CA,2024-07-16
SPOT-111689,25-34,Female,US,2024-12-05
SPOT-111690,18-24,Male,DE,2024-02-26
SPOT-111691,25-34,Male,AU,2024-12-12
SPOT-111692,35-44,Female,AU,2025-12-13
SPOT-111693,45-54,Female,ES,2025-05-12
SPOT-111694,18-24,Male,AR,2026-04-04
SPOT-111695,18-24,Male,AU,2026-02-21
SPOT-111696,25-34,Male,CA,2024-08-22
SPOT-111697,45-54,Female,MX,2023-12-14
SPOT-111698,45-54,Male,ES,2025-09-03
SPOT-111699,18-24,Male,BR,2025-11-28
SPOT-111700,18-24,Male,BR,2023-12-13
SPOT-111701,25-34,Male,FR,2025-05-01
SPOT-111702,18-24,Female,ES,2025-06-14
SPOT-111703,18-24,Male,FR,2024-09-09
SPOT-111704,18-24,Female,US,2024-05-14
SPOT-111705,25-34,Male,BR,2023-11-17
SPOT-111706,45-54,Male,GB,2025-06-30
SPOT-111707,55+,Male,BR,2025-03-06
SPOT-111708,25-34,Male,MX,2025-09-02
SPOT-111709,25-34,Male,AR,2025-06-18
SPOT-111710,45-54,Female,US,2023-11-25
SPOT-111711,18-24,Female,US,2025-10-08
SPOT-111712,25-34,Male,CA,2025-11-20
SPOT-111713,25-34,Male,AU,2025-03-30
SPOT-111714,18-24,Male,US,2025-03-07
SPOT-111715,25-34,Female,GB,2025-10-08
SPOT-111716,18-24,Female,US,2024-01-02
SPOT-111717,25-34,Female,ES,2023-11-10
SPOT-111718,18-24,Female,MX,2025-03-18
SPOT-111719,18-24,Male,BR,2024-04-21
SPOT-111720,18-24,Female,MX,2024-10-25
SPOT-111721,45-54,Male,BR,2024-11-23
SPOT-111722,25-34,Female,US,2024-05-22
SPOT-111723,25-34,Male,ES,2024-10-15
SPOT-111724,25-34,Male,AR,2024-11-04
SPOT-111725,25-34,Male,FR,2025-06-06
SPOT-111726,18-24,Male,AU,2024-06-16
SPOT-111727,35-44,Female,ES,2026-01-31
SPOT-111728,18-24,Female,US,2025-12-05
SPOT-111729,18-24,Female,US,2025-01-29
SPOT-111730,35-44,Non-binary,ES,2025-01-06
SPOT-111731,18-24,Male,US,2024-05-30
SPOT-111732,18-24,Female,GB,2025-02-04
SPOT-111733,25-34,Female,US,2025-12-12
SPOT-111734,25-34,Female,AU,2026-02-21
SPOT-111735,35-44,Male,GB,2024-10-26
SPOT-111736,25-34,Male,US,2025-01-30
SPOT-111737,25-34,Male,CA,2026-04-18
SPOT-111738,35-44,Non-binary,MX,2025-04-12
SPOT-111739,18-24,Female,US,2023-11-13
SPOT-111740,18-24,Male,AR,2025-11-27
SPOT-111741,25-34,Female,US,2024-09-10
SPOT-111742,18-24,Male,AR,2025-08-02
SPOT-111743,55+,Male,MX,2024-10-29
SPOT-111744,35-44,Female,US,2026-01-09
SPOT-111745,18-24,Male,ES,2025-09-30
SPOT-111746,18-24,Male,DE,2024-04-03
SPOT-111747,18-24,Female,MX,2024-07-26
SPOT-111748,18-24,Female,FR,2026-03-29
SPOT-111749,18-24,Non-binary,GB,2025-06-30
SPOT-111750,25-34,Male,GB,2025-02-02
SPOT-111751,45-54,Male,AU,2025-06-20
SPOT-111752,35-44,Male,BR,2024-12-24
SPOT-111753,18-24,Female,BR,2024-04-27
SPOT-111754,25-34,Male,GB,2025-11-01
SPOT-111755,25-34,Male,DE,2023-12-19
SPOT-111756,35-44,Male,BR,2024-09-22
SPOT-111757,35-44,Female,GB,2024-03-15
SPOT-111758,45-54,Male,US,2025-06-01
SPOT-111759,25-34,Male,MX,2023-11-09
SPOT-111760,25-34,Male,US,2025-12-18
SPOT-111761,18-24,Male,BR,2025-12-13
SPOT-111762,25-34,Male,ES,2025-10-27
SPOT-111763,18-24,Male,US,2025-07-08
SPOT-111764,25-34,Female,ES,2025-04-11
SPOT-111765,25-34,Male,GB,2025-12-11
SPOT-111766,18-24,Male,AU,2025-08-18
SPOT-111767,18-24,Male,AU,2024-05-12
SPOT-111768,18-24,Female,AR,2024-11-09
SPOT-111769,18-24,Male,GB,2025-12-20
SPOT-111770,18-24,Female,CA,2024-12-30
SPOT-111771,18-24,Female,AU,2023-11-20
SPOT-111772,18-24,Male,DE,2026-05-14
SPOT-111773,18-24,Male,MX,2024-06-28
SPOT-111774,55+,Female,US,2024-09-10
SPOT-111775,18-24,Female,US,2024-11-19
SPOT-111776,18-24,Female,BR,2025-03-05
SPOT-111777,25-34,Female,MX,2025-09-21
SPOT-111778,45-54,Male,GB,2024-02-28
SPOT-111779,25-34,Female,US,2024-02-11
SPOT-111780,18-24,Male,AR,2026-02-20
SPOT-111781,25-34,Female,DE,2026-01-19
SPOT-111782,35-44,Female,MX,2024-04-29
SPOT-111783,35-44,Male,MX,2025-04-09
SPOT-111784,25-34,Male,BR,2024-06-09
SPOT-111785,45-54,Male,US,2026-02-26
SPOT-111786,45-54,Male,MX,2024-05-13
SPOT-111787,25-34,Female,GB,2024-11-09
SPOT-111788,25-34,Female,AR,2023-11-16
SPOT-111789,25-34,Female,US,2024-04-30
SPOT-111790,35-44,Male,GB,2025-02-17
SPOT-111791,18-24,Male,DE,2024-05-04
SPOT-111792,55+,Male,ES,2024-11-05
SPOT-111793,18-24,Male,ES,2024-04-02
SPOT-111794,25-34,Female,GB,2025-11-26
SPOT-111795,45-54,Female,BR,2025-05-06
SPOT-111796,18-24,Male,US,2023-11-27
SPOT-111797,25-34,Female,ES,2024-09-19
SPOT-111798,18-24,Male,US,2026-04-16
SPOT-111799,25-34,Male,AR,2026-04-08
SPOT-111800,18-24,Male,CA,2024-11-29
SPOT-111801,25-34,Female,AU,2024-01-19
SPOT-111802,25-34,Male,FR,2025-05-09
SPOT-111803,55+,Male,US,2024-08-29
SPOT-111804,55+,Female,DE,2024-09-12
SPOT-111805,18-24,Female,US,2025-08-13
SPOT-111806,35-44,Male,US,2024-04-28
SPOT-111807,18-24,Female,US,2026-01-18
SPOT-111808,18-24,Female,MX,2024-11-28
SPOT-111809,18-24,Male,BR,2025-05-06
SPOT-111810,55+,Female,CA,2024-02-07
SPOT-111811,45-54,Male,DE,2025-07-18
SPOT-111812,18-24,Female,MX,2024-05-30
SPOT-111813,18-24,Female,DE,2025-12-08
SPOT-111814,18-24,Male,AR,2024-10-31
SPOT-111815,25-34,Male,CA,2025-02-11
SPOT-111816,25-34,Male,DE,2023-12-26
SPOT-111817,18-24,Male,US,2025-12-24
SPOT-111818,35-44,Male,US,2024-08-26
SPOT-111819,18-24,Female,ES,2025-08-22
SPOT-111820,45-54,Male,GB,2024-12-19
SPOT-111821,25-34,Male,AR,2024-05-23
SPOT-111822,25-34,Female,ES,2025-04-18
SPOT-111823,35-44,Female,MX,2024-06-18
SPOT-111824,35-44,Male,AR,2024-05-18
SPOT-111825,18-24,Female,ES,2026-05-25
SPOT-111826,18-24,Female,MX,2025-02-24
SPOT-111827,45-54,Male,US,2024-09-14
SPOT-111828,18-24,Male,BR,2024-08-14
SPOT-111829,18-24,Female,BR,2024-05-04
SPOT-111830,25-34,Female,AU,2025-05-02
SPOT-111831,35-44,Male,MX,2026-03-24
SPOT-111832,35-44,Male,BR,2024-10-18
SPOT-111833,45-54,Female,BR,2024-12-06
SPOT-111834,25-34,Female,US,2024-03-31
SPOT-111835,18-24,Female,DE,2024-01-11
SPOT-111836,25-34,Female,US,2025-12-05
SPOT-111837,35-44,Female,US,2026-01-04
SPOT-111838,18-24,Female,GB,2025-04-17
SPOT-111839,18-24,Female,MX,2024-10-19
SPOT-111840,18-24,Female,FR,2025-02-04
SPOT-111841,25-34,Male,AR,2025-02-15
SPOT-111842,45-54,Female,GB,2024-03-29
SPOT-111843,25-34,Male,US,2024-12-09
SPOT-111844,55+,Male,DE,2025-06-06
SPOT-111845,18-24,Female,GB,2024-02-21
SPOT-111846,45-54,Male,DE,2024-08-01
SPOT-111847,35-44,Male,BR,2024-10-05
SPOT-111848,18-24,Non-binary,US,2024-09-25
SPOT-111849,55+,Female,DE,2026-05-09
SPOT-111850,18-24,Female,BR,2026-04-01
SPOT-111851,45-54,Non-binary,DE,2024-05-08
SPOT-111852,45-54,Male,MX,2024-07-10
SPOT-111853,35-44,Male,US,2023-12-02
SPOT-111854,25-34,Male,US,2025-04-08
SPOT-111855,18-24,Female,GB,2025-01-28
SPOT-111856,25-34,Female,US,2025-07-21
SPOT-111857,25-34,Male,US,2025-07-09
SPOT-111858,35-44,Male,US,2026-03-16
SPOT-111859,35-44,Male,DE,2024-01-24
SPOT-111860,45-54,Male,ES,2025-06-11
SPOT-111861,18-24,Male,GB,2023-12-15
SPOT-111862,35-44,Female,US,2024-11-13
SPOT-111863,45-54,Male,BR,2023-11-06
SPOT-111864,35-44,Male,MX,2025-03-03
SPOT-111865,18-24,Male,DE,2024-09-28
SPOT-111866,18-24,Female,GB,2026-05-24
SPOT-111867,18-24,Male,BR,2024-04-01
SPOT-111868,25-34,Male,US,2024-11-07
SPOT-111869,25-34,Female,MX,2024-07-08
SPOT-111870,55+,Female,ES,2025-02-02
SPOT-111871,25-34,Female,ES,2024-04-16
SPOT-111872,18-24,Male,GB,2024-01-15
SPOT-111873,25-34,Female,AR,2023-11-30
SPOT-111874,35-44,Male,CA,2025-12-15
SPOT-111875,45-54,Male,GB,2026-04-01
SPOT-111876,35-44,Female,GB,2025-01-14
SPOT-111877,25-34,Male,ES,2025-09-17
SPOT-111878,25-34,Female,ES,2025-04-02
SPOT-111879,45-54,Female,BR,2025-03-01
SPOT-111880,25-34,Male,CA,2026-05-30
SPOT-111881,18-24,Male,US,2025-10-05
SPOT-111882,18-24,Male,BR,2025-12-29
SPOT-111883,18-24,Female,US,2025-08-10
SPOT-111884,35-44,Female,US,2025-01-08
SPOT-111885,18-24,Female,US,2025-12-19
SPOT-111886,18-24,Female,BR,2024-12-27
SPOT-111887,18-24,Male,BR,2024-05-09
SPOT-111888,25-34,Female,US,2025-04-13
SPOT-111889,25-34,Male,MX,2024-10-17
SPOT-111890,25-34,Female,BR,2024-03-17
SPOT-111891,18-24,Male,US,2024-03-03
SPOT-111892,18-24,Female,US,2026-01-28
SPOT-111893,25-34,Male,US,2024-06-10
SPOT-111894,18-24,Male,MX,2024-06-13
SPOT-111895,18-24,Female,MX,2025-05-12
SPOT-111896,18-24,Female,MX,2023-12-07
SPOT-111897,45-54,Female,US,2026-04-08
SPOT-111898,25-34,Female,CA,2025-01-22
SPOT-111899,18-24,Male,DE,2024-03-06
SPOT-111900,18-24,Female,ES,2024-04-29
SPOT-111901,55+,Female,US,2024-07-26
SPOT-111902,25-34,Male,BR,2024-05-07
SPOT-111903,25-34,Female,BR,2024-09-17
SPOT-111904,35-44,Non-binary,ES,2024-10-05
SPOT-111905,35-44,Female,MX,2024-12-24
SPOT-111906,35-44,Male,DE,2025-05-23
SPOT-111907,25-34,Female,GB,2025-05-25
SPOT-111908,25-34,Male,AU,2024-05-09
SPOT-111909,18-24,Female,GB,2025-05-27
SPOT-111910,45-54,Female,US,2023-11-14
SPOT-111911,25-34,Female,GB,2024-10-29
SPOT-111912,18-24,Female,GB,2025-08-19
SPOT-111913,45-54,Male,US,2025-12-16
SPOT-111914,45-54,Female,ES,2025-08-11
SPOT-111915,55+,Male,MX,2025-04-13
SPOT-111916,45-54,Male,GB,2023-12-08
SPOT-111917,55+,Male,AU,2024-05-17
SPOT-111918,18-24,Male,MX,2024-01-14
SPOT-111919,35-44,Female,ES,2025-02-15
SPOT-111920,35-44,Female,BR,2024-01-28
SPOT-111921,18-24,Female,BR,2025-07-28
SPOT-111922,18-24,Male,US,2024-07-06
SPOT-111923,55+,Female,ES,2024-08-24
SPOT-111924,18-24,Female,CA,2024-07-21
SPOT-111925,45-54,Male,US,2024-05-25
SPOT-111926,18-24,Non-binary,AR,2025-07-12
SPOT-111927,18-24,Female,BR,2024-05-17
SPOT-111928,25-34,Female,GB,2025-04-01
SPOT-111929,18-24,Male,CA,2025-02-05
SPOT-111930,25-34,Male,US,2025-10-28
SPOT-111931,25-34,Female,GB,2026-05-03
SPOT-111932,18-24,Female,FR,2025-06-27
SPOT-111933,18-24,Female,BR,2025-02-16
SPOT-111934,25-34,Female,BR,2024-09-10
SPOT-111935,18-24,Male,ES,2024-02-12
SPOT-111936,35-44,Female,US,2025-05-08
SPOT-111937,25-34,Male,US,2025-04-19
SPOT-111938,18-24,Female,AU,2025-12-29
SPOT-111939,25-34,Male,US,2025-05-13
SPOT-111940,18-24,Male,BR,2025-09-24
SPOT-111941,18-24,Female,GB,2026-04-20
SPOT-111942,18-24,Male,FR,2026-03-17
SPOT-111943,45-54,Male,AU,2025-07-11
SPOT-111944,45-54,Male,US,2026-01-09
SPOT-111945,35-44,Male,MX,2024-08-17
SPOT-111946,18-24,Male,AR,2025-02-18
SPOT-111947,18-24,Male,AR,2025-12-25
SPOT-111948,25-34,Female,DE,2023-11-27
SPOT-111949,35-44,Female,US,2024-08-06
SPOT-111950,55+,Female,DE,2025-01-21
SPOT-111951,18-24,Non-binary,ES,2025-07-26
SPOT-111952,18-24,Female,AU,2026-03-07
SPOT-111953,25-34,Male,BR,2026-03-09
SPOT-111954,35-44,Male,US,2024-09-10
SPOT-111955,35-44,Female,US,2025-04-24
SPOT-111956,25-34,Female,CA,2025-12-20
SPOT-111957,55+,Male,BR,2023-11-07
SPOT-111958,25-34,Male,ES,2024-08-24
SPOT-111959,45-54,Female,MX,2026-01-12
SPOT-111960,55+,Female,FR,2025-05-17
SPOT-111961,35-44,Female,GB,2025-07-16
SPOT-111962,18-24,Male,DE,2025-01-19
SPOT-111963,18-24,Female,CA,2025-11-16
SPOT-111964,25-34,Female,BR,2025-04-18
SPOT-111965,25-34,Female,US,2026-05-26
SPOT-111966,45-54,Female,US,2025-11-19
SPOT-111967,18-24,Female,US,2026-04-05
SPOT-111968,18-24,Female,AU,2024-12-28
SPOT-111969,35-44,Male,US,2025-01-25
SPOT-111970,18-24,Male,FR,2025-08-04
SPOT-111971,18-24,Female,US,2026-01-16
SPOT-111972,25-34,Female,US,2024-12-22
SPOT-111973,25-34,Female,FR,2025-09-17
SPOT-111974,18-24,Non-binary,FR,2024-08-09
SPOT-111975,45-54,Non-binary,US,2025-01-05
SPOT-111976,25-34,Female,US,2026-03-30
SPOT-111977,45-54,Male,BR,2024-06-18
SPOT-111978,25-34,Male,US,2024-09-17
SPOT-111979,18-24,Female,CA,2025-07-19
SPOT-111980,18-24,Male,GB,2024-02-28
SPOT-111981,18-24,Non-binary,BR,2024-12-01
SPOT-111982,25-34,Male,US,2025-11-26
SPOT-111983,18-24,Female,US,2023-12-26
SPOT-111984,25-34,Female,DE,2024-04-06
SPOT-111985,25-34,Male,US,2025-07-22
SPOT-111986,18-24,Female,MX,2024-04-05
SPOT-111987,18-24,Female,AR,2024-09-03
SPOT-111988,35-44,Male,US,2025-06-18
SPOT-111989,45-54,Male,MX,2025-04-20
SPOT-111990,18-24,Female,AR,2026-04-17
SPOT-111991,18-24,Male,DE,2024-02-05
SPOT-111992,55+,Female,AU,2024-11-28
SPOT-111993,18-24,Male,US,2025-03-25
SPOT-111994,55+,Male,GB,2025-06-25
SPOT-111995,18-24,Male,US,2025-10-10
SPOT-111996,45-54,Male,AU,2026-01-05
SPOT-111997,18-24,Male,GB,2025-09-13
SPOT-111998,45-54,Non-binary,DE,2023-12-14
SPOT-111999,18-24,Male,AR,2024-06-27
SPOT-112000,25-34,Male,CA,2024-04-23
SPOT-112001,18-24,Male,CA,2025-04-04
SPOT-112002,18-24,Female,BR,2025-09-24
SPOT-112003,35-44,Female,MX,2024-08-21
SPOT-112004,25-34,Female,GB,2026-01-04
SPOT-112005,45-54,Male,MX,2025-03-26
SPOT-112006,25-34,Female,GB,2025-09-25
SPOT-112007,45-54,Female,ES,2025-08-03
SPOT-112008,25-34,Female,GB,2026-04-11
SPOT-112009,55+,Male,FR,2025-12-15
SPOT-112010,55+,Female,US,2026-05-25
SPOT-112011,18-24,Male,BR,2024-02-02
SPOT-112012,45-54,Male,BR,2024-04-24
SPOT-112013,35-44,Male,GB,2025-01-21
SPOT-112014,18-24,Male,US,2024-02-23
SPOT-112015,25-34,Male,US,2025-11-07
SPOT-112016,18-24,Female,AU,2025-06-22
SPOT-112017,35-44,Female,CA,2024-05-08
SPOT-112018,18-24,Female,US,2024-04-03
SPOT-112019,18-24,Male,DE,2024-10-21
SPOT-112020,25-34,Female,DE,2024-04-28
SPOT-112021,25-34,Female,BR,2025-02-19
SPOT-112022,45-54,Male,GB,2024-01-30
SPOT-112023,55+,Female,CA,2026-03-19
SPOT-112024,25-34,Female,CA,2025-01-03
SPOT-112025,18-24,Male,US,2025-10-23
SPOT-112026,35-44,Male,MX,2024-01-25
SPOT-112027,25-34,Male,US,2026-04-12
SPOT-112028,25-34,Non-binary,BR,2024-03-04
SPOT-112029,18-24,Male,FR,2025-07-28
SPOT-112030,25-34,Male,MX,2025-07-30
SPOT-112031,18-24,Male,DE,2024-03-18
SPOT-112032,35-44,Female,AU,2024-09-05
SPOT-112033,25-34,Male,ES,2026-04-28
SPOT-112034,45-54,Female,US,2025-06-01
SPOT-112035,25-34,Female,DE,2025-05-16
SPOT-112036,18-24,Female,ES,2026-03-17
SPOT-112037,45-54,Female,US,2025-05-27
SPOT-112038,25-34,Male,US,2025-01-17
SPOT-112039,18-24,Female,FR,2024-12-07
SPOT-112040,25-34,Female,US,2023-11-17
SPOT-112041,25-34,Female,MX,2024-04-17
SPOT-112042,35-44,Female,GB,2024-12-16
SPOT-112043,25-34,Female,AR,2025-04-09
SPOT-112044,35-44,Male,AR,2024-10-05
SPOT-112045,18-24,Male,AU,2024-07-11
SPOT-112046,25-34,Male,US,2024-12-29
SPOT-112047,55+,Male,DE,2024-02-13
SPOT-112048,35-44,Female,BR,2025-07-18
SPOT-112049,18-24,Male,CA,2026-01-14
SPOT-112050,18-24,Male,GB,2025-10-26
SPOT-112051,18-24,Female,US,2026-01-10
SPOT-112052,25-34,Female,US,2025-06-11
SPOT-112053,35-44,Female,BR,2025-10-05
SPOT-112054,35-44,Female,MX,2025-01-14
SPOT-112055,25-34,Female,MX,2024-04-17
SPOT-112056,35-44,Female,US,2024-07-29
SPOT-112057,25-34,Female,ES,2025-06-17
SPOT-112058,18-24,Non-binary,MX,2025-09-28
SPOT-112059,25-34,Male,DE,2026-05-27
SPOT-112060,55+,Female,BR,2025-12-25
SPOT-112061,35-44,Female,ES,2026-02-16
SPOT-112062,25-34,Female,GB,2025-07-28
SPOT-112063,25-34,Female,CA,2026-03-07
SPOT-112064,45-54,Female,US,2023-11-08
SPOT-112065,25-34,Female,CA,2024-10-09
SPOT-112066,18-24,Male,ES,2024-05-27
SPOT-112067,55+,Male,MX,2025-06-22
SPOT-112068,45-54,Male,US,2025-09-19
SPOT-112069,18-24,Male,CA,2024-05-08
SPOT-112070,25-34,Male,GB,2024-04-06
SPOT-112071,25-34,Female,ES,2025-04-07
SPOT-112072,18-24,Male,FR,2025-05-31
SPOT-112073,55+,Female,US,2026-05-22
SPOT-112074,25-34,Male,CA,2024-07-04
SPOT-112075,45-54,Female,MX,2024-05-17
SPOT-112076,18-24,Male,MX,2025-02-18
SPOT-112077,25-34,Female,CA,2024-03-07
SPOT-112078,18-24,Female,BR,2024-09-10
SPOT-112079,35-44,Male,DE,2024-04-19
SPOT-112080,25-34,Male,MX,2024-06-07
SPOT-112081,25-34,Male,BR,2025-12-30
SPOT-112082,18-24,Female,US,2024-10-21
SPOT-112083,18-24,Female,US,2024-05-03
SPOT-112084,18-24,Female,US,2025-09-07
SPOT-112085,18-24,Male,US,2023-11-30
SPOT-112086,25-34,Male,ES,2025-07-10
SPOT-112087,25-34,Male,US,2025-06-02
SPOT-112088,25-34,Male,GB,2025-09-02
SPOT-112089,25-34,Male,DE,2025-11-29
SPOT-112090,18-24,Male,CA,2024-02-18
SPOT-112091,18-24,Female,GB,2025-08-28
SPOT-112092,18-24,Male,AR,2026-03-27
SPOT-112093,35-44,Male,DE,2024-05-19
SPOT-112094,25-34,Female,US,2023-12-18
SPOT-112095,18-24,Female,US,2025-04-01
SPOT-112096,18-24,Female,DE,2026-03-09
SPOT-112097,45-54,Male,US,2025-01-20
SPOT-112098,35-44,Female,BR,2024-07-13
SPOT-112099,25-34,Female,BR,2024-02-27
SPOT-112100,25-34,Male,ES,2026-04-20
SPOT-112101,18-24,Male,US,2026-03-30
SPOT-112102,55+,Female,BR,2023-12-28
SPOT-112103,35-44,Female,US,2025-04-11
SPOT-112104,18-24,Male,ES,2025-04-14
SPOT-112105,35-44,Male,GB,2024-08-18
SPOT-112106,35-44,Female,MX,2025-07-30
SPOT-112107,18-24,Male,FR,2024-01-05
SPOT-112108,25-34,Female,BR,2024-08-13
SPOT-112109,18-24,Male,US,2025-06-02
SPOT-112110,18-24,Female,FR,2026-05-05
SPOT-112111,35-44,Male,GB,2025-09-28
SPOT-112112,18-24,Male,ES,2026-02-13
SPOT-112113,35-44,Non-binary,GB,2024-03-02
SPOT-112114,55+,Male,GB,2024-05-24
SPOT-112115,18-24,Male,MX,2025-08-21
SPOT-112116,25-34,Female,US,2025-03-01
SPOT-112117,35-44,Male,FR,2025-02-10
SPOT-112118,35-44,Male,DE,2025-07-23
SPOT-112119,35-44,Male,US,2026-03-09
SPOT-112120,18-24,Female,GB,2024-11-15
SPOT-112121,25-34,Female,AR,2025-07-16
SPOT-112122,25-34,Female,FR,2025-08-12
SPOT-112123,55+,Female,BR,2024-12-13
SPOT-112124,18-24,Male,GB,2024-03-12
SPOT-112125,45-54,Male,BR,2024-12-30
SPOT-112126,18-24,Female,AR,2024-01-21
SPOT-112127,55+,Female,GB,2024-09-21
SPOT-112128,25-34,Female,DE,2025-11-16
SPOT-112129,25-34,Female,BR,2025-03-17
SPOT-112130,25-34,Male,FR,2024-10-13
SPOT-112131,18-24,Female,BR,2024-05-31
SPOT-112132,18-24,Female,US,2025-05-20
SPOT-112133,18-24,Male,US,2026-06-01
SPOT-112134,18-24,Male,US,2024-01-15
SPOT-112135,18-24,Female,AU,2025-10-05
SPOT-112136,35-44,Female,AR,2023-12-05
SPOT-112137,25-34,Female,ES,2025-09-29
SPOT-112138,18-24,Female,BR,2024-08-12
SPOT-112139,45-54,Female,MX,2024-01-27
SPOT-112140,25-34,Male,US,2026-01-15
SPOT-112141,55+,Female,MX,2025-10-31
SPOT-112142,25-34,Male,AR,2025-08-10
SPOT-112143,18-24,Female,US,2025-01-22
SPOT-112144,25-34,Female,GB,2025-01-19
SPOT-112145,25-34,Female,US,2025-01-29
SPOT-112146,18-24,Male,GB,2026-03-27
SPOT-112147,18-24,Female,ES,2024-04-22
SPOT-112148,18-24,Female,GB,2025-08-03
SPOT-112149,18-24,Female,MX,2024-04-25
SPOT-112150,25-34,Male,ES,2024-01-30
SPOT-112151,25-34,Male,AR,2025-10-30
SPOT-112152,18-24,Female,FR,2025-07-21
SPOT-112153,25-34,Female,BR,2025-12-30
SPOT-112154,25-34,Male,GB,2024-10-28
SPOT-112155,18-24,Female,US,2026-04-30
SPOT-112156,18-24,Female,BR,2025-09-23
SPOT-112157,18-24,Male,US,2024-06-25
SPOT-112158,25-34,Male,CA,2025-01-05
SPOT-112159,18-24,Male,DE,2023-11-27
SPOT-112160,25-34,Male,FR,2024-01-05
SPOT-112161,25-34,Male,ES,2024-03-21
SPOT-112162,25-34,Female,FR,2025-09-29
SPOT-112163,18-24,Male,FR,2025-02-18
SPOT-112164,18-24,Male,US,2025-05-05
SPOT-112165,25-34,Male,ES,2025-01-29
SPOT-112166,45-54,Non-binary,US,2025-10-19
SPOT-112167,35-44,Male,AU,2024-05-19
SPOT-112168,25-34,Female,ES,2024-06-02
SPOT-112169,25-34,Male,US,2025-03-13
SPOT-112170,25-34,Male,CA,2025-06-24
SPOT-112171,45-54,Female,GB,2025-03-05
SPOT-112172,18-24,Female,DE,2024-03-06
SPOT-112173,55+,Female,MX,2025-04-24
SPOT-112174,25-34,Female,CA,2023-12-25
SPOT-112175,25-34,Male,CA,2024-06-21
SPOT-112176,18-24,Female,BR,2025-01-21
SPOT-112177,25-34,Female,GB,2024-10-19
SPOT-112178,25-34,Female,GB,2025-04-27
SPOT-112179,18-24,Male,GB,2025-10-16
SPOT-112180,18-24,Male,US,2025-08-28
SPOT-112181,45-54,Female,MX,2025-03-20
SPOT-112182,25-34,Female,BR,2023-11-06
SPOT-112183,25-34,Male,ES,2024-01-16
SPOT-112184,18-24,Male,US,2026-02-08
SPOT-112185,35-44,Male,DE,2025-04-24
SPOT-112186,35-44,Female,US,2024-05-15
SPOT-112187,25-34,Male,BR,2024-12-16
SPOT-112188,25-34,Male,DE,2026-01-13
SPOT-112189,25-34,Female,DE,2024-02-24
SPOT-112190,25-34,Male,GB,2024-05-24
SPOT-112191,18-24,Male,ES,2025-07-07
SPOT-112192,45-54,Male,BR,2026-03-25
SPOT-112193,25-34,Male,US,2025-03-14
SPOT-112194,18-24,Male,BR,2026-03-22
SPOT-112195,25-34,Male,BR,2025-04-25
SPOT-112196,35-44,Male,US,2025-03-15
SPOT-112197,18-24,Female,US,2024-04-28
SPOT-112198,18-24,Male,US,2024-01-14
SPOT-112199,25-34,Female,US,2026-01-02
SPOT-112200,18-24,Male,US,2025-02-28
SPOT-112201,35-44,Male,GB,2023-11-08
SPOT-112202,18-24,Female,GB,2025-08-16
SPOT-112203,35-44,Male,FR,2024-07-24
SPOT-112204,18-24,Male,GB,2024-10-10
SPOT-112205,18-24,Female,GB,2025-10-27
SPOT-112206,45-54,Female,GB,2024-07-21
SPOT-112207,25-34,Female,AU,2024-02-21
SPOT-112208,25-34,Female,BR,2024-04-14
SPOT-112209,18-24,Male,MX,2025-09-19
SPOT-112210,25-34,Female,ES,2025-11-10
SPOT-112211,25-34,Female,GB,2024-07-24
SPOT-112212,55+,Male,AU,2025-08-11
SPOT-112213,55+,Female,US,2024-08-26
SPOT-112214,25-34,Male,DE,2025-12-28
SPOT-112215,25-34,Female,US,2025-03-29
SPOT-112216,25-34,Male,AR,2024-07-13
SPOT-112217,25-34,Female,US,2024-10-31
SPOT-112218,18-24,Male,BR,2024-12-15
SPOT-112219,18-24,Female,US,2025-09-12
SPOT-112220,18-24,Male,DE,2024-09-28
SPOT-112221,18-24,Male,GB,2025-01-05
SPOT-112222,18-24,Female,CA,2024-05-10
SPOT-112223,25-34,Female,US,2025-09-16
SPOT-112224,35-44,Male,MX,2024-03-06
SPOT-112225,25-34,Female,MX,2024-08-11
SPOT-112226,18-24,Male,FR,2024-03-04
SPOT-112227,18-24,Female,FR,2024-12-12
SPOT-112228,25-34,Female,AU,2024-05-20
SPOT-112229,18-24,Female,GB,2023-11-20
SPOT-112230,25-34,Female,GB,2024-07-30
SPOT-112231,55+,Female,DE,2024-08-10
SPOT-112232,18-24,Male,BR,2025-01-01
SPOT-112233,18-24,Female,GB,2024-10-15
SPOT-112234,25-34,Female,ES,2025-03-05
SPOT-112235,55+,Male,US,2025-08-21
SPOT-112236,35-44,Male,US,2026-02-16
SPOT-112237,45-54,Female,ES,2024-05-19
SPOT-112238,18-24,Non-binary,FR,2024-02-29
SPOT-112239,55+,Male,ES,2026-05-26
SPOT-112240,18-24,Female,US,2023-12-03
SPOT-112241,18-24,Male,CA,2025-06-05
SPOT-112242,45-54,Female,BR,2026-03-03
SPOT-112243,45-54,Female,ES,2024-07-31
SPOT-112244,18-24,Male,US,2025-08-03
SPOT-112245,18-24,Male,BR,2024-12-29
SPOT-112246,18-24,Female,GB,2026-04-20
SPOT-112247,18-24,Female,AU,2025-09-17
SPOT-112248,18-24,Female,BR,2024-03-13
SPOT-112249,55+,Female,ES,2024-03-07
SPOT-112250,25-34,Female,MX,2025-10-18
SPOT-112251,35-44,Female,US,2025-08-03
SPOT-112252,35-44,Female,BR,2024-04-19
SPOT-112253,25-34,Female,BR,2026-05-24
SPOT-112254,35-44,Female,ES,2025-02-07
SPOT-112255,25-34,Female,GB,2025-07-04
SPOT-112256,18-24,Male,FR,2025-09-20
SPOT-112257,25-34,Female,MX,2026-01-08
SPOT-112258,25-34,Male,US,2026-05-01
SPOT-112259,35-44,Female,ES,2025-01-17
SPOT-112260,55+,Male,CA,2024-10-09
SPOT-112261,25-34,Female,MX,2025-07-18
SPOT-112262,35-44,Male,DE,2024-11-29
SPOT-112263,18-24,Male,BR,2025-01-07
SPOT-112264,35-44,Male,US,2025-12-01
SPOT-112265,25-34,Male,MX,2025-03-26
SPOT-112266,18-24,Female,BR,2024-10-18
SPOT-112267,25-34,Male,US,2024-09-22
SPOT-112268,25-34,Male,GB,2025-04-17
SPOT-112269,18-24,Female,US,2026-03-29
SPOT-112270,45-54,Male,DE,2024-01-13
SPOT-112271,18-24,Male,US,2026-02-22
SPOT-112272,45-54,Female,AR,2026-02-27
SPOT-112273,35-44,Female,MX,2025-04-14
SPOT-112274,18-24,Male,ES,2025-05-25
SPOT-112275,25-34,Male,GB,2024-02-18
SPOT-112276,35-44,Female,US,2025-06-13
SPOT-112277,25-34,Male,US,2025-06-16
SPOT-112278,25-34,Female,ES,2024-04-15
SPOT-112279,25-34,Female,MX,2025-01-14
SPOT-112280,25-34,Female,BR,2025-05-26
SPOT-112281,55+,Female,GB,2024-12-15
SPOT-112282,18-24,Male,US,2024-07-16
SPOT-112283,25-34,Male,AR,2026-04-04
SPOT-112284,18-24,Female,US,2025-04-22
SPOT-112285,35-44,Female,US,2024-01-14
SPOT-112286,35-44,Female,GB,2026-02-03
SPOT-112287,18-24,Female,BR,2023-11-15
SPOT-112288,18-24,Female,AU,2025-02-23
SPOT-112289,18-24,Male,US,2024-11-16
SPOT-112290,25-34,Male,BR,2024-03-08
SPOT-112291,25-34,Male,MX,2025-02-20
SPOT-112292,55+,Male,AR,2025-06-05
SPOT-112293,25-34,Female,MX,2024-01-03
SPOT-112294,18-24,Female,AR,2026-05-02
SPOT-112295,45-54,Female,BR,2024-05-04
SPOT-112296,25-34,Female,DE,2025-12-19
SPOT-112297,25-34,Male,MX,2026-04-18
SPOT-112298,18-24,Female,CA,2025-03-07
SPOT-112299,25-34,Male,BR,2024-02-07
SPOT-112300,45-54,Female,MX,2024-11-06
SPOT-112301,25-34,Male,GB,2024-07-31
SPOT-112302,18-24,Female,BR,2026-02-25
SPOT-112303,25-34,Male,MX,2026-05-08
SPOT-112304,45-54,Female,ES,2025-05-28
SPOT-112305,18-24,Male,BR,2025-04-30
SPOT-112306,25-34,Male,US,2024-02-13
SPOT-112307,55+,Male,BR,2025-01-08
SPOT-112308,18-24,Female,GB,2026-03-26
SPOT-112309,35-44,Female,US,2024-01-19
SPOT-112310,25-34,Female,AR,2024-04-05
SPOT-112311,25-34,Female,US,2024-06-26
SPOT-112312,25-34,Male,MX,2025-12-27
SPOT-112313,18-24,Female,AU,2026-01-21
SPOT-112314,25-34,Female,US,2023-12-22
SPOT-112315,18-24,Male,US,2024-06-05
SPOT-112316,25-34,Female,ES,2025-12-05
SPOT-112317,18-24,Male,US,2026-05-18
SPOT-112318,18-24,Male,AR,2024-08-26
SPOT-112319,55+,Female,US,2025-12-17
SPOT-112320,25-34,Female,FR,2025-12-31
SPOT-112321,55+,Female,US,2025-01-27
SPOT-112322,18-24,Male,CA,2025-07-26
SPOT-112323,25-34,Female,FR,2026-01-25
SPOT-112324,18-24,Female,BR,2024-07-05
SPOT-112325,35-44,Female,ES,2024-02-02
SPOT-112326,35-44,Female,US,2025-12-03
SPOT-112327,18-24,Female,US,2024-05-14
SPOT-112328,45-54,Male,GB,2025-07-07
SPOT-112329,18-24,Female,BR,2023-11-30
SPOT-112330,25-34,Female,FR,2024-03-18
SPOT-112331,55+,Male,BR,2025-09-16
SPOT-112332,45-54,Female,MX,2023-11-12
SPOT-112333,55+,Female,MX,2025-12-11
SPOT-112334,18-24,Female,FR,2025-08-09
SPOT-112335,18-24,Male,ES,2025-08-21
SPOT-112336,18-24,Male,AU,2023-11-14
SPOT-112337,25-34,Male,US,2024-01-08
SPOT-112338,35-44,Female,US,2024-04-04
SPOT-112339,18-24,Male,CA,2024-07-23
SPOT-112340,25-34,Male,AR,2023-12-02
SPOT-112341,18-24,Non-binary,GB,2023-12-15
SPOT-112342,18-24,Male,AU,2024-03-13
SPOT-112343,25-34,Female,FR,2025-02-10
SPOT-112344,25-34,Female,US,2025-09-29
SPOT-112345,35-44,Female,AR,2026-01-21
SPOT-112346,18-24,Female,AR,2023-11-11
SPOT-112347,35-44,Non-binary,US,2024-05-09
SPOT-112348,18-24,Female,MX,2025-07-04
SPOT-112349,18-24,Female,AU,2024-06-18
SPOT-112350,25-34,Male,MX,2025-01-19
SPOT-112351,45-54,Male,AR,2024-04-05
SPOT-112352,18-24,Female,US,2025-03-01
SPOT-112353,18-24,Female,ES,2024-03-25
SPOT-112354,25-34,Female,US,2025-06-19
SPOT-112355,18-24,Female,US,2025-07-15
SPOT-112356,35-44,Male,BR,2025-05-02
SPOT-112357,35-44,Male,ES,2024-08-26
SPOT-112358,18-24,Male,BR,2025-05-21
SPOT-112359,25-34,Female,CA,2024-11-20
SPOT-112360,35-44,Male,MX,2025-02-12
SPOT-112361,18-24,Male,US,2025-10-23
SPOT-112362,25-34,Female,CA,2024-04-03
SPOT-112363,18-24,Male,US,2024-01-15
SPOT-112364,25-34,Female,ES,2025-02-02
SPOT-112365,18-24,Male,US,2023-12-31
SPOT-112366,35-44,Female,AU,2024-10-29
SPOT-112367,25-34,Male,GB,2026-01-04
SPOT-112368,18-24,Male,BR,2026-04-19
SPOT-112369,35-44,Female,DE,2026-04-06
SPOT-112370,18-24,Female,US,2026-04-24
SPOT-112371,25-34,Male,BR,2025-08-02
SPOT-112372,25-34,Female,US,2024-12-04
SPOT-112373,18-24,Non-binary,AR,2025-01-10
SPOT-112374,45-54,Male,AU,2025-02-02
SPOT-112375,35-44,Female,AR,2025-10-16
SPOT-112376,18-24,Male,DE,2025-11-16
SPOT-112377,35-44,Male,US,2025-01-06
SPOT-112378,25-34,Male,US,2025-06-16
SPOT-112379,45-54,Male,BR,2026-05-12
SPOT-112380,18-24,Male,MX,2025-10-14
SPOT-112381,25-34,Male,AR,2025-11-20
SPOT-112382,25-34,Male,BR,2025-11-19
SPOT-112383,25-34,Female,AU,2024-09-02
SPOT-112384,25-34,Female,BR,2024-06-12
SPOT-112385,18-24,Female,MX,2024-05-25
SPOT-112386,35-44,Male,US,2025-05-17
SPOT-112387,25-34,Female,GB,2024-06-06
SPOT-112388,55+,Male,MX,2024-05-31
SPOT-112389,18-24,Male,MX,2025-03-19
SPOT-112390,25-34,Female,GB,2025-03-10
SPOT-112391,45-54,Female,US,2025-06-02
SPOT-112392,25-34,Male,GB,2025-09-24
SPOT-112393,45-54,Male,US,2024-06-23
SPOT-112394,35-44,Female,BR,2024-05-05
SPOT-112395,25-34,Female,GB,2024-11-18
SPOT-112396,25-34,Male,DE,2024-12-14
SPOT-112397,18-24,Female,BR,2026-03-29
SPOT-112398,25-34,Male,BR,2025-05-03
SPOT-112399,18-24,Female,BR,2024-09-07
SPOT-112400,35-44,Male,BR,2025-05-10
SPOT-112401,25-34,Male,BR,2024-10-20
SPOT-112402,25-34,Male,AR,2024-06-16
SPOT-112403,18-24,Female,DE,2024-12-28
SPOT-112404,55+,Male,BR,2024-12-16
SPOT-112405,18-24,Female,AU,2024-05-31
SPOT-112406,18-24,Female,US,2024-05-11
SPOT-112407,18-24,Female,ES,2025-06-03
SPOT-112408,55+,Male,BR,2023-12-13
SPOT-112409,55+,Male,AR,2026-03-09
SPOT-112410,25-34,Male,DE,2026-05-30
SPOT-112411,45-54,Male,GB,2024-11-02
SPOT-112412,18-24,Non-binary,US,2025-06-26
SPOT-112413,55+,Non-binary,FR,2025-11-30
SPOT-112414,18-24,Male,ES,2026-03-07
SPOT-112415,18-24,Male,US,2024-03-31
SPOT-112416,18-24,Female,ES,2024-12-16
SPOT-112417,25-34,Female,US,2025-11-13
SPOT-112418,35-44,Female,US,2024-11-06
SPOT-112419,25-34,Male,BR,2024-04-07
SPOT-112420,55+,Male,DE,2024-07-22
SPOT-112421,25-34,Female,AR,2026-05-12
SPOT-112422,18-24,Male,MX,2024-12-11
SPOT-112423,25-34,Female,AU,2024-08-30
SPOT-112424,25-34,Male,FR,2024-04-05
SPOT-112425,35-44,Female,GB,2026-03-06
SPOT-112426,25-34,Female,AR,2026-05-12
SPOT-112427,25-34,Male,FR,2023-12-11
SPOT-112428,18-24,Male,AU,2024-08-01
SPOT-112429,25-34,Female,US,2024-07-18
SPOT-112430,55+,Male,FR,2025-01-06
SPOT-112431,18-24,Female,US,2024-12-23
SPOT-112432,45-54,Male,BR,2025-12-27
SPOT-112433,25-34,Male,DE,2024-04-13
SPOT-112434,18-24,Female,CA,2026-03-17
SPOT-112435,55+,Female,DE,2025-01-28
SPOT-112436,25-34,Male,BR,2024-12-04
SPOT-112437,18-24,Male,MX,2024-08-07
SPOT-112438,18-24,Female,US,2025-03-19
SPOT-112439,18-24,Female,BR,2026-05-01
SPOT-112440,35-44,Male,BR,2025-10-11
SPOT-112441,25-34,Male,BR,2026-03-10
SPOT-112442,45-54,Male,US,2024-09-11
SPOT-112443,18-24,Female,US,2025-10-22
SPOT-112444,18-24,Female,US,2024-12-22
SPOT-112445,18-24,Male,FR,2026-03-26
SPOT-112446,25-34,Female,GB,2024-08-05
SPOT-112447,55+,Male,DE,2025-04-19
SPOT-112448,25-34,Female,DE,2026-05-15
SPOT-112449,18-24,Male,ES,2024-04-04
SPOT-112450,45-54,Female,GB,2024-07-06
SPOT-112451,35-44,Female,US,2025-02-25
SPOT-112452,18-24,Female,DE,2025-10-20
SPOT-112453,35-44,Female,ES,2024-10-05
SPOT-112454,18-24,Female,CA,2024-03-22
SPOT-112455,18-24,Female,US,2026-01-12
SPOT-112456,18-24,Male,AR,2024-01-30
SPOT-112457,25-34,Male,US,2025-05-30
SPOT-112458,25-34,Female,GB,2024-08-25
SPOT-112459,18-24,Female,US,2026-02-13
SPOT-112460,18-24,Female,CA,2025-10-28
SPOT-112461,35-44,Male,ES,2024-10-06
SPOT-112462,55+,Female,GB,2024-04-16
SPOT-112463,35-44,Male,DE,2025-01-11
SPOT-112464,18-24,Male,MX,2026-04-16
SPOT-112465,18-24,Female,US,2025-06-18
SPOT-112466,18-24,Male,US,2026-04-18
SPOT-112467,18-24,Male,AR,2024-09-19
SPOT-112468,25-34,Female,US,2026-03-08
SPOT-112469,25-34,Male,ES,2024-06-19
SPOT-112470,35-44,Female,US,2025-10-07
SPOT-112471,25-34,Female,US,2025-08-25
SPOT-112472,18-24,Female,CA,2024-05-06
SPOT-112473,18-24,Non-binary,CA,2023-12-02
SPOT-112474,25-34,Female,MX,2026-05-31
SPOT-112475,18-24,Female,DE,2024-09-24
SPOT-112476,18-24,Female,BR,2024-10-25
SPOT-112477,25-34,Female,DE,2026-05-05
SPOT-112478,18-24,Male,ES,2025-05-10
SPOT-112479,18-24,Female,ES,2024-02-17
SPOT-112480,35-44,Female,AR,2026-01-11
SPOT-112481,45-54,Female,BR,2024-10-09
SPOT-112482,18-24,Female,AR,2025-08-25
SPOT-112483,18-24,Female,US,2026-04-28
SPOT-112484,35-44,Female,US,2025-01-03
SPOT-112485,18-24,Male,MX,2025-01-12
SPOT-112486,25-34,Male,US,2024-01-27
SPOT-112487,18-24,Female,BR,2024-05-10
SPOT-112488,18-24,Male,ES,2025-08-22
SPOT-112489,35-44,Non-binary,DE,2023-11-11
SPOT-112490,35-44,Female,US,2025-10-02
SPOT-112491,18-24,Female,FR,2024-12-16
SPOT-112492,18-24,Female,US,2024-07-01
SPOT-112493,18-24,Female,CA,2025-02-12
SPOT-112494,18-24,Male,US,2024-03-11
SPOT-112495,55+,Female,ES,2025-06-09
SPOT-112496,25-34,Male,CA,2025-11-04
SPOT-112497,25-34,Male,CA,2025-09-21
SPOT-112498,35-44,Male,FR,2024-09-24
SPOT-112499,35-44,Female,FR,2025-01-08
SPOT-112500,35-44,Female,BR,2024-10-23
SPOT-112501,18-24,Male,BR,2024-07-09
SPOT-112502,18-24,Male,MX,2025-10-12
SPOT-112503,25-34,Female,FR,2025-05-09
SPOT-112504,25-34,Male,AR,2024-09-10
SPOT-112505,55+,Male,AR,2025-02-05
SPOT-112506,25-34,Female,MX,2026-01-15
SPOT-112507,55+,Male,MX,2024-04-25
SPOT-112508,18-24,Male,CA,2024-11-03
SPOT-112509,45-54,Male,US,2023-12-13
SPOT-112510,18-24,Female,US,2025-04-02
SPOT-112511,55+,Female,AU,2024-04-30
SPOT-112512,18-24,Female,BR,2024-03-15
SPOT-112513,25-34,Female,BR,2024-01-24
SPOT-112514,35-44,Male,FR,2025-04-11
SPOT-112515,25-34,Male,AR,2026-01-19
SPOT-112516,25-34,Male,US,2024-08-01
SPOT-112517,55+,Female,US,2026-01-30
SPOT-112518,25-34,Female,AR,2025-07-26
SPOT-112519,25-34,Female,AR,2026-01-25
SPOT-112520,18-24,Male,US,2025-06-11
SPOT-112521,35-44,Male,AR,2025-12-31
SPOT-112522,25-34,Male,BR,2025-08-22
SPOT-112523,25-34,Female,DE,2024-07-28
SPOT-112524,18-24,Male,AU,2026-04-27
SPOT-112525,25-34,Female,BR,2024-04-16
SPOT-112526,18-24,Male,US,2024-06-24
SPOT-112527,18-24,Female,GB,2026-02-09
SPOT-112528,25-34,Male,GB,2025-01-25
SPOT-112529,18-24,Male,AU,2026-05-30
SPOT-112530,18-24,Male,GB,2024-06-22
SPOT-112531,25-34,Male,DE,2024-05-06
SPOT-112532,18-24,Male,ES,2024-09-02
SPOT-112533,18-24,Female,GB,2024-09-14
SPOT-112534,18-24,Male,ES,2025-03-15
SPOT-112535,25-34,Male,US,2025-02-20
SPOT-112536,25-34,Female,US,2024-01-25
SPOT-112537,35-44,Female,AU,2024-08-25
SPOT-112538,18-24,Male,GB,2025-12-08
SPOT-112539,18-24,Female,ES,2024-07-02
SPOT-112540,18-24,Female,AR,2026-01-12
SPOT-112541,25-34,Male,GB,2024-06-21
SPOT-112542,45-54,Female,GB,2024-08-08
SPOT-112543,18-24,Male,ES,2024-11-17
SPOT-112544,18-24,Male,MX,2025-01-17
SPOT-112545,18-24,Non-binary,GB,2026-05-03
SPOT-112546,25-34,Male,ES,2024-05-01
SPOT-112547,25-34,Male,FR,2026-01-24
SPOT-112548,25-34,Non-binary,US,2026-03-04
SPOT-112549,45-54,Female,US,2025-12-14
SPOT-112550,25-34,Female,GB,2025-09-23
SPOT-112551,18-24,Female,MX,2026-03-07
SPOT-112552,18-24,Female,CA,2024-07-12
SPOT-112553,25-34,Female,FR,2025-03-06
SPOT-112554,25-34,Male,US,2024-04-15
SPOT-112555,25-34,Male,FR,2024-07-14
SPOT-112556,25-34,Male,AR,2024-12-22
SPOT-112557,25-34,Male,ES,2026-02-07
SPOT-112558,45-54,Male,MX,2024-05-31
SPOT-112559,25-34,Female,AR,2025-12-16
SPOT-112560,35-44,Male,FR,2023-11-20
SPOT-112561,18-24,Male,AR,2025-03-31
SPOT-112562,25-34,Female,US,2024-06-22
SPOT-112563,45-54,Female,ES,2024-12-22
SPOT-112564,25-34,Female,AR,2025-10-18
SPOT-112565,35-44,Female,US,2025-04-14
SPOT-112566,35-44,Female,US,2026-05-23
SPOT-112567,18-24,Female,AR,2025-11-04
SPOT-112568,25-34,Female,GB,2025-07-04
SPOT-112569,18-24,Female,DE,2024-05-02
SPOT-112570,55+,Female,DE,2025-02-25
SPOT-112571,35-44,Female,US,2024-12-30
SPOT-112572,18-24,Female,CA,2024-04-14
SPOT-112573,18-24,Male,AR,2024-01-29
SPOT-112574,25-34,Female,GB,2026-04-03
SPOT-112575,18-24,Female,US,2023-11-12
SPOT-112576,18-24,Female,DE,2024-07-08
SPOT-112577,25-34,Male,DE,2024-08-19
SPOT-112578,25-34,Male,US,2025-02-22
SPOT-112579,18-24,Male,FR,2025-12-22
SPOT-112580,35-44,Female,FR,2024-05-31
SPOT-112581,45-54,Female,FR,2025-07-20
SPOT-112582,35-44,Male,AR,2026-05-14
SPOT-112583,35-44,Female,ES,2024-11-14
SPOT-112584,18-24,Male,MX,2024-01-19
SPOT-112585,18-24,Male,AU,2026-03-28
SPOT-112586,18-24,Male,ES,2025-05-17
SPOT-112587,35-44,Female,MX,2024-06-30
SPOT-112588,45-54,Female,AR,2024-01-13
SPOT-112589,35-44,Male,US,2024-01-22
SPOT-112590,45-54,Female,AU,2024-09-09
SPOT-112591,25-34,Female,US,2024-10-28
SPOT-112592,25-34,Male,MX,2024-04-17
SPOT-112593,25-34,Non-binary,US,2024-09-11
SPOT-112594,18-24,Female,FR,2024-07-02
SPOT-112595,18-24,Male,AU,2025-08-01
SPOT-112596,25-34,Female,DE,2025-11-28
SPOT-112597,25-34,Male,FR,2025-12-09
SPOT-112598,25-34,Female,GB,2024-12-21
SPOT-112599,25-34,Female,US,2024-03-05
SPOT-112600,18-24,Male,GB,2025-11-16
SPOT-112601,25-34,Female,GB,2026-04-13
SPOT-112602,25-34,Female,MX,2024-10-30
SPOT-112603,25-34,Non-binary,AR,2024-10-11
SPOT-112604,35-44,Male,US,2024-06-14
SPOT-112605,25-34,Female,US,2025-03-10
SPOT-112606,25-34,Female,US,2024-07-06
SPOT-112607,45-54,Male,GB,2023-12-05
SPOT-112608,45-54,Male,GB,2026-03-10
SPOT-112609,45-54,Female,US,2024-09-28
SPOT-112610,18-24,Female,DE,2025-07-04
SPOT-112611,18-24,Male,FR,2024-01-02
SPOT-112612,18-24,Female,US,2024-08-30
SPOT-112613,18-24,Male,FR,2025-10-29
SPOT-112614,45-54,Male,BR,2024-03-30
SPOT-112615,25-34,Female,MX,2026-04-12
SPOT-112616,18-24,Female,AR,2024-09-12
SPOT-112617,18-24,Male,GB,2024-11-17
SPOT-112618,18-24,Female,AU,2024-07-25
SPOT-112619,25-34,Female,US,2023-12-31
SPOT-112620,35-44,Female,BR,2026-05-15
SPOT-112621,45-54,Female,GB,2024-09-23
SPOT-112622,45-54,Male,DE,2025-12-27
SPOT-112623,18-24,Female,DE,2025-01-22
SPOT-112624,18-24,Male,CA,2026-03-21
SPOT-112625,18-24,Non-binary,DE,2024-02-09
SPOT-112626,25-34,Male,MX,2024-08-19
SPOT-112627,45-54,Male,AU,2023-11-23
SPOT-112628,25-34,Male,BR,2025-03-30
SPOT-112629,35-44,Female,DE,2025-09-01
SPOT-112630,25-34,Male,AU,2026-01-07
SPOT-112631,18-24,Female,AR,2025-02-03
SPOT-112632,18-24,Female,CA,2025-04-04
SPOT-112633,25-34,Male,DE,2025-09-05
SPOT-112634,35-44,Male,MX,2023-11-22
SPOT-112635,18-24,Female,US,2024-09-21
SPOT-112636,35-44,Male,FR,2025-06-12
SPOT-112637,35-44,Male,CA,2024-03-29
SPOT-112638,25-34,Male,GB,2024-11-18
SPOT-112639,35-44,Male,US,2024-03-24
SPOT-112640,25-34,Male,US,2024-03-13
SPOT-112641,25-34,Female,MX,2026-04-09
SPOT-112642,35-44,Female,GB,2026-02-02
SPOT-112643,55+,Female,MX,2025-06-26
SPOT-112644,18-24,Male,GB,2023-12-11
SPOT-112645,25-34,Female,CA,2026-04-28
SPOT-112646,18-24,Male,DE,2025-11-17
SPOT-112647,18-24,Female,BR,2024-08-30
SPOT-112648,25-34,Female,GB,2025-01-28
SPOT-112649,45-54,Male,US,2025-12-14
SPOT-112650,25-34,Male,BR,2025-12-31
SPOT-112651,18-24,Male,ES,2024-10-30
SPOT-112652,18-24,Male,AU,2025-08-28
SPOT-112653,25-34,Female,US,2024-11-08
SPOT-112654,18-24,Male,AR,2023-12-14
SPOT-112655,18-24,Female,GB,2024-11-07
SPOT-112656,35-44,Male,AR,2025-07-17
SPOT-112657,18-24,Female,GB,2025-06-13
SPOT-112658,25-34,Male,US,2025-05-16
SPOT-112659,35-44,Male,MX,2026-04-23
SPOT-112660,18-24,Female,FR,2025-06-15
SPOT-112661,25-34,Female,US,2024-03-31
SPOT-112662,25-34,Female,US,2024-04-13
SPOT-112663,25-34,Female,FR,2026-03-14
SPOT-112664,25-34,Non-binary,MX,2025-04-29
SPOT-112665,18-24,Female,AR,2026-01-27
SPOT-112666,35-44,Male,US,2025-08-07
SPOT-112667,35-44,Male,FR,2025-12-27
SPOT-112668,18-24,Female,DE,2026-01-24
SPOT-112669,18-24,Female,FR,2024-02-18
SPOT-112670,18-24,Female,US,2025-11-10
SPOT-112671,18-24,Male,FR,2024-11-30
SPOT-112672,25-34,Female,MX,2025-02-23
SPOT-112673,18-24,Female,BR,2026-01-03
SPOT-112674,18-24,Female,US,2026-05-05
SPOT-112675,35-44,Male,MX,2025-01-23
SPOT-112676,18-24,Female,BR,2026-04-07
SPOT-112677,35-44,Female,ES,2024-02-29
SPOT-112678,35-44,Female,ES,2025-11-14
SPOT-112679,18-24,Female,DE,2024-04-11
SPOT-112680,35-44,Female,US,2024-02-20
SPOT-112681,35-44,Male,CA,2025-10-25
SPOT-112682,25-34,Female,CA,2025-06-14
SPOT-112683,18-24,Female,US,2024-02-05
SPOT-112684,25-34,Male,MX,2024-10-21
SPOT-112685,45-54,Male,US,2024-06-14
SPOT-112686,25-34,Male,FR,2024-10-09
SPOT-112687,18-24,Female,US,2024-05-26
SPOT-112688,25-34,Female,AU,2023-12-02
SPOT-112689,25-34,Male,MX,2025-02-03
SPOT-112690,25-34,Female,US,2024-02-25
SPOT-112691,35-44,Female,FR,2024-03-18
SPOT-112692,25-34,Female,MX,2024-04-19
SPOT-112693,35-44,Female,MX,2026-03-08
SPOT-112694,35-44,Female,GB,2026-02-22
SPOT-112695,25-34,Male,GB,2025-05-19
SPOT-112696,18-24,Female,CA,2024-03-31
SPOT-112697,35-44,Female,MX,2026-02-07
SPOT-112698,45-54,Male,US,2024-02-07
SPOT-112699,18-24,Non-binary,GB,2025-04-21
SPOT-112700,25-34,Male,BR,2025-11-03
SPOT-112701,18-24,Female,US,2025-04-08
SPOT-112702,35-44,Female,US,2025-10-30
SPOT-112703,35-44,Female,US,2025-01-10
SPOT-112704,18-24,Female,MX,2024-01-21
SPOT-112705,45-54,Female,GB,2024-05-25
SPOT-112706,18-24,Female,DE,2024-04-03
SPOT-112707,35-44,Female,US,2023-11-17
SPOT-112708,25-34,Female,ES,2025-05-13
SPOT-112709,18-24,Female,ES,2024-04-30
SPOT-112710,18-24,Female,AR,2025-11-10
SPOT-112711,18-24,Male,MX,2024-08-02
SPOT-112712,25-34,Female,ES,2024-10-24
SPOT-112713,25-34,Male,BR,2025-05-03
SPOT-112714,18-24,Female,BR,2024-10-17
SPOT-112715,18-24,Male,GB,2025-08-02
SPOT-112716,18-24,Male,US,2025-07-05
SPOT-112717,35-44,Male,GB,2023-12-14
SPOT-112718,35-44,Male,MX,2024-04-16
SPOT-112719,18-24,Male,CA,2025-03-26
SPOT-112720,25-34,Male,GB,2025-01-03
SPOT-112721,18-24,Male,MX,2023-12-16
SPOT-112722,45-54,Male,BR,2024-01-12
SPOT-112723,45-54,Female,MX,2024-07-26
SPOT-112724,25-34,Male,US,2024-05-18
SPOT-112725,45-54,Female,US,2025-11-11
SPOT-112726,35-44,Female,US,2024-01-01
SPOT-112727,35-44,Male,FR,2024-06-04
SPOT-112728,25-34,Male,US,2024-06-04
SPOT-112729,18-24,Non-binary,BR,2024-12-05
SPOT-112730,18-24,Female,CA,2025-07-30
SPOT-112731,18-24,Male,MX,2025-03-13
SPOT-112732,25-34,Male,BR,2024-10-20
SPOT-112733,18-24,Male,DE,2025-02-01
SPOT-112734,18-24,Female,MX,2025-07-06
SPOT-112735,25-34,Female,BR,2025-02-26
SPOT-112736,18-24,Male,ES,2026-01-04
SPOT-112737,25-34,Male,MX,2024-06-05
SPOT-112738,45-54,Male,BR,2025-02-28
SPOT-112739,35-44,Non-binary,AU,2024-06-09
SPOT-112740,25-34,Female,AR,2025-10-06
SPOT-112741,25-34,Female,MX,2025-11-01
SPOT-112742,25-34,Male,BR,2024-01-03
SPOT-112743,18-24,Female,ES,2025-06-15
SPOT-112744,45-54,Male,AR,2024-08-07
SPOT-112745,18-24,Female,GB,2024-06-13
SPOT-112746,18-24,Male,MX,2025-09-19
SPOT-112747,35-44,Female,US,2024-12-10
SPOT-112748,18-24,Male,DE,2024-05-29
SPOT-112749,25-34,Female,CA,2024-09-29
SPOT-112750,18-24,Male,GB,2025-03-28
SPOT-112751,18-24,Male,US,2025-06-03
SPOT-112752,18-24,Male,US,2026-02-09
SPOT-112753,18-24,Female,DE,2025-07-27
SPOT-112754,25-34,Male,US,2024-09-23
SPOT-112755,35-44,Male,DE,2025-06-11
SPOT-112756,25-34,Male,ES,2024-09-22
SPOT-112757,45-54,Male,FR,2026-01-24
SPOT-112758,18-24,Male,US,2023-11-17
SPOT-112759,18-24,Male,ES,2025-08-02
SPOT-112760,18-24,Male,US,2024-07-27
SPOT-112761,25-34,Male,DE,2024-08-02
SPOT-112762,25-34,Female,AU,2025-10-02
SPOT-112763,25-34,Male,US,2025-02-06
SPOT-112764,35-44,Female,US,2026-01-08
SPOT-112765,25-34,Male,GB,2023-11-14
SPOT-112766,25-34,Female,AU,2024-09-01
SPOT-112767,45-54,Male,US,2026-05-10
SPOT-112768,18-24,Female,US,2024-09-11
SPOT-112769,25-34,Female,MX,2026-01-25
SPOT-112770,35-44,Male,US,2025-12-11
SPOT-112771,25-34,Male,US,2024-12-14
SPOT-112772,18-24,Male,US,2025-08-30
SPOT-112773,25-34,Male,BR,2024-12-09
SPOT-112774,25-34,Male,BR,2024-06-16
SPOT-112775,25-34,Female,ES,2024-11-04
SPOT-112776,18-24,Male,US,2024-04-16
SPOT-112777,45-54,Male,BR,2024-08-19
SPOT-112778,35-44,Female,MX,2025-05-04
SPOT-112779,25-34,Female,US,2026-02-21
SPOT-112780,25-34,Male,BR,2024-09-10
SPOT-112781,45-54,Female,ES,2025-11-29
SPOT-112782,18-24,Male,AU,2025-09-14
SPOT-112783,18-24,Male,BR,2024-04-16
SPOT-112784,25-34,Male,FR,2025-07-05
SPOT-112785,35-44,Male,AR,2025-05-31
SPOT-112786,18-24,Male,CA,2024-09-15
SPOT-112787,55+,Male,ES,2023-11-15
SPOT-112788,25-34,Male,US,2024-09-18
SPOT-112789,25-34,Female,GB,2025-09-03
SPOT-112790,18-24,Female,AR,2025-01-04
SPOT-112791,18-24,Female,BR,2024-04-30
SPOT-112792,35-44,Female,GB,2024-04-26
SPOT-112793,55+,Female,MX,2025-12-27
SPOT-112794,25-34,Female,CA,2025-02-06
SPOT-112795,55+,Female,GB,2024-03-30
SPOT-112796,35-44,Male,BR,2025-12-12
SPOT-112797,25-34,Male,BR,2023-12-16
SPOT-112798,25-34,Female,US,2025-04-12
SPOT-112799,25-34,Male,US,2023-11-07
SPOT-112800,25-34,Male,FR,2023-11-19
SPOT-112801,18-24,Male,CA,2024-04-07
SPOT-112802,25-34,Non-binary,CA,2024-08-21
SPOT-112803,18-24,Male,DE,2025-01-19
SPOT-112804,35-44,Male,GB,2024-12-01
SPOT-112805,35-44,Male,CA,2024-02-07
SPOT-112806,18-24,Female,FR,2024-02-02
SPOT-112807,18-24,Male,AR,2024-01-16
SPOT-112808,25-34,Male,GB,2024-04-24
SPOT-112809,25-34,Female,MX,2024-05-22
SPOT-112810,18-24,Female,ES,2024-07-13
SPOT-112811,25-34,Female,BR,2026-05-07
SPOT-112812,18-24,Female,MX,2024-07-13
SPOT-112813,18-24,Male,ES,2025-11-09
SPOT-112814,18-24,Female,ES,2024-04-02
SPOT-112815,18-24,Male,US,2024-09-30
SPOT-112816,35-44,Female,DE,2024-03-29
SPOT-112817,55+,Male,AR,2024-03-01
SPOT-112818,25-34,Male,GB,2025-08-17
SPOT-112819,25-34,Male,CA,2024-10-18
SPOT-112820,18-24,Male,AR,2024-07-30
SPOT-112821,25-34,Male,FR,2024-12-15
SPOT-112822,18-24,Female,GB,2026-01-18
SPOT-112823,25-34,Female,US,2024-04-27
SPOT-112824,45-54,Male,US,2023-11-17
SPOT-112825,18-24,Male,BR,2024-02-22
SPOT-112826,35-44,Female,GB,2024-09-05
SPOT-112827,18-24,Female,GB,2025-09-01
SPOT-112828,25-34,Male,US,2025-05-03
SPOT-112829,18-24,Female,BR,2026-05-30
SPOT-112830,25-34,Female,BR,2025-10-23
SPOT-112831,18-24,Male,DE,2025-03-13
SPOT-112832,25-34,Male,US,2025-12-13
SPOT-112833,25-34,Male,CA,2025-05-23
SPOT-112834,18-24,Female,DE,2026-02-04
SPOT-112835,25-34,Male,US,2026-01-05
SPOT-112836,45-54,Male,US,2024-12-26
SPOT-112837,25-34,Female,US,2025-11-16
SPOT-112838,18-24,Male,GB,2024-08-14
SPOT-112839,18-24,Female,MX,2025-08-12
SPOT-112840,45-54,Male,AU,2024-02-11
SPOT-112841,25-34,Non-binary,GB,2024-12-05
SPOT-112842,25-34,Female,AR,2025-03-04
SPOT-112843,18-24,Female,CA,2025-04-06
SPOT-112844,25-34,Male,DE,2025-12-26
SPOT-112845,18-24,Male,GB,2025-10-01
SPOT-112846,45-54,Female,BR,2024-03-30
SPOT-112847,45-54,Male,FR,2025-05-28
SPOT-112848,18-24,Female,US,2024-06-01
SPOT-112849,25-34,Female,BR,2025-02-17
SPOT-112850,18-24,Female,ES,2024-07-22
SPOT-112851,25-34,Male,MX,2024-03-30
SPOT-112852,45-54,Female,BR,2024-04-16
SPOT-112853,25-34,Female,BR,2025-04-22
SPOT-112854,18-24,Female,MX,2024-03-24
SPOT-112855,18-24,Female,MX,2025-04-19
SPOT-112856,35-44,Male,GB,2025-11-10
SPOT-112857,25-34,Female,BR,2024-08-01
SPOT-112858,25-34,Female,GB,2025-12-30
SPOT-112859,18-24,Male,AU,2025-09-07
SPOT-112860,18-24,Male,US,2024-07-15
SPOT-112861,55+,Male,US,2025-03-21
SPOT-112862,25-34,Female,GB,2024-11-10
SPOT-112863,25-34,Female,CA,2024-04-29
SPOT-112864,25-34,Male,MX,2025-08-04
SPOT-112865,35-44,Female,DE,2026-02-25
SPOT-112866,18-24,Female,CA,2026-04-17
SPOT-112867,18-24,Female,CA,2024-03-13
SPOT-112868,25-34,Female,DE,2025-11-11
SPOT-112869,25-34,Male,BR,2025-05-10
SPOT-112870,35-44,Female,CA,2024-09-27
SPOT-112871,45-54,Male,GB,2026-05-28
SPOT-112872,25-34,Female,DE,2025-06-22
SPOT-112873,18-24,Female,AR,2023-12-01
SPOT-112874,55+,Male,MX,2025-02-25
SPOT-112875,25-34,Male,US,2025-09-11
SPOT-112876,25-34,Male,US,2026-03-18
SPOT-112877,25-34,Male,AR,2024-12-03
SPOT-112878,25-34,Male,US,2024-09-18
SPOT-112879,18-24,Female,CA,2023-11-16
SPOT-112880,35-44,Male,GB,2024-06-30
SPOT-112881,35-44,Male,BR,2024-05-26
SPOT-112882,25-34,Male,BR,2024-05-31
SPOT-112883,25-34,Male,DE,2025-02-01
SPOT-112884,18-24,Male,US,2024-12-11
SPOT-112885,18-24,Male,US,2024-03-11
SPOT-112886,18-24,Male,MX,2023-12-08
SPOT-112887,18-24,Male,DE,2024-03-18
SPOT-112888,55+,Male,DE,2023-12-18
SPOT-112889,35-44,Female,US,2026-02-23
SPOT-112890,25-34,Male,GB,2023-12-20
SPOT-112891,25-34,Male,BR,2025-07-29
SPOT-112892,18-24,Female,US,2026-03-13
SPOT-112893,55+,Female,US,2025-01-15
SPOT-112894,25-34,Male,BR,2026-05-28
SPOT-112895,18-24,Male,BR,2024-05-30
SPOT-112896,25-34,Female,GB,2025-02-19
SPOT-112897,45-54,Female,GB,2024-12-16
SPOT-112898,45-54,Male,AR,2026-02-02
SPOT-112899,18-24,Male,FR,2024-08-21
SPOT-112900,45-54,Female,GB,2024-09-26
SPOT-112901,18-24,Female,GB,2024-11-28
SPOT-112902,18-24,Male,AR,2024-03-15
SPOT-112903,35-44,Male,AU,2024-04-19
SPOT-112904,45-54,Male,GB,2024-02-15
SPOT-112905,25-34,Male,AR,2024-12-07
SPOT-112906,25-34,Female,BR,2024-11-12
SPOT-112907,35-44,Male,GB,2025-07-12
SPOT-112908,35-44,Non-binary,MX,2026-03-05
SPOT-112909,45-54,Male,DE,2025-04-09
SPOT-112910,25-34,Male,GB,2024-05-04
SPOT-112911,55+,Male,US,2023-11-14
SPOT-112912,55+,Female,FR,2025-05-12
SPOT-112913,18-24,Male,FR,2025-11-30
SPOT-112914,35-44,Female,US,2024-09-21
SPOT-112915,25-34,Female,MX,2023-11-19
SPOT-112916,25-34,Male,US,2025-03-12
SPOT-112917,25-34,Female,MX,2025-01-18
SPOT-112918,18-24,Male,CA,2025-12-27
SPOT-112919,25-34,Female,GB,2023-11-07
SPOT-112920,45-54,Male,GB,2025-04-05
SPOT-112921,18-24,Male,AR,2024-05-30
SPOT-112922,25-34,Female,ES,2024-06-20
SPOT-112923,45-54,Male,DE,2023-12-14
SPOT-112924,25-34,Female,AR,2024-08-07
SPOT-112925,25-34,Female,CA,2025-06-18
SPOT-112926,25-34,Male,DE,2026-05-08
SPOT-112927,25-34,Male,US,2025-07-15
SPOT-112928,25-34,Female,BR,2023-11-28
SPOT-112929,35-44,Female,ES,2023-11-08
SPOT-112930,25-34,Male,US,2025-12-12
SPOT-112931,35-44,Female,US,2024-06-20
SPOT-112932,25-34,Female,GB,2025-05-29
SPOT-112933,18-24,Male,US,2025-10-19
SPOT-112934,25-34,Female,ES,2024-04-19
SPOT-112935,35-44,Male,US,2024-03-20
SPOT-112936,25-34,Female,ES,2024-09-17
SPOT-112937,18-24,Male,US,2026-03-04
SPOT-112938,18-24,Male,AU,2026-05-06
SPOT-112939,18-24,Female,BR,2025-10-09
SPOT-112940,18-24,Male,US,2024-01-09
SPOT-112941,25-34,Female,ES,2025-07-19
SPOT-112942,18-24,Female,DE,2024-09-09
SPOT-112943,35-44,Male,MX,2026-01-31
SPOT-112944,18-24,Male,AU,2025-09-30
SPOT-112945,18-24,Female,BR,2024-11-07
SPOT-112946,25-34,Male,AR,2023-12-22
SPOT-112947,18-24,Female,GB,2026-01-20
SPOT-112948,45-54,Male,ES,2025-02-23
SPOT-112949,18-24,Female,US,2025-07-18
SPOT-112950,25-34,Male,FR,2025-02-17
SPOT-112951,35-44,Male,US,2025-06-23
SPOT-112952,25-34,Male,GB,2024-06-10
SPOT-112953,18-24,Male,AU,2024-09-13
SPOT-112954,25-34,Male,US,2024-12-09
SPOT-112955,35-44,Female,GB,2025-08-20
SPOT-112956,55+,Male,BR,2024-04-20
SPOT-112957,45-54,Male,AU,2025-02-03
SPOT-112958,18-24,Male,MX,2024-07-29
SPOT-112959,55+,Female,US,2026-01-02
SPOT-112960,18-24,Female,ES,2024-06-19
SPOT-112961,18-24,Male,DE,2025-05-21
SPOT-112962,35-44,Female,AU,2025-07-23
SPOT-112963,18-24,Female,MX,2025-07-07
SPOT-112964,18-24,Male,BR,2024-04-02
SPOT-112965,18-24,Female,BR,2025-01-05
SPOT-112966,25-34,Female,MX,2025-08-01
SPOT-112967,35-44,Female,ES,2025-09-22
SPOT-112968,25-34,Female,US,2025-02-11
SPOT-112969,18-24,Female,US,2024-02-06
SPOT-112970,25-34,Male,GB,2026-03-08
SPOT-112971,45-54,Male,BR,2025-08-16
SPOT-112972,35-44,Female,GB,2025-05-22
SPOT-112973,18-24,Female,US,2024-03-14
SPOT-112974,55+,Female,CA,2024-01-31
SPOT-112975,35-44,Female,US,2025-08-16
SPOT-112976,18-24,Female,CA,2024-08-26
SPOT-112977,18-24,Female,CA,2024-07-07
SPOT-112978,18-24,Male,MX,2025-06-25
SPOT-112979,35-44,Male,US,2024-04-29
SPOT-112980,18-24,Male,US,2024-04-03
SPOT-112981,25-34,Female,AU,2025-04-15
SPOT-112982,18-24,Male,CA,2024-01-16
SPOT-112983,45-54,Male,AU,2023-11-08
SPOT-112984,18-24,Male,AU,2023-11-30
SPOT-112985,45-54,Female,US,2024-08-21
SPOT-112986,45-54,Male,BR,2025-01-11
SPOT-112987,18-24,Male,AR,2025-06-24
SPOT-112988,25-34,Male,GB,2024-07-06
SPOT-112989,18-24,Male,DE,2025-04-18
SPOT-112990,45-54,Male,GB,2025-03-23
SPOT-112991,25-34,Male,US,2025-09-13
SPOT-112992,18-24,Male,US,2025-12-09
SPOT-112993,18-24,Female,US,2024-10-14
SPOT-112994,25-34,Female,BR,2025-09-28
SPOT-112995,45-54,Male,MX,2024-10-20
SPOT-112996,25-34,Female,GB,2026-03-23
SPOT-112997,45-54,Female,AR,2025-10-26
SPOT-112998,25-34,Female,FR,2025-06-27
SPOT-112999,18-24,Male,US,2024-02-14
SPOT-113000,55+,Male,US,2024-10-07
SPOT-113001,18-24,Female,GB,2024-01-06
SPOT-113002,45-54,Male,ES,2025-02-25
SPOT-113003,25-34,Male,BR,2026-02-15
SPOT-113004,18-24,Male,BR,2025-10-11
SPOT-113005,25-34,Female,US,2025-12-20
SPOT-113006,55+,Male,GB,2024-09-12
SPOT-113007,55+,Male,AU,2025-10-27
SPOT-113008,18-24,Female,GB,2023-11-09
SPOT-113009,18-24,Female,BR,2024-08-06
SPOT-113010,25-34,Male,US,2024-10-23
SPOT-113011,25-34,Male,US,2025-11-24
SPOT-113012,35-44,Female,DE,2024-01-19
SPOT-113013,18-24,Male,MX,2026-02-28
SPOT-113014,55+,Female,DE,2025-05-16
SPOT-113015,25-34,Female,US,2026-05-31
SPOT-113016,35-44,Male,ES,2026-03-05
SPOT-113017,25-34,Male,US,2025-07-25
SPOT-113018,25-34,Male,MX,2024-11-14
SPOT-113019,55+,Female,AU,2025-11-17
SPOT-113020,25-34,Male,BR,2026-04-06
SPOT-113021,45-54,Male,US,2024-08-12
SPOT-113022,55+,Male,AR,2025-12-06
SPOT-113023,25-34,Male,BR,2024-07-23
SPOT-113024,25-34,Female,CA,2023-12-03
SPOT-113025,18-24,Male,ES,2025-12-16
SPOT-113026,18-24,Female,DE,2024-11-03
SPOT-113027,18-24,Male,MX,2025-09-07
SPOT-113028,18-24,Male,US,2025-02-22
SPOT-113029,18-24,Female,DE,2025-01-19
SPOT-113030,18-24,Female,BR,2024-06-29
SPOT-113031,25-34,Female,BR,2024-02-01
SPOT-113032,25-34,Male,BR,2024-12-26
SPOT-113033,18-24,Male,ES,2024-02-22
SPOT-113034,18-24,Female,US,2024-07-19
SPOT-113035,25-34,Female,US,2024-04-14
SPOT-113036,25-34,Female,US,2025-08-25
SPOT-113037,25-34,Female,AR,2024-03-15
SPOT-113038,25-34,Male,US,2026-02-19
SPOT-113039,35-44,Female,US,2024-08-04
SPOT-113040,25-34,Female,GB,2025-04-01
SPOT-113041,25-34,Male,MX,2024-06-04
SPOT-113042,55+,Male,DE,2025-02-19
SPOT-113043,35-44,Female,US,2024-03-09
SPOT-113044,25-34,Male,DE,2025-03-26
SPOT-113045,25-34,Female,MX,2025-10-05
SPOT-113046,18-24,Female,AR,2025-09-09
SPOT-113047,25-34,Female,US,2025-01-18
SPOT-113048,55+,Female,ES,2026-02-24
SPOT-113049,25-34,Male,US,2024-03-21
SPOT-113050,45-54,Male,ES,2025-01-22
SPOT-113051,25-34,Female,MX,2025-12-28
SPOT-113052,55+,Male,DE,2026-04-24
SPOT-113053,25-34,Male,US,2023-12-03
SPOT-113054,18-24,Female,ES,2024-03-20
SPOT-113055,25-34,Male,US,2024-01-05
SPOT-113056,18-24,Male,FR,2024-07-14
SPOT-113057,18-24,Male,ES,2026-03-23
SPOT-113058,35-44,Female,ES,2024-07-10
SPOT-113059,18-24,Male,ES,2025-06-04
SPOT-113060,35-44,Male,US,2024-09-18
SPOT-113061,18-24,Female,AU,2024-02-17
SPOT-113062,18-24,Male,FR,2023-11-27
SPOT-113063,55+,Male,BR,2026-04-10
SPOT-113064,25-34,Female,ES,2024-08-22
SPOT-113065,25-34,Male,ES,2025-10-13
SPOT-113066,25-34,Male,AR,2025-08-04
SPOT-113067,25-34,Female,GB,2026-03-16
SPOT-113068,45-54,Male,DE,2024-06-13
SPOT-113069,25-34,Female,AR,2023-11-23
SPOT-113070,25-34,Female,ES,2025-01-12
SPOT-113071,45-54,Male,BR,2026-05-02
SPOT-113072,18-24,Female,DE,2025-07-26
SPOT-113073,25-34,Male,AU,2025-10-14
SPOT-113074,55+,Male,DE,2025-12-06
SPOT-113075,25-34,Female,ES,2024-01-08
SPOT-113076,35-44,Male,DE,2025-12-11
SPOT-113077,25-34,Female,GB,2026-04-29
SPOT-113078,35-44,Male,MX,2026-03-07
SPOT-113079,45-54,Male,AR,2023-11-19
SPOT-113080,18-24,Female,AU,2024-09-14
SPOT-113081,18-24,Male,US,2024-03-22
SPOT-113082,25-34,Female,FR,2025-02-24
SPOT-113083,35-44,Female,BR,2024-09-25
SPOT-113084,18-24,Female,US,2024-07-01
SPOT-113085,18-24,Male,AR,2025-12-21
SPOT-113086,18-24,Female,GB,2026-03-19
SPOT-113087,55+,Female,FR,2025-11-27
SPOT-113088,25-34,Female,US,2026-03-15
SPOT-113089,25-34,Female,ES,2025-08-02
SPOT-113090,18-24,Female,GB,2025-07-13
SPOT-113091,25-34,Female,GB,2026-02-12
SPOT-113092,18-24,Female,US,2024-12-18
SPOT-113093,18-24,Female,BR,2024-07-15
SPOT-113094,45-54,Male,DE,2025-04-07
SPOT-113095,55+,Male,US,2024-05-24
SPOT-113096,18-24,Female,US,2023-12-20
SPOT-113097,18-24,Non-binary,BR,2025-12-02
SPOT-113098,18-24,Female,AR,2024-10-03
SPOT-113099,25-34,Female,CA,2024-01-13
SPOT-113100,18-24,Female,BR,2025-09-09
SPOT-113101,18-24,Male,DE,2024-02-11
SPOT-113102,18-24,Male,AU,2025-01-28
SPOT-113103,35-44,Male,AU,2024-07-14
SPOT-113104,35-44,Male,US,2026-05-22
SPOT-113105,25-34,Female,BR,2024-07-17
SPOT-113106,25-34,Female,AR,2024-12-07
SPOT-113107,45-54,Male,AR,2025-08-11
SPOT-113108,55+,Male,MX,2024-10-05
SPOT-113109,18-24,Male,BR,2025-06-28
SPOT-113110,18-24,Male,DE,2025-08-24
SPOT-113111,25-34,Male,AR,2026-01-01
SPOT-113112,18-24,Male,US,2025-03-26
SPOT-113113,25-34,Male,DE,2025-06-14
SPOT-113114,25-34,Female,BR,2026-04-29
SPOT-113115,25-34,Male,AR,2023-11-07
SPOT-113116,18-24,Female,DE,2025-01-17
SPOT-113117,25-34,Female,BR,2025-12-05
SPOT-113118,55+,Male,GB,2023-12-15
SPOT-113119,18-24,Female,AR,2025-01-31
SPOT-113120,25-34,Female,AR,2026-04-25
SPOT-113121,18-24,Male,AR,2024-06-30
SPOT-113122,18-24,Male,US,2024-02-14
SPOT-113123,25-34,Female,BR,2024-08-13
SPOT-113124,18-24,Male,US,2024-09-22
SPOT-113125,18-24,Male,MX,2024-08-14
SPOT-113126,18-24,Male,GB,2026-02-05
SPOT-113127,25-34,Male,ES,2024-06-13
SPOT-113128,35-44,Female,US,2026-03-16
SPOT-113129,18-24,Female,BR,2025-02-11
SPOT-113130,25-34,Female,US,2024-02-07
SPOT-113131,18-24,Male,BR,2023-12-24
SPOT-113132,25-34,Female,MX,2025-08-22
SPOT-113133,25-34,Female,DE,2025-09-03
SPOT-113134,25-34,Female,GB,2024-12-23
SPOT-113135,55+,Male,US,2025-12-17
SPOT-113136,45-54,Male,MX,2026-03-20
SPOT-113137,18-24,Female,FR,2025-09-17
SPOT-113138,45-54,Male,ES,2025-02-27
SPOT-113139,18-24,Female,FR,2024-07-25
SPOT-113140,55+,Female,CA,2023-12-11
SPOT-113141,18-24,Male,DE,2025-05-24
SPOT-113142,25-34,Female,MX,2024-09-04
SPOT-113143,18-24,Male,DE,2024-05-06
SPOT-113144,18-24,Female,CA,2024-07-15
SPOT-113145,35-44,Non-binary,BR,2026-04-07
SPOT-113146,45-54,Female,ES,2025-11-11
SPOT-113147,25-34,Female,US,2024-07-14
SPOT-113148,35-44,Female,BR,2024-05-29
SPOT-113149,35-44,Female,ES,2025-05-13
SPOT-113150,18-24,Female,GB,2025-04-12
SPOT-113151,18-24,Male,US,2024-04-10
SPOT-113152,18-24,Male,ES,2024-04-21
SPOT-113153,25-34,Female,GB,2025-03-23
SPOT-113154,18-24,Male,DE,2024-06-12
SPOT-113155,18-24,Female,BR,2026-04-01
SPOT-113156,18-24,Male,US,2024-05-11
SPOT-113157,18-24,Male,US,2026-04-08
SPOT-113158,45-54,Male,AU,2024-05-20
SPOT-113159,18-24,Female,GB,2025-04-13
SPOT-113160,25-34,Female,GB,2023-12-05
SPOT-113161,25-34,Male,US,2024-07-02
SPOT-113162,25-34,Female,US,2025-09-08
SPOT-113163,18-24,Female,DE,2023-12-03
SPOT-113164,18-24,Female,GB,2024-08-22
SPOT-113165,18-24,Female,DE,2024-01-27
SPOT-113166,25-34,Male,ES,2025-12-13
SPOT-113167,18-24,Female,MX,2024-06-01
SPOT-113168,25-34,Male,BR,2023-11-22
SPOT-113169,25-34,Male,AR,2024-06-06
SPOT-113170,25-34,Male,FR,2025-08-31
SPOT-113171,25-34,Male,BR,2025-07-01
SPOT-113172,25-34,Female,US,2025-03-24
SPOT-113173,35-44,Male,DE,2025-01-27
SPOT-113174,18-24,Female,MX,2025-05-07
SPOT-113175,35-44,Female,US,2025-09-25
SPOT-113176,35-44,Female,US,2026-02-09
SPOT-113177,25-34,Female,CA,2025-02-25
SPOT-113178,18-24,Non-binary,ES,2025-10-31
SPOT-113179,25-34,Male,US,2024-09-12
SPOT-113180,18-24,Female,DE,2025-02-26
SPOT-113181,18-24,Male,US,2025-06-08
SPOT-113182,18-24,Female,US,2024-01-07
SPOT-113183,18-24,Male,DE,2025-08-24
SPOT-113184,25-34,Female,MX,2025-01-28
SPOT-113185,35-44,Male,AU,2025-11-10
SPOT-113186,18-24,Male,ES,2025-08-12
SPOT-113187,45-54,Female,US,2025-06-05
SPOT-113188,55+,Female,GB,2024-10-10
SPOT-113189,55+,Male,BR,2025-10-28
SPOT-113190,35-44,Female,US,2024-02-23
SPOT-113191,25-34,Male,AR,2025-01-27
SPOT-113192,18-24,Female,US,2026-03-20
SPOT-113193,25-34,Female,GB,2024-03-19
SPOT-113194,25-34,Male,BR,2026-03-22
SPOT-113195,35-44,Male,US,2025-06-05
SPOT-113196,55+,Male,MX,2024-05-27
SPOT-113197,25-34,Male,CA,2024-07-12
SPOT-113198,18-24,Female,MX,2026-03-15
SPOT-113199,18-24,Female,AR,2025-10-05
SPOT-113200,18-24,Female,DE,2025-11-03
SPOT-113201,25-34,Male,GB,2025-05-08
SPOT-113202,25-34,Female,GB,2025-12-24
SPOT-113203,35-44,Male,MX,2026-03-18
SPOT-113204,25-34,Female,BR,2025-03-29
SPOT-113205,45-54,Male,BR,2026-04-29
SPOT-113206,25-34,Non-binary,US,2024-10-31
SPOT-113207,35-44,Male,MX,2026-04-01
SPOT-113208,18-24,Female,ES,2024-01-22
SPOT-113209,45-54,Male,US,2026-03-01
SPOT-113210,25-34,Female,ES,2024-08-29
SPOT-113211,18-24,Female,FR,2024-03-16
SPOT-113212,18-24,Female,US,2024-10-08
SPOT-113213,45-54,Female,DE,2023-11-18
SPOT-113214,18-24,Male,FR,2024-07-25
SPOT-113215,25-34,Male,BR,2023-12-26
SPOT-113216,18-24,Female,AR,2025-09-14
SPOT-113217,25-34,Male,US,2025-05-22
SPOT-113218,35-44,Female,US,2024-12-30
SPOT-113219,25-34,Female,US,2025-07-28
SPOT-113220,25-34,Male,AU,2024-10-11
SPOT-113221,55+,Female,US,2023-11-25
SPOT-113222,35-44,Female,FR,2024-08-05
SPOT-113223,45-54,Female,GB,2024-04-13
SPOT-113224,25-34,Female,US,2024-06-09
SPOT-113225,18-24,Male,US,2024-08-27
SPOT-113226,25-34,Female,BR,2025-07-11
SPOT-113227,35-44,Male,US,2024-11-10
SPOT-113228,18-24,Female,CA,2025-12-29
SPOT-113229,18-24,Male,FR,2024-12-01
SPOT-113230,18-24,Male,US,2024-05-31
SPOT-113231,25-34,Female,ES,2025-10-12
SPOT-113232,35-44,Male,DE,2025-04-08
SPOT-113233,18-24,Non-binary,AU,2024-09-06
SPOT-113234,25-34,Male,US,2026-01-19
SPOT-113235,45-54,Male,BR,2025-03-30
SPOT-113236,18-24,Male,GB,2024-10-09
SPOT-113237,25-34,Male,ES,2024-05-13
SPOT-113238,55+,Female,US,2025-11-29
SPOT-113239,55+,Female,MX,2024-10-16
SPOT-113240,18-24,Male,CA,2025-01-08
SPOT-113241,18-24,Male,DE,2026-03-21
SPOT-113242,18-24,Male,DE,2024-07-07
SPOT-113243,35-44,Male,BR,2024-01-11
SPOT-113244,35-44,Female,DE,2025-02-20
SPOT-113245,25-34,Female,DE,2024-09-19
SPOT-113246,18-24,Female,DE,2024-01-22
SPOT-113247,18-24,Female,AU,2025-10-18
SPOT-113248,25-34,Female,US,2026-02-13
SPOT-113249,25-34,Female,GB,2025-09-14
SPOT-113250,35-44,Male,US,2026-03-07
SPOT-113251,25-34,Female,BR,2024-03-27
SPOT-113252,18-24,Female,US,2026-05-25
SPOT-113253,18-24,Male,CA,2026-03-30
SPOT-113254,18-24,Female,BR,2024-03-07
SPOT-113255,18-24,Non-binary,FR,2024-05-13
SPOT-113256,18-24,Female,GB,2025-04-30
SPOT-113257,18-24,Male,US,2024-02-28
SPOT-113258,18-24,Female,US,2024-08-26
SPOT-113259,18-24,Non-binary,BR,2024-06-14
SPOT-113260,35-44,Male,US,2025-07-11
SPOT-113261,18-24,Female,AR,2025-08-05
SPOT-113262,25-34,Female,AR,2025-06-21
SPOT-113263,35-44,Male,ES,2023-12-10
SPOT-113264,25-34,Female,FR,2024-10-03
SPOT-113265,55+,Male,BR,2024-07-19
SPOT-113266,18-24,Female,BR,2024-12-01
SPOT-113267,35-44,Female,BR,2025-07-28
SPOT-113268,55+,Female,US,2026-02-21
SPOT-113269,45-54,Male,BR,2024-05-24
SPOT-113270,18-24,Female,BR,2025-10-12
SPOT-113271,18-24,Non-binary,ES,2025-08-12
SPOT-113272,18-24,Male,GB,2025-07-22
SPOT-113273,25-34,Female,US,2024-11-27
SPOT-113274,35-44,Male,BR,2024-11-20
SPOT-113275,18-24,Male,AR,2024-02-08
SPOT-113276,25-34,Female,AU,2025-09-18
SPOT-113277,25-34,Female,US,2024-08-08
SPOT-113278,25-34,Female,ES,2026-05-24
SPOT-113279,45-54,Male,BR,2025-04-03
SPOT-113280,35-44,Male,US,2025-05-09
SPOT-113281,18-24,Female,ES,2026-01-23
SPOT-113282,25-34,Male,US,2025-11-25
SPOT-113283,18-24,Male,AR,2025-04-11
SPOT-113284,25-34,Female,ES,2025-09-22
SPOT-113285,55+,Female,MX,2024-02-12
SPOT-113286,45-54,Male,US,2024-07-25
SPOT-113287,25-34,Male,CA,2024-10-14
SPOT-113288,18-24,Female,FR,2026-05-09
SPOT-113289,18-24,Non-binary,CA,2025-11-21
SPOT-113290,25-34,Male,GB,2026-04-28
SPOT-113291,18-24,Female,BR,2024-02-21
SPOT-113292,25-34,Male,US,2025-12-13
SPOT-113293,18-24,Female,US,2025-01-29
SPOT-113294,18-24,Male,US,2024-04-30
SPOT-113295,18-24,Female,BR,2024-07-27
SPOT-113296,55+,Female,GB,2025-04-01
SPOT-113297,35-44,Female,BR,2024-01-29
SPOT-113298,18-24,Female,BR,2025-03-02
SPOT-113299,18-24,Male,CA,2025-10-03
SPOT-113300,25-34,Female,FR,2024-12-03
SPOT-113301,18-24,Male,ES,2025-06-26
SPOT-113302,25-34,Male,AR,2025-06-02
SPOT-113303,35-44,Male,US,2025-02-08
SPOT-113304,25-34,Female,US,2026-01-10
SPOT-113305,25-34,Male,DE,2023-12-21
SPOT-113306,25-34,Female,MX,2025-02-10
SPOT-113307,45-54,Female,AR,2025-12-21
SPOT-113308,45-54,Female,DE,2025-03-17
SPOT-113309,25-34,Female,CA,2024-07-02
SPOT-113310,18-24,Male,AR,2024-05-29
SPOT-113311,25-34,Male,US,2024-10-30
SPOT-113312,18-24,Female,DE,2024-07-17
SPOT-113313,25-34,Male,AU,2024-01-26
SPOT-113314,25-34,Male,DE,2026-01-12
SPOT-113315,18-24,Male,DE,2026-02-22
SPOT-113316,18-24,Male,GB,2024-04-06
SPOT-113317,25-34,Female,BR,2024-12-10
SPOT-113318,45-54,Male,ES,2025-05-28
SPOT-113319,25-34,Female,US,2025-05-15
SPOT-113320,25-34,Male,AR,2025-09-14
SPOT-113321,18-24,Female,CA,2025-11-14
SPOT-113322,25-34,Female,AR,2024-04-04
SPOT-113323,25-34,Female,CA,2025-06-25
SPOT-113324,25-34,Male,US,2025-09-23
SPOT-113325,18-24,Male,DE,2026-01-18
SPOT-113326,25-34,Female,US,2024-08-31
SPOT-113327,18-24,Male,AR,2024-10-28
SPOT-113328,18-24,Male,AU,2023-12-28
SPOT-113329,55+,Female,GB,2024-07-02
SPOT-113330,18-24,Non-binary,BR,2023-12-23
SPOT-113331,18-24,Female,GB,2025-07-21
SPOT-113332,25-34,Non-binary,DE,2025-07-06
SPOT-113333,45-54,Female,BR,2024-07-24
SPOT-113334,25-34,Female,AR,2024-10-18
SPOT-113335,35-44,Male,US,2024-11-18
SPOT-113336,45-54,Female,US,2025-07-02
SPOT-113337,18-24,Female,US,2025-11-19
SPOT-113338,25-34,Male,US,2025-10-17
SPOT-113339,25-34,Male,MX,2025-09-11
SPOT-113340,35-44,Male,US,2024-12-29
SPOT-113341,18-24,Female,DE,2024-10-23
SPOT-113342,18-24,Female,MX,2023-11-16
SPOT-113343,25-34,Male,DE,2026-01-03
SPOT-113344,25-34,Male,CA,2025-02-05
SPOT-113345,25-34,Non-binary,ES,2025-10-14
SPOT-113346,25-34,Female,GB,2025-09-11
SPOT-113347,18-24,Male,US,2025-02-27
SPOT-113348,25-34,Female,FR,2025-05-27
SPOT-113349,25-34,Male,DE,2024-07-13
SPOT-113350,45-54,Male,DE,2024-02-28
SPOT-113351,18-24,Female,AR,2026-02-02
SPOT-113352,45-54,Female,US,2026-04-21
SPOT-113353,25-34,Male,DE,2026-01-24
SPOT-113354,18-24,Female,ES,2025-10-07
SPOT-113355,35-44,Male,AR,2025-03-10
SPOT-113356,18-24,Female,FR,2024-03-28
SPOT-113357,55+,Male,DE,2025-03-19
SPOT-113358,45-54,Male,AR,2024-08-10
SPOT-113359,18-24,Male,US,2023-11-07
SPOT-113360,18-24,Male,GB,2025-07-23
SPOT-113361,25-34,Male,US,2024-09-18
SPOT-113362,25-34,Male,US,2024-08-26
SPOT-113363,25-34,Female,ES,2025-10-07
SPOT-113364,18-24,Male,US,2024-07-06
SPOT-113365,25-34,Male,BR,2023-11-22
SPOT-113366,18-24,Female,DE,2024-06-13
SPOT-113367,35-44,Male,US,2023-12-19
SPOT-113368,35-44,Female,MX,2025-04-22
SPOT-113369,25-34,Male,MX,2024-08-24
SPOT-113370,45-54,Male,ES,2025-11-26
SPOT-113371,18-24,Male,ES,2024-10-27
SPOT-113372,18-24,Male,GB,2025-01-29
SPOT-113373,25-34,Female,AU,2025-09-19
SPOT-113374,25-34,Male,US,2024-04-15
SPOT-113375,25-34,Female,MX,2026-05-26
SPOT-113376,45-54,Female,AU,2025-01-24
SPOT-113377,55+,Male,US,2024-11-17
SPOT-113378,25-34,Female,GB,2024-03-26
SPOT-113379,35-44,Male,BR,2025-06-02
SPOT-113380,18-24,Female,AR,2025-12-21
SPOT-113381,18-24,Female,GB,2025-11-15
SPOT-113382,35-44,Male,AR,2025-02-16
SPOT-113383,25-34,Male,US,2026-03-04
SPOT-113384,25-34,Male,FR,2025-08-22
SPOT-113385,18-24,Male,GB,2023-12-20
SPOT-113386,25-34,Male,MX,2024-05-16
SPOT-113387,18-24,Female,GB,2026-03-13
SPOT-113388,25-34,Male,GB,2025-11-14
SPOT-113389,18-24,Male,GB,2024-07-27
SPOT-113390,18-24,Male,BR,2025-09-21
SPOT-113391,18-24,Male,AR,2026-04-26
SPOT-113392,18-24,Male,ES,2025-07-04
SPOT-113393,45-54,Male,DE,2024-04-13
SPOT-113394,18-24,Male,GB,2024-07-23
SPOT-113395,18-24,Male,FR,2024-03-05
SPOT-113396,25-34,Female,FR,2024-04-02
SPOT-113397,25-34,Female,DE,2024-07-02
SPOT-113398,18-24,Male,MX,2025-10-15
SPOT-113399,18-24,Female,GB,2026-03-17
SPOT-113400,55+,Male,US,2024-10-27
SPOT-113401,25-34,Female,GB,2024-08-20
SPOT-113402,25-34,Male,MX,2024-03-05
SPOT-113403,25-34,Female,ES,2025-06-17
SPOT-113404,18-24,Female,FR,2025-06-12
SPOT-113405,18-24,Female,US,2025-05-11
SPOT-113406,25-34,Female,BR,2023-12-09
SPOT-113407,45-54,Female,GB,2024-07-07
SPOT-113408,18-24,Male,MX,2025-10-12
SPOT-113409,35-44,Female,US,2025-02-03
SPOT-113410,18-24,Male,BR,2024-05-19
SPOT-113411,18-24,Male,ES,2024-12-31
SPOT-113412,18-24,Male,ES,2024-03-02
SPOT-113413,18-24,Female,GB,2026-01-28
SPOT-113414,45-54,Male,US,2024-10-23
SPOT-113415,25-34,Female,US,2025-03-13
SPOT-113416,18-24,Female,BR,2025-05-10
SPOT-113417,55+,Male,US,2025-05-12
SPOT-113418,45-54,Male,US,2025-02-08
SPOT-113419,35-44,Female,AU,2024-05-20
SPOT-113420,45-54,Female,DE,2025-10-02
SPOT-113421,18-24,Male,BR,2024-02-22
SPOT-113422,35-44,Male,US,2025-02-04
SPOT-113423,25-34,Male,BR,2023-12-08
SPOT-113424,45-54,Male,GB,2025-02-10
SPOT-113425,35-44,Male,BR,2025-09-22
SPOT-113426,18-24,Female,BR,2025-12-24
SPOT-113427,35-44,Female,AU,2023-11-10
SPOT-113428,18-24,Female,GB,2025-04-04
SPOT-113429,18-24,Male,BR,2026-01-23
SPOT-113430,18-24,Male,DE,2025-12-31
SPOT-113431,45-54,Female,DE,2025-08-13
SPOT-113432,18-24,Female,US,2025-10-02
SPOT-113433,25-34,Male,MX,2025-10-13
SPOT-113434,25-34,Female,US,2024-12-04
SPOT-113435,55+,Female,DE,2025-11-20
SPOT-113436,18-24,Female,DE,2024-10-21
SPOT-113437,35-44,Female,DE,2025-10-09
SPOT-113438,45-54,Female,DE,2025-06-02
SPOT-113439,25-34,Male,US,2024-08-18
SPOT-113440,25-34,Female,DE,2024-10-18
SPOT-113441,35-44,Male,US,2024-10-20
SPOT-113442,45-54,Male,US,2023-12-08
SPOT-113443,35-44,Male,AR,2024-03-18
SPOT-113444,18-24,Male,AR,2025-01-30
SPOT-113445,45-54,Non-binary,ES,2024-09-21
SPOT-113446,25-34,Male,MX,2024-01-23
SPOT-113447,25-34,Female,AR,2024-02-24
SPOT-113448,35-44,Male,US,2025-12-08
SPOT-113449,18-24,Male,BR,2024-02-27
SPOT-113450,35-44,Female,US,2025-07-31
SPOT-113451,25-34,Male,ES,2025-10-06
SPOT-113452,45-54,Female,BR,2025-08-16
SPOT-113453,18-24,Male,AR,2025-12-06
SPOT-113454,25-34,Female,AR,2025-01-20
SPOT-113455,35-44,Male,DE,2024-09-13
SPOT-113456,18-24,Female,BR,2024-12-07
SPOT-113457,18-24,Male,US,2025-01-19
SPOT-113458,55+,Female,BR,2024-03-17
SPOT-113459,18-24,Female,MX,2025-04-08
SPOT-113460,55+,Male,US,2026-01-12
SPOT-113461,18-24,Male,AU,2024-05-09
SPOT-113462,25-34,Female,AU,2025-03-18
SPOT-113463,35-44,Female,GB,2024-09-05
SPOT-113464,25-34,Male,ES,2026-05-06
SPOT-113465,25-34,Female,US,2025-10-01
SPOT-113466,25-34,Female,MX,2026-05-22
SPOT-113467,35-44,Female,MX,2025-06-07
SPOT-113468,18-24,Female,AR,2026-03-25
SPOT-113469,25-34,Female,GB,2025-07-14
SPOT-113470,18-24,Female,FR,2024-10-02
SPOT-113471,25-34,Female,FR,2024-11-12
SPOT-113472,18-24,Male,MX,2026-05-29
SPOT-113473,18-24,Female,BR,2025-05-06
SPOT-113474,25-34,Female,MX,2024-11-06
SPOT-113475,18-24,Female,ES,2026-02-20
SPOT-113476,18-24,Male,AU,2025-06-30
SPOT-113477,25-34,Male,US,2024-09-05
SPOT-113478,25-34,Female,GB,2024-03-23
SPOT-113479,45-54,Female,AR,2023-11-10
SPOT-113480,25-34,Male,DE,2025-06-11
SPOT-113481,18-24,Male,MX,2025-06-11
SPOT-113482,25-34,Female,US,2024-09-05
SPOT-113483,18-24,Female,ES,2026-02-05
SPOT-113484,35-44,Female,MX,2024-03-18
SPOT-113485,55+,Female,BR,2026-02-15
SPOT-113486,25-34,Male,ES,2025-09-07
SPOT-113487,25-34,Female,FR,2025-05-11
SPOT-113488,18-24,Female,AR,2026-05-25
SPOT-113489,25-34,Female,US,2024-06-21
SPOT-113490,45-54,Male,ES,2024-05-14
SPOT-113491,18-24,Male,DE,2023-12-14
SPOT-113492,18-24,Female,GB,2025-08-18
SPOT-113493,25-34,Female,FR,2026-04-16
SPOT-113494,35-44,Female,BR,2025-07-01
SPOT-113495,25-34,Female,BR,2025-04-08
SPOT-113496,45-54,Male,AR,2025-02-27
SPOT-113497,18-24,Female,BR,2024-08-10
SPOT-113498,25-34,Female,FR,2025-12-07
SPOT-113499,35-44,Female,US,2024-04-07
SPOT-113500,18-24,Female,ES,2024-03-29
SPOT-113501,25-34,Male,US,2023-12-29
SPOT-113502,18-24,Female,US,2024-09-12
SPOT-113503,18-24,Male,US,2025-03-12
SPOT-113504,18-24,Female,US,2024-07-05
SPOT-113505,45-54,Female,ES,2025-09-21
SPOT-113506,25-34,Female,MX,2025-06-05
SPOT-113507,35-44,Non-binary,US,2023-11-25
SPOT-113508,18-24,Male,GB,2026-02-15
SPOT-113509,25-34,Male,US,2025-07-10
SPOT-113510,25-34,Female,DE,2024-01-08
SPOT-113511,45-54,Male,DE,2025-03-18
SPOT-113512,35-44,Male,US,2023-11-18
SPOT-113513,35-44,Female,AR,2025-03-29
SPOT-113514,18-24,Female,FR,2024-05-03
SPOT-113515,25-34,Male,US,2026-03-20
SPOT-113516,25-34,Male,GB,2025-04-07
SPOT-113517,45-54,Male,ES,2024-08-14
SPOT-113518,18-24,Female,FR,2025-01-23
SPOT-113519,18-24,Male,US,2024-12-11
SPOT-113520,25-34,Female,CA,2026-02-21
SPOT-113521,18-24,Female,US,2025-08-14
SPOT-113522,18-24,Male,MX,2026-04-22
SPOT-113523,45-54,Male,US,2026-04-28
SPOT-113524,25-34,Female,CA,2025-06-07
SPOT-113525,45-54,Male,GB,2024-07-29
SPOT-113526,35-44,Female,MX,2025-04-30
SPOT-113527,18-24,Female,US,2026-04-03
SPOT-113528,25-34,Male,GB,2024-02-09
SPOT-113529,18-24,Male,ES,2023-11-23
SPOT-113530,45-54,Female,AU,2026-01-07
SPOT-113531,25-34,Male,AU,2024-09-29
SPOT-113532,25-34,Male,AR,2024-10-22
SPOT-113533,18-24,Male,AR,2025-05-08
SPOT-113534,25-34,Female,AU,2025-03-15
SPOT-113535,18-24,Female,US,2025-01-26
SPOT-113536,25-34,Male,US,2025-01-06
SPOT-113537,35-44,Female,US,2025-01-30
SPOT-113538,35-44,Male,BR,2025-04-24
SPOT-113539,18-24,Female,AU,2024-12-22
SPOT-113540,25-34,Male,BR,2023-11-21
SPOT-113541,45-54,Male,BR,2025-10-30
SPOT-113542,18-24,Female,AR,2024-10-16
SPOT-113543,45-54,Male,CA,2026-03-04
SPOT-113544,18-24,Male,MX,2025-10-06
SPOT-113545,25-34,Female,FR,2024-07-16
SPOT-113546,25-34,Female,US,2026-01-25
SPOT-113547,25-34,Female,BR,2024-10-08
SPOT-113548,45-54,Female,GB,2026-01-12
SPOT-113549,18-24,Male,GB,2025-07-07
SPOT-113550,18-24,Male,US,2025-09-20
SPOT-113551,25-34,Male,FR,2026-03-08
SPOT-113552,35-44,Male,DE,2025-08-04
SPOT-113553,18-24,Male,BR,2024-07-03
SPOT-113554,35-44,Female,GB,2024-10-15
SPOT-113555,25-34,Male,AU,2026-02-06
SPOT-113556,18-24,Male,MX,2025-09-20
SPOT-113557,35-44,Male,US,2024-12-12
SPOT-113558,18-24,Male,GB,2025-09-02
SPOT-113559,25-34,Female,AU,2025-12-21
SPOT-113560,18-24,Male,AU,2025-10-24
SPOT-113561,25-34,Male,BR,2025-03-23
SPOT-113562,25-34,Non-binary,BR,2025-11-19
SPOT-113563,25-34,Female,CA,2025-06-29
SPOT-113564,25-34,Female,ES,2026-04-02
SPOT-113565,25-34,Female,CA,2025-11-18
SPOT-113566,18-24,Female,BR,2026-01-16
SPOT-113567,25-34,Male,AU,2024-03-08
SPOT-113568,55+,Male,BR,2026-02-16
SPOT-113569,45-54,Female,MX,2024-07-08
SPOT-113570,18-24,Male,US,2026-04-21
SPOT-113571,18-24,Male,MX,2026-03-20
SPOT-113572,45-54,Male,ES,2026-04-13
SPOT-113573,25-34,Male,DE,2024-08-10
SPOT-113574,25-34,Female,BR,2024-03-14
SPOT-113575,35-44,Male,DE,2024-04-18
SPOT-113576,18-24,Male,AU,2023-12-22
SPOT-113577,25-34,Female,BR,2026-05-31
SPOT-113578,55+,Female,US,2024-07-22
SPOT-113579,25-34,Female,US,2026-04-11
SPOT-113580,18-24,Male,ES,2025-04-05
SPOT-113581,18-24,Male,BR,2024-08-14
SPOT-113582,18-24,Female,US,2025-08-01
SPOT-113583,35-44,Male,DE,2026-05-23
SPOT-113584,18-24,Male,CA,2025-03-10
SPOT-113585,18-24,Female,CA,2026-01-04
SPOT-113586,45-54,Male,US,2025-06-07
SPOT-113587,18-24,Male,US,2024-11-05
SPOT-113588,18-24,Male,US,2026-02-08
SPOT-113589,18-24,Male,FR,2024-06-14
SPOT-113590,18-24,Male,US,2024-08-24
SPOT-113591,25-34,Male,US,2024-10-16
SPOT-113592,45-54,Male,US,2024-10-26
SPOT-113593,45-54,Male,CA,2024-10-30
SPOT-113594,25-34,Male,MX,2024-02-14
SPOT-113595,25-34,Female,MX,2024-05-27
SPOT-113596,25-34,Female,AR,2026-02-10
SPOT-113597,18-24,Male,MX,2026-05-19
SPOT-113598,18-24,Non-binary,ES,2023-12-05
SPOT-113599,45-54,Female,US,2025-06-07
SPOT-113600,18-24,Female,BR,2024-04-19
SPOT-113601,18-24,Male,ES,2025-11-02
SPOT-113602,25-34,Female,BR,2026-02-13
SPOT-113603,25-34,Female,US,2025-04-19
SPOT-113604,18-24,Male,US,2025-07-17
SPOT-113605,18-24,Female,AU,2024-01-27
SPOT-113606,25-34,Female,ES,2023-11-24
SPOT-113607,25-34,Male,MX,2026-01-28
SPOT-113608,18-24,Male,MX,2025-06-20
SPOT-113609,25-34,Male,US,2024-12-29
SPOT-113610,25-34,Male,US,2025-12-31
SPOT-113611,45-54,Male,DE,2024-01-02
SPOT-113612,18-24,Female,DE,2025-02-27
SPOT-113613,18-24,Female,AR,2025-01-02
SPOT-113614,25-34,Female,US,2024-09-19
SPOT-113615,35-44,Female,GB,2024-04-08
SPOT-113616,18-24,Male,US,2024-11-15
SPOT-113617,25-34,Male,DE,2025-04-22
SPOT-113618,18-24,Female,GB,2025-10-26
SPOT-113619,18-24,Male,GB,2025-02-03
SPOT-113620,25-34,Female,GB,2024-06-24
SPOT-113621,18-24,Male,US,2024-02-25
SPOT-113622,35-44,Male,GB,2026-03-04
SPOT-113623,25-34,Male,BR,2025-02-20
SPOT-113624,25-34,Male,DE,2025-10-18
SPOT-113625,25-34,Female,US,2024-07-29
SPOT-113626,25-34,Female,DE,2026-03-17
SPOT-113627,18-24,Male,AR,2025-12-10
SPOT-113628,45-54,Female,US,2025-03-06
SPOT-113629,55+,Male,CA,2024-03-30
SPOT-113630,18-24,Male,GB,2023-12-18
SPOT-113631,18-24,Female,US,2026-05-25
SPOT-113632,18-24,Male,GB,2025-11-12
SPOT-113633,25-34,Female,US,2025-07-28
SPOT-113634,25-34,Female,BR,2024-08-27
SPOT-113635,35-44,Male,GB,2025-11-12
SPOT-113636,35-44,Male,AR,2025-01-04
SPOT-113637,25-34,Male,ES,2025-06-22
SPOT-113638,25-34,Male,DE,2023-12-06
SPOT-113639,25-34,Female,BR,2024-04-17
SPOT-113640,25-34,Male,MX,2024-06-10
SPOT-113641,25-34,Male,GB,2024-06-12
SPOT-113642,25-34,Female,US,2025-03-27
SPOT-113643,25-34,Female,DE,2024-11-10
SPOT-113644,25-34,Female,US,2025-06-02
SPOT-113645,25-34,Female,GB,2025-02-16
SPOT-113646,35-44,Female,BR,2024-02-08
SPOT-113647,25-34,Female,BR,2026-01-16
SPOT-113648,25-34,Male,US,2025-01-16
SPOT-113649,25-34,Female,US,2025-05-18
SPOT-113650,25-34,Male,US,2023-12-13
SPOT-113651,18-24,Female,US,2024-08-19
SPOT-113652,18-24,Male,DE,2024-03-22
SPOT-113653,25-34,Female,DE,2024-07-02
SPOT-113654,25-34,Female,US,2024-01-22
SPOT-113655,55+,Female,US,2026-04-26
SPOT-113656,25-34,Female,DE,2024-05-18
SPOT-113657,25-34,Male,US,2024-07-26
SPOT-113658,18-24,Female,US,2025-02-11
SPOT-113659,18-24,Male,DE,2024-10-29
SPOT-113660,35-44,Female,US,2024-12-30
SPOT-113661,18-24,Female,AR,2025-10-29
SPOT-113662,25-34,Female,MX,2026-03-26
SPOT-113663,25-34,Male,DE,2025-07-08
SPOT-113664,25-34,Male,US,2025-08-28
SPOT-113665,45-54,Female,US,2025-05-14
SPOT-113666,25-34,Male,US,2024-04-13
SPOT-113667,18-24,Female,US,2026-02-22
SPOT-113668,45-54,Female,DE,2023-11-24
SPOT-113669,45-54,Male,US,2024-10-16
SPOT-113670,18-24,Female,FR,2026-03-05
SPOT-113671,18-24,Female,AU,2025-03-16
SPOT-113672,18-24,Female,MX,2024-01-05
SPOT-113673,18-24,Female,AR,2026-04-14
SPOT-113674,55+,Male,GB,2024-07-12
SPOT-113675,25-34,Male,MX,2023-12-27
SPOT-113676,25-34,Female,US,2026-04-07
SPOT-113677,45-54,Male,AU,2025-03-10
SPOT-113678,25-34,Female,MX,2025-03-13
SPOT-113679,18-24,Female,GB,2024-11-27
SPOT-113680,45-54,Female,ES,2025-07-06
SPOT-113681,35-44,Non-binary,US,2025-10-10
SPOT-113682,35-44,Female,DE,2026-04-29
SPOT-113683,25-34,Male,FR,2025-10-22
SPOT-113684,35-44,Male,GB,2024-10-22
SPOT-113685,18-24,Male,MX,2024-03-24
SPOT-113686,25-34,Male,GB,2024-07-10
SPOT-113687,55+,Female,DE,2026-05-30
SPOT-113688,18-24,Female,ES,2026-02-03
SPOT-113689,35-44,Male,CA,2024-04-24
SPOT-113690,25-34,Male,US,2024-12-30
SPOT-113691,18-24,Female,GB,2024-10-19
SPOT-113692,35-44,Female,BR,2025-08-29
SPOT-113693,18-24,Male,MX,2024-06-19
SPOT-113694,25-34,Male,DE,2024-10-26
SPOT-113695,18-24,Female,AR,2023-12-25
SPOT-113696,45-54,Male,ES,2024-05-06
SPOT-113697,18-24,Female,DE,2025-03-05
SPOT-113698,18-24,Female,US,2025-10-14
SPOT-113699,18-24,Male,US,2025-05-18
SPOT-113700,45-54,Male,BR,2025-11-06
SPOT-113701,35-44,Female,CA,2024-03-27
SPOT-113702,35-44,Male,BR,2026-03-20
SPOT-113703,25-34,Male,BR,2023-11-07
SPOT-113704,25-34,Female,ES,2025-12-02
SPOT-113705,18-24,Male,US,2024-04-11
SPOT-113706,25-34,Female,US,2025-07-11
SPOT-113707,18-24,Female,GB,2026-04-03
SPOT-113708,55+,Female,AU,2024-02-19
SPOT-113709,35-44,Male,FR,2024-08-09
SPOT-113710,25-34,Male,MX,2024-03-30
SPOT-113711,18-24,Male,DE,2026-03-01
SPOT-113712,35-44,Female,BR,2024-12-22
SPOT-113713,18-24,Male,GB,2024-08-18
SPOT-113714,18-24,Male,MX,2024-10-13
SPOT-113715,18-24,Female,DE,2024-01-03
SPOT-113716,25-34,Female,US,2023-11-30
SPOT-113717,35-44,Male,US,2024-04-16
SPOT-113718,18-24,Male,MX,2024-11-10
SPOT-113719,18-24,Female,MX,2024-03-28
SPOT-113720,25-34,Female,US,2024-08-28
SPOT-113721,35-44,Female,AR,2025-02-09
SPOT-113722,18-24,Male,AR,2025-11-09
SPOT-113723,18-24,Male,ES,2025-05-10
SPOT-113724,45-54,Female,MX,2026-04-26
SPOT-113725,55+,Female,US,2024-10-31
SPOT-113726,55+,Male,CA,2025-11-12
SPOT-113727,35-44,Male,GB,2025-05-25
SPOT-113728,18-24,Female,US,2025-02-15
SPOT-113729,18-24,Female,MX,2024-12-26
SPOT-113730,18-24,Male,GB,2026-04-12
SPOT-113731,18-24,Female,CA,2025-06-17
SPOT-113732,55+,Non-binary,DE,2024-02-11
SPOT-113733,35-44,Female,US,2024-05-21
SPOT-113734,35-44,Male,AU,2024-02-11
SPOT-113735,18-24,Female,BR,2026-03-24
SPOT-113736,45-54,Male,BR,2023-12-28
SPOT-113737,35-44,Male,DE,2024-02-20
SPOT-113738,18-24,Female,AR,2025-07-17
SPOT-113739,45-54,Female,GB,2024-10-10
SPOT-113740,18-24,Female,US,2024-02-13
SPOT-113741,18-24,Male,BR,2026-04-18
SPOT-113742,25-34,Male,CA,2024-09-13
SPOT-113743,25-34,Female,GB,2024-01-17
SPOT-113744,18-24,Male,GB,2025-06-19
SPOT-113745,18-24,Male,ES,2025-09-10
SPOT-113746,55+,Female,ES,2024-10-08
SPOT-113747,25-34,Non-binary,DE,2026-05-15
SPOT-113748,35-44,Female,AR,2024-02-03
SPOT-113749,18-24,Male,US,2024-09-12
SPOT-113750,18-24,Female,GB,2024-09-12
SPOT-113751,18-24,Non-binary,DE,2025-08-31
SPOT-113752,18-24,Female,GB,2025-04-16
SPOT-113753,18-24,Male,US,2024-09-12
SPOT-113754,18-24,Female,GB,2025-08-29
SPOT-113755,25-34,Female,US,2024-07-07
SPOT-113756,18-24,Female,ES,2025-02-18
SPOT-113757,35-44,Female,MX,2025-02-11
SPOT-113758,18-24,Male,DE,2024-12-15
SPOT-113759,25-34,Female,GB,2023-11-10
SPOT-113760,18-24,Female,DE,2025-05-24
SPOT-113761,25-34,Male,CA,2024-06-03
SPOT-113762,18-24,Male,MX,2024-09-12
SPOT-113763,55+,Male,ES,2024-06-30
SPOT-113764,35-44,Female,US,2024-01-31
SPOT-113765,25-34,Female,US,2023-11-12
SPOT-113766,18-24,Male,US,2024-08-23
SPOT-113767,25-34,Female,BR,2024-09-29
SPOT-113768,35-44,Female,ES,2024-07-13
SPOT-113769,18-24,Female,ES,2024-07-02
SPOT-113770,25-34,Male,ES,2025-01-23
SPOT-113771,35-44,Female,CA,2024-05-24
SPOT-113772,35-44,Female,US,2024-01-21
SPOT-113773,35-44,Male,FR,2025-06-16
SPOT-113774,45-54,Male,MX,2026-01-28
SPOT-113775,45-54,Male,US,2025-10-20
SPOT-113776,25-34,Female,MX,2024-02-25
SPOT-113777,25-34,Female,BR,2023-11-27
SPOT-113778,35-44,Female,GB,2024-12-12
SPOT-113779,25-34,Male,US,2026-02-05
SPOT-113780,55+,Male,DE,2025-02-24
SPOT-113781,18-24,Female,US,2025-10-16
SPOT-113782,25-34,Male,US,2025-10-05
SPOT-113783,18-24,Female,AR,2026-05-31
SPOT-113784,18-24,Male,BR,2025-01-26
SPOT-113785,18-24,Male,GB,2025-11-21
SPOT-113786,35-44,Female,DE,2025-12-21
SPOT-113787,18-24,Non-binary,FR,2024-02-13
SPOT-113788,35-44,Male,GB,2023-12-25
SPOT-113789,25-34,Male,DE,2025-02-12
SPOT-113790,18-24,Male,ES,2025-10-30
SPOT-113791,18-24,Male,US,2025-01-22
SPOT-113792,25-34,Female,MX,2025-03-31
SPOT-113793,35-44,Female,DE,2026-03-05
SPOT-113794,45-54,Female,BR,2024-03-11
SPOT-113795,45-54,Female,AR,2025-07-17
SPOT-113796,55+,Male,AU,2024-09-24
SPOT-113797,25-34,Female,AR,2024-01-08
SPOT-113798,45-54,Female,US,2024-09-24
SPOT-113799,35-44,Female,US,2023-11-15
SPOT-113800,45-54,Female,DE,2024-02-04
SPOT-113801,18-24,Female,ES,2024-06-07
SPOT-113802,55+,Female,BR,2025-11-10
SPOT-113803,25-34,Female,CA,2025-04-29
SPOT-113804,35-44,Female,US,2024-11-21
SPOT-113805,18-24,Female,GB,2026-02-08
SPOT-113806,25-34,Male,US,2024-01-24
SPOT-113807,18-24,Female,ES,2024-04-05
SPOT-113808,18-24,Male,DE,2025-05-06
SPOT-113809,18-24,Male,US,2024-06-17
SPOT-113810,35-44,Female,ES,2025-09-12
SPOT-113811,18-24,Female,GB,2025-07-08
SPOT-113812,18-24,Female,GB,2025-02-06
SPOT-113813,18-24,Female,US,2025-12-10
SPOT-113814,25-34,Male,CA,2025-11-03
SPOT-113815,18-24,Female,CA,2024-06-13
SPOT-113816,18-24,Female,US,2023-11-08
SPOT-113817,25-34,Female,US,2025-06-03
SPOT-113818,25-34,Male,MX,2025-05-04
SPOT-113819,18-24,Female,MX,2024-11-11
SPOT-113820,18-24,Female,DE,2024-05-12
SPOT-113821,18-24,Male,BR,2025-02-26
SPOT-113822,55+,Female,ES,2025-06-17
SPOT-113823,25-34,Male,AU,2023-12-21
SPOT-113824,25-34,Female,ES,2025-04-05
SPOT-113825,18-24,Female,US,2024-05-09
SPOT-113826,25-34,Female,ES,2024-07-29
SPOT-113827,18-24,Female,US,2025-05-11
SPOT-113828,18-24,Male,BR,2024-07-13
SPOT-113829,25-34,Female,BR,2025-09-26
SPOT-113830,25-34,Male,ES,2024-03-09
SPOT-113831,18-24,Male,US,2025-05-08
SPOT-113832,25-34,Male,FR,2025-05-15
SPOT-113833,55+,Male,MX,2024-07-21
SPOT-113834,25-34,Female,US,2026-02-21
SPOT-113835,25-34,Female,US,2025-03-11
SPOT-113836,55+,Male,US,2024-03-07
SPOT-113837,35-44,Male,ES,2024-09-07
SPOT-113838,25-34,Male,US,2024-11-22
SPOT-113839,35-44,Female,US,2024-01-29
SPOT-113840,18-24,Male,US,2026-04-22
SPOT-113841,25-34,Male,BR,2026-03-03
SPOT-113842,18-24,Female,BR,2025-08-27
SPOT-113843,18-24,Male,US,2024-02-09
SPOT-113844,25-34,Male,CA,2024-05-22
SPOT-113845,18-24,Male,FR,2026-01-16
SPOT-113846,25-34,Male,GB,2024-03-31
SPOT-113847,25-34,Male,BR,2023-12-22
SPOT-113848,25-34,Female,BR,2025-05-24
SPOT-113849,18-24,Male,ES,2025-05-13
SPOT-113850,18-24,Male,DE,2025-10-21
SPOT-113851,25-34,Male,BR,2025-06-20
SPOT-113852,55+,Female,DE,2025-06-21
SPOT-113853,18-24,Female,ES,2024-06-23
SPOT-113854,18-24,Female,BR,2024-07-02
SPOT-113855,45-54,Female,AR,2025-03-18
SPOT-113856,18-24,Female,US,2025-09-25
SPOT-113857,45-54,Male,CA,2024-11-17
SPOT-113858,25-34,Male,AR,2024-10-18
SPOT-113859,25-34,Male,AR,2025-09-20
SPOT-113860,18-24,Male,US,2025-02-07
SPOT-113861,18-24,Male,GB,2024-02-07
SPOT-113862,18-24,Female,AU,2025-12-11
SPOT-113863,45-54,Male,AU,2025-01-04
SPOT-113864,35-44,Female,US,2024-02-12
SPOT-113865,25-34,Female,DE,2024-01-24
SPOT-113866,35-44,Non-binary,US,2024-10-28
SPOT-113867,18-24,Male,GB,2025-08-01
SPOT-113868,25-34,Female,US,2024-12-02
SPOT-113869,25-34,Female,US,2024-07-11
SPOT-113870,35-44,Female,BR,2026-04-20
SPOT-113871,18-24,Female,US,2024-10-13
SPOT-113872,25-34,Female,AU,2025-02-09
SPOT-113873,45-54,Male,BR,2025-02-01
SPOT-113874,25-34,Male,GB,2025-09-06
SPOT-113875,18-24,Male,CA,2024-06-27
SPOT-113876,25-34,Female,MX,2024-07-14
SPOT-113877,18-24,Male,US,2024-10-16
SPOT-113878,25-34,Male,BR,2025-12-30
SPOT-113879,55+,Female,DE,2025-03-06
SPOT-113880,25-34,Male,ES,2026-06-01
SPOT-113881,25-34,Female,MX,2024-10-22
SPOT-113882,25-34,Female,DE,2025-01-16
SPOT-113883,18-24,Male,DE,2026-04-17
SPOT-113884,18-24,Male,BR,2025-11-27
SPOT-113885,45-54,Female,DE,2024-08-22
SPOT-113886,25-34,Non-binary,US,2025-11-26
SPOT-113887,18-24,Female,CA,2025-08-11
SPOT-113888,18-24,Male,MX,2026-05-29
SPOT-113889,25-34,Male,DE,2024-04-12
SPOT-113890,35-44,Male,BR,2025-10-23
SPOT-113891,35-44,Female,US,2026-03-06
SPOT-113892,18-24,Male,BR,2024-06-23
SPOT-113893,45-54,Male,ES,2025-07-06
SPOT-113894,25-34,Female,BR,2025-03-09
SPOT-113895,25-34,Male,BR,2024-09-18
SPOT-113896,25-34,Male,DE,2025-10-04
SPOT-113897,18-24,Female,ES,2026-01-03
SPOT-113898,55+,Female,ES,2025-03-11
SPOT-113899,18-24,Male,ES,2026-03-16
SPOT-113900,18-24,Female,US,2024-05-11
SPOT-113901,35-44,Female,MX,2025-01-31
SPOT-113902,25-34,Female,ES,2024-10-22
SPOT-113903,35-44,Female,BR,2025-04-07
SPOT-113904,25-34,Female,ES,2024-08-18
SPOT-113905,25-34,Female,FR,2023-12-01
SPOT-113906,45-54,Female,US,2026-01-17
SPOT-113907,18-24,Female,GB,2025-06-20
SPOT-113908,45-54,Male,MX,2024-03-24
SPOT-113909,18-24,Male,GB,2024-03-24
SPOT-113910,35-44,Female,CA,2025-08-12
SPOT-113911,18-24,Male,US,2024-03-24
SPOT-113912,25-34,Male,GB,2025-01-03
SPOT-113913,45-54,Female,AU,2025-06-30
SPOT-113914,25-34,Male,US,2024-03-31
SPOT-113915,35-44,Female,DE,2026-05-09
SPOT-113916,35-44,Male,GB,2025-10-19
SPOT-113917,35-44,Male,AR,2025-09-30
SPOT-113918,45-54,Male,GB,2025-06-09
SPOT-113919,25-34,Male,US,2025-11-05
SPOT-113920,18-24,Male,CA,2025-04-12
SPOT-113921,18-24,Male,GB,2023-12-02
SPOT-113922,18-24,Male,ES,2023-12-28
SPOT-113923,18-24,Female,GB,2023-11-21
SPOT-113924,25-34,Male,US,2024-05-19
SPOT-113925,18-24,Female,AR,2025-05-07
SPOT-113926,18-24,Female,US,2024-11-02
SPOT-113927,18-24,Male,GB,2025-03-08
SPOT-113928,35-44,Male,AR,2025-07-03
SPOT-113929,25-34,Male,BR,2025-11-15
SPOT-113930,25-34,Female,MX,2026-03-01
SPOT-113931,45-54,Female,US,2025-08-04
SPOT-113932,18-24,Male,ES,2024-09-08
SPOT-113933,55+,Female,US,2025-12-18
SPOT-113934,25-34,Female,AR,2025-10-30
SPOT-113935,18-24,Female,BR,2024-01-12
SPOT-113936,25-34,Female,ES,2024-06-29
SPOT-113937,35-44,Male,US,2025-10-02
SPOT-113938,25-34,Male,DE,2026-01-14
SPOT-113939,45-54,Female,AR,2026-04-28
SPOT-113940,18-24,Female,CA,2024-12-24
SPOT-113941,18-24,Female,US,2025-02-08
SPOT-113942,18-24,Male,AR,2024-03-06
SPOT-113943,18-24,Female,US,2025-12-02
SPOT-113944,18-24,Female,DE,2025-07-04
SPOT-113945,45-54,Male,CA,2023-12-20
SPOT-113946,18-24,Male,CA,2025-12-29
SPOT-113947,25-34,Female,GB,2024-11-25
SPOT-113948,25-34,Male,US,2026-01-06
SPOT-113949,45-54,Male,US,2025-05-02
SPOT-113950,55+,Male,BR,2025-12-11
SPOT-113951,35-44,Female,US,2026-03-14
SPOT-113952,55+,Female,GB,2026-05-04
SPOT-113953,35-44,Male,US,2025-03-28
SPOT-113954,55+,Female,GB,2024-09-25
SPOT-113955,35-44,Female,CA,2025-04-28
SPOT-113956,18-24,Male,DE,2024-03-13
SPOT-113957,25-34,Female,US,2024-09-05
SPOT-113958,25-34,Female,MX,2024-10-16
SPOT-113959,25-34,Female,AU,2026-03-22
SPOT-113960,18-24,Male,DE,2025-12-14
SPOT-113961,25-34,Female,MX,2024-11-04
SPOT-113962,45-54,Male,CA,2024-09-05
SPOT-113963,18-24,Male,DE,2026-01-25
SPOT-113964,35-44,Female,MX,2024-03-08
SPOT-113965,35-44,Female,DE,2024-04-07
SPOT-113966,55+,Female,AU,2026-02-14
SPOT-113967,45-54,Male,BR,2025-09-08
SPOT-113968,35-44,Male,FR,2026-02-04
SPOT-113969,25-34,Female,BR,2025-10-10
SPOT-113970,18-24,Male,MX,2026-05-06
SPOT-113971,25-34,Male,DE,2026-02-14
SPOT-113972,35-44,Female,CA,2025-04-14
SPOT-113973,45-54,Female,MX,2025-07-22
SPOT-113974,35-44,Female,US,2025-11-10
SPOT-113975,18-24,Male,US,2025-10-01
SPOT-113976,25-34,Male,MX,2024-09-22
SPOT-113977,18-24,Female,US,2025-01-19
SPOT-113978,18-24,Female,ES,2024-11-15
SPOT-113979,18-24,Non-binary,GB,2024-12-27
SPOT-113980,18-24,Female,BR,2023-12-08
SPOT-113981,35-44,Female,US,2025-10-31
SPOT-113982,18-24,Male,US,2024-11-10
SPOT-113983,18-24,Male,DE,2024-09-11
SPOT-113984,55+,Male,MX,2024-11-21
SPOT-113985,25-34,Non-binary,US,2024-10-06
SPOT-113986,18-24,Male,GB,2026-04-01
SPOT-113987,18-24,Male,US,2025-05-06
SPOT-113988,18-24,Female,FR,2026-05-20
SPOT-113989,18-24,Male,MX,2025-03-09
SPOT-113990,18-24,Male,DE,2023-12-20
SPOT-113991,25-34,Female,CA,2024-12-31
SPOT-113992,18-24,Female,ES,2025-05-09
SPOT-113993,25-34,Male,CA,2025-04-10
SPOT-113994,45-54,Female,BR,2025-10-27
SPOT-113995,25-34,Male,US,2025-04-17
SPOT-113996,45-54,Female,MX,2024-04-03
SPOT-113997,25-34,Female,US,2023-12-10
SPOT-113998,25-34,Male,GB,2025-07-01
SPOT-113999,35-44,Female,BR,2024-03-03
SPOT-114000,18-24,Male,US,2026-04-02
SPOT-114001,18-24,Male,US,2024-04-11
SPOT-114002,25-34,Female,GB,2025-05-01
SPOT-114003,25-34,Male,AR,2024-04-15
SPOT-114004,35-44,Male,US,2024-03-02
SPOT-114005,45-54,Male,US,2026-03-02
SPOT-114006,25-34,Male,AR,2023-12-02
SPOT-114007,25-34,Female,GB,2026-05-08
SPOT-114008,25-34,Female,CA,2026-04-17
SPOT-114009,55+,Male,DE,2025-01-20
SPOT-114010,35-44,Male,AR,2024-06-04
SPOT-114011,45-54,Female,GB,2023-11-10
SPOT-114012,18-24,Male,US,2025-04-02
SPOT-114013,35-44,Male,FR,2025-03-11
SPOT-114014,18-24,Male,CA,2024-04-23
SPOT-114015,18-24,Male,ES,2025-09-01
SPOT-114016,45-54,Female,ES,2025-05-04
SPOT-114017,18-24,Female,US,2025-06-20
SPOT-114018,55+,Female,ES,2023-12-20
SPOT-114019,18-24,Female,BR,2025-05-28
SPOT-114020,35-44,Male,DE,2025-06-30
SPOT-114021,18-24,Female,BR,2025-12-04
SPOT-114022,25-34,Female,GB,2025-05-01
SPOT-114023,18-24,Female,MX,2024-10-22
SPOT-114024,25-34,Male,GB,2024-02-03
SPOT-114025,18-24,Female,BR,2024-03-13
SPOT-114026,25-34,Female,US,2025-03-25
SPOT-114027,18-24,Male,MX,2026-05-02
SPOT-114028,18-24,Non-binary,US,2024-03-14
SPOT-114029,18-24,Male,US,2025-04-12
SPOT-114030,25-34,Male,US,2025-01-01
SPOT-114031,35-44,Male,US,2025-12-27
SPOT-114032,45-54,Male,US,2024-10-25
SPOT-114033,18-24,Female,US,2024-08-02
SPOT-114034,25-34,Male,GB,2026-03-22
SPOT-114035,35-44,Male,US,2026-01-20
SPOT-114036,18-24,Female,CA,2026-01-26
SPOT-114037,25-34,Male,US,2024-05-15
SPOT-114038,25-34,Female,ES,2025-07-12
SPOT-114039,18-24,Female,BR,2024-06-09
SPOT-114040,18-24,Male,BR,2024-06-12
SPOT-114041,18-24,Female,US,2025-05-13
SPOT-114042,25-34,Female,US,2025-01-05
SPOT-114043,18-24,Female,ES,2026-05-24
SPOT-114044,18-24,Female,DE,2026-04-03
SPOT-114045,18-24,Female,DE,2025-01-06
SPOT-114046,18-24,Male,BR,2025-08-17
SPOT-114047,18-24,Male,DE,2024-05-13
SPOT-114048,45-54,Female,AR,2024-05-07
SPOT-114049,18-24,Female,ES,2024-03-21
SPOT-114050,25-34,Male,GB,2025-12-17
SPOT-114051,25-34,Male,AR,2025-05-28
SPOT-114052,25-34,Female,BR,2023-11-30
SPOT-114053,25-34,Female,MX,2025-10-22
SPOT-114054,18-24,Male,FR,2024-11-12
SPOT-114055,35-44,Female,BR,2026-05-17
SPOT-114056,25-34,Female,ES,2025-07-22
SPOT-114057,35-44,Female,MX,2024-07-24
SPOT-114058,25-34,Male,DE,2025-02-18
SPOT-114059,55+,Female,AR,2026-01-21
SPOT-114060,35-44,Male,US,2024-02-21
SPOT-114061,55+,Female,BR,2024-05-29
SPOT-114062,25-34,Male,US,2026-05-16
SPOT-114063,25-34,Female,US,2026-03-26
SPOT-114064,35-44,Male,BR,2026-04-02
SPOT-114065,45-54,Female,GB,2024-01-28
SPOT-114066,55+,Female,GB,2025-07-11
SPOT-114067,18-24,Non-binary,AU,2025-05-01
SPOT-114068,35-44,Male,GB,2023-12-13
SPOT-114069,18-24,Male,BR,2026-03-01
SPOT-114070,25-34,Male,BR,2025-04-28
SPOT-114071,18-24,Male,US,2025-05-02
SPOT-114072,18-24,Male,MX,2025-04-21
SPOT-114073,45-54,Female,BR,2025-02-04
SPOT-114074,18-24,Female,DE,2024-02-23
SPOT-114075,25-34,Male,US,2023-12-08
SPOT-114076,25-34,Male,GB,2024-08-14
SPOT-114077,18-24,Female,FR,2026-01-03
SPOT-114078,18-24,Male,US,2025-04-23
SPOT-114079,25-34,Female,US,2024-12-13
SPOT-114080,18-24,Male,US,2024-03-13
SPOT-114081,35-44,Male,FR,2025-08-26
SPOT-114082,55+,Male,MX,2024-09-29
SPOT-114083,18-24,Male,FR,2023-11-29
SPOT-114084,18-24,Female,CA,2024-09-17
SPOT-114085,25-34,Male,CA,2024-03-28
SPOT-114086,35-44,Female,BR,2024-11-08
SPOT-114087,18-24,Male,BR,2025-01-18
SPOT-114088,18-24,Female,AR,2025-01-09
SPOT-114089,25-34,Female,GB,2023-12-12
SPOT-114090,55+,Female,US,2026-02-10
SPOT-114091,25-34,Male,GB,2026-02-05
SPOT-114092,25-34,Female,ES,2025-01-02
SPOT-114093,55+,Male,US,2024-06-27
SPOT-114094,25-34,Male,AR,2025-12-05
SPOT-114095,35-44,Female,AR,2025-04-22
SPOT-114096,25-34,Female,US,2025-05-13
SPOT-114097,55+,Male,US,2025-11-01
SPOT-114098,25-34,Female,US,2024-02-01
SPOT-114099,45-54,Male,GB,2026-02-15
SPOT-114100,25-34,Male,BR,2024-09-05
SPOT-114101,35-44,Female,BR,2025-03-27
SPOT-114102,18-24,Female,FR,2025-02-23
SPOT-114103,18-24,Male,US,2025-12-17
SPOT-114104,35-44,Female,MX,2025-11-26
SPOT-114105,18-24,Female,BR,2024-03-26
SPOT-114106,25-34,Female,ES,2026-03-06
SPOT-114107,18-24,Male,GB,2025-05-08
SPOT-114108,35-44,Male,BR,2026-05-09
SPOT-114109,18-24,Female,US,2026-02-27
SPOT-114110,35-44,Female,US,2026-02-01
SPOT-114111,25-34,Female,DE,2024-07-05
SPOT-114112,18-24,Female,BR,2024-11-07
SPOT-114113,25-34,Male,US,2025-07-10
SPOT-114114,18-24,Female,AR,2026-05-20
SPOT-114115,18-24,Male,CA,2025-05-31
SPOT-114116,25-34,Male,BR,2026-01-20
SPOT-114117,18-24,Male,US,2026-02-04
SPOT-114118,55+,Female,ES,2024-12-15
SPOT-114119,18-24,Male,US,2026-03-16
SPOT-114120,25-34,Male,ES,2024-07-27
SPOT-114121,25-34,Male,DE,2025-03-31
SPOT-114122,25-34,Male,US,2025-04-01
SPOT-114123,25-34,Male,GB,2025-05-06
SPOT-114124,25-34,Female,DE,2025-03-07
SPOT-114125,35-44,Male,ES,2026-01-26
SPOT-114126,25-34,Male,US,2026-05-22
SPOT-114127,18-24,Female,GB,2024-05-31
SPOT-114128,25-34,Female,US,2026-03-30
SPOT-114129,18-24,Female,MX,2024-05-27
SPOT-114130,18-24,Male,BR,2025-12-01
SPOT-114131,25-34,Female,CA,2024-12-17
SPOT-114132,25-34,Male,ES,2024-07-01
SPOT-114133,25-34,Female,ES,2026-05-13
SPOT-114134,35-44,Male,US,2024-10-08
SPOT-114135,18-24,Male,GB,2025-01-05
SPOT-114136,18-24,Female,BR,2025-05-07
SPOT-114137,18-24,Male,US,2025-05-03
SPOT-114138,25-34,Male,FR,2024-08-10
SPOT-114139,25-34,Female,ES,2026-05-25
SPOT-114140,18-24,Female,US,2024-07-19
SPOT-114141,35-44,Female,AR,2023-11-12
SPOT-114142,25-34,Female,US,2024-01-24
SPOT-114143,25-34,Female,US,2024-04-23
SPOT-114144,25-34,Female,US,2024-01-31
SPOT-114145,25-34,Female,BR,2024-02-18
SPOT-114146,25-34,Female,AR,2025-02-27
SPOT-114147,18-24,Female,US,2024-06-05
SPOT-114148,18-24,Male,ES,2024-09-01
SPOT-114149,18-24,Female,US,2026-01-24
SPOT-114150,25-34,Male,AU,2025-05-12
SPOT-114151,45-54,Female,FR,2024-08-17
SPOT-114152,25-34,Male,ES,2024-06-05
SPOT-114153,18-24,Female,BR,2024-11-18
SPOT-114154,35-44,Male,US,2025-04-19
SPOT-114155,35-44,Female,US,2026-01-18
SPOT-114156,45-54,Male,DE,2024-09-25
SPOT-114157,25-34,Male,DE,2024-07-10
SPOT-114158,45-54,Female,MX,2025-01-02
SPOT-114159,18-24,Male,US,2024-06-21
SPOT-114160,18-24,Male,BR,2025-12-11
SPOT-114161,18-24,Female,MX,2026-04-25
SPOT-114162,35-44,Non-binary,GB,2025-06-02
SPOT-114163,18-24,Male,AR,2024-03-25
SPOT-114164,25-34,Male,DE,2024-01-22
SPOT-114165,25-34,Female,US,2024-02-26
SPOT-114166,18-24,Male,US,2026-01-28
SPOT-114167,45-54,Male,GB,2024-12-21
SPOT-114168,18-24,Female,US,2024-05-01
SPOT-114169,25-34,Male,BR,2026-01-26
SPOT-114170,35-44,Female,CA,2023-11-27
SPOT-114171,18-24,Female,FR,2025-02-01
SPOT-114172,25-34,Female,GB,2024-05-10
SPOT-114173,35-44,Non-binary,FR,2025-02-27
SPOT-114174,45-54,Male,AU,2025-12-13
SPOT-114175,45-54,Female,GB,2025-07-03
SPOT-114176,18-24,Female,CA,2025-08-06
SPOT-114177,25-34,Male,AU,2024-10-07
SPOT-114178,18-24,Male,AR,2025-12-09
SPOT-114179,18-24,Female,DE,2025-10-24
SPOT-114180,18-24,Male,MX,2024-12-23
SPOT-114181,18-24,Male,GB,2024-07-25
SPOT-114182,45-54,Female,AU,2023-12-12
SPOT-114183,18-24,Female,US,2024-07-17
SPOT-114184,25-34,Male,FR,2025-01-10
SPOT-114185,25-34,Male,US,2025-07-03
SPOT-114186,25-34,Male,US,2024-05-22
SPOT-114187,55+,Female,CA,2025-04-06
SPOT-114188,18-24,Female,FR,2024-07-12
SPOT-114189,25-34,Male,GB,2024-07-29
SPOT-114190,25-34,Female,AU,2025-08-15
SPOT-114191,18-24,Male,FR,2026-05-14
SPOT-114192,25-34,Female,CA,2024-01-09
SPOT-114193,35-44,Male,BR,2024-12-25
SPOT-114194,18-24,Female,AU,2024-11-24
SPOT-114195,18-24,Male,AR,2024-11-23
SPOT-114196,18-24,Male,CA,2025-08-04
SPOT-114197,35-44,Male,GB,2024-12-17
SPOT-114198,35-44,Male,BR,2024-01-06
SPOT-114199,25-34,Non-binary,FR,2025-04-22
SPOT-114200,25-34,Female,BR,2024-11-22
SPOT-114201,45-54,Female,AR,2024-04-23
SPOT-114202,35-44,Male,AU,2024-06-07
SPOT-114203,35-44,Male,AR,2024-10-06
SPOT-114204,35-44,Male,GB,2025-04-05
SPOT-114205,25-34,Male,US,2024-05-30
SPOT-114206,25-34,Male,GB,2025-03-12
SPOT-114207,45-54,Female,MX,2025-06-24
SPOT-114208,45-54,Male,US,2025-06-23
SPOT-114209,18-24,Female,US,2025-03-26
SPOT-114210,18-24,Female,GB,2026-01-06
SPOT-114211,55+,Male,FR,2025-02-07
SPOT-114212,18-24,Female,US,2024-03-18
SPOT-114213,45-54,Male,US,2026-01-04
SPOT-114214,25-34,Male,BR,2025-05-18
SPOT-114215,18-24,Male,US,2025-08-05
SPOT-114216,18-24,Female,US,2026-03-12
SPOT-114217,18-24,Male,US,2026-05-02
SPOT-114218,18-24,Female,BR,2025-05-26
SPOT-114219,25-34,Male,US,2024-05-09
SPOT-114220,35-44,Male,CA,2026-05-08
SPOT-114221,55+,Male,US,2025-08-07
SPOT-114222,25-34,Female,AU,2025-09-12
SPOT-114223,25-34,Female,ES,2025-07-21
SPOT-114224,25-34,Female,AR,2024-04-15
SPOT-114225,25-34,Male,US,2024-07-04
SPOT-114226,25-34,Male,MX,2024-05-20
SPOT-114227,18-24,Female,AR,2024-12-22
SPOT-114228,18-24,Male,BR,2024-01-12
SPOT-114229,18-24,Male,BR,2024-06-18
SPOT-114230,18-24,Male,US,2024-04-16
SPOT-114231,35-44,Female,DE,2025-09-25
SPOT-114232,18-24,Female,US,2024-11-09
SPOT-114233,45-54,Male,AU,2024-11-15
SPOT-114234,45-54,Female,MX,2025-02-11
SPOT-114235,55+,Female,US,2024-11-27
SPOT-114236,45-54,Male,BR,2025-01-02
SPOT-114237,18-24,Male,MX,2026-05-31
SPOT-114238,25-34,Female,US,2025-02-27
SPOT-114239,18-24,Female,MX,2025-02-24
SPOT-114240,35-44,Male,US,2024-01-12
SPOT-114241,45-54,Female,DE,2024-10-27
SPOT-114242,45-54,Male,MX,2025-08-23
SPOT-114243,25-34,Female,GB,2023-11-26
SPOT-114244,35-44,Male,DE,2025-12-19
SPOT-114245,18-24,Male,AR,2024-11-02
SPOT-114246,18-24,Female,GB,2025-07-20
SPOT-114247,35-44,Male,MX,2025-09-14
SPOT-114248,25-34,Male,AR,2024-04-07
SPOT-114249,55+,Female,US,2024-08-14
SPOT-114250,18-24,Female,US,2026-04-02
SPOT-114251,45-54,Female,AR,2026-04-26
SPOT-114252,25-34,Male,BR,2025-02-16
SPOT-114253,35-44,Female,AR,2025-08-12
SPOT-114254,35-44,Male,US,2024-04-06
SPOT-114255,45-54,Male,AR,2024-06-05
SPOT-114256,18-24,Male,US,2024-11-12
SPOT-114257,45-54,Male,FR,2025-03-21
SPOT-114258,18-24,Male,AR,2025-05-20
SPOT-114259,18-24,Male,BR,2026-01-24
SPOT-114260,25-34,Non-binary,MX,2024-05-24
SPOT-114261,35-44,Female,GB,2026-01-10
SPOT-114262,25-34,Female,US,2024-09-30
SPOT-114263,35-44,Female,DE,2026-01-19
SPOT-114264,35-44,Female,MX,2024-08-02
SPOT-114265,18-24,Male,AU,2026-04-29
SPOT-114266,45-54,Female,AR,2025-08-12
SPOT-114267,18-24,Male,DE,2023-11-07
SPOT-114268,45-54,Male,ES,2023-12-04
SPOT-114269,18-24,Male,US,2024-08-16
SPOT-114270,25-34,Female,DE,2023-11-26
SPOT-114271,25-34,Male,DE,2025-05-01
SPOT-114272,18-24,Female,AU,2026-05-18
SPOT-114273,25-34,Female,DE,2025-08-19
SPOT-114274,18-24,Male,US,2025-03-24
SPOT-114275,18-24,Male,US,2024-02-15
SPOT-114276,18-24,Female,MX,2024-01-28
SPOT-114277,25-34,Male,GB,2026-03-08
SPOT-114278,35-44,Female,FR,2025-09-18
SPOT-114279,25-34,Female,BR,2024-09-28
SPOT-114280,45-54,Male,GB,2025-04-13
SPOT-114281,25-34,Male,ES,2026-04-21
SPOT-114282,25-34,Non-binary,DE,2024-06-07
SPOT-114283,25-34,Female,ES,2026-05-16
SPOT-114284,25-34,Male,ES,2025-04-03
SPOT-114285,25-34,Male,ES,2024-09-04
SPOT-114286,18-24,Female,FR,2025-11-24
SPOT-114287,45-54,Male,AR,2026-02-13
SPOT-114288,35-44,Female,MX,2026-03-08
SPOT-114289,18-24,Female,AU,2024-04-17
SPOT-114290,35-44,Female,US,2025-10-27
SPOT-114291,18-24,Male,CA,2024-08-23
SPOT-114292,18-24,Female,US,2025-06-27
SPOT-114293,18-24,Male,US,2026-01-09
SPOT-114294,35-44,Male,AR,2024-04-21
SPOT-114295,35-44,Female,DE,2025-05-01
SPOT-114296,35-44,Male,DE,2024-06-11
SPOT-114297,18-24,Female,GB,2024-08-08
SPOT-114298,25-34,Female,US,2025-05-28
SPOT-114299,35-44,Male,US,2025-03-03
SPOT-114300,18-24,Male,US,2024-08-01
SPOT-114301,25-34,Male,BR,2025-06-27
SPOT-114302,18-24,Male,ES,2025-02-05
SPOT-114303,18-24,Female,ES,2024-06-30
SPOT-114304,25-34,Female,DE,2025-12-31
SPOT-114305,25-34,Female,CA,2025-01-07
SPOT-114306,18-24,Female,GB,2024-04-09
SPOT-114307,18-24,Male,US,2025-09-16
SPOT-114308,18-24,Male,CA,2026-01-19
SPOT-114309,18-24,Male,BR,2024-08-29
SPOT-114310,18-24,Male,AU,2023-11-09
SPOT-114311,25-34,Male,DE,2024-04-26
SPOT-114312,25-34,Male,ES,2024-05-29
SPOT-114313,25-34,Non-binary,US,2023-11-29
SPOT-114314,35-44,Male,FR,2026-04-04
SPOT-114315,35-44,Female,US,2025-09-22
SPOT-114316,18-24,Male,US,2024-02-08
SPOT-114317,18-24,Male,US,2024-11-24
SPOT-114318,45-54,Male,BR,2024-06-02
SPOT-114319,18-24,Male,GB,2025-04-07
SPOT-114320,18-24,Female,AU,2026-05-11
SPOT-114321,18-24,Female,FR,2025-03-02
SPOT-114322,25-34,Female,AR,2025-06-02
SPOT-114323,25-34,Female,AR,2025-11-26
SPOT-114324,55+,Female,FR,2026-01-05
SPOT-114325,45-54,Female,FR,2025-01-21
SPOT-114326,25-34,Female,CA,2026-01-23
SPOT-114327,25-34,Male,CA,2024-11-20
SPOT-114328,18-24,Female,GB,2024-12-27
SPOT-114329,18-24,Female,US,2023-12-07
SPOT-114330,18-24,Female,MX,2026-01-17
SPOT-114331,18-24,Female,US,2025-01-25
SPOT-114332,18-24,Male,US,2024-06-14
SPOT-114333,18-24,Female,ES,2024-07-12
SPOT-114334,18-24,Female,MX,2025-03-10
SPOT-114335,55+,Female,MX,2025-10-30
SPOT-114336,25-34,Female,AU,2024-01-29
SPOT-114337,55+,Male,MX,2024-12-15
SPOT-114338,25-34,Male,DE,2025-01-21
SPOT-114339,25-34,Female,GB,2024-03-23
SPOT-114340,18-24,Male,GB,2024-06-26
SPOT-114341,18-24,Female,GB,2025-11-09
SPOT-114342,18-24,Female,US,2024-08-06
SPOT-114343,45-54,Male,GB,2025-07-21
SPOT-114344,55+,Male,AR,2024-06-28
SPOT-114345,18-24,Female,ES,2026-03-02
SPOT-114346,18-24,Male,MX,2024-12-26
SPOT-114347,25-34,Male,CA,2025-09-15
SPOT-114348,18-24,Female,GB,2025-07-22
SPOT-114349,25-34,Female,BR,2024-03-06
SPOT-114350,18-24,Female,US,2024-03-05
SPOT-114351,25-34,Female,FR,2025-10-13
SPOT-114352,18-24,Male,DE,2026-04-09
SPOT-114353,25-34,Female,US,2024-10-28
SPOT-114354,18-24,Female,US,2024-09-30
SPOT-114355,25-34,Female,AR,2024-02-15
SPOT-114356,55+,Male,US,2024-03-10
SPOT-114357,18-24,Male,CA,2026-02-27
SPOT-114358,45-54,Male,DE,2026-01-27
SPOT-114359,35-44,Male,GB,2023-11-22
SPOT-114360,55+,Male,GB,2025-12-14
SPOT-114361,35-44,Non-binary,DE,2026-04-07
SPOT-114362,25-34,Male,BR,2025-11-13
SPOT-114363,45-54,Male,BR,2025-10-21
SPOT-114364,18-24,Male,DE,2024-10-26
SPOT-114365,25-34,Female,DE,2025-04-10
SPOT-114366,55+,Female,GB,2024-06-23
SPOT-114367,35-44,Female,DE,2024-08-14
SPOT-114368,55+,Female,DE,2024-02-03
SPOT-114369,35-44,Female,BR,2025-11-17
SPOT-114370,45-54,Female,US,2026-02-26
SPOT-114371,35-44,Male,ES,2024-05-27
SPOT-114372,35-44,Male,MX,2025-08-02
SPOT-114373,25-34,Male,GB,2026-05-30
SPOT-114374,45-54,Male,DE,2024-06-08
SPOT-114375,35-44,Female,CA,2026-05-06
SPOT-114376,35-44,Male,US,2026-03-31
SPOT-114377,25-34,Female,AR,2024-04-19
SPOT-114378,18-24,Male,BR,2024-10-27
SPOT-114379,18-24,Male,MX,2025-06-13
SPOT-114380,45-54,Male,MX,2026-01-14
SPOT-114381,25-34,Female,DE,2024-02-03
SPOT-114382,18-24,Female,US,2025-12-15
SPOT-114383,18-24,Non-binary,CA,2025-10-02
SPOT-114384,35-44,Female,ES,2025-04-07
SPOT-114385,35-44,Male,BR,2025-09-02
SPOT-114386,35-44,Male,DE,2024-03-29
SPOT-114387,25-34,Female,BR,2024-06-29
SPOT-114388,25-34,Female,AR,2024-03-19
SPOT-114389,18-24,Male,US,2026-02-27
SPOT-114390,18-24,Male,FR,2024-11-09
SPOT-114391,35-44,Female,US,2024-01-23
SPOT-114392,18-24,Male,MX,2023-11-18
SPOT-114393,25-34,Female,GB,2024-10-13
SPOT-114394,25-34,Female,MX,2024-11-18
SPOT-114395,25-34,Male,US,2024-06-24
SPOT-114396,45-54,Male,BR,2025-09-24
SPOT-114397,18-24,Female,FR,2025-05-20
SPOT-114398,35-44,Female,BR,2024-06-22
SPOT-114399,18-24,Female,US,2024-06-20
SPOT-114400,18-24,Female,US,2023-12-17
SPOT-114401,25-34,Female,MX,2024-04-07
SPOT-114402,18-24,Male,US,2024-05-16
SPOT-114403,35-44,Female,US,2026-05-16
SPOT-114404,25-34,Male,DE,2024-08-02
SPOT-114405,18-24,Male,US,2026-04-12
SPOT-114406,18-24,Male,US,2025-09-24
SPOT-114407,25-34,Male,BR,2025-01-15
SPOT-114408,35-44,Male,GB,2025-02-03
SPOT-114409,25-34,Female,US,2024-02-14
SPOT-114410,25-34,Male,BR,2023-11-21
SPOT-114411,35-44,Female,GB,2024-08-15
SPOT-114412,25-34,Female,US,2024-08-13
SPOT-114413,18-24,Male,MX,2025-12-01
SPOT-114414,25-34,Male,BR,2026-05-20
SPOT-114415,25-34,Male,US,2024-04-10
SPOT-114416,35-44,Male,BR,2024-06-30
SPOT-114417,25-34,Male,AU,2024-10-20
SPOT-114418,55+,Male,AU,2025-06-12
SPOT-114419,18-24,Male,BR,2024-12-20
SPOT-114420,55+,Male,US,2025-06-11
SPOT-114421,25-34,Male,DE,2024-05-29
SPOT-114422,25-34,Female,US,2025-10-05
SPOT-114423,18-24,Male,DE,2024-11-28
SPOT-114424,25-34,Female,CA,2026-05-21
SPOT-114425,35-44,Male,DE,2025-07-09
SPOT-114426,35-44,Male,BR,2023-12-28
SPOT-114427,18-24,Female,US,2024-05-14
SPOT-114428,25-34,Male,US,2024-02-22
SPOT-114429,18-24,Male,AU,2024-09-11
SPOT-114430,55+,Female,GB,2025-02-02
SPOT-114431,45-54,Male,GB,2024-02-15
SPOT-114432,18-24,Male,BR,2024-10-02
SPOT-114433,45-54,Male,ES,2026-01-02
SPOT-114434,45-54,Male,GB,2025-02-04
SPOT-114435,25-34,Male,BR,2025-08-24
SPOT-114436,35-44,Female,GB,2025-08-08
SPOT-114437,25-34,Female,BR,2024-08-22
SPOT-114438,25-34,Female,US,2024-04-27
SPOT-114439,18-24,Female,BR,2026-05-21
SPOT-114440,18-24,Female,US,2025-05-27
SPOT-114441,25-34,Female,AR,2024-04-04
SPOT-114442,18-24,Female,MX,2025-01-26
SPOT-114443,35-44,Male,CA,2025-07-28
SPOT-114444,18-24,Male,BR,2025-05-09
SPOT-114445,25-34,Female,US,2025-08-01
SPOT-114446,45-54,Female,BR,2024-08-11
SPOT-114447,25-34,Male,MX,2024-03-13
SPOT-114448,25-34,Female,DE,2025-11-17
SPOT-114449,55+,Female,BR,2025-09-13
SPOT-114450,45-54,Male,US,2025-01-17
SPOT-114451,18-24,Female,ES,2024-12-03
SPOT-114452,25-34,Female,CA,2026-03-01
SPOT-114453,55+,Female,GB,2024-02-11
SPOT-114454,25-34,Male,AR,2026-03-31
SPOT-114455,25-34,Male,US,2024-04-28
SPOT-114456,18-24,Male,US,2026-05-04
SPOT-114457,18-24,Male,DE,2025-03-18
SPOT-114458,35-44,Female,DE,2024-11-10
SPOT-114459,35-44,Female,MX,2025-04-24
SPOT-114460,55+,Female,BR,2024-11-27
SPOT-114461,35-44,Male,US,2024-01-07
SPOT-114462,18-24,Male,US,2023-12-09
SPOT-114463,18-24,Female,US,2026-03-25
SPOT-114464,55+,Male,AU,2024-06-10
SPOT-114465,18-24,Non-binary,MX,2025-08-04
SPOT-114466,18-24,Female,FR,2026-01-01
SPOT-114467,45-54,Female,BR,2024-03-25
SPOT-114468,25-34,Male,US,2023-11-23
SPOT-114469,18-24,Female,MX,2025-12-11
SPOT-114470,45-54,Male,BR,2024-04-14
SPOT-114471,55+,Female,DE,2024-12-25
SPOT-114472,18-24,Male,DE,2024-06-24
SPOT-114473,45-54,Female,MX,2024-04-14
SPOT-114474,25-34,Male,MX,2025-03-27
SPOT-114475,25-34,Male,US,2025-05-28
SPOT-114476,45-54,Male,AR,2025-04-10
SPOT-114477,55+,Male,MX,2026-05-16
SPOT-114478,18-24,Female,BR,2025-02-22
SPOT-114479,18-24,Female,ES,2025-01-30
SPOT-114480,18-24,Female,US,2025-01-09
SPOT-114481,25-34,Male,CA,2025-03-09
SPOT-114482,18-24,Male,GB,2025-12-14
SPOT-114483,25-34,Male,GB,2024-04-28
SPOT-114484,18-24,Male,AR,2025-01-19
SPOT-114485,25-34,Non-binary,GB,2024-03-09
SPOT-114486,18-24,Male,AR,2024-06-14
SPOT-114487,35-44,Female,GB,2025-06-10
SPOT-114488,18-24,Female,BR,2023-11-24
SPOT-114489,18-24,Female,US,2024-01-12
SPOT-114490,45-54,Female,ES,2025-06-13
SPOT-114491,35-44,Male,US,2023-12-11
SPOT-114492,18-24,Male,FR,2025-02-13
SPOT-114493,18-24,Female,DE,2024-05-19
SPOT-114494,35-44,Female,BR,2025-12-25
SPOT-114495,25-34,Male,US,2024-10-30
SPOT-114496,35-44,Male,AU,2024-11-11
SPOT-114497,25-34,Female,AR,2024-07-01
SPOT-114498,18-24,Male,DE,2026-02-27
SPOT-114499,25-34,Female,CA,2024-08-01
SPOT-114500,35-44,Male,CA,2024-06-23
SPOT-114501,45-54,Female,BR,2026-04-11
SPOT-114502,18-24,Female,US,2025-07-26
SPOT-114503,25-34,Female,BR,2025-10-23
SPOT-114504,18-24,Male,GB,2024-01-22
SPOT-114505,25-34,Female,DE,2024-03-13
SPOT-114506,45-54,Female,CA,2024-11-06
SPOT-114507,25-34,Female,GB,2025-07-22
SPOT-114508,45-54,Male,AR,2025-12-18
SPOT-114509,25-34,Male,CA,2026-05-27
SPOT-114510,45-54,Male,AR,2024-06-19
SPOT-114511,35-44,Male,BR,2025-01-23
SPOT-114512,18-24,Female,BR,2025-01-22
SPOT-114513,18-24,Female,AR,2024-04-29
SPOT-114514,25-34,Female,US,2024-10-04
SPOT-114515,18-24,Male,ES,2024-03-12
SPOT-114516,25-34,Male,BR,2024-08-27
SPOT-114517,25-34,Female,DE,2024-03-25
SPOT-114518,55+,Female,ES,2026-03-17
SPOT-114519,25-34,Female,GB,2024-07-22
SPOT-114520,35-44,Female,FR,2024-08-18
SPOT-114521,45-54,Female,MX,2026-01-18
SPOT-114522,45-54,Female,MX,2024-10-15
SPOT-114523,18-24,Female,BR,2024-05-18
SPOT-114524,25-34,Female,US,2025-12-16
SPOT-114525,18-24,Male,MX,2025-01-17
SPOT-114526,25-34,Female,ES,2024-09-26
SPOT-114527,25-34,Female,US,2024-12-28
SPOT-114528,35-44,Male,GB,2025-01-13
SPOT-114529,25-34,Male,AR,2024-12-30
SPOT-114530,25-34,Female,MX,2024-06-12
SPOT-114531,55+,Female,MX,2026-04-12
SPOT-114532,18-24,Non-binary,US,2024-01-15
SPOT-114533,25-34,Male,MX,2025-12-05
SPOT-114534,35-44,Male,AR,2025-10-03
SPOT-114535,18-24,Male,DE,2024-06-16
SPOT-114536,25-34,Female,US,2024-12-01
SPOT-114537,18-24,Female,US,2024-03-21
SPOT-114538,45-54,Female,BR,2024-08-11
SPOT-114539,18-24,Male,MX,2023-11-06
SPOT-114540,18-24,Male,US,2026-03-29
SPOT-114541,25-34,Male,DE,2024-10-05
SPOT-114542,18-24,Female,BR,2025-10-07
SPOT-114543,18-24,Male,US,2025-04-26
SPOT-114544,25-34,Male,GB,2025-09-23
SPOT-114545,25-34,Male,MX,2024-05-20
SPOT-114546,25-34,Female,ES,2024-10-20
SPOT-114547,25-34,Male,MX,2024-08-08
SPOT-114548,25-34,Male,ES,2024-01-11
SPOT-114549,25-34,Female,BR,2024-01-29
SPOT-114550,18-24,Female,AR,2024-07-12
SPOT-114551,18-24,Female,AR,2025-09-19
SPOT-114552,35-44,Male,AR,2026-02-16
SPOT-114553,45-54,Female,BR,2024-04-08
SPOT-114554,18-24,Non-binary,AU,2024-09-14
SPOT-114555,25-34,Female,US,2024-06-11
SPOT-114556,25-34,Male,US,2024-03-18
SPOT-114557,25-34,Male,AR,2025-11-28
SPOT-114558,25-34,Female,AR,2025-09-09
SPOT-114559,18-24,Female,AR,2025-12-29
SPOT-114560,35-44,Female,FR,2024-08-21
SPOT-114561,18-24,Male,DE,2024-01-21
SPOT-114562,25-34,Female,CA,2025-12-23
SPOT-114563,35-44,Male,US,2024-07-06
SPOT-114564,25-34,Male,CA,2025-06-07
SPOT-114565,18-24,Female,BR,2025-09-19
SPOT-114566,55+,Male,US,2026-01-11
SPOT-114567,45-54,Male,ES,2023-11-26
SPOT-114568,35-44,Female,GB,2023-11-10
SPOT-114569,25-34,Male,US,2026-03-25
SPOT-114570,18-24,Female,US,2026-03-28
SPOT-114571,45-54,Female,US,2026-05-10
SPOT-114572,25-34,Female,ES,2024-11-17
SPOT-114573,45-54,Female,BR,2023-12-22
SPOT-114574,18-24,Female,AU,2024-06-11
SPOT-114575,18-24,Male,DE,2024-07-07
SPOT-114576,55+,Female,AR,2024-02-14
SPOT-114577,25-34,Female,AU,2025-08-07
SPOT-114578,18-24,Male,US,2025-03-15
SPOT-114579,18-24,Female,US,2024-03-31
SPOT-114580,25-34,Male,GB,2025-07-17
SPOT-114581,18-24,Male,FR,2024-04-25
SPOT-114582,25-34,Male,AR,2026-01-30
SPOT-114583,25-34,Male,GB,2025-10-12
SPOT-114584,35-44,Non-binary,US,2025-09-17
SPOT-114585,25-34,Female,AR,2024-09-23
SPOT-114586,55+,Female,BR,2025-11-19
SPOT-114587,18-24,Female,US,2024-06-05
SPOT-114588,25-34,Female,AR,2025-11-11
SPOT-114589,18-24,Female,AU,2026-03-17
SPOT-114590,35-44,Female,US,2025-02-16
SPOT-114591,55+,Male,GB,2023-11-20
SPOT-114592,35-44,Male,AR,2024-09-26
SPOT-114593,25-34,Female,BR,2024-12-05
SPOT-114594,25-34,Non-binary,AU,2024-09-16
SPOT-114595,35-44,Female,CA,2026-05-13
SPOT-114596,45-54,Female,US,2024-08-17
SPOT-114597,55+,Female,MX,2025-07-19
SPOT-114598,25-34,Female,MX,2024-11-21
SPOT-114599,55+,Female,US,2024-05-28
SPOT-114600,18-24,Male,US,2024-05-23
SPOT-114601,18-24,Male,BR,2024-05-07
SPOT-114602,18-24,Female,DE,2024-10-04
SPOT-114603,18-24,Male,BR,2024-06-28
SPOT-114604,35-44,Male,US,2024-03-06
SPOT-114605,45-54,Female,BR,2024-03-24
SPOT-114606,35-44,Male,DE,2025-01-28
SPOT-114607,25-34,Female,FR,2025-05-17
SPOT-114608,25-34,Female,GB,2024-09-21
SPOT-114609,35-44,Female,FR,2024-01-01
SPOT-114610,25-34,Female,DE,2025-06-12
SPOT-114611,35-44,Female,BR,2025-02-06
SPOT-114612,25-34,Male,GB,2026-01-17
SPOT-114613,25-34,Male,AR,2025-08-20
SPOT-114614,25-34,Female,AR,2024-08-03
SPOT-114615,45-54,Female,AR,2025-07-05
SPOT-114616,18-24,Male,MX,2026-01-16
SPOT-114617,25-34,Female,GB,2026-01-17
SPOT-114618,35-44,Female,MX,2025-08-06
SPOT-114619,25-34,Male,AU,2024-04-23
SPOT-114620,45-54,Female,MX,2025-10-05
SPOT-114621,18-24,Male,AU,2024-10-17
SPOT-114622,25-34,Male,GB,2025-05-20
SPOT-114623,45-54,Female,AR,2024-08-05
SPOT-114624,25-34,Female,ES,2025-04-13
SPOT-114625,25-34,Male,AR,2025-09-12
SPOT-114626,18-24,Female,ES,2025-01-15
SPOT-114627,18-24,Male,BR,2024-08-14
SPOT-114628,25-34,Male,MX,2024-08-06
SPOT-114629,18-24,Male,CA,2026-03-15
SPOT-114630,45-54,Male,DE,2024-06-08
SPOT-114631,35-44,Male,AU,2025-10-08
SPOT-114632,18-24,Female,US,2025-02-15
SPOT-114633,25-34,Male,US,2025-07-22
SPOT-114634,25-34,Male,BR,2024-05-15
SPOT-114635,18-24,Female,AR,2025-05-20
SPOT-114636,18-24,Male,US,2024-04-22
SPOT-114637,25-34,Female,MX,2024-03-24
SPOT-114638,25-34,Male,BR,2024-12-07
SPOT-114639,25-34,Male,GB,2023-11-17
SPOT-114640,25-34,Female,GB,2024-10-29
SPOT-114641,35-44,Male,US,2025-04-30
SPOT-114642,35-44,Male,BR,2025-02-25
SPOT-114643,25-34,Male,DE,2025-12-18
SPOT-114644,35-44,Male,GB,2025-12-26
SPOT-114645,18-24,Female,AU,2024-10-26
SPOT-114646,45-54,Male,AR,2023-12-24
SPOT-114647,25-34,Female,BR,2025-08-19
SPOT-114648,35-44,Female,BR,2024-02-22
SPOT-114649,25-34,Male,US,2024-07-25
SPOT-114650,18-24,Female,MX,2025-12-15
SPOT-114651,25-34,Female,AU,2025-02-19
SPOT-114652,25-34,Female,FR,2026-04-11
SPOT-114653,25-34,Male,US,2023-12-08
SPOT-114654,25-34,Female,US,2024-07-28
SPOT-114655,35-44,Male,AU,2025-07-03
SPOT-114656,25-34,Male,US,2024-03-05
SPOT-114657,25-34,Male,BR,2024-09-22
SPOT-114658,18-24,Female,US,2024-10-07
SPOT-114659,55+,Male,AR,2025-06-16
SPOT-114660,35-44,Female,US,2026-02-08
SPOT-114661,35-44,Male,MX,2025-10-28
SPOT-114662,18-24,Female,US,2024-06-19
SPOT-114663,25-34,Female,US,2025-06-07
SPOT-114664,18-24,Male,BR,2026-01-03
SPOT-114665,25-34,Female,US,2025-05-14
SPOT-114666,18-24,Male,US,2024-10-19
SPOT-114667,25-34,Female,US,2025-03-17
SPOT-114668,25-34,Non-binary,US,2024-06-08
SPOT-114669,25-34,Male,AU,2025-12-10
SPOT-114670,25-34,Female,DE,2024-06-12
SPOT-114671,45-54,Male,FR,2026-05-14
SPOT-114672,18-24,Male,GB,2024-06-03
SPOT-114673,35-44,Male,US,2025-09-03
SPOT-114674,18-24,Male,MX,2025-02-15
SPOT-114675,18-24,Female,US,2026-05-09
SPOT-114676,18-24,Male,BR,2025-07-14
SPOT-114677,35-44,Female,US,2026-03-03
SPOT-114678,25-34,Male,MX,2025-03-11
SPOT-114679,45-54,Female,FR,2026-01-29
SPOT-114680,25-34,Male,AU,2026-03-17
SPOT-114681,18-24,Male,BR,2024-12-16
SPOT-114682,35-44,Female,BR,2025-11-09
SPOT-114683,18-24,Female,US,2024-04-11
SPOT-114684,35-44,Female,ES,2025-07-13
SPOT-114685,18-24,Male,AU,2025-04-30
SPOT-114686,18-24,Male,DE,2025-05-27
SPOT-114687,35-44,Male,AR,2024-11-05
SPOT-114688,55+,Female,AR,2025-10-10
SPOT-114689,25-34,Male,AR,2025-12-10
SPOT-114690,35-44,Male,ES,2025-04-11
SPOT-114691,18-24,Female,US,2024-10-06
SPOT-114692,35-44,Female,ES,2026-03-09
SPOT-114693,25-34,Female,US,2024-12-22
SPOT-114694,18-24,Male,ES,2026-03-24
SPOT-114695,18-24,Female,US,2025-11-22
SPOT-114696,18-24,Male,CA,2025-07-31
SPOT-114697,25-34,Male,AR,2026-05-27
SPOT-114698,18-24,Female,MX,2024-05-18
SPOT-114699,25-34,Female,US,2024-01-03
SPOT-114700,55+,Female,AR,2025-09-12
SPOT-114701,18-24,Male,FR,2025-09-19
SPOT-114702,25-34,Female,MX,2024-07-31
SPOT-114703,25-34,Male,AU,2026-03-06
SPOT-114704,45-54,Female,US,2026-01-30
SPOT-114705,25-34,Male,ES,2023-12-12
SPOT-114706,25-34,Male,BR,2025-05-24
SPOT-114707,25-34,Male,US,2025-01-15
SPOT-114708,18-24,Male,MX,2024-02-23
SPOT-114709,18-24,Female,AR,2024-06-05
SPOT-114710,25-34,Female,US,2024-01-17
SPOT-114711,18-24,Male,AR,2025-11-18
SPOT-114712,25-34,Female,US,2024-11-21
SPOT-114713,18-24,Female,BR,2025-08-14
SPOT-114714,25-34,Female,AR,2024-09-01
SPOT-114715,18-24,Male,US,2025-02-16
SPOT-114716,45-54,Non-binary,BR,2025-07-19
SPOT-114717,45-54,Male,DE,2025-10-11
SPOT-114718,18-24,Female,MX,2024-05-18
SPOT-114719,18-24,Female,DE,2025-01-12
SPOT-114720,25-34,Male,GB,2026-02-18
SPOT-114721,18-24,Female,GB,2024-02-27
SPOT-114722,25-34,Male,FR,2024-06-21
SPOT-114723,18-24,Male,US,2025-09-25
SPOT-114724,45-54,Male,US,2024-08-30
SPOT-114725,45-54,Female,US,2026-02-27
SPOT-114726,25-34,Female,US,2024-06-06
SPOT-114727,25-34,Male,US,2026-05-02
SPOT-114728,45-54,Male,US,2024-11-01
SPOT-114729,45-54,Male,US,2025-02-22
SPOT-114730,55+,Female,GB,2024-01-11
SPOT-114731,18-24,Female,US,2024-01-03
SPOT-114732,18-24,Female,US,2025-02-05
SPOT-114733,25-34,Female,BR,2024-10-07
SPOT-114734,25-34,Female,ES,2025-02-20
SPOT-114735,18-24,Male,MX,2023-11-28
SPOT-114736,18-24,Male,BR,2024-08-31
SPOT-114737,45-54,Female,DE,2025-04-03
SPOT-114738,45-54,Female,MX,2024-08-24
SPOT-114739,25-34,Female,CA,2025-09-03
SPOT-114740,45-54,Male,MX,2024-07-15
SPOT-114741,25-34,Male,US,2025-02-18
SPOT-114742,35-44,Male,BR,2025-05-24
SPOT-114743,25-34,Female,BR,2026-01-10
SPOT-114744,18-24,Female,DE,2024-05-27
SPOT-114745,25-34,Male,BR,2024-01-29
SPOT-114746,25-34,Female,MX,2024-08-12
SPOT-114747,25-34,Male,US,2023-11-20
SPOT-114748,18-24,Male,BR,2025-12-24
SPOT-114749,55+,Male,AR,2024-10-10
SPOT-114750,18-24,Female,BR,2025-12-11
SPOT-114751,18-24,Female,US,2024-01-07
SPOT-114752,25-34,Female,ES,2025-09-28
SPOT-114753,25-34,Female,CA,2024-05-03
SPOT-114754,25-34,Male,FR,2024-07-27
SPOT-114755,35-44,Male,GB,2025-11-15
SPOT-114756,25-34,Female,BR,2024-10-05
SPOT-114757,25-34,Female,BR,2024-06-13
SPOT-114758,35-44,Male,ES,2024-11-28
SPOT-114759,18-24,Male,MX,2025-09-26
SPOT-114760,25-34,Male,US,2024-06-14
SPOT-114761,45-54,Male,AR,2026-05-07
SPOT-114762,18-24,Male,AR,2025-10-04
SPOT-114763,25-34,Male,DE,2025-03-31
SPOT-114764,45-54,Female,US,2026-03-21
SPOT-114765,25-34,Male,MX,2025-04-21
SPOT-114766,25-34,Female,GB,2026-05-03
SPOT-114767,55+,Female,ES,2026-02-21
SPOT-114768,18-24,Male,GB,2025-09-01
SPOT-114769,18-24,Female,GB,2024-03-01
SPOT-114770,45-54,Male,FR,2025-09-21
SPOT-114771,45-54,Female,MX,2025-07-17
SPOT-114772,25-34,Male,US,2025-05-13
SPOT-114773,25-34,Male,MX,2024-11-29
SPOT-114774,35-44,Female,ES,2023-12-08
SPOT-114775,35-44,Male,US,2023-11-20
SPOT-114776,18-24,Male,AU,2023-11-10
SPOT-114777,18-24,Male,DE,2024-08-19
SPOT-114778,25-34,Male,CA,2025-10-21
SPOT-114779,45-54,Female,GB,2025-06-23
SPOT-114780,45-54,Male,MX,2024-04-08
SPOT-114781,55+,Male,BR,2026-03-23
SPOT-114782,45-54,Male,AU,2024-01-21
SPOT-114783,25-34,Male,DE,2025-09-08
SPOT-114784,25-34,Female,US,2023-12-29
SPOT-114785,35-44,Male,AR,2024-06-10
SPOT-114786,35-44,Female,US,2025-02-19
SPOT-114787,25-34,Female,FR,2025-08-07
SPOT-114788,18-24,Male,US,2024-02-20
SPOT-114789,45-54,Female,BR,2024-03-04
SPOT-114790,25-34,Female,ES,2024-11-08
SPOT-114791,25-34,Male,GB,2025-11-12
SPOT-114792,25-34,Male,AR,2025-03-25
SPOT-114793,25-34,Male,BR,2024-10-10
SPOT-114794,18-24,Male,DE,2024-08-31
SPOT-114795,35-44,Male,GB,2025-10-19
SPOT-114796,18-24,Female,US,2025-02-07
SPOT-114797,18-24,Female,MX,2026-02-18
SPOT-114798,25-34,Female,GB,2024-10-08
SPOT-114799,35-44,Female,GB,2024-08-11
SPOT-114800,55+,Female,CA,2024-06-15
SPOT-114801,35-44,Female,GB,2024-03-02
SPOT-114802,45-54,Non-binary,FR,2023-12-17
SPOT-114803,18-24,Male,AU,2026-04-01
SPOT-114804,18-24,Male,AR,2026-02-18
SPOT-114805,25-34,Male,US,2024-11-05
SPOT-114806,18-24,Male,FR,2024-12-09
SPOT-114807,35-44,Male,US,2025-09-03
SPOT-114808,25-34,Male,GB,2024-07-05
SPOT-114809,55+,Male,AU,2026-02-10
SPOT-114810,18-24,Female,DE,2025-05-11
SPOT-114811,25-34,Female,MX,2025-10-10
SPOT-114812,25-34,Female,GB,2024-11-06
SPOT-114813,18-24,Male,GB,2025-06-02
SPOT-114814,25-34,Female,BR,2025-02-26
SPOT-114815,25-34,Female,CA,2025-02-26
SPOT-114816,25-34,Female,GB,2025-05-31
SPOT-114817,25-34,Female,US,2025-03-19
SPOT-114818,18-24,Male,US,2024-10-26
SPOT-114819,25-34,Male,US,2024-02-20
SPOT-114820,18-24,Female,GB,2024-05-23
SPOT-114821,18-24,Male,US,2025-09-15
SPOT-114822,18-24,Male,BR,2025-04-27
SPOT-114823,18-24,Male,US,2023-11-07
SPOT-114824,25-34,Male,BR,2024-05-28
SPOT-114825,18-24,Female,US,2025-04-04
SPOT-114826,25-34,Male,CA,2025-05-06
SPOT-114827,25-34,Male,GB,2026-02-15
SPOT-114828,25-34,Non-binary,US,2025-03-08
SPOT-114829,35-44,Male,AR,2025-03-09
SPOT-114830,25-34,Female,DE,2024-05-23
SPOT-114831,25-34,Male,AR,2026-05-13
SPOT-114832,35-44,Female,GB,2026-04-25
SPOT-114833,25-34,Male,BR,2024-09-09
SPOT-114834,35-44,Female,DE,2024-05-30
SPOT-114835,25-34,Male,BR,2025-10-17
SPOT-114836,25-34,Female,DE,2025-06-24
SPOT-114837,35-44,Male,BR,2025-11-22
SPOT-114838,18-24,Male,MX,2024-08-16
SPOT-114839,18-24,Female,DE,2025-12-29
SPOT-114840,18-24,Male,MX,2024-10-05
SPOT-114841,25-34,Female,ES,2024-05-03
SPOT-114842,18-24,Female,ES,2025-11-04
SPOT-114843,25-34,Male,BR,2026-03-08
SPOT-114844,35-44,Male,US,2024-07-29
SPOT-114845,35-44,Female,ES,2024-09-28
SPOT-114846,25-34,Male,CA,2025-04-22
SPOT-114847,55+,Male,MX,2025-09-24
SPOT-114848,25-34,Female,BR,2024-05-17
SPOT-114849,25-34,Male,BR,2024-08-16
SPOT-114850,35-44,Female,MX,2025-08-10
SPOT-114851,35-44,Male,AU,2026-02-27
SPOT-114852,35-44,Female,US,2025-11-07
SPOT-114853,18-24,Male,US,2024-12-03
SPOT-114854,25-34,Male,AU,2024-01-26
SPOT-114855,45-54,Female,DE,2025-11-20
SPOT-114856,25-34,Male,MX,2024-02-23
SPOT-114857,25-34,Male,ES,2024-08-12
SPOT-114858,25-34,Female,ES,2023-12-28
SPOT-114859,35-44,Female,MX,2025-07-16
SPOT-114860,18-24,Male,BR,2026-03-18
SPOT-114861,25-34,Male,BR,2026-01-20
SPOT-114862,18-24,Female,ES,2026-03-17
SPOT-114863,25-34,Male,FR,2024-01-29
SPOT-114864,35-44,Female,US,2024-01-26
SPOT-114865,18-24,Male,GB,2023-12-11
SPOT-114866,25-34,Female,DE,2024-11-18
SPOT-114867,25-34,Male,MX,2024-10-12
SPOT-114868,18-24,Male,DE,2024-01-18
SPOT-114869,25-34,Male,US,2025-01-27
SPOT-114870,18-24,Male,US,2024-11-04
SPOT-114871,25-34,Male,AR,2024-12-01
SPOT-114872,25-34,Male,DE,2024-10-09
SPOT-114873,35-44,Female,GB,2025-10-01
SPOT-114874,35-44,Male,BR,2024-07-18
SPOT-114875,25-34,Non-binary,US,2025-08-20
SPOT-114876,18-24,Male,DE,2026-03-23
SPOT-114877,45-54,Female,ES,2023-11-14
SPOT-114878,25-34,Female,ES,2024-05-30
SPOT-114879,18-24,Female,ES,2024-07-04
SPOT-114880,35-44,Male,DE,2024-04-10
SPOT-114881,18-24,Female,GB,2025-05-24
SPOT-114882,25-34,Male,AR,2025-12-04
SPOT-114883,25-34,Male,US,2025-05-21
SPOT-114884,25-34,Female,ES,2025-02-09
SPOT-114885,45-54,Male,FR,2025-12-26
SPOT-114886,25-34,Male,GB,2024-07-28
SPOT-114887,18-24,Male,US,2025-04-08
SPOT-114888,45-54,Male,BR,2025-09-27
SPOT-114889,45-54,Male,US,2024-05-13
SPOT-114890,25-34,Female,FR,2026-04-02
SPOT-114891,25-34,Male,US,2025-12-18
SPOT-114892,18-24,Female,GB,2025-01-09
SPOT-114893,35-44,Female,FR,2025-10-29
SPOT-114894,18-24,Female,US,2025-03-11
SPOT-114895,18-24,Female,FR,2025-03-13
SPOT-114896,25-34,Female,US,2025-09-29
SPOT-114897,18-24,Male,CA,2024-08-03
SPOT-114898,18-24,Male,GB,2024-01-25
SPOT-114899,25-34,Female,US,2024-04-26
SPOT-114900,18-24,Non-binary,BR,2026-03-02
SPOT-114901,18-24,Female,GB,2025-03-02
SPOT-114902,18-24,Male,US,2026-05-26
SPOT-114903,18-24,Male,GB,2025-06-08
SPOT-114904,35-44,Female,ES,2025-06-18
SPOT-114905,35-44,Female,AR,2025-04-15
SPOT-114906,25-34,Female,AR,2025-04-04
SPOT-114907,25-34,Female,ES,2024-06-23
SPOT-114908,18-24,Female,US,2024-08-17
SPOT-114909,18-24,Male,DE,2024-06-05
SPOT-114910,18-24,Female,US,2025-07-05
SPOT-114911,25-34,Male,US,2024-08-23
SPOT-114912,35-44,Female,ES,2024-12-18
SPOT-114913,25-34,Male,AR,2025-04-09
SPOT-114914,25-34,Male,AR,2024-09-13
SPOT-114915,18-24,Male,FR,2026-05-21
SPOT-114916,35-44,Female,BR,2024-06-02
SPOT-114917,25-34,Female,AU,2024-12-20
SPOT-114918,35-44,Male,BR,2026-05-26
SPOT-114919,25-34,Female,FR,2025-04-03
SPOT-114920,35-44,Female,US,2024-05-11
SPOT-114921,45-54,Female,US,2024-04-18
SPOT-114922,45-54,Male,BR,2026-04-04
SPOT-114923,25-34,Male,US,2025-07-24
SPOT-114924,25-34,Male,US,2024-09-14
SPOT-114925,18-24,Male,US,2024-01-01
SPOT-114926,45-54,Female,AR,2024-08-08
SPOT-114927,25-34,Male,CA,2024-11-24
SPOT-114928,18-24,Male,GB,2026-02-19
SPOT-114929,25-34,Male,AU,2025-03-13
SPOT-114930,18-24,Male,AR,2025-03-25
SPOT-114931,25-34,Female,US,2025-11-03
SPOT-114932,25-34,Female,BR,2025-10-19
SPOT-114933,18-24,Male,AU,2025-01-09
SPOT-114934,18-24,Female,AR,2026-01-18
SPOT-114935,45-54,Male,GB,2025-02-16
SPOT-114936,35-44,Female,GB,2025-04-05
SPOT-114937,35-44,Male,AR,2024-05-13
SPOT-114938,25-34,Male,BR,2025-04-12
SPOT-114939,35-44,Female,US,2026-03-17
SPOT-114940,25-34,Female,GB,2025-04-24
SPOT-114941,18-24,Male,MX,2025-08-18
SPOT-114942,18-24,Female,US,2024-01-12
SPOT-114943,18-24,Female,MX,2024-01-08
SPOT-114944,18-24,Male,ES,2024-04-27
SPOT-114945,55+,Male,GB,2026-04-09
SPOT-114946,18-24,Male,DE,2024-02-21
SPOT-114947,25-34,Female,CA,2025-07-25
SPOT-114948,25-34,Non-binary,ES,2025-07-12
SPOT-114949,18-24,Female,AR,2026-01-12
SPOT-114950,25-34,Female,BR,2025-10-26
SPOT-114951,18-24,Female,US,2024-12-13
SPOT-114952,35-44,Male,BR,2024-09-01
SPOT-114953,18-24,Male,ES,2023-11-11
SPOT-114954,25-34,Male,US,2025-08-28
SPOT-114955,35-44,Female,US,2024-07-20
SPOT-114956,45-54,Female,BR,2024-01-14
SPOT-114957,35-44,Male,DE,2025-12-01
SPOT-114958,25-34,Male,AU,2026-01-09
SPOT-114959,25-34,Female,US,2025-12-26
SPOT-114960,25-34,Male,GB,2026-04-12
SPOT-114961,35-44,Female,AR,2024-03-29
SPOT-114962,45-54,Male,MX,2026-01-19
SPOT-114963,18-24,Female,BR,2025-05-22
SPOT-114964,25-34,Female,ES,2026-05-16
SPOT-114965,35-44,Male,US,2025-11-07
SPOT-114966,25-34,Female,CA,2026-01-20
SPOT-114967,18-24,Male,US,2025-04-25
SPOT-114968,25-34,Male,US,2024-09-04
SPOT-114969,25-34,Male,GB,2025-06-25
SPOT-114970,55+,Female,ES,2025-01-05
SPOT-114971,25-34,Male,US,2026-01-01
SPOT-114972,18-24,Male,US,2024-01-06
SPOT-114973,18-24,Female,US,2023-12-14
SPOT-114974,18-24,Male,GB,2025-04-02
SPOT-114975,25-34,Male,US,2024-05-20
SPOT-114976,25-34,Male,DE,2025-12-28
SPOT-114977,18-24,Female,US,2026-05-25
SPOT-114978,25-34,Female,GB,2026-01-12
SPOT-114979,35-44,Male,DE,2024-04-11
SPOT-114980,18-24,Female,ES,2024-07-17
SPOT-114981,18-24,Male,US,2025-07-02
SPOT-114982,55+,Female,BR,2024-01-05
SPOT-114983,25-34,Male,AR,2024-01-02
SPOT-114984,35-44,Male,AU,2025-08-06
SPOT-114985,25-34,Female,BR,2025-11-23
SPOT-114986,35-44,Male,DE,2025-08-07
SPOT-114987,35-44,Male,MX,2024-12-29
SPOT-114988,25-34,Female,BR,2025-06-20
SPOT-114989,45-54,Non-binary,US,2024-02-18
SPOT-114990,45-54,Male,DE,2025-01-31
SPOT-114991,25-34,Female,AU,2024-08-20
SPOT-114992,18-24,Female,MX,2025-05-20
SPOT-114993,25-34,Male,GB,2025-11-01
SPOT-114994,35-44,Female,CA,2023-12-19
SPOT-114995,25-34,Female,DE,2023-11-06
SPOT-114996,18-24,Female,DE,2024-07-23
SPOT-114997,18-24,Male,MX,2025-05-19
SPOT-114998,25-34,Male,BR,2025-05-11
SPOT-114999,18-24,Male,GB,2025-08-09
SPOT-115000,25-34,Male,DE,2024-07-30
SPOT-115001,35-44,Male,GB,2024-06-09
SPOT-115002,25-34,Male,ES,2026-02-24
SPOT-115003,18-24,Male,US,2025-06-01
SPOT-115004,18-24,Male,ES,2026-01-24
SPOT-115005,18-24,Male,US,2023-12-10
SPOT-115006,18-24,Male,GB,2024-10-27
SPOT-115007,25-34,Male,GB,2025-05-01
SPOT-115008,25-34,Female,AU,2024-02-25
SPOT-115009,18-24,Male,BR,2025-08-24
SPOT-115010,18-24,Female,ES,2026-03-18
SPOT-115011,18-24,Female,BR,2025-07-05
SPOT-115012,55+,Female,AU,2024-07-09
SPOT-115013,25-34,Female,US,2024-12-09
SPOT-115014,45-54,Male,MX,2024-04-18
SPOT-115015,35-44,Male,AR,2025-10-30
SPOT-115016,25-34,Male,MX,2025-03-07
SPOT-115017,35-44,Male,FR,2025-02-12
SPOT-115018,18-24,Male,MX,2026-03-29
SPOT-115019,25-34,Female,AR,2025-02-19
SPOT-115020,18-24,Male,US,2024-09-27
SPOT-115021,35-44,Non-binary,GB,2024-06-21
SPOT-115022,18-24,Female,DE,2024-10-23
SPOT-115023,35-44,Female,FR,2025-03-02
SPOT-115024,18-24,Male,DE,2024-07-13
SPOT-115025,45-54,Female,MX,2024-06-22
SPOT-115026,18-24,Male,DE,2025-04-04
SPOT-115027,25-34,Male,AR,2024-08-22
SPOT-115028,25-34,Female,US,2023-11-25
SPOT-115029,25-34,Male,BR,2024-03-31
SPOT-115030,25-34,Male,BR,2024-09-13
SPOT-115031,45-54,Female,DE,2025-04-19
SPOT-115032,18-24,Male,ES,2025-03-06
SPOT-115033,45-54,Female,US,2024-01-31
SPOT-115034,25-34,Female,AR,2025-01-07
SPOT-115035,35-44,Male,GB,2025-06-09
SPOT-115036,25-34,Female,AR,2024-08-20
SPOT-115037,25-34,Female,GB,2025-03-18
SPOT-115038,45-54,Male,US,2025-03-05
SPOT-115039,25-34,Male,DE,2023-11-24
SPOT-115040,25-34,Female,AR,2024-04-13
SPOT-115041,18-24,Female,ES,2026-03-13
SPOT-115042,18-24,Female,DE,2024-06-24
SPOT-115043,25-34,Male,CA,2026-05-03
SPOT-115044,35-44,Male,DE,2024-04-09
SPOT-115045,25-34,Female,GB,2025-04-30
SPOT-115046,18-24,Male,US,2024-12-16
SPOT-115047,25-34,Female,US,2024-06-24
SPOT-115048,25-34,Female,GB,2025-09-04
SPOT-115049,25-34,Male,US,2023-12-24
SPOT-115050,45-54,Female,DE,2025-12-24
SPOT-115051,35-44,Male,FR,2025-08-10
SPOT-115052,18-24,Female,BR,2025-05-11
SPOT-115053,45-54,Male,BR,2024-01-20
SPOT-115054,25-34,Male,GB,2025-06-20
SPOT-115055,35-44,Female,US,2025-11-12
SPOT-115056,18-24,Female,US,2024-02-17
SPOT-115057,25-34,Male,BR,2023-11-08
SPOT-115058,18-24,Male,BR,2025-04-04
SPOT-115059,25-34,Male,US,2023-12-13
SPOT-115060,18-24,Male,DE,2026-02-08
SPOT-115061,18-24,Female,BR,2024-12-14
SPOT-115062,18-24,Male,ES,2024-11-24
SPOT-115063,18-24,Female,GB,2024-05-10
SPOT-115064,18-24,Female,GB,2026-03-27
SPOT-115065,25-34,Female,ES,2024-08-20
SPOT-115066,18-24,Female,BR,2025-12-02
SPOT-115067,25-34,Male,FR,2025-09-16
SPOT-115068,18-24,Male,US,2024-01-28
SPOT-115069,45-54,Female,ES,2024-04-23
SPOT-115070,45-54,Female,US,2023-11-24
SPOT-115071,18-24,Male,BR,2026-04-05
SPOT-115072,25-34,Female,GB,2026-02-09
SPOT-115073,18-24,Female,US,2025-09-11
SPOT-115074,45-54,Female,MX,2024-07-17
SPOT-115075,25-34,Female,BR,2024-04-13
SPOT-115076,18-24,Female,BR,2026-01-21
SPOT-115077,18-24,Female,BR,2024-09-18
SPOT-115078,18-24,Male,DE,2025-01-08
SPOT-115079,25-34,Female,MX,2025-05-20
SPOT-115080,25-34,Male,US,2026-04-11
SPOT-115081,25-34,Male,ES,2026-01-30
SPOT-115082,25-34,Female,BR,2026-04-03
SPOT-115083,18-24,Female,BR,2025-05-10
SPOT-115084,18-24,Female,US,2024-02-10
SPOT-115085,18-24,Male,GB,2025-03-02
SPOT-115086,35-44,Male,GB,2025-05-14
SPOT-115087,18-24,Male,US,2025-04-10
SPOT-115088,25-34,Male,AU,2024-08-04
SPOT-115089,18-24,Female,CA,2024-03-06
SPOT-115090,18-24,Male,BR,2025-03-10
SPOT-115091,25-34,Male,US,2024-04-03
SPOT-115092,25-34,Male,CA,2024-10-30
SPOT-115093,25-34,Female,ES,2025-12-24
SPOT-115094,25-34,Male,US,2025-07-03
SPOT-115095,25-34,Female,BR,2025-07-17
SPOT-115096,18-24,Male,MX,2025-05-27
SPOT-115097,25-34,Male,US,2024-10-06
SPOT-115098,25-34,Female,US,2024-04-02
SPOT-115099,18-24,Male,DE,2024-12-29
SPOT-115100,25-34,Female,US,2024-06-30
SPOT-115101,18-24,Female,US,2025-04-10
SPOT-115102,18-24,Female,US,2025-07-21
SPOT-115103,25-34,Female,CA,2024-08-16
SPOT-115104,45-54,Female,ES,2025-07-10
SPOT-115105,45-54,Female,DE,2024-02-14
SPOT-115106,18-24,Male,BR,2024-12-15
SPOT-115107,25-34,Male,MX,2025-03-14
SPOT-115108,25-34,Female,BR,2025-01-24
SPOT-115109,18-24,Female,US,2025-04-01
SPOT-115110,35-44,Male,ES,2025-11-28
SPOT-115111,35-44,Male,US,2024-06-12
SPOT-115112,45-54,Male,BR,2024-10-08
SPOT-115113,18-24,Female,FR,2024-05-31
SPOT-115114,18-24,Male,US,2025-07-19
SPOT-115115,35-44,Female,ES,2025-09-09
SPOT-115116,25-34,Female,US,2024-10-12
SPOT-115117,45-54,Female,AU,2025-11-19
SPOT-115118,18-24,Male,MX,2025-07-01
SPOT-115119,25-34,Female,AU,2024-02-11
SPOT-115120,25-34,Female,MX,2024-12-30
SPOT-115121,18-24,Male,US,2025-01-20
SPOT-115122,25-34,Male,CA,2026-03-05
SPOT-115123,25-34,Female,MX,2025-01-10
SPOT-115124,18-24,Female,BR,2024-05-08
SPOT-115125,18-24,Male,DE,2025-12-08
SPOT-115126,25-34,Male,GB,2024-12-30
SPOT-115127,25-34,Male,BR,2026-02-08
SPOT-115128,45-54,Female,GB,2026-04-30
SPOT-115129,18-24,Non-binary,FR,2024-12-06
SPOT-115130,18-24,Male,US,2024-02-09
SPOT-115131,55+,Male,BR,2026-02-23
SPOT-115132,45-54,Female,AR,2026-03-13
SPOT-115133,18-24,Female,US,2024-02-09
SPOT-115134,35-44,Non-binary,GB,2024-10-05
SPOT-115135,18-24,Female,US,2025-05-16
SPOT-115136,18-24,Male,BR,2024-06-28
SPOT-115137,18-24,Female,GB,2025-01-11
SPOT-115138,18-24,Male,AU,2025-09-27
SPOT-115139,35-44,Female,MX,2025-07-19
SPOT-115140,35-44,Female,BR,2024-11-15
SPOT-115141,55+,Female,CA,2024-09-30
SPOT-115142,35-44,Female,US,2026-03-28
SPOT-115143,25-34,Male,BR,2025-12-27
SPOT-115144,25-34,Male,BR,2024-11-09
SPOT-115145,55+,Male,US,2024-01-05
SPOT-115146,35-44,Female,CA,2025-04-20
SPOT-115147,35-44,Female,ES,2025-12-24
SPOT-115148,45-54,Female,FR,2024-12-22
SPOT-115149,18-24,Female,AU,2024-11-19
SPOT-115150,35-44,Male,BR,2025-09-17
SPOT-115151,45-54,Male,AR,2025-01-24
SPOT-115152,55+,Male,BR,2024-03-28
SPOT-115153,18-24,Female,AU,2025-09-06
SPOT-115154,25-34,Female,US,2025-10-11
SPOT-115155,25-34,Male,US,2025-10-09
SPOT-115156,18-24,Female,US,2025-11-18
SPOT-115157,25-34,Male,US,2024-02-25
SPOT-115158,18-24,Male,DE,2025-05-26
SPOT-115159,18-24,Female,US,2026-05-05
SPOT-115160,25-34,Male,US,2026-01-05
SPOT-115161,25-34,Female,US,2023-12-14
SPOT-115162,25-34,Male,BR,2025-04-21
SPOT-115163,25-34,Male,GB,2025-10-05
SPOT-115164,18-24,Female,BR,2025-08-23
SPOT-115165,18-24,Non-binary,US,2025-11-30
SPOT-115166,18-24,Female,BR,2025-05-20
SPOT-115167,18-24,Male,US,2024-07-06
SPOT-115168,25-34,Male,US,2025-02-23
SPOT-115169,35-44,Male,GB,2025-09-30
SPOT-115170,18-24,Male,FR,2026-02-17
SPOT-115171,18-24,Female,AR,2026-05-12
SPOT-115172,35-44,Male,AU,2024-04-02
SPOT-115173,18-24,Male,DE,2024-01-13
SPOT-115174,55+,Female,GB,2025-09-02
SPOT-115175,35-44,Female,AU,2023-11-22
SPOT-115176,18-24,Male,DE,2025-07-25
SPOT-115177,18-24,Male,US,2024-10-25
SPOT-115178,25-34,Male,AR,2024-04-25
SPOT-115179,18-24,Male,US,2024-01-16
SPOT-115180,18-24,Male,ES,2024-03-31
SPOT-115181,18-24,Female,US,2025-01-21
SPOT-115182,35-44,Male,US,2024-01-27
SPOT-115183,25-34,Male,BR,2024-12-05
SPOT-115184,18-24,Male,US,2026-01-29
SPOT-115185,25-34,Female,FR,2024-07-08
SPOT-115186,25-34,Female,ES,2025-07-09
SPOT-115187,25-34,Female,GB,2026-05-16
SPOT-115188,18-24,Male,BR,2026-02-03
SPOT-115189,25-34,Female,ES,2024-06-24
SPOT-115190,55+,Male,ES,2024-01-31
SPOT-115191,18-24,Male,DE,2024-04-16
SPOT-115192,18-24,Female,FR,2025-05-01
SPOT-115193,18-24,Female,CA,2024-02-10
SPOT-115194,18-24,Non-binary,US,2025-06-16
SPOT-115195,25-34,Female,CA,2025-08-12
SPOT-115196,35-44,Male,ES,2025-12-21
SPOT-115197,45-54,Male,FR,2024-03-06
SPOT-115198,18-24,Male,DE,2024-01-06
SPOT-115199,25-34,Male,MX,2024-08-17
SPOT-115200,25-34,Female,US,2025-07-23
SPOT-115201,25-34,Female,ES,2025-04-12
SPOT-115202,25-34,Female,BR,2025-02-24
SPOT-115203,18-24,Female,BR,2024-02-18
SPOT-115204,25-34,Female,MX,2025-07-31
SPOT-115205,25-34,Male,BR,2024-08-29
SPOT-115206,35-44,Male,ES,2026-03-05
SPOT-115207,35-44,Female,FR,2024-09-09
SPOT-115208,18-24,Non-binary,AR,2026-02-22
SPOT-115209,18-24,Male,GB,2024-07-29
SPOT-115210,45-54,Female,AU,2024-03-15
SPOT-115211,25-34,Female,MX,2024-04-17
SPOT-115212,45-54,Female,GB,2024-09-21
SPOT-115213,18-24,Male,US,2025-09-06
SPOT-115214,25-34,Female,AU,2025-06-15
SPOT-115215,25-34,Male,BR,2025-01-23
SPOT-115216,45-54,Female,US,2026-02-21
SPOT-115217,18-24,Male,BR,2025-05-10
SPOT-115218,18-24,Female,DE,2025-10-03
SPOT-115219,25-34,Female,AU,2025-06-01
SPOT-115220,45-54,Male,BR,2025-06-20
SPOT-115221,45-54,Female,BR,2026-05-01
SPOT-115222,55+,Female,AR,2026-03-14
SPOT-115223,55+,Female,DE,2026-03-10
SPOT-115224,18-24,Male,US,2024-04-19
SPOT-115225,18-24,Male,ES,2024-03-17
SPOT-115226,18-24,Male,CA,2025-12-22
SPOT-115227,18-24,Male,US,2024-06-22
SPOT-115228,35-44,Female,FR,2024-12-30
SPOT-115229,45-54,Male,DE,2025-05-28
SPOT-115230,18-24,Male,GB,2025-01-27
SPOT-115231,25-34,Male,US,2025-03-16
SPOT-115232,45-54,Male,US,2024-11-26
SPOT-115233,25-34,Female,GB,2025-02-09
SPOT-115234,18-24,Non-binary,US,2026-02-03
SPOT-115235,25-34,Female,US,2024-08-27
SPOT-115236,25-34,Male,ES,2026-05-29
SPOT-115237,25-34,Female,MX,2025-10-30
SPOT-115238,25-34,Female,ES,2025-09-30
SPOT-115239,18-24,Female,US,2023-11-06
SPOT-115240,55+,Female,US,2024-09-03
SPOT-115241,25-34,Male,DE,2024-06-16
SPOT-115242,25-34,Male,GB,2024-06-07
SPOT-115243,55+,Female,ES,2024-10-09
SPOT-115244,18-24,Female,BR,2026-03-30
SPOT-115245,18-24,Male,CA,2024-02-05
SPOT-115246,35-44,Male,US,2026-03-12
SPOT-115247,18-24,Female,GB,2025-05-13
SPOT-115248,35-44,Female,DE,2025-07-25
SPOT-115249,18-24,Female,US,2025-12-07
SPOT-115250,18-24,Female,BR,2024-07-11
SPOT-115251,25-34,Male,US,2024-08-21
SPOT-115252,18-24,Male,ES,2026-05-04
SPOT-115253,35-44,Female,US,2024-07-17
SPOT-115254,25-34,Female,FR,2024-06-06
SPOT-115255,45-54,Male,US,2025-05-21
SPOT-115256,35-44,Male,DE,2023-12-05
SPOT-115257,18-24,Female,US,2026-04-04
SPOT-115258,35-44,Male,US,2024-01-30
SPOT-115259,25-34,Female,ES,2025-05-03
SPOT-115260,25-34,Female,ES,2024-10-08
SPOT-115261,35-44,Female,ES,2026-05-28
SPOT-115262,25-34,Female,DE,2024-05-30
SPOT-115263,25-34,Male,AU,2026-05-29
SPOT-115264,25-34,Female,GB,2025-12-19
SPOT-115265,18-24,Male,US,2023-11-15
SPOT-115266,18-24,Female,AU,2025-03-21
SPOT-115267,25-34,Female,AU,2026-03-31
SPOT-115268,18-24,Male,BR,2026-01-20
SPOT-115269,18-24,Male,US,2026-05-20
SPOT-115270,18-24,Male,US,2024-11-16
SPOT-115271,25-34,Female,BR,2025-12-07
SPOT-115272,25-34,Male,ES,2025-09-03
SPOT-115273,35-44,Female,US,2023-12-11
SPOT-115274,25-34,Female,MX,2024-07-23
SPOT-115275,25-34,Female,US,2024-12-02
SPOT-115276,25-34,Female,AR,2026-03-21
SPOT-115277,25-34,Male,BR,2025-06-21
SPOT-115278,25-34,Female,AU,2024-11-19
SPOT-115279,55+,Male,ES,2025-03-24
SPOT-115280,45-54,Male,BR,2025-11-18
SPOT-115281,35-44,Male,US,2025-11-06
SPOT-115282,45-54,Female,BR,2026-05-03
SPOT-115283,25-34,Male,US,2025-11-30
SPOT-115284,25-34,Female,CA,2024-10-21
SPOT-115285,35-44,Male,US,2025-02-17
SPOT-115286,25-34,Female,FR,2026-02-15
SPOT-115287,45-54,Female,GB,2024-01-24
SPOT-115288,35-44,Female,US,2024-09-26
SPOT-115289,55+,Female,GB,2024-06-14
SPOT-115290,18-24,Female,ES,2025-03-29
SPOT-115291,35-44,Male,BR,2024-10-23
SPOT-115292,25-34,Male,US,2024-10-02
SPOT-115293,25-34,Female,US,2024-05-03
SPOT-115294,18-24,Male,DE,2023-12-26
SPOT-115295,35-44,Male,GB,2024-05-20
SPOT-115296,45-54,Male,FR,2024-10-05
SPOT-115297,18-24,Female,BR,2025-08-29
SPOT-115298,25-34,Male,US,2025-08-21
SPOT-115299,25-34,Male,US,2025-04-13
SPOT-115300,55+,Male,US,2025-12-19
SPOT-115301,25-34,Female,ES,2024-05-01
SPOT-115302,18-24,Female,AR,2024-06-09
SPOT-115303,25-34,Female,AR,2026-01-24
SPOT-115304,25-34,Male,AR,2023-12-27
SPOT-115305,18-24,Female,GB,2025-10-23
SPOT-115306,25-34,Male,AU,2024-11-04
SPOT-115307,45-54,Female,US,2024-07-13
SPOT-115308,45-54,Female,AR,2024-07-08
SPOT-115309,18-24,Non-binary,US,2025-04-17
SPOT-115310,55+,Female,GB,2025-01-04
SPOT-115311,25-34,Female,BR,2025-03-17
SPOT-115312,18-24,Female,US,2026-01-06
SPOT-115313,18-24,Male,DE,2026-02-24
SPOT-115314,18-24,Male,GB,2025-03-14
SPOT-115315,35-44,Female,MX,2025-03-13
SPOT-115316,18-24,Female,ES,2024-12-19
SPOT-115317,18-24,Male,US,2023-12-14
SPOT-115318,35-44,Female,US,2025-03-01
SPOT-115319,25-34,Male,ES,2024-03-12
SPOT-115320,35-44,Male,BR,2026-03-25
SPOT-115321,35-44,Male,BR,2025-01-24
SPOT-115322,18-24,Non-binary,AU,2025-03-14
SPOT-115323,45-54,Female,DE,2026-03-17
SPOT-115324,18-24,Female,US,2026-05-20
SPOT-115325,25-34,Female,MX,2025-11-22
SPOT-115326,25-34,Female,AR,2025-03-22
SPOT-115327,18-24,Female,BR,2025-05-18
SPOT-115328,55+,Male,MX,2024-02-05
SPOT-115329,25-34,Female,BR,2025-11-27
SPOT-115330,18-24,Male,DE,2024-05-06
SPOT-115331,45-54,Female,US,2024-02-08
SPOT-115332,25-34,Non-binary,US,2026-05-03
SPOT-115333,25-34,Female,BR,2024-11-23
SPOT-115334,25-34,Male,DE,2025-11-13
SPOT-115335,35-44,Female,AR,2024-05-22
SPOT-115336,18-24,Male,US,2025-10-21
SPOT-115337,18-24,Male,US,2024-02-17
SPOT-115338,25-34,Female,US,2024-10-19
SPOT-115339,18-24,Male,MX,2026-05-14
SPOT-115340,35-44,Non-binary,BR,2023-11-28
SPOT-115341,25-34,Male,MX,2023-11-10
SPOT-115342,18-24,Female,US,2025-02-23
SPOT-115343,18-24,Female,BR,2025-12-07
SPOT-115344,35-44,Male,ES,2024-04-17
SPOT-115345,35-44,Male,MX,2024-09-27
SPOT-115346,25-34,Non-binary,DE,2025-11-14
SPOT-115347,25-34,Female,US,2025-07-03
SPOT-115348,18-24,Male,FR,2025-12-05
SPOT-115349,25-34,Male,BR,2025-08-05
SPOT-115350,18-24,Female,FR,2026-03-17
SPOT-115351,25-34,Male,DE,2025-03-03
SPOT-115352,25-34,Male,US,2024-08-23
SPOT-115353,45-54,Female,GB,2025-04-12
SPOT-115354,25-34,Female,DE,2026-04-07
SPOT-115355,35-44,Male,MX,2024-05-07
SPOT-115356,25-34,Female,ES,2024-04-27
SPOT-115357,45-54,Female,US,2024-08-01
SPOT-115358,25-34,Female,US,2024-05-01
SPOT-115359,18-24,Male,US,2025-08-12
SPOT-115360,45-54,Male,CA,2024-06-11
SPOT-115361,18-24,Male,US,2024-07-10
SPOT-115362,18-24,Male,GB,2025-06-15
SPOT-115363,18-24,Non-binary,BR,2025-05-30
SPOT-115364,35-44,Female,BR,2025-06-30
SPOT-115365,18-24,Female,FR,2024-09-13
SPOT-115366,45-54,Female,US,2025-03-18
SPOT-115367,25-34,Female,US,2025-07-06
SPOT-115368,18-24,Female,GB,2025-02-15
SPOT-115369,25-34,Male,DE,2024-02-22
SPOT-115370,18-24,Female,DE,2023-12-30
SPOT-115371,25-34,Female,DE,2026-05-07
SPOT-115372,25-34,Male,FR,2024-09-24
SPOT-115373,25-34,Male,AR,2025-10-01
SPOT-115374,18-24,Male,AR,2024-04-17
SPOT-115375,25-34,Female,ES,2024-07-14
SPOT-115376,35-44,Male,US,2025-11-23
SPOT-115377,35-44,Female,US,2025-11-10
SPOT-115378,35-44,Male,ES,2024-11-05
SPOT-115379,18-24,Male,BR,2024-09-16
SPOT-115380,45-54,Female,MX,2025-04-23
SPOT-115381,18-24,Female,ES,2026-06-01
SPOT-115382,18-24,Male,CA,2024-07-24
SPOT-115383,35-44,Female,MX,2024-01-05
SPOT-115384,45-54,Male,GB,2025-11-08
SPOT-115385,25-34,Female,US,2024-08-09
SPOT-115386,18-24,Female,DE,2025-07-20
SPOT-115387,18-24,Male,ES,2024-04-13
SPOT-115388,25-34,Female,GB,2023-12-27
SPOT-115389,45-54,Male,US,2026-02-14
SPOT-115390,18-24,Male,AU,2025-08-04
SPOT-115391,35-44,Male,DE,2026-01-06
SPOT-115392,18-24,Male,US,2024-12-25
SPOT-115393,35-44,Female,US,2024-07-08
SPOT-115394,45-54,Female,FR,2025-12-30
SPOT-115395,25-34,Female,AR,2026-02-17
SPOT-115396,25-34,Male,MX,2025-04-14
SPOT-115397,35-44,Female,BR,2024-01-27
SPOT-115398,25-34,Male,AU,2024-12-16
SPOT-115399,25-34,Female,US,2026-05-02
SPOT-115400,25-34,Female,DE,2025-07-18
SPOT-115401,18-24,Male,US,2026-05-12
SPOT-115402,35-44,Non-binary,DE,2024-07-01
SPOT-115403,18-24,Female,DE,2025-01-29
SPOT-115404,45-54,Female,CA,2026-04-17
SPOT-115405,18-24,Female,GB,2026-06-02
SPOT-115406,35-44,Female,AR,2025-02-24
SPOT-115407,18-24,Non-binary,ES,2025-12-14
SPOT-115408,18-24,Female,US,2025-06-25
SPOT-115409,18-24,Male,AU,2026-04-26
SPOT-115410,35-44,Female,MX,2025-04-04
SPOT-115411,25-34,Male,BR,2025-02-04
SPOT-115412,45-54,Non-binary,US,2025-05-01
SPOT-115413,18-24,Female,MX,2025-10-11
SPOT-115414,25-34,Female,US,2025-06-05
SPOT-115415,35-44,Female,US,2025-01-04
SPOT-115416,18-24,Female,US,2024-02-21
SPOT-115417,25-34,Male,DE,2025-08-07
SPOT-115418,25-34,Female,AR,2024-04-10
SPOT-115419,25-34,Male,ES,2026-01-18
SPOT-115420,18-24,Female,US,2025-03-11
SPOT-115421,25-34,Male,AR,2026-03-10
SPOT-115422,18-24,Female,DE,2025-07-20
SPOT-115423,35-44,Male,US,2024-04-24
SPOT-115424,45-54,Male,US,2026-03-19
SPOT-115425,25-34,Male,AR,2024-06-15
SPOT-115426,25-34,Male,ES,2026-03-09
SPOT-115427,18-24,Male,US,2024-03-01
SPOT-115428,45-54,Female,US,2025-11-03
SPOT-115429,18-24,Female,GB,2023-12-03
SPOT-115430,25-34,Male,AR,2025-11-26
SPOT-115431,55+,Female,CA,2025-01-11
SPOT-115432,25-34,Female,BR,2025-09-13
SPOT-115433,35-44,Male,US,2025-06-27
SPOT-115434,25-34,Male,BR,2024-03-23
SPOT-115435,18-24,Female,AU,2025-07-22
SPOT-115436,35-44,Male,CA,2026-05-12
SPOT-115437,18-24,Male,AU,2023-11-28
SPOT-115438,35-44,Non-binary,MX,2025-04-24
SPOT-115439,18-24,Female,DE,2023-12-20
SPOT-115440,45-54,Male,FR,2025-01-10
SPOT-115441,18-24,Female,FR,2026-05-21
SPOT-115442,25-34,Female,US,2025-10-09
SPOT-115443,25-34,Female,ES,2024-06-23
SPOT-115444,25-34,Male,CA,2025-02-15
SPOT-115445,18-24,Female,FR,2024-09-02
SPOT-115446,25-34,Female,ES,2026-04-20
SPOT-115447,18-24,Male,BR,2023-11-19
SPOT-115448,25-34,Female,ES,2025-08-26
SPOT-115449,25-34,Male,BR,2025-06-16
SPOT-115450,25-34,Male,GB,2026-04-09
SPOT-115451,18-24,Female,GB,2024-12-09
SPOT-115452,55+,Male,BR,2024-05-12
SPOT-115453,25-34,Male,DE,2024-03-22
SPOT-115454,18-24,Female,BR,2024-02-10
SPOT-115455,25-34,Male,GB,2026-03-15
SPOT-115456,45-54,Female,BR,2025-07-09
SPOT-115457,18-24,Male,MX,2024-06-16
SPOT-115458,25-34,Male,AR,2025-01-10
SPOT-115459,25-34,Male,BR,2024-10-23
SPOT-115460,18-24,Female,ES,2025-06-22
SPOT-115461,35-44,Male,US,2025-01-16
SPOT-115462,25-34,Male,US,2025-04-30
SPOT-115463,18-24,Female,US,2025-07-14
SPOT-115464,35-44,Female,AR,2024-03-08
SPOT-115465,25-34,Female,BR,2024-06-19
SPOT-115466,45-54,Male,DE,2026-04-20
SPOT-115467,25-34,Female,ES,2024-11-30
SPOT-115468,35-44,Female,US,2026-02-11
SPOT-115469,35-44,Female,US,2025-09-08
SPOT-115470,18-24,Female,GB,2025-07-22
SPOT-115471,35-44,Female,US,2025-11-01
SPOT-115472,25-34,Female,GB,2023-11-12
SPOT-115473,18-24,Male,AU,2024-06-29
SPOT-115474,25-34,Female,BR,2025-01-12
SPOT-115475,18-24,Female,BR,2025-06-18
SPOT-115476,35-44,Female,MX,2026-05-19
SPOT-115477,25-34,Female,DE,2024-03-21
SPOT-115478,55+,Female,AU,2024-10-30
SPOT-115479,18-24,Female,AU,2024-05-11
SPOT-115480,25-34,Male,ES,2025-03-08
SPOT-115481,18-24,Female,US,2026-03-05
SPOT-115482,25-34,Male,FR,2025-12-14
SPOT-115483,35-44,Female,US,2025-09-01
SPOT-115484,35-44,Female,MX,2024-10-21
SPOT-115485,35-44,Female,DE,2025-06-21
SPOT-115486,45-54,Male,US,2026-02-03
SPOT-115487,18-24,Male,CA,2025-12-19
SPOT-115488,18-24,Female,AU,2025-08-25
SPOT-115489,25-34,Male,CA,2024-09-23
SPOT-115490,25-34,Male,US,2025-10-31
SPOT-115491,18-24,Female,GB,2025-06-06
SPOT-115492,25-34,Male,AU,2025-01-21
SPOT-115493,25-34,Male,US,2025-07-21
SPOT-115494,25-34,Female,BR,2024-02-20
SPOT-115495,35-44,Female,BR,2025-01-17
SPOT-115496,25-34,Female,US,2025-11-10
SPOT-115497,18-24,Non-binary,FR,2024-08-20
SPOT-115498,18-24,Female,US,2024-05-23
SPOT-115499,45-54,Male,BR,2025-06-08
SPOT-115500,55+,Female,GB,2024-03-21
SPOT-115501,25-34,Male,DE,2024-02-18
SPOT-115502,25-34,Male,US,2023-11-19
SPOT-115503,45-54,Male,MX,2024-03-16
SPOT-115504,25-34,Female,AU,2024-08-04
SPOT-115505,35-44,Female,AR,2025-01-31
SPOT-115506,35-44,Male,MX,2024-06-18
SPOT-115507,25-34,Male,ES,2025-03-20
SPOT-115508,25-34,Female,AR,2024-05-17
SPOT-115509,18-24,Male,BR,2024-05-22
SPOT-115510,18-24,Female,BR,2025-08-22
SPOT-115511,35-44,Male,FR,2026-05-19
SPOT-115512,45-54,Male,MX,2025-06-27
SPOT-115513,35-44,Male,US,2026-01-12
SPOT-115514,25-34,Male,ES,2024-08-16
SPOT-115515,18-24,Female,US,2025-02-13
SPOT-115516,18-24,Female,AR,2025-08-23
SPOT-115517,25-34,Female,AR,2024-06-15
SPOT-115518,25-34,Female,AR,2026-04-28
SPOT-115519,25-34,Female,US,2025-05-05
SPOT-115520,18-24,Male,AU,2024-07-16
SPOT-115521,55+,Female,MX,2025-12-03
SPOT-115522,25-34,Female,AR,2025-05-06
SPOT-115523,35-44,Male,BR,2025-10-26
SPOT-115524,25-34,Male,GB,2024-04-12
SPOT-115525,18-24,Non-binary,GB,2025-05-17
SPOT-115526,35-44,Female,US,2025-03-12
SPOT-115527,35-44,Male,BR,2026-03-12
SPOT-115528,25-34,Male,US,2026-04-07
SPOT-115529,25-34,Male,BR,2024-10-22
SPOT-115530,18-24,Male,MX,2023-12-25
SPOT-115531,25-34,Male,DE,2025-12-06
SPOT-115532,45-54,Male,US,2024-01-16
SPOT-115533,18-24,Male,DE,2024-03-18
SPOT-115534,18-24,Female,FR,2024-03-05
SPOT-115535,45-54,Male,DE,2025-07-19
SPOT-115536,18-24,Male,GB,2025-07-21
SPOT-115537,25-34,Male,MX,2025-07-15
SPOT-115538,25-34,Male,MX,2024-02-15
SPOT-115539,25-34,Male,US,2026-05-06
SPOT-115540,25-34,Female,US,2026-05-20
SPOT-115541,18-24,Male,BR,2025-09-30
SPOT-115542,18-24,Male,GB,2024-07-26
SPOT-115543,35-44,Female,GB,2024-09-17
SPOT-115544,35-44,Female,DE,2024-07-11
SPOT-115545,25-34,Male,GB,2024-12-16
SPOT-115546,25-34,Male,GB,2025-10-23
SPOT-115547,18-24,Non-binary,ES,2025-09-19
SPOT-115548,18-24,Non-binary,BR,2024-05-13
SPOT-115549,35-44,Male,FR,2024-06-17
SPOT-115550,25-34,Male,CA,2025-10-24
SPOT-115551,18-24,Female,CA,2026-04-10
SPOT-115552,18-24,Male,GB,2024-07-17
SPOT-115553,18-24,Male,BR,2026-02-11
SPOT-115554,18-24,Female,BR,2025-02-13
SPOT-115555,35-44,Male,FR,2026-03-10
SPOT-115556,45-54,Male,BR,2024-05-04
SPOT-115557,45-54,Female,GB,2026-03-27
SPOT-115558,45-54,Female,BR,2026-01-27
SPOT-115559,45-54,Male,US,2025-11-21
SPOT-115560,25-34,Female,AR,2024-08-25
SPOT-115561,18-24,Male,BR,2026-02-22
SPOT-115562,35-44,Male,MX,2026-03-24
SPOT-115563,18-24,Female,US,2026-03-29
SPOT-115564,18-24,Male,BR,2025-11-11
SPOT-115565,18-24,Female,BR,2023-12-19
SPOT-115566,25-34,Male,MX,2026-01-23
SPOT-115567,18-24,Male,AR,2026-06-02
SPOT-115568,18-24,Female,ES,2026-04-29
SPOT-115569,25-34,Male,BR,2024-04-10
SPOT-115570,45-54,Male,FR,2025-01-20
SPOT-115571,25-34,Female,GB,2026-01-18
SPOT-115572,45-54,Male,BR,2024-08-11
SPOT-115573,18-24,Male,MX,2025-09-15
SPOT-115574,18-24,Female,DE,2025-07-26
SPOT-115575,25-34,Male,GB,2025-08-20
SPOT-115576,25-34,Female,US,2024-05-01
SPOT-115577,25-34,Female,MX,2026-03-05
SPOT-115578,35-44,Male,US,2025-09-19
SPOT-115579,35-44,Male,US,2024-06-06
SPOT-115580,45-54,Female,US,2025-05-02
SPOT-115581,25-34,Male,MX,2024-12-06
SPOT-115582,18-24,Female,US,2025-03-07
SPOT-115583,25-34,Male,AU,2024-10-15
SPOT-115584,18-24,Male,ES,2025-07-31
SPOT-115585,18-24,Male,DE,2026-03-03
SPOT-115586,18-24,Female,BR,2025-05-08
SPOT-115587,25-34,Male,US,2025-05-19
SPOT-115588,18-24,Female,AR,2026-04-06
SPOT-115589,18-24,Female,GB,2025-02-27
SPOT-115590,25-34,Male,US,2025-08-19
SPOT-115591,25-34,Male,ES,2025-01-25
SPOT-115592,35-44,Male,GB,2026-05-16
SPOT-115593,25-34,Female,BR,2025-12-11
SPOT-115594,18-24,Female,AR,2024-01-08
SPOT-115595,18-24,Male,ES,2024-12-30
SPOT-115596,18-24,Male,GB,2025-10-25
SPOT-115597,35-44,Male,FR,2024-02-02
SPOT-115598,35-44,Male,DE,2025-08-25
SPOT-115599,18-24,Female,BR,2024-12-20
SPOT-115600,18-24,Male,MX,2024-03-11
SPOT-115601,55+,Male,US,2023-12-23
SPOT-115602,25-34,Female,BR,2024-08-30
SPOT-115603,35-44,Male,BR,2025-03-29
SPOT-115604,18-24,Male,FR,2025-01-29
SPOT-115605,18-24,Male,GB,2024-11-19
SPOT-115606,35-44,Female,US,2025-03-18
SPOT-115607,25-34,Male,BR,2025-06-24
SPOT-115608,25-34,Male,MX,2024-05-17
SPOT-115609,25-34,Male,BR,2024-04-18
SPOT-115610,25-34,Male,US,2025-08-29
SPOT-115611,35-44,Male,GB,2024-10-01
SPOT-115612,18-24,Male,US,2025-02-08
SPOT-115613,25-34,Male,ES,2026-02-24
SPOT-115614,45-54,Male,FR,2025-04-20
SPOT-115615,18-24,Male,US,2024-06-22
SPOT-115616,25-34,Female,BR,2024-10-21
SPOT-115617,35-44,Female,BR,2025-04-01
SPOT-115618,55+,Male,DE,2025-12-28
SPOT-115619,25-34,Male,BR,2024-12-31
SPOT-115620,25-34,Male,ES,2025-05-15
SPOT-115621,35-44,Male,BR,2024-06-10
SPOT-115622,35-44,Male,CA,2025-08-26
SPOT-115623,35-44,Male,BR,2024-12-30
SPOT-115624,25-34,Male,US,2025-05-12
SPOT-115625,18-24,Female,AU,2025-08-20
SPOT-115626,25-34,Male,US,2024-05-16
SPOT-115627,45-54,Female,AR,2025-03-04
SPOT-115628,45-54,Female,BR,2026-03-27
SPOT-115629,18-24,Female,ES,2024-03-25
SPOT-115630,25-34,Female,BR,2026-01-19
SPOT-115631,25-34,Male,US,2026-01-12
SPOT-115632,55+,Male,DE,2025-04-11
SPOT-115633,25-34,Male,MX,2025-11-18
SPOT-115634,25-34,Male,MX,2024-12-26
SPOT-115635,18-24,Male,AU,2026-04-27
SPOT-115636,25-34,Female,MX,2025-08-24
SPOT-115637,18-24,Male,GB,2026-03-10
SPOT-115638,35-44,Male,US,2025-05-22
SPOT-115639,35-44,Female,AR,2024-10-22
SPOT-115640,25-34,Male,FR,2024-10-10
SPOT-115641,25-34,Male,MX,2024-12-04
SPOT-115642,45-54,Male,BR,2024-03-15
SPOT-115643,18-24,Female,FR,2024-02-22
SPOT-115644,18-24,Female,US,2024-05-16
SPOT-115645,45-54,Female,DE,2024-11-20
SPOT-115646,35-44,Male,BR,2026-05-17
SPOT-115647,35-44,Female,US,2024-08-11
SPOT-115648,18-24,Male,MX,2025-09-05
SPOT-115649,18-24,Female,US,2024-12-12
SPOT-115650,18-24,Female,GB,2023-11-17
SPOT-115651,18-24,Female,DE,2026-02-24
SPOT-115652,35-44,Female,MX,2024-01-27
SPOT-115653,18-24,Male,US,2026-01-14
SPOT-115654,35-44,Male,GB,2025-01-11
SPOT-115655,18-24,Female,GB,2026-05-12
SPOT-115656,25-34,Male,US,2025-10-18
SPOT-115657,55+,Female,MX,2024-01-19
SPOT-115658,18-24,Female,US,2025-11-02
SPOT-115659,25-34,Male,US,2025-06-15
SPOT-115660,18-24,Female,AR,2026-03-21
SPOT-115661,18-24,Male,US,2025-05-08
SPOT-115662,25-34,Male,CA,2025-09-25
SPOT-115663,25-34,Male,MX,2024-06-30
SPOT-115664,25-34,Male,US,2024-12-10
SPOT-115665,35-44,Female,GB,2025-02-22
SPOT-115666,25-34,Male,CA,2024-03-17
SPOT-115667,18-24,Female,MX,2024-10-05
SPOT-115668,25-34,Male,MX,2025-08-01
SPOT-115669,18-24,Female,MX,2024-01-03
SPOT-115670,25-34,Female,DE,2025-06-03
SPOT-115671,25-34,Male,US,2024-10-05
SPOT-115672,18-24,Female,US,2025-02-24
SPOT-115673,35-44,Female,MX,2025-09-10
SPOT-115674,45-54,Female,FR,2024-04-01
SPOT-115675,35-44,Female,GB,2023-12-08
SPOT-115676,18-24,Female,BR,2025-01-31
SPOT-115677,25-34,Female,AU,2023-12-29
SPOT-115678,45-54,Male,GB,2025-01-06
SPOT-115679,18-24,Male,DE,2026-03-22
SPOT-115680,35-44,Non-binary,GB,2025-11-03
SPOT-115681,18-24,Male,US,2024-03-19
SPOT-115682,18-24,Male,BR,2024-10-17
SPOT-115683,35-44,Male,US,2024-05-31
SPOT-115684,35-44,Male,US,2025-12-20
SPOT-115685,35-44,Male,ES,2025-03-17
SPOT-115686,45-54,Female,ES,2024-01-04
SPOT-115687,18-24,Non-binary,FR,2025-05-03
SPOT-115688,18-24,Male,CA,2023-11-13
SPOT-115689,45-54,Female,FR,2024-10-03
SPOT-115690,18-24,Male,US,2024-12-26
SPOT-115691,25-34,Male,US,2024-11-12
SPOT-115692,25-34,Female,US,2024-01-16
SPOT-115693,18-24,Female,GB,2023-11-11
SPOT-115694,18-24,Male,US,2025-11-11
SPOT-115695,25-34,Male,MX,2025-03-20
SPOT-115696,45-54,Male,ES,2025-07-26
SPOT-115697,35-44,Female,US,2025-01-12
SPOT-115698,25-34,Male,MX,2026-02-16
SPOT-115699,25-34,Male,US,2023-11-18
SPOT-115700,18-24,Female,DE,2024-12-05
SPOT-115701,18-24,Female,GB,2023-11-26
SPOT-115702,25-34,Female,AU,2024-08-01
SPOT-115703,18-24,Female,CA,2025-11-25
SPOT-115704,18-24,Male,US,2025-02-14
SPOT-115705,25-34,Female,CA,2025-01-05
SPOT-115706,25-34,Male,DE,2026-04-12
SPOT-115707,18-24,Non-binary,BR,2024-10-18
SPOT-115708,25-34,Male,BR,2024-08-31
SPOT-115709,25-34,Female,ES,2024-03-05
SPOT-115710,18-24,Male,GB,2025-06-17
SPOT-115711,45-54,Male,US,2025-05-19
SPOT-115712,18-24,Male,DE,2026-03-02
SPOT-115713,45-54,Female,BR,2025-03-01
SPOT-115714,18-24,Male,BR,2025-01-26
SPOT-115715,45-54,Male,AR,2026-01-22
SPOT-115716,18-24,Male,US,2024-01-17
SPOT-115717,35-44,Male,AU,2026-05-26
SPOT-115718,25-34,Female,AU,2025-06-12
SPOT-115719,35-44,Male,US,2024-08-11
SPOT-115720,25-34,Male,GB,2025-07-07
SPOT-115721,18-24,Female,BR,2025-05-03
SPOT-115722,35-44,Female,DE,2025-10-28
SPOT-115723,18-24,Female,BR,2025-06-21
SPOT-115724,45-54,Non-binary,GB,2024-03-23
SPOT-115725,18-24,Male,ES,2024-06-19
SPOT-115726,25-34,Female,GB,2025-01-12
SPOT-115727,35-44,Female,DE,2024-05-02
SPOT-115728,25-34,Female,BR,2025-06-09
SPOT-115729,18-24,Female,AU,2025-07-05
SPOT-115730,35-44,Male,MX,2024-06-17
SPOT-115731,35-44,Male,US,2026-03-14
SPOT-115732,45-54,Female,GB,2024-10-31
SPOT-115733,25-34,Male,DE,2026-03-31
SPOT-115734,25-34,Female,ES,2024-09-26
SPOT-115735,25-34,Female,DE,2024-12-10
SPOT-115736,18-24,Male,MX,2024-03-16
SPOT-115737,35-44,Male,AR,2024-10-15
SPOT-115738,18-24,Male,US,2025-03-05
SPOT-115739,25-34,Male,ES,2025-01-15
SPOT-115740,25-34,Male,ES,2024-10-27
SPOT-115741,35-44,Male,AR,2025-02-05
SPOT-115742,45-54,Male,AU,2025-02-11
SPOT-115743,25-34,Male,GB,2025-08-04
SPOT-115744,25-34,Male,DE,2024-04-11
SPOT-115745,35-44,Non-binary,GB,2024-01-22
SPOT-115746,25-34,Non-binary,GB,2025-11-11
SPOT-115747,18-24,Male,GB,2024-08-11
SPOT-115748,18-24,Male,FR,2026-04-16
SPOT-115749,18-24,Female,US,2025-02-24
SPOT-115750,25-34,Male,US,2024-07-24
SPOT-115751,35-44,Female,MX,2025-08-19
SPOT-115752,18-24,Male,ES,2026-05-28
SPOT-115753,25-34,Male,MX,2025-06-24
SPOT-115754,45-54,Female,US,2025-06-16
SPOT-115755,35-44,Female,DE,2025-04-27
SPOT-115756,25-34,Non-binary,US,2025-12-01
SPOT-115757,18-24,Male,AU,2024-01-09
SPOT-115758,18-24,Female,AU,2025-03-02
SPOT-115759,18-24,Female,US,2024-05-31
SPOT-115760,18-24,Female,MX,2024-12-29
SPOT-115761,18-24,Female,AR,2023-12-07
SPOT-115762,25-34,Female,GB,2025-10-03
SPOT-115763,18-24,Female,MX,2026-05-07
SPOT-115764,18-24,Male,US,2024-09-28
SPOT-115765,18-24,Male,US,2024-08-24
SPOT-115766,25-34,Female,CA,2025-12-04
SPOT-115767,25-34,Female,MX,2024-11-02
SPOT-115768,25-34,Female,AR,2024-05-18
SPOT-115769,18-24,Male,BR,2026-05-30
SPOT-115770,25-34,Male,US,2025-03-02
SPOT-115771,18-24,Male,DE,2024-04-12
SPOT-115772,18-24,Female,FR,2026-05-09
SPOT-115773,45-54,Male,US,2024-07-22
SPOT-115774,55+,Female,US,2025-02-26
SPOT-115775,25-34,Female,GB,2025-11-13
SPOT-115776,45-54,Male,GB,2024-06-21
SPOT-115777,25-34,Female,US,2024-08-26
SPOT-115778,18-24,Female,AR,2024-04-21
SPOT-115779,55+,Male,US,2023-11-29
SPOT-115780,18-24,Male,AR,2025-12-08
SPOT-115781,25-34,Female,GB,2023-11-27
SPOT-115782,18-24,Male,DE,2026-04-27
SPOT-115783,25-34,Female,DE,2026-03-12
SPOT-115784,25-34,Female,ES,2024-03-04
SPOT-115785,25-34,Male,ES,2025-12-08
SPOT-115786,18-24,Male,MX,2025-11-03
SPOT-115787,18-24,Male,ES,2024-09-02
SPOT-115788,18-24,Male,US,2024-08-22
SPOT-115789,55+,Female,BR,2025-11-05
SPOT-115790,35-44,Female,BR,2023-11-30
SPOT-115791,25-34,Male,US,2024-04-15
SPOT-115792,18-24,Female,BR,2024-10-20
SPOT-115793,35-44,Male,DE,2026-02-27
SPOT-115794,18-24,Female,BR,2026-01-15
SPOT-115795,18-24,Male,US,2025-10-02
SPOT-115796,25-34,Male,DE,2025-10-25
SPOT-115797,45-54,Female,ES,2025-01-31
SPOT-115798,18-24,Female,DE,2025-08-12
SPOT-115799,18-24,Male,BR,2025-05-14
SPOT-115800,25-34,Male,AU,2024-11-04
SPOT-115801,18-24,Male,FR,2024-11-21
SPOT-115802,25-34,Male,CA,2024-01-26
SPOT-115803,25-34,Male,US,2026-01-18
SPOT-115804,25-34,Female,MX,2026-03-19
SPOT-115805,18-24,Female,US,2026-01-28
SPOT-115806,18-24,Female,DE,2025-06-20
SPOT-115807,35-44,Male,MX,2024-03-09
SPOT-115808,45-54,Female,BR,2025-02-21
SPOT-115809,18-24,Male,BR,2025-02-11
SPOT-115810,18-24,Male,AR,2026-02-17
SPOT-115811,18-24,Female,MX,2024-01-11
SPOT-115812,25-34,Male,AR,2025-05-17
SPOT-115813,35-44,Male,CA,2025-10-20
SPOT-115814,25-34,Male,ES,2024-09-14
SPOT-115815,25-34,Male,DE,2025-04-26
SPOT-115816,35-44,Male,US,2026-03-07
SPOT-115817,45-54,Female,GB,2025-10-20
SPOT-115818,18-24,Male,DE,2025-07-16
SPOT-115819,18-24,Male,ES,2024-11-04
SPOT-115820,18-24,Male,US,2024-01-21
SPOT-115821,45-54,Female,AR,2024-02-14
SPOT-115822,35-44,Female,ES,2026-02-14
SPOT-115823,25-34,Male,BR,2025-05-18
SPOT-115824,18-24,Female,DE,2025-11-14
SPOT-115825,18-24,Male,US,2023-11-27
SPOT-115826,18-24,Male,GB,2025-05-24
SPOT-115827,25-34,Female,US,2024-03-28
SPOT-115828,18-24,Male,AR,2026-03-24
SPOT-115829,18-24,Male,BR,2025-05-10
SPOT-115830,35-44,Male,US,2025-08-11
SPOT-115831,18-24,Male,US,2025-12-25
SPOT-115832,25-34,Non-binary,BR,2025-06-08
SPOT-115833,18-24,Male,ES,2024-04-23
SPOT-115834,35-44,Male,ES,2024-12-28
SPOT-115835,25-34,Female,US,2025-03-14
SPOT-115836,45-54,Male,AU,2025-12-17
SPOT-115837,25-34,Male,BR,2024-09-12
SPOT-115838,45-54,Female,GB,2024-01-24
SPOT-115839,45-54,Female,DE,2024-10-16
SPOT-115840,25-34,Female,US,2025-06-23
SPOT-115841,45-54,Male,BR,2024-05-13
SPOT-115842,18-24,Female,ES,2025-02-02
SPOT-115843,25-34,Male,DE,2024-07-17
SPOT-115844,18-24,Male,FR,2024-02-12
SPOT-115845,25-34,Male,BR,2025-12-06
SPOT-115846,35-44,Female,CA,2026-01-15
SPOT-115847,35-44,Female,ES,2025-11-09
SPOT-115848,18-24,Female,US,2024-07-12
SPOT-115849,25-34,Female,US,2023-12-15
SPOT-115850,18-24,Male,AR,2024-09-22
SPOT-115851,25-34,Male,GB,2023-11-22
SPOT-115852,18-24,Female,US,2025-02-21
SPOT-115853,45-54,Male,FR,2026-05-01
SPOT-115854,18-24,Male,AU,2026-01-24
SPOT-115855,18-24,Female,AR,2024-09-11
SPOT-115856,45-54,Female,ES,2024-10-06
SPOT-115857,25-34,Male,US,2026-03-13
SPOT-115858,18-24,Female,US,2026-02-13
SPOT-115859,25-34,Female,MX,2026-05-24
SPOT-115860,18-24,Male,DE,2024-07-07
SPOT-115861,55+,Male,US,2024-05-22
SPOT-115862,25-34,Male,ES,2025-04-30
SPOT-115863,18-24,Male,DE,2024-06-07
SPOT-115864,25-34,Male,MX,2024-12-11
SPOT-115865,18-24,Female,DE,2023-11-23
SPOT-115866,35-44,Male,US,2025-02-18
SPOT-115867,45-54,Female,MX,2024-08-11
SPOT-115868,45-54,Male,AR,2025-04-14
SPOT-115869,18-24,Male,US,2024-07-02
SPOT-115870,18-24,Female,FR,2026-01-26
SPOT-115871,18-24,Female,US,2025-02-06
SPOT-115872,25-34,Female,DE,2025-03-06
SPOT-115873,25-34,Male,BR,2025-09-07
SPOT-115874,25-34,Female,GB,2025-04-05
SPOT-115875,45-54,Male,BR,2024-12-23
SPOT-115876,18-24,Male,ES,2024-06-02
SPOT-115877,18-24,Female,ES,2023-12-24
SPOT-115878,18-24,Female,CA,2025-03-17
SPOT-115879,18-24,Male,FR,2025-10-23
SPOT-115880,18-24,Non-binary,AU,2024-01-05
SPOT-115881,25-34,Female,BR,2025-04-03
SPOT-115882,18-24,Male,DE,2024-08-09
SPOT-115883,18-24,Male,US,2024-02-22
SPOT-115884,35-44,Male,US,2025-06-02
SPOT-115885,18-24,Male,US,2026-02-24
SPOT-115886,25-34,Female,ES,2025-07-28
SPOT-115887,18-24,Female,MX,2024-12-30
SPOT-115888,25-34,Female,GB,2026-02-26
SPOT-115889,45-54,Male,FR,2024-08-04
SPOT-115890,18-24,Male,BR,2024-10-28
SPOT-115891,25-34,Female,US,2025-01-28
SPOT-115892,45-54,Male,US,2025-05-02
SPOT-115893,25-34,Male,US,2025-12-15
SPOT-115894,18-24,Female,US,2025-12-26
SPOT-115895,25-34,Female,FR,2026-05-21
SPOT-115896,25-34,Non-binary,ES,2024-03-22
SPOT-115897,45-54,Female,US,2026-02-03
SPOT-115898,18-24,Female,US,2025-08-01
SPOT-115899,18-24,Male,MX,2025-07-11
SPOT-115900,18-24,Male,FR,2025-04-23
SPOT-115901,18-24,Female,GB,2023-11-10
SPOT-115902,18-24,Male,BR,2025-02-06
SPOT-115903,18-24,Male,FR,2026-01-17
SPOT-115904,18-24,Male,ES,2023-11-18
SPOT-115905,18-24,Male,FR,2025-02-05
SPOT-115906,45-54,Male,GB,2025-01-04
SPOT-115907,18-24,Male,MX,2024-06-29
SPOT-115908,18-24,Male,US,2026-05-13
SPOT-115909,18-24,Female,MX,2023-12-22
SPOT-115910,45-54,Female,GB,2025-09-27
SPOT-115911,35-44,Female,ES,2024-10-22
SPOT-115912,35-44,Male,US,2025-06-15
SPOT-115913,18-24,Male,MX,2023-11-14
SPOT-115914,35-44,Male,ES,2025-09-10
SPOT-115915,25-34,Female,FR,2024-05-24
SPOT-115916,18-24,Female,MX,2025-04-27
SPOT-115917,25-34,Male,BR,2024-05-29
SPOT-115918,35-44,Female,AR,2024-05-15
SPOT-115919,35-44,Female,GB,2025-01-31
SPOT-115920,45-54,Male,MX,2025-09-19
SPOT-115921,45-54,Female,ES,2023-11-19
SPOT-115922,18-24,Female,DE,2023-11-24
SPOT-115923,25-34,Male,AU,2024-11-30
SPOT-115924,18-24,Male,GB,2024-07-08
SPOT-115925,45-54,Female,US,2024-10-23
SPOT-115926,18-24,Female,GB,2023-11-07
SPOT-115927,45-54,Male,US,2026-04-21
SPOT-115928,18-24,Female,GB,2026-04-13
SPOT-115929,25-34,Male,US,2026-03-02
SPOT-115930,18-24,Male,DE,2024-02-28
SPOT-115931,18-24,Male,ES,2024-11-08
SPOT-115932,45-54,Female,US,2024-06-17
SPOT-115933,18-24,Female,BR,2026-05-29
SPOT-115934,25-34,Female,US,2026-04-22
SPOT-115935,18-24,Non-binary,FR,2025-09-18
SPOT-115936,25-34,Female,CA,2025-03-16
SPOT-115937,18-24,Male,BR,2023-12-08
SPOT-115938,18-24,Female,ES,2025-05-01
SPOT-115939,45-54,Female,BR,2024-11-21
SPOT-115940,25-34,Male,GB,2024-11-14
SPOT-115941,18-24,Male,US,2026-04-29
SPOT-115942,25-34,Female,ES,2024-11-21
SPOT-115943,18-24,Male,DE,2025-05-19
SPOT-115944,18-24,Male,CA,2024-12-21
SPOT-115945,25-34,Female,AU,2025-05-12
SPOT-115946,18-24,Female,US,2026-03-22
SPOT-115947,25-34,Male,BR,2025-07-18
SPOT-115948,25-34,Male,BR,2024-02-02
SPOT-115949,35-44,Female,FR,2025-07-06
SPOT-115950,45-54,Female,MX,2026-05-27
SPOT-115951,18-24,Non-binary,MX,2025-02-11
SPOT-115952,18-24,Female,MX,2023-12-30
SPOT-115953,18-24,Female,DE,2025-07-20
SPOT-115954,18-24,Non-binary,AU,2023-11-21
SPOT-115955,35-44,Male,US,2024-09-07
SPOT-115956,35-44,Male,US,2023-12-23
SPOT-115957,25-34,Female,DE,2026-05-16
SPOT-115958,25-34,Male,US,2024-04-24
SPOT-115959,18-24,Male,BR,2024-07-15
SPOT-115960,25-34,Male,US,2026-05-23
SPOT-115961,35-44,Female,DE,2024-03-31
SPOT-115962,25-34,Female,GB,2024-09-03
SPOT-115963,18-24,Male,US,2026-01-07
SPOT-115964,25-34,Female,DE,2024-05-22
SPOT-115965,25-34,Male,FR,2024-10-15
SPOT-115966,25-34,Female,MX,2024-01-29
SPOT-115967,25-34,Female,US,2025-02-01
SPOT-115968,25-34,Female,BR,2023-12-07
SPOT-115969,35-44,Male,CA,2025-01-01
SPOT-115970,45-54,Male,DE,2024-11-28
SPOT-115971,18-24,Male,BR,2025-12-20
SPOT-115972,45-54,Female,CA,2026-02-02
SPOT-115973,25-34,Female,US,2026-03-30
SPOT-115974,35-44,Female,ES,2025-07-30
SPOT-115975,45-54,Male,GB,2024-04-24
SPOT-115976,25-34,Female,FR,2025-10-16
SPOT-115977,35-44,Male,US,2026-04-23
SPOT-115978,18-24,Male,AU,2024-02-24
SPOT-115979,18-24,Female,ES,2026-05-04
SPOT-115980,25-34,Male,GB,2026-03-07
SPOT-115981,45-54,Male,ES,2024-05-19
SPOT-115982,45-54,Male,CA,2024-03-19
SPOT-115983,25-34,Male,US,2024-06-02
SPOT-115984,25-34,Male,CA,2025-08-21
SPOT-115985,18-24,Female,GB,2026-01-28
SPOT-115986,55+,Male,US,2024-08-23
SPOT-115987,18-24,Male,US,2024-09-28
SPOT-115988,35-44,Male,FR,2025-09-04
SPOT-115989,25-34,Female,AU,2023-11-15
SPOT-115990,25-34,Female,FR,2024-01-25
SPOT-115991,25-34,Female,DE,2024-02-10
SPOT-115992,55+,Non-binary,AU,2024-02-10
SPOT-115993,25-34,Male,DE,2026-04-13
SPOT-115994,45-54,Non-binary,US,2026-05-25
SPOT-115995,18-24,Male,GB,2023-11-21
SPOT-115996,25-34,Male,AU,2025-05-28
SPOT-115997,35-44,Female,MX,2024-07-12
SPOT-115998,35-44,Male,GB,2025-11-02
SPOT-115999,45-54,Male,MX,2024-08-15
SPOT-116000,18-24,Female,DE,2024-07-30
SPOT-116001,18-24,Female,US,2024-03-23
SPOT-116002,25-34,Male,US,2026-03-05
SPOT-116003,18-24,Female,US,2025-01-17
SPOT-116004,55+,Female,GB,2023-12-02
SPOT-116005,18-24,Female,ES,2025-06-14
SPOT-116006,25-34,Female,US,2024-09-27
SPOT-116007,18-24,Female,BR,2024-10-10
SPOT-116008,25-34,Female,ES,2025-10-20
SPOT-116009,25-34,Female,BR,2024-09-05
SPOT-116010,18-24,Female,US,2026-04-14
SPOT-116011,18-24,Female,GB,2024-11-20
SPOT-116012,25-34,Male,DE,2025-08-06
SPOT-116013,55+,Non-binary,GB,2026-03-16
SPOT-116014,18-24,Male,BR,2024-06-27
SPOT-116015,25-34,Male,BR,2024-01-30
SPOT-116016,55+,Female,US,2024-11-23
SPOT-116017,35-44,Male,ES,2024-02-16
SPOT-116018,55+,Female,US,2024-01-14
SPOT-116019,55+,Male,DE,2023-12-01
SPOT-116020,25-34,Female,ES,2024-03-23
SPOT-116021,25-34,Female,MX,2023-11-13
SPOT-116022,18-24,Female,DE,2024-09-07
SPOT-116023,25-34,Male,AR,2025-12-11
SPOT-116024,35-44,Non-binary,ES,2025-03-13
SPOT-116025,25-34,Male,DE,2024-10-12
SPOT-116026,35-44,Male,FR,2024-10-20
SPOT-116027,35-44,Female,US,2024-08-30
SPOT-116028,18-24,Non-binary,GB,2024-03-19
SPOT-116029,45-54,Male,MX,2024-01-28
SPOT-116030,25-34,Female,FR,2024-02-14
SPOT-116031,18-24,Male,GB,2024-11-08
SPOT-116032,45-54,Male,BR,2024-10-24
SPOT-116033,25-34,Female,US,2024-12-09
SPOT-116034,35-44,Female,DE,2026-04-04
SPOT-116035,25-34,Female,GB,2026-03-26
SPOT-116036,25-34,Male,AR,2024-07-26
SPOT-116037,35-44,Female,US,2024-10-15
SPOT-116038,25-34,Female,US,2024-04-14
SPOT-116039,25-34,Male,DE,2025-07-02
SPOT-116040,18-24,Female,DE,2025-06-27
SPOT-116041,45-54,Non-binary,US,2024-07-26
SPOT-116042,18-24,Female,GB,2024-07-05
SPOT-116043,45-54,Male,AU,2024-11-13
SPOT-116044,25-34,Female,BR,2025-05-29
SPOT-116045,25-34,Female,US,2024-12-17
SPOT-116046,45-54,Male,US,2025-02-12
SPOT-116047,18-24,Female,US,2025-10-20
SPOT-116048,25-34,Non-binary,DE,2023-12-31
SPOT-116049,35-44,Female,FR,2025-05-07
SPOT-116050,35-44,Female,AR,2025-06-02
SPOT-116051,25-34,Male,GB,2025-06-17
SPOT-116052,25-34,Non-binary,ES,2026-01-05
SPOT-116053,35-44,Female,ES,2024-02-19
SPOT-116054,35-44,Male,BR,2025-11-28
SPOT-116055,35-44,Female,DE,2026-01-29
SPOT-116056,25-34,Female,US,2025-06-27
SPOT-116057,55+,Male,GB,2025-10-25
SPOT-116058,25-34,Female,GB,2024-03-25
SPOT-116059,18-24,Female,AR,2024-07-05
SPOT-116060,25-34,Male,BR,2024-09-16
SPOT-116061,18-24,Female,US,2025-12-31
SPOT-116062,18-24,Female,US,2024-12-25
SPOT-116063,18-24,Male,BR,2024-04-11
SPOT-116064,18-24,Male,MX,2025-01-05
SPOT-116065,25-34,Male,AR,2025-10-05
SPOT-116066,18-24,Male,AR,2025-12-24
SPOT-116067,18-24,Female,AR,2025-03-12
SPOT-116068,18-24,Male,DE,2026-05-03
SPOT-116069,18-24,Female,FR,2024-11-03
SPOT-116070,18-24,Non-binary,DE,2024-06-14
SPOT-116071,25-34,Male,US,2025-12-03
SPOT-116072,55+,Female,DE,2024-09-26
SPOT-116073,45-54,Female,GB,2024-09-12
SPOT-116074,45-54,Female,DE,2026-01-11
SPOT-116075,18-24,Male,MX,2025-06-28
SPOT-116076,18-24,Male,MX,2025-12-05
SPOT-116077,18-24,Male,US,2025-07-11
SPOT-116078,35-44,Male,GB,2026-02-23
SPOT-116079,18-24,Female,BR,2025-12-14
SPOT-116080,25-34,Male,US,2024-04-14
SPOT-116081,18-24,Male,MX,2025-11-10
SPOT-116082,18-24,Female,US,2025-01-02
SPOT-116083,55+,Male,FR,2026-01-20
SPOT-116084,35-44,Male,DE,2025-01-02
SPOT-116085,35-44,Female,US,2024-02-24
SPOT-116086,25-34,Female,MX,2025-03-31
SPOT-116087,45-54,Male,BR,2024-11-29
SPOT-116088,25-34,Male,US,2024-01-10
SPOT-116089,45-54,Male,AR,2025-10-07
SPOT-116090,18-24,Female,DE,2024-02-16
SPOT-116091,25-34,Female,US,2024-05-06
SPOT-116092,25-34,Male,AR,2025-05-09
SPOT-116093,25-34,Male,US,2024-02-11
SPOT-116094,45-54,Female,AU,2025-02-13
SPOT-116095,55+,Female,DE,2024-12-22
SPOT-116096,25-34,Female,ES,2024-01-08
SPOT-116097,25-34,Male,DE,2024-06-26
SPOT-116098,25-34,Female,US,2025-12-25
SPOT-116099,45-54,Female,ES,2025-08-26
SPOT-116100,25-34,Female,GB,2024-02-04
SPOT-116101,18-24,Female,MX,2026-03-12
SPOT-116102,25-34,Male,GB,2024-01-05
SPOT-116103,18-24,Male,US,2025-02-10
SPOT-116104,35-44,Male,DE,2024-12-03
SPOT-116105,18-24,Male,AR,2026-02-08
SPOT-116106,25-34,Female,MX,2024-07-17
SPOT-116107,35-44,Male,US,2024-03-03
SPOT-116108,18-24,Male,ES,2026-05-07
SPOT-116109,18-24,Female,BR,2025-02-22
SPOT-116110,25-34,Male,MX,2026-05-21
SPOT-116111,18-24,Male,GB,2024-01-09
SPOT-116112,18-24,Male,BR,2023-12-27
SPOT-116113,55+,Female,DE,2025-04-14
SPOT-116114,35-44,Male,US,2024-09-12
SPOT-116115,45-54,Female,AR,2025-03-09
SPOT-116116,45-54,Male,MX,2026-05-03
SPOT-116117,18-24,Female,MX,2025-10-30
SPOT-116118,18-24,Male,US,2025-11-25
SPOT-116119,18-24,Female,MX,2024-05-05
SPOT-116120,35-44,Male,US,2025-08-14
SPOT-116121,25-34,Male,MX,2024-08-10
SPOT-116122,18-24,Female,GB,2025-06-15
SPOT-116123,25-34,Male,US,2024-07-18
SPOT-116124,25-34,Male,CA,2026-01-11
SPOT-116125,25-34,Female,US,2024-01-15
SPOT-116126,45-54,Male,ES,2026-04-02
SPOT-116127,25-34,Female,US,2024-09-23
SPOT-116128,45-54,Male,MX,2025-11-09
SPOT-116129,25-34,Female,US,2025-08-03
SPOT-116130,35-44,Non-binary,BR,2026-01-30
SPOT-116131,45-54,Male,US,2024-12-23
SPOT-116132,45-54,Female,FR,2025-01-15
SPOT-116133,18-24,Male,DE,2024-03-28
SPOT-116134,18-24,Female,US,2024-12-12
SPOT-116135,25-34,Male,MX,2024-04-04
SPOT-116136,25-34,Female,DE,2024-08-28
SPOT-116137,25-34,Female,FR,2025-08-18
SPOT-116138,45-54,Male,DE,2024-07-06
SPOT-116139,18-24,Male,DE,2026-03-26
SPOT-116140,25-34,Male,DE,2026-05-06
SPOT-116141,18-24,Female,FR,2026-01-27
SPOT-116142,45-54,Male,BR,2025-01-22
SPOT-116143,55+,Female,MX,2024-12-03
SPOT-116144,25-34,Male,ES,2025-04-03
SPOT-116145,18-24,Male,CA,2025-04-13
SPOT-116146,35-44,Female,AR,2024-01-24
SPOT-116147,25-34,Female,CA,2025-12-11
SPOT-116148,25-34,Female,GB,2025-08-27
SPOT-116149,45-54,Female,US,2026-03-01
SPOT-116150,55+,Female,US,2025-07-09
SPOT-116151,25-34,Female,FR,2023-12-21
SPOT-116152,25-34,Male,AR,2024-07-15
SPOT-116153,18-24,Female,MX,2023-12-02
SPOT-116154,25-34,Female,US,2024-04-15
SPOT-116155,25-34,Female,GB,2026-01-04
SPOT-116156,18-24,Female,ES,2024-01-16
SPOT-116157,18-24,Male,US,2025-10-31
SPOT-116158,18-24,Male,MX,2025-02-11
SPOT-116159,18-24,Male,BR,2026-02-02
SPOT-116160,25-34,Female,GB,2025-06-16
SPOT-116161,25-34,Male,CA,2024-02-28
SPOT-116162,25-34,Male,GB,2026-02-15
SPOT-116163,25-34,Female,FR,2025-11-13
SPOT-116164,25-34,Female,BR,2024-07-20
SPOT-116165,35-44,Male,US,2025-05-31
SPOT-116166,25-34,Female,AR,2025-05-09
SPOT-116167,55+,Male,AR,2024-06-08
SPOT-116168,25-34,Female,AR,2025-12-22
SPOT-116169,25-34,Female,MX,2023-12-17
SPOT-116170,18-24,Male,ES,2024-10-14
SPOT-116171,25-34,Male,CA,2024-06-09
SPOT-116172,45-54,Male,US,2025-05-29
SPOT-116173,45-54,Male,US,2024-07-20
SPOT-116174,55+,Male,US,2025-08-17
SPOT-116175,18-24,Non-binary,FR,2025-09-17
SPOT-116176,25-34,Male,BR,2025-12-12
SPOT-116177,25-34,Female,US,2024-03-12
SPOT-116178,25-34,Female,US,2026-02-19
SPOT-116179,18-24,Female,DE,2025-05-16
SPOT-116180,45-54,Male,AR,2024-07-26
SPOT-116181,45-54,Male,AR,2024-03-04
SPOT-116182,25-34,Female,FR,2025-05-10
SPOT-116183,18-24,Female,ES,2024-03-07
SPOT-116184,18-24,Male,US,2026-02-11
SPOT-116185,25-34,Female,ES,2024-12-21
SPOT-116186,18-24,Male,BR,2025-05-11
SPOT-116187,45-54,Male,ES,2026-05-26
SPOT-116188,25-34,Female,BR,2026-04-23
SPOT-116189,25-34,Female,BR,2024-01-06
SPOT-116190,25-34,Male,US,2025-01-08
SPOT-116191,18-24,Male,CA,2026-05-12
SPOT-116192,45-54,Male,DE,2024-10-03
SPOT-116193,25-34,Non-binary,BR,2024-03-30
SPOT-116194,55+,Male,US,2026-04-06
SPOT-116195,25-34,Male,GB,2024-08-26
SPOT-116196,35-44,Male,FR,2025-12-26
SPOT-116197,18-24,Male,US,2024-11-09
SPOT-116198,25-34,Female,US,2024-04-22
SPOT-116199,35-44,Male,GB,2025-03-29
SPOT-116200,35-44,Female,BR,2026-02-20
SPOT-116201,35-44,Male,BR,2024-05-30
SPOT-116202,18-24,Female,US,2025-12-14
SPOT-116203,55+,Male,MX,2025-05-26
SPOT-116204,55+,Female,CA,2025-06-15
SPOT-116205,18-24,Male,US,2024-01-22
SPOT-116206,45-54,Female,MX,2024-02-26
SPOT-116207,18-24,Female,BR,2023-11-22
SPOT-116208,25-34,Female,GB,2025-02-15
SPOT-116209,18-24,Male,MX,2025-09-26
SPOT-116210,55+,Non-binary,US,2024-11-05
SPOT-116211,18-24,Male,AR,2023-12-03
SPOT-116212,25-34,Female,US,2024-05-03
SPOT-116213,25-34,Male,BR,2026-02-28
SPOT-116214,18-24,Male,GB,2026-04-14
SPOT-116215,25-34,Male,FR,2024-09-29
SPOT-116216,18-24,Male,BR,2025-06-02
SPOT-116217,35-44,Male,AR,2024-05-17
SPOT-116218,55+,Male,CA,2026-05-17
SPOT-116219,35-44,Non-binary,GB,2023-12-10
SPOT-116220,45-54,Female,FR,2026-02-08
SPOT-116221,25-34,Male,ES,2025-08-03
SPOT-116222,18-24,Male,US,2025-04-23
SPOT-116223,25-34,Female,US,2025-07-18
SPOT-116224,18-24,Male,AR,2024-05-29
SPOT-116225,45-54,Female,DE,2025-04-15
SPOT-116226,18-24,Female,BR,2024-04-06
SPOT-116227,45-54,Female,FR,2024-12-24
SPOT-116228,18-24,Female,CA,2025-09-05
SPOT-116229,35-44,Female,US,2024-04-29
SPOT-116230,18-24,Male,DE,2025-08-08
SPOT-116231,18-24,Male,FR,2025-07-25
SPOT-116232,35-44,Male,AR,2025-04-26
SPOT-116233,18-24,Female,ES,2025-03-23
SPOT-116234,35-44,Male,US,2025-08-11
SPOT-116235,25-34,Female,MX,2026-02-28
SPOT-116236,18-24,Male,BR,2025-10-17
SPOT-116237,45-54,Male,US,2023-11-27
SPOT-116238,25-34,Male,ES,2025-06-04
SPOT-116239,35-44,Female,GB,2024-06-15
SPOT-116240,25-34,Female,MX,2026-05-12
SPOT-116241,25-34,Female,GB,2025-10-24
SPOT-116242,18-24,Female,US,2025-10-06
SPOT-116243,18-24,Non-binary,BR,2025-11-15
SPOT-116244,25-34,Female,GB,2024-12-07
SPOT-116245,25-34,Male,US,2025-09-04
SPOT-116246,25-34,Male,US,2026-04-10
SPOT-116247,25-34,Male,MX,2024-01-14
SPOT-116248,25-34,Non-binary,US,2025-04-21
SPOT-116249,18-24,Male,US,2024-12-17
SPOT-116250,18-24,Male,CA,2025-07-10
SPOT-116251,25-34,Female,US,2024-11-30
SPOT-116252,18-24,Male,DE,2025-07-12
SPOT-116253,18-24,Female,US,2026-01-12
SPOT-116254,18-24,Female,CA,2024-09-10
SPOT-116255,55+,Female,BR,2024-08-02
SPOT-116256,35-44,Female,US,2025-02-26
SPOT-116257,18-24,Female,ES,2025-09-13
SPOT-116258,18-24,Female,AR,2025-09-16
SPOT-116259,35-44,Male,CA,2025-05-22
SPOT-116260,25-34,Female,ES,2024-10-16
SPOT-116261,35-44,Female,US,2024-04-01
SPOT-116262,45-54,Male,BR,2023-11-25
SPOT-116263,25-34,Male,DE,2025-04-26
SPOT-116264,18-24,Male,ES,2024-03-27
SPOT-116265,35-44,Female,BR,2025-12-14
SPOT-116266,55+,Male,ES,2025-06-18
SPOT-116267,25-34,Female,US,2024-12-23
SPOT-116268,25-34,Male,DE,2024-03-28
SPOT-116269,18-24,Male,DE,2025-02-05
SPOT-116270,25-34,Male,AU,2024-07-30
SPOT-116271,35-44,Female,US,2024-03-18
SPOT-116272,45-54,Male,AR,2024-03-17
SPOT-116273,25-34,Male,US,2026-05-11
SPOT-116274,35-44,Female,US,2025-01-09
SPOT-116275,18-24,Female,GB,2025-02-17
SPOT-116276,18-24,Female,ES,2025-07-20
SPOT-116277,25-34,Female,MX,2023-11-07
SPOT-116278,18-24,Female,MX,2024-06-29
SPOT-116279,25-34,Female,ES,2026-02-22
SPOT-116280,18-24,Female,US,2024-09-10
SPOT-116281,35-44,Male,MX,2025-08-09
SPOT-116282,35-44,Male,MX,2024-03-05
SPOT-116283,25-34,Male,MX,2025-06-18
SPOT-116284,18-24,Female,BR,2024-02-06
SPOT-116285,25-34,Female,US,2026-01-27
SPOT-116286,55+,Male,CA,2024-03-24
SPOT-116287,25-34,Female,AU,2025-06-21
SPOT-116288,18-24,Female,MX,2025-05-05
SPOT-116289,18-24,Female,DE,2026-01-06
SPOT-116290,18-24,Female,BR,2026-04-01
SPOT-116291,18-24,Female,US,2024-08-28
SPOT-116292,35-44,Male,GB,2025-02-20
SPOT-116293,35-44,Male,AU,2026-01-11
SPOT-116294,18-24,Female,BR,2024-05-22
SPOT-116295,18-24,Female,BR,2025-09-05
SPOT-116296,18-24,Female,AU,2024-02-23
SPOT-116297,45-54,Male,FR,2025-04-28
SPOT-116298,25-34,Male,BR,2025-02-20
SPOT-116299,25-34,Male,GB,2025-09-22
SPOT-116300,25-34,Female,US,2025-08-02
SPOT-116301,25-34,Female,FR,2024-12-21
SPOT-116302,25-34,Female,CA,2025-01-18
SPOT-116303,18-24,Female,BR,2024-04-14
SPOT-116304,25-34,Male,US,2024-12-27
SPOT-116305,25-34,Male,MX,2025-10-24
SPOT-116306,18-24,Female,GB,2024-08-06
SPOT-116307,18-24,Male,US,2026-02-02
SPOT-116308,25-34,Female,CA,2024-01-05
SPOT-116309,25-34,Female,US,2025-06-23
SPOT-116310,25-34,Male,ES,2025-03-31
SPOT-116311,45-54,Male,DE,2025-03-22
SPOT-116312,18-24,Male,AR,2024-01-12
SPOT-116313,18-24,Male,ES,2024-11-03
SPOT-116314,18-24,Female,US,2026-04-01
SPOT-116315,25-34,Female,DE,2024-12-12
SPOT-116316,25-34,Female,GB,2024-06-26
SPOT-116317,35-44,Female,ES,2025-10-01
SPOT-116318,18-24,Female,BR,2026-04-05
SPOT-116319,25-34,Female,GB,2024-09-07
SPOT-116320,45-54,Female,GB,2025-08-08
SPOT-116321,45-54,Male,US,2026-02-03
SPOT-116322,55+,Non-binary,US,2026-01-15
SPOT-116323,35-44,Female,ES,2025-03-29
SPOT-116324,45-54,Female,MX,2023-11-22
SPOT-116325,18-24,Female,GB,2024-03-29
SPOT-116326,18-24,Female,AR,2025-10-24
SPOT-116327,18-24,Male,BR,2025-04-10
SPOT-116328,35-44,Female,AR,2025-05-08
SPOT-116329,45-54,Female,AR,2026-02-26
SPOT-116330,18-24,Female,AR,2024-12-11
SPOT-116331,25-34,Male,AR,2026-03-02
SPOT-116332,35-44,Male,MX,2023-11-23
SPOT-116333,45-54,Female,ES,2024-01-11
SPOT-116334,25-34,Non-binary,ES,2026-02-28
SPOT-116335,55+,Male,US,2025-12-10
SPOT-116336,18-24,Female,GB,2024-08-27
SPOT-116337,18-24,Male,US,2025-10-20
SPOT-116338,25-34,Female,US,2024-12-01
SPOT-116339,25-34,Male,ES,2026-05-13
SPOT-116340,18-24,Female,CA,2025-06-22
SPOT-116341,35-44,Female,MX,2024-09-11
SPOT-116342,35-44,Male,FR,2025-10-11
SPOT-116343,35-44,Male,GB,2026-03-26
SPOT-116344,18-24,Male,AR,2026-02-26
SPOT-116345,25-34,Female,GB,2024-03-15
SPOT-116346,25-34,Female,FR,2025-07-19
SPOT-116347,18-24,Female,AR,2025-01-05
SPOT-116348,25-34,Female,AU,2025-06-25
SPOT-116349,18-24,Female,AR,2026-01-26
SPOT-116350,18-24,Non-binary,DE,2025-12-06
SPOT-116351,35-44,Female,US,2024-01-24
SPOT-116352,18-24,Male,FR,2025-04-27
SPOT-116353,55+,Female,BR,2025-04-10
SPOT-116354,25-34,Male,FR,2025-05-05
SPOT-116355,55+,Non-binary,DE,2023-11-11
SPOT-116356,18-24,Male,US,2024-10-02
SPOT-116357,25-34,Male,US,2024-03-25
SPOT-116358,18-24,Male,MX,2025-10-12
SPOT-116359,35-44,Female,US,2026-04-27
SPOT-116360,25-34,Male,ES,2025-02-17
SPOT-116361,18-24,Female,DE,2024-12-21
SPOT-116362,45-54,Male,BR,2025-06-02
SPOT-116363,25-34,Male,AR,2024-12-02
SPOT-116364,18-24,Male,GB,2025-12-30
SPOT-116365,25-34,Male,DE,2026-04-16
SPOT-116366,25-34,Male,ES,2025-12-18
SPOT-116367,18-24,Male,CA,2025-04-07
SPOT-116368,25-34,Male,GB,2024-02-24
SPOT-116369,18-24,Male,MX,2023-12-06
SPOT-116370,25-34,Male,AU,2025-03-08
SPOT-116371,35-44,Female,MX,2025-02-19
SPOT-116372,25-34,Male,FR,2024-03-14
SPOT-116373,25-34,Male,CA,2024-09-15
SPOT-116374,18-24,Male,CA,2025-05-13
SPOT-116375,18-24,Female,ES,2023-12-26
SPOT-116376,18-24,Male,BR,2026-03-06
SPOT-116377,25-34,Female,US,2025-04-07
SPOT-116378,25-34,Non-binary,US,2024-07-04
SPOT-116379,45-54,Male,GB,2024-07-15
SPOT-116380,18-24,Male,US,2025-07-04
SPOT-116381,25-34,Male,US,2026-01-13
SPOT-116382,25-34,Male,GB,2025-12-13
SPOT-116383,25-34,Male,US,2024-12-19
SPOT-116384,45-54,Male,US,2023-12-08
SPOT-116385,18-24,Female,US,2026-04-04
SPOT-116386,18-24,Male,DE,2024-08-01
SPOT-116387,25-34,Male,AR,2024-12-04
SPOT-116388,18-24,Female,AR,2024-07-22
SPOT-116389,18-24,Male,CA,2023-11-27
SPOT-116390,18-24,Male,ES,2025-03-03
SPOT-116391,18-24,Female,US,2024-04-10
SPOT-116392,25-34,Male,ES,2024-06-05
SPOT-116393,18-24,Female,ES,2024-10-27
SPOT-116394,25-34,Male,BR,2025-10-17
SPOT-116395,25-34,Female,AR,2025-08-20
SPOT-116396,25-34,Female,US,2025-06-16
SPOT-116397,55+,Male,BR,2023-12-31
SPOT-116398,18-24,Male,BR,2025-12-15
SPOT-116399,55+,Male,AR,2025-08-28
SPOT-116400,25-34,Female,US,2024-07-25
SPOT-116401,35-44,Female,US,2024-01-17
SPOT-116402,25-34,Male,BR,2025-06-16
SPOT-116403,25-34,Female,CA,2025-01-07
SPOT-116404,45-54,Female,US,2023-11-27
SPOT-116405,45-54,Non-binary,ES,2025-09-30
SPOT-116406,18-24,Male,US,2025-06-25
SPOT-116407,18-24,Female,US,2025-09-26
SPOT-116408,25-34,Male,DE,2026-02-26
SPOT-116409,45-54,Female,BR,2025-05-16
SPOT-116410,18-24,Male,AR,2025-01-09
SPOT-116411,25-34,Male,MX,2025-01-30
SPOT-116412,35-44,Female,BR,2023-11-24
SPOT-116413,35-44,Female,GB,2024-03-17
SPOT-116414,25-34,Male,GB,2025-09-17
SPOT-116415,25-34,Female,ES,2026-06-02
SPOT-116416,55+,Male,US,2025-10-27
SPOT-116417,25-34,Male,US,2025-03-26
SPOT-116418,35-44,Male,ES,2024-12-11
SPOT-116419,18-24,Male,AU,2025-08-07
SPOT-116420,25-34,Female,US,2025-06-26
SPOT-116421,18-24,Male,MX,2024-11-13
SPOT-116422,18-24,Male,US,2024-06-18
SPOT-116423,35-44,Female,US,2024-08-17
SPOT-116424,25-34,Male,AR,2026-03-01
SPOT-116425,25-34,Female,BR,2025-11-05
SPOT-116426,18-24,Female,US,2026-04-20
SPOT-116427,25-34,Male,FR,2025-02-16
SPOT-116428,25-34,Male,BR,2025-06-16
SPOT-116429,25-34,Female,ES,2025-11-01
SPOT-116430,18-24,Female,DE,2025-11-18
SPOT-116431,35-44,Female,US,2025-07-13
SPOT-116432,35-44,Female,DE,2024-08-10
SPOT-116433,18-24,Female,GB,2024-01-04
SPOT-116434,18-24,Male,GB,2025-12-18
SPOT-116435,25-34,Female,MX,2025-04-23
SPOT-116436,25-34,Male,US,2025-05-08
SPOT-116437,35-44,Male,DE,2024-11-18
SPOT-116438,25-34,Male,BR,2025-09-23
SPOT-116439,25-34,Male,ES,2024-06-08
SPOT-116440,25-34,Female,MX,2024-02-12
SPOT-116441,18-24,Male,FR,2024-09-15
SPOT-116442,18-24,Male,AU,2024-08-20
SPOT-116443,25-34,Male,CA,2025-06-11
SPOT-116444,18-24,Male,ES,2024-06-06
SPOT-116445,45-54,Female,MX,2023-11-12
SPOT-116446,35-44,Female,US,2024-06-16
SPOT-116447,45-54,Female,BR,2024-11-01
SPOT-116448,45-54,Female,MX,2024-10-05
SPOT-116449,25-34,Female,DE,2024-11-27
SPOT-116450,35-44,Male,DE,2024-06-26
SPOT-116451,18-24,Female,BR,2025-05-13
SPOT-116452,18-24,Male,CA,2024-02-29
SPOT-116453,35-44,Non-binary,GB,2025-07-23
SPOT-116454,18-24,Female,DE,2023-11-20
SPOT-116455,55+,Female,MX,2025-11-26
SPOT-116456,25-34,Male,US,2024-01-25
SPOT-116457,35-44,Male,AR,2025-10-01
SPOT-116458,18-24,Female,MX,2024-07-14
SPOT-116459,25-34,Female,GB,2024-07-14
SPOT-116460,18-24,Female,ES,2023-12-27
SPOT-116461,35-44,Male,GB,2024-11-25
SPOT-116462,18-24,Female,ES,2024-05-20
SPOT-116463,25-34,Female,US,2024-01-22
SPOT-116464,18-24,Male,DE,2026-01-09
SPOT-116465,18-24,Female,GB,2024-11-10
SPOT-116466,25-34,Male,AR,2024-06-20
SPOT-116467,18-24,Female,ES,2024-12-18
SPOT-116468,35-44,Male,AR,2025-07-05
SPOT-116469,18-24,Female,MX,2024-11-14
SPOT-116470,18-24,Male,AR,2026-01-30
SPOT-116471,25-34,Male,DE,2026-04-06
SPOT-116472,18-24,Female,MX,2024-04-22
SPOT-116473,25-34,Female,US,2024-10-08
SPOT-116474,35-44,Female,FR,2026-03-23
SPOT-116475,18-24,Male,MX,2025-03-12
SPOT-116476,18-24,Female,FR,2024-08-23
SPOT-116477,18-24,Male,ES,2024-06-08
SPOT-116478,25-34,Female,GB,2024-03-22
SPOT-116479,25-34,Male,GB,2025-05-18
SPOT-116480,25-34,Male,AR,2025-12-29
SPOT-116481,35-44,Female,US,2024-08-05
SPOT-116482,18-24,Male,US,2024-06-22
SPOT-116483,25-34,Female,US,2025-12-07
SPOT-116484,25-34,Male,GB,2024-07-18
SPOT-116485,25-34,Female,US,2025-02-06
SPOT-116486,55+,Female,AR,2025-09-06
SPOT-116487,25-34,Female,BR,2024-12-09
SPOT-116488,55+,Male,GB,2026-02-13
SPOT-116489,18-24,Male,MX,2025-07-22
SPOT-116490,18-24,Male,US,2025-12-28
SPOT-116491,18-24,Female,ES,2026-04-07
SPOT-116492,25-34,Female,BR,2025-09-30
SPOT-116493,18-24,Female,US,2023-12-27
SPOT-116494,18-24,Female,GB,2024-02-25
SPOT-116495,25-34,Male,ES,2025-11-02
SPOT-116496,18-24,Male,US,2024-07-03
SPOT-116497,18-24,Male,AU,2026-02-10
SPOT-116498,18-24,Female,FR,2025-07-16
SPOT-116499,45-54,Male,ES,2026-04-13
SPOT-116500,18-24,Female,US,2024-12-28
SPOT-116501,35-44,Male,GB,2024-01-29
SPOT-116502,25-34,Male,GB,2024-10-08
SPOT-116503,25-34,Female,US,2026-04-13
SPOT-116504,18-24,Male,AU,2025-10-03
SPOT-116505,25-34,Female,US,2025-06-16
SPOT-116506,25-34,Female,GB,2025-01-26
SPOT-116507,25-34,Male,FR,2024-07-15
SPOT-116508,18-24,Male,US,2026-04-07
SPOT-116509,18-24,Female,DE,2025-03-24
SPOT-116510,45-54,Female,AU,2025-10-10
SPOT-116511,25-34,Male,US,2024-05-24
SPOT-116512,25-34,Female,ES,2025-07-25
SPOT-116513,25-34,Female,US,2024-02-01
SPOT-116514,45-54,Male,MX,2024-01-31
SPOT-116515,25-34,Female,GB,2024-06-06
SPOT-116516,25-34,Female,MX,2023-12-30
SPOT-116517,45-54,Male,DE,2026-05-22
SPOT-116518,35-44,Female,GB,2025-02-27
SPOT-116519,18-24,Female,BR,2024-03-23
SPOT-116520,18-24,Female,US,2025-02-15
SPOT-116521,35-44,Female,AR,2025-03-10
SPOT-116522,35-44,Male,ES,2025-04-04
SPOT-116523,25-34,Male,BR,2025-01-10
SPOT-116524,25-34,Female,GB,2024-07-09
SPOT-116525,25-34,Female,CA,2024-04-05
SPOT-116526,25-34,Male,MX,2023-12-28
SPOT-116527,25-34,Male,GB,2025-06-17
SPOT-116528,18-24,Female,AR,2025-04-27
SPOT-116529,55+,Female,MX,2025-02-26
SPOT-116530,35-44,Male,US,2024-01-20
SPOT-116531,25-34,Female,US,2025-08-05
SPOT-116532,18-24,Male,CA,2024-04-19
SPOT-116533,18-24,Male,GB,2023-11-12
SPOT-116534,25-34,Male,MX,2024-04-06
SPOT-116535,25-34,Female,US,2023-12-16
SPOT-116536,25-34,Female,BR,2026-05-23
SPOT-116537,25-34,Female,US,2024-04-20
SPOT-116538,25-34,Male,US,2025-06-09
SPOT-116539,35-44,Female,ES,2025-10-04
SPOT-116540,18-24,Male,AR,2024-08-25
SPOT-116541,25-34,Female,ES,2026-04-19
SPOT-116542,35-44,Female,US,2026-05-04
SPOT-116543,25-34,Male,GB,2025-06-06
SPOT-116544,25-34,Male,GB,2024-12-10
SPOT-116545,25-34,Female,MX,2025-06-10
SPOT-116546,55+,Female,ES,2024-05-25
SPOT-116547,18-24,Male,MX,2024-11-12
SPOT-116548,25-34,Female,AR,2026-01-25
SPOT-116549,18-24,Male,DE,2025-06-24
SPOT-116550,18-24,Male,BR,2025-07-22
SPOT-116551,25-34,Female,US,2025-03-28
SPOT-116552,18-24,Female,DE,2026-05-06
SPOT-116553,55+,Male,DE,2025-12-02
SPOT-116554,45-54,Male,MX,2024-10-01
SPOT-116555,18-24,Female,DE,2025-07-01
SPOT-116556,25-34,Female,US,2026-03-07
SPOT-116557,25-34,Female,US,2024-03-26
SPOT-116558,35-44,Male,US,2023-11-30
SPOT-116559,25-34,Female,ES,2025-03-17
SPOT-116560,18-24,Male,MX,2024-12-09
SPOT-116561,35-44,Female,BR,2024-03-29
SPOT-116562,35-44,Male,BR,2024-02-08
SPOT-116563,25-34,Female,GB,2025-04-03
SPOT-116564,45-54,Female,ES,2024-06-29
SPOT-116565,45-54,Female,CA,2023-12-24
SPOT-116566,25-34,Female,DE,2024-08-06
SPOT-116567,25-34,Female,DE,2025-01-30
SPOT-116568,55+,Female,US,2023-12-20
SPOT-116569,18-24,Female,MX,2025-10-10
SPOT-116570,18-24,Female,BR,2026-05-23
SPOT-116571,18-24,Female,AU,2024-08-16
SPOT-116572,45-54,Male,BR,2025-04-09
SPOT-116573,35-44,Male,GB,2025-08-22
SPOT-116574,18-24,Male,BR,2025-06-21
SPOT-116575,55+,Male,AU,2024-03-28
SPOT-116576,35-44,Female,ES,2023-11-22
SPOT-116577,45-54,Male,US,2024-10-03
SPOT-116578,18-24,Male,GB,2025-04-18
SPOT-116579,25-34,Male,GB,2025-09-09
SPOT-116580,25-34,Male,FR,2024-07-18
SPOT-116581,25-34,Male,MX,2025-11-15
SPOT-116582,25-34,Female,AR,2024-07-14
SPOT-116583,35-44,Female,US,2024-03-04
SPOT-116584,25-34,Male,CA,2025-06-05
SPOT-116585,35-44,Male,US,2025-07-14
SPOT-116586,18-24,Female,DE,2025-03-24
SPOT-116587,18-24,Female,US,2026-02-02
SPOT-116588,18-24,Male,US,2025-11-11
SPOT-116589,25-34,Male,AU,2024-07-31
SPOT-116590,25-34,Male,US,2025-11-28
SPOT-116591,35-44,Male,US,2024-06-17
SPOT-116592,25-34,Male,CA,2024-05-09
SPOT-116593,25-34,Female,ES,2024-06-29
SPOT-116594,25-34,Female,DE,2024-03-01
SPOT-116595,18-24,Male,US,2023-11-25
SPOT-116596,18-24,Female,AR,2024-06-05
SPOT-116597,25-34,Non-binary,BR,2026-03-11
SPOT-116598,25-34,Female,GB,2025-08-01
SPOT-116599,35-44,Female,GB,2025-10-12
SPOT-116600,25-34,Female,BR,2026-05-27
SPOT-116601,35-44,Male,BR,2024-01-21
SPOT-116602,25-34,Male,AR,2024-09-14
SPOT-116603,55+,Non-binary,ES,2025-01-01
SPOT-116604,18-24,Female,ES,2025-11-04
SPOT-116605,25-34,Female,ES,2024-11-16
SPOT-116606,25-34,Female,ES,2024-08-14
SPOT-116607,55+,Male,MX,2024-04-14
SPOT-116608,18-24,Female,FR,2024-05-17
SPOT-116609,25-34,Female,BR,2024-09-18
SPOT-116610,18-24,Male,BR,2024-07-26
SPOT-116611,25-34,Male,ES,2025-09-10
SPOT-116612,18-24,Female,US,2024-01-30
SPOT-116613,18-24,Male,ES,2026-05-13
SPOT-116614,25-34,Male,CA,2023-12-30
SPOT-116615,18-24,Male,GB,2024-08-19
SPOT-116616,18-24,Female,MX,2025-09-22
SPOT-116617,18-24,Female,US,2024-11-02
SPOT-116618,18-24,Female,ES,2024-08-14
SPOT-116619,55+,Male,BR,2024-03-22
SPOT-116620,25-34,Non-binary,MX,2024-01-05
SPOT-116621,35-44,Male,US,2026-02-25
SPOT-116622,25-34,Male,AR,2025-10-13
SPOT-116623,45-54,Male,GB,2025-03-02
SPOT-116624,25-34,Male,MX,2026-02-22
SPOT-116625,25-34,Male,BR,2023-11-18
SPOT-116626,25-34,Male,MX,2024-04-01
SPOT-116627,35-44,Male,US,2026-01-02
SPOT-116628,25-34,Female,ES,2025-01-26
SPOT-116629,18-24,Male,AR,2024-03-18
SPOT-116630,18-24,Female,BR,2024-02-26
SPOT-116631,25-34,Female,DE,2024-05-26
SPOT-116632,25-34,Male,GB,2024-12-12
SPOT-116633,18-24,Female,CA,2024-04-27
SPOT-116634,25-34,Male,ES,2024-03-15
SPOT-116635,25-34,Male,MX,2024-03-18
SPOT-116636,35-44,Male,CA,2024-10-30
SPOT-116637,18-24,Female,GB,2024-02-16
SPOT-116638,18-24,Female,MX,2024-01-21
SPOT-116639,35-44,Female,MX,2025-08-10
SPOT-116640,25-34,Male,AU,2024-07-31
SPOT-116641,18-24,Male,DE,2024-12-30
SPOT-116642,35-44,Female,DE,2026-05-16
SPOT-116643,25-34,Female,US,2024-07-05
SPOT-116644,25-34,Female,US,2023-12-30
SPOT-116645,55+,Male,BR,2024-08-31
SPOT-116646,45-54,Male,US,2024-08-08
SPOT-116647,25-34,Male,US,2025-12-10
SPOT-116648,18-24,Female,AU,2024-02-05
SPOT-116649,18-24,Male,AU,2024-11-05
SPOT-116650,18-24,Male,GB,2023-12-02
SPOT-116651,18-24,Female,AR,2025-04-25
SPOT-116652,25-34,Male,FR,2026-05-08
SPOT-116653,45-54,Female,DE,2026-02-09
SPOT-116654,45-54,Female,US,2025-10-24
SPOT-116655,25-34,Male,US,2026-02-22
SPOT-116656,25-34,Female,US,2025-06-21
SPOT-116657,18-24,Female,AR,2025-04-06
SPOT-116658,18-24,Male,DE,2026-05-11
SPOT-116659,18-24,Female,MX,2025-06-22
SPOT-116660,35-44,Female,BR,2026-05-29
SPOT-116661,18-24,Female,DE,2026-05-20
SPOT-116662,45-54,Female,US,2026-02-24
SPOT-116663,25-34,Male,GB,2025-09-20
SPOT-116664,18-24,Male,AR,2024-09-12
SPOT-116665,18-24,Female,AR,2024-05-28
SPOT-116666,25-34,Male,US,2025-03-31
SPOT-116667,45-54,Female,US,2025-03-08
SPOT-116668,35-44,Male,ES,2024-12-16
SPOT-116669,18-24,Female,GB,2026-02-10
SPOT-116670,25-34,Female,MX,2024-12-05
SPOT-116671,18-24,Female,BR,2024-04-13
SPOT-116672,55+,Female,MX,2025-07-10
SPOT-116673,35-44,Female,US,2024-09-27
SPOT-116674,25-34,Male,CA,2025-03-30
SPOT-116675,25-34,Male,US,2025-11-14
SPOT-116676,25-34,Female,US,2026-02-15
SPOT-116677,18-24,Female,US,2025-04-17
SPOT-116678,18-24,Male,AU,2026-01-25
SPOT-116679,25-34,Male,US,2026-01-11
SPOT-116680,45-54,Male,FR,2023-12-13
SPOT-116681,25-34,Female,US,2025-04-28
SPOT-116682,18-24,Male,US,2025-02-28
SPOT-116683,45-54,Male,ES,2025-07-27
SPOT-116684,18-24,Male,AR,2026-02-04
SPOT-116685,18-24,Female,AR,2025-10-25
SPOT-116686,18-24,Female,US,2024-03-01
SPOT-116687,25-34,Male,FR,2026-05-20
SPOT-116688,25-34,Male,US,2024-10-22
SPOT-116689,25-34,Female,GB,2026-02-06
SPOT-116690,35-44,Male,DE,2026-04-08
SPOT-116691,18-24,Male,US,2023-11-18
SPOT-116692,35-44,Female,BR,2024-05-18
SPOT-116693,18-24,Female,BR,2026-01-29
SPOT-116694,35-44,Non-binary,AU,2023-12-31
SPOT-116695,25-34,Male,MX,2026-05-09
SPOT-116696,25-34,Male,DE,2024-10-08
SPOT-116697,25-34,Female,AR,2025-04-21
SPOT-116698,25-34,Male,GB,2023-12-07
SPOT-116699,18-24,Male,BR,2026-03-02
SPOT-116700,45-54,Male,US,2025-12-27
SPOT-116701,18-24,Female,GB,2025-10-27
SPOT-116702,18-24,Female,BR,2024-12-31
SPOT-116703,25-34,Male,ES,2026-01-13
SPOT-116704,35-44,Male,US,2024-08-25
SPOT-116705,18-24,Female,AR,2024-09-30
SPOT-116706,45-54,Female,CA,2024-06-23
SPOT-116707,55+,Female,GB,2024-12-16
SPOT-116708,25-34,Male,ES,2024-02-27
SPOT-116709,25-34,Male,US,2025-05-01
SPOT-116710,35-44,Female,BR,2024-12-17
SPOT-116711,18-24,Female,AR,2024-12-20
SPOT-116712,25-34,Male,DE,2026-04-16
SPOT-116713,45-54,Female,US,2026-03-02
SPOT-116714,55+,Male,BR,2026-05-08
SPOT-116715,45-54,Male,AR,2026-04-25
SPOT-116716,18-24,Male,US,2025-12-20
SPOT-116717,18-24,Female,US,2024-07-01
SPOT-116718,18-24,Male,AR,2025-03-12
SPOT-116719,25-34,Male,GB,2024-01-03
SPOT-116720,18-24,Male,GB,2025-01-26
SPOT-116721,25-34,Female,US,2025-03-14
SPOT-116722,25-34,Female,US,2025-02-04
SPOT-116723,35-44,Male,MX,2024-08-04
SPOT-116724,35-44,Male,BR,2023-12-09
SPOT-116725,35-44,Female,GB,2025-04-28
SPOT-116726,18-24,Male,DE,2024-04-14
SPOT-116727,18-24,Male,DE,2024-12-10
SPOT-116728,35-44,Female,MX,2025-10-30
SPOT-116729,25-34,Male,FR,2026-05-03
SPOT-116730,25-34,Non-binary,ES,2025-01-22
SPOT-116731,18-24,Male,US,2025-09-20
SPOT-116732,18-24,Male,US,2025-12-01
SPOT-116733,25-34,Male,DE,2025-04-16
SPOT-116734,45-54,Female,FR,2023-12-15
SPOT-116735,45-54,Male,US,2024-09-10
SPOT-116736,25-34,Female,FR,2024-03-22
SPOT-116737,25-34,Male,US,2023-12-23
SPOT-116738,35-44,Male,US,2026-01-13
SPOT-116739,25-34,Female,CA,2025-05-28
SPOT-116740,25-34,Female,US,2025-03-31
SPOT-116741,45-54,Female,DE,2024-10-26
SPOT-116742,35-44,Female,GB,2025-04-14
SPOT-116743,45-54,Male,US,2025-02-17
SPOT-116744,18-24,Male,MX,2023-12-25
SPOT-116745,25-34,Male,AU,2024-08-16
SPOT-116746,35-44,Female,MX,2025-10-01
SPOT-116747,18-24,Female,GB,2024-11-21
SPOT-116748,35-44,Male,ES,2026-01-18
SPOT-116749,18-24,Male,US,2024-07-15
SPOT-116750,35-44,Male,BR,2024-06-12
SPOT-116751,25-34,Male,DE,2025-11-23
SPOT-116752,18-24,Male,GB,2025-08-01
SPOT-116753,25-34,Male,ES,2026-01-07
SPOT-116754,25-34,Male,US,2026-04-21
SPOT-116755,25-34,Male,BR,2025-06-03
SPOT-116756,25-34,Female,FR,2024-10-08
SPOT-116757,45-54,Female,US,2025-07-03
SPOT-116758,25-34,Male,GB,2024-10-11
SPOT-116759,25-34,Female,MX,2024-06-24
SPOT-116760,18-24,Male,ES,2025-12-04
SPOT-116761,45-54,Male,GB,2025-12-10
SPOT-116762,18-24,Female,GB,2024-03-19
SPOT-116763,25-34,Male,ES,2026-04-07
SPOT-116764,35-44,Male,GB,2025-09-11
SPOT-116765,18-24,Female,MX,2024-01-28
SPOT-116766,25-34,Male,US,2024-08-17
SPOT-116767,18-24,Male,DE,2024-05-16
SPOT-116768,35-44,Female,MX,2024-12-11
SPOT-116769,25-34,Male,DE,2025-03-17
SPOT-116770,45-54,Female,US,2025-12-12
SPOT-116771,45-54,Male,DE,2026-05-28
SPOT-116772,25-34,Male,GB,2024-11-29
SPOT-116773,35-44,Female,US,2026-05-18
SPOT-116774,25-34,Male,US,2024-04-26
SPOT-116775,25-34,Female,US,2024-03-06
SPOT-116776,25-34,Female,CA,2024-03-28
SPOT-116777,45-54,Male,ES,2025-10-21
SPOT-116778,25-34,Female,CA,2026-03-13
SPOT-116779,18-24,Male,US,2024-01-17
SPOT-116780,25-34,Male,BR,2025-09-19
SPOT-116781,25-34,Female,US,2026-01-13
SPOT-116782,18-24,Male,US,2023-12-14
SPOT-116783,25-34,Male,DE,2024-12-18
SPOT-116784,25-34,Female,MX,2026-02-21
SPOT-116785,25-34,Male,US,2024-01-19
SPOT-116786,25-34,Male,GB,2026-03-13
SPOT-116787,25-34,Female,US,2024-09-03
SPOT-116788,45-54,Female,GB,2024-12-01
SPOT-116789,55+,Male,BR,2025-01-17
SPOT-116790,25-34,Male,GB,2025-02-24
SPOT-116791,18-24,Male,BR,2025-02-26
SPOT-116792,55+,Male,BR,2025-05-11
SPOT-116793,35-44,Female,GB,2024-08-18
SPOT-116794,18-24,Female,DE,2026-03-30
SPOT-116795,18-24,Female,DE,2025-07-26
SPOT-116796,18-24,Female,DE,2023-11-17
SPOT-116797,18-24,Female,ES,2025-11-15
SPOT-116798,18-24,Male,US,2025-06-21
SPOT-116799,45-54,Male,FR,2024-05-27
SPOT-116800,25-34,Male,GB,2024-05-02
SPOT-116801,25-34,Female,ES,2025-05-21
SPOT-116802,35-44,Male,FR,2025-06-18
SPOT-116803,35-44,Female,FR,2025-04-25
SPOT-116804,45-54,Male,DE,2025-05-09
SPOT-116805,55+,Female,GB,2023-12-19
SPOT-116806,25-34,Female,MX,2024-12-29
SPOT-116807,55+,Male,US,2026-04-09
SPOT-116808,35-44,Female,AR,2026-05-02
SPOT-116809,18-24,Male,ES,2024-01-20
SPOT-116810,25-34,Female,AR,2024-05-02
SPOT-116811,25-34,Male,DE,2024-12-20
SPOT-116812,45-54,Male,BR,2024-03-20
SPOT-116813,25-34,Male,US,2025-11-24
SPOT-116814,25-34,Male,MX,2024-04-07
SPOT-116815,18-24,Female,BR,2025-06-15
SPOT-116816,18-24,Female,BR,2026-01-21
SPOT-116817,18-24,Male,AR,2025-07-26
SPOT-116818,25-34,Male,ES,2026-01-14
SPOT-116819,35-44,Female,BR,2025-03-11
SPOT-116820,18-24,Male,GB,2025-11-17
SPOT-116821,25-34,Male,DE,2025-11-06
SPOT-116822,18-24,Male,GB,2025-05-07
SPOT-116823,18-24,Female,US,2024-08-27
SPOT-116824,25-34,Female,MX,2025-02-05
SPOT-116825,18-24,Female,MX,2024-03-29
SPOT-116826,25-34,Male,AU,2025-02-25
SPOT-116827,18-24,Female,DE,2024-02-26
SPOT-116828,18-24,Female,AU,2026-03-03
SPOT-116829,25-34,Male,US,2025-06-24
SPOT-116830,25-34,Female,MX,2026-03-05
SPOT-116831,18-24,Non-binary,AU,2026-03-23
SPOT-116832,25-34,Female,MX,2025-06-13
SPOT-116833,35-44,Female,DE,2026-03-15
SPOT-116834,35-44,Female,BR,2024-10-28
SPOT-116835,18-24,Female,AR,2024-12-21
SPOT-116836,25-34,Female,CA,2024-11-17
SPOT-116837,25-34,Female,DE,2025-03-21
SPOT-116838,18-24,Male,ES,2026-02-24
SPOT-116839,45-54,Female,CA,2025-07-18
SPOT-116840,45-54,Female,GB,2023-11-19
SPOT-116841,45-54,Male,BR,2024-07-04
SPOT-116842,35-44,Female,AU,2024-10-28
SPOT-116843,35-44,Male,GB,2024-11-17
SPOT-116844,25-34,Female,MX,2024-02-19
SPOT-116845,25-34,Female,MX,2026-05-16
SPOT-116846,35-44,Female,US,2024-09-12
SPOT-116847,25-34,Female,AR,2024-08-05
SPOT-116848,18-24,Female,DE,2025-11-06
SPOT-116849,25-34,Female,BR,2025-12-25
SPOT-116850,45-54,Female,MX,2026-03-20
SPOT-116851,18-24,Male,DE,2024-06-17
SPOT-116852,25-34,Male,GB,2024-07-17
SPOT-116853,55+,Female,BR,2024-07-27
SPOT-116854,35-44,Female,GB,2026-03-19
SPOT-116855,55+,Male,DE,2024-08-20
SPOT-116856,25-34,Male,US,2025-07-23
SPOT-116857,18-24,Male,AR,2025-11-03
SPOT-116858,35-44,Male,DE,2024-07-21
SPOT-116859,18-24,Female,US,2025-07-15
SPOT-116860,25-34,Male,AR,2025-08-20
SPOT-116861,18-24,Male,US,2025-09-15
SPOT-116862,18-24,Female,BR,2024-10-15
SPOT-116863,25-34,Male,ES,2024-05-20
SPOT-116864,25-34,Female,US,2025-06-05
SPOT-116865,25-34,Male,US,2024-07-16
SPOT-116866,35-44,Female,US,2025-09-28
SPOT-116867,18-24,Male,AU,2024-07-21
SPOT-116868,18-24,Male,ES,2024-04-25
SPOT-116869,25-34,Male,GB,2025-12-01
SPOT-116870,25-34,Female,GB,2026-01-15
SPOT-116871,45-54,Female,MX,2024-05-15
SPOT-116872,18-24,Male,DE,2025-12-16
SPOT-116873,45-54,Female,GB,2024-03-21
SPOT-116874,25-34,Male,US,2024-09-06
SPOT-116875,25-34,Female,AR,2025-08-20
SPOT-116876,18-24,Male,FR,2025-07-19
SPOT-116877,25-34,Male,US,2026-03-07
SPOT-116878,18-24,Male,US,2025-01-11
SPOT-116879,18-24,Female,US,2025-04-30
SPOT-116880,25-34,Female,DE,2024-02-29
SPOT-116881,35-44,Male,GB,2025-05-13
SPOT-116882,35-44,Male,US,2025-08-22
SPOT-116883,25-34,Female,DE,2024-02-27
SPOT-116884,25-34,Female,US,2025-08-10
SPOT-116885,25-34,Female,US,2024-01-31
SPOT-116886,55+,Female,MX,2026-04-23
SPOT-116887,25-34,Female,BR,2025-09-25
SPOT-116888,18-24,Male,AR,2026-01-15
SPOT-116889,18-24,Female,GB,2025-09-28
SPOT-116890,25-34,Male,US,2024-10-04
SPOT-116891,25-34,Female,GB,2025-05-17
SPOT-116892,18-24,Female,ES,2024-01-10
SPOT-116893,35-44,Female,US,2023-11-11
SPOT-116894,35-44,Female,GB,2024-06-14
SPOT-116895,25-34,Male,US,2026-02-24
SPOT-116896,18-24,Female,AU,2025-02-23
SPOT-116897,25-34,Female,AU,2026-01-22
SPOT-116898,45-54,Male,MX,2024-05-08
SPOT-116899,45-54,Male,US,2026-05-03
SPOT-116900,18-24,Female,ES,2024-05-31
SPOT-116901,18-24,Male,BR,2024-03-27
SPOT-116902,25-34,Male,ES,2025-03-15
SPOT-116903,25-34,Male,FR,2025-03-07
SPOT-116904,25-34,Female,GB,2024-10-06
SPOT-116905,55+,Female,CA,2024-12-18
SPOT-116906,25-34,Male,FR,2025-03-03
SPOT-116907,18-24,Female,BR,2025-10-01
SPOT-116908,45-54,Male,MX,2024-01-16
SPOT-116909,18-24,Male,DE,2025-09-06
SPOT-116910,55+,Female,MX,2025-01-15
SPOT-116911,25-34,Male,BR,2026-02-04
SPOT-116912,45-54,Male,GB,2026-04-20
SPOT-116913,18-24,Female,GB,2024-12-20
SPOT-116914,18-24,Male,MX,2025-11-06
SPOT-116915,25-34,Female,AU,2024-10-18
SPOT-116916,25-34,Female,US,2025-03-18
SPOT-116917,18-24,Male,DE,2024-04-29
SPOT-116918,55+,Male,AR,2024-02-16
SPOT-116919,35-44,Male,US,2025-08-30
SPOT-116920,25-34,Male,AU,2024-05-03
SPOT-116921,18-24,Male,MX,2024-07-09
SPOT-116922,35-44,Female,CA,2024-03-15
SPOT-116923,35-44,Female,AR,2025-09-10
SPOT-116924,25-34,Male,ES,2025-06-04
SPOT-116925,45-54,Female,US,2025-06-20
SPOT-116926,18-24,Male,DE,2024-09-28
SPOT-116927,18-24,Female,US,2024-03-12
SPOT-116928,18-24,Male,FR,2025-12-02
SPOT-116929,35-44,Male,MX,2024-12-17
SPOT-116930,25-34,Female,US,2025-08-10
SPOT-116931,18-24,Male,GB,2024-10-31
SPOT-116932,18-24,Female,US,2024-05-23
SPOT-116933,18-24,Male,ES,2024-05-15
SPOT-116934,18-24,Male,DE,2025-01-08
SPOT-116935,25-34,Female,US,2026-02-11
SPOT-116936,18-24,Female,BR,2024-08-26
SPOT-116937,18-24,Male,US,2026-05-09
SPOT-116938,45-54,Male,GB,2026-03-30
SPOT-116939,25-34,Female,US,2024-05-24
SPOT-116940,35-44,Female,CA,2025-09-22
SPOT-116941,18-24,Female,DE,2025-10-12
SPOT-116942,25-34,Female,BR,2023-11-15
SPOT-116943,25-34,Female,BR,2025-09-17
SPOT-116944,18-24,Male,MX,2026-02-15
SPOT-116945,18-24,Female,GB,2024-03-17
SPOT-116946,45-54,Female,US,2026-03-31
SPOT-116947,45-54,Female,US,2025-10-30
SPOT-116948,18-24,Male,US,2024-10-12
SPOT-116949,18-24,Female,BR,2026-03-05
SPOT-116950,55+,Female,US,2025-03-07
SPOT-116951,18-24,Female,DE,2024-12-04
SPOT-116952,25-34,Male,US,2025-10-01
SPOT-116953,55+,Female,MX,2025-03-24
SPOT-116954,55+,Female,FR,2024-06-15
SPOT-116955,25-34,Female,US,2024-04-02
SPOT-116956,18-24,Female,US,2025-01-09
SPOT-116957,18-24,Female,GB,2023-12-22
SPOT-116958,45-54,Male,GB,2024-07-25
SPOT-116959,45-54,Male,US,2024-01-20
SPOT-116960,25-34,Male,US,2025-12-04
SPOT-116961,35-44,Female,CA,2025-03-20
SPOT-116962,35-44,Male,ES,2026-05-17
SPOT-116963,25-34,Female,AU,2025-02-07
SPOT-116964,35-44,Female,DE,2025-10-10
SPOT-116965,25-34,Female,FR,2025-10-10
SPOT-116966,25-34,Female,AR,2024-08-17
SPOT-116967,18-24,Female,FR,2025-06-13
SPOT-116968,35-44,Female,US,2026-05-20
SPOT-116969,25-34,Male,MX,2024-07-02
SPOT-116970,18-24,Male,BR,2024-12-24
SPOT-116971,35-44,Male,BR,2025-06-10
SPOT-116972,25-34,Male,BR,2024-05-15
SPOT-116973,45-54,Female,AR,2024-07-26
SPOT-116974,18-24,Male,AU,2024-10-23
SPOT-116975,25-34,Female,AR,2025-05-26
SPOT-116976,18-24,Male,FR,2025-10-19
SPOT-116977,45-54,Non-binary,BR,2024-12-06
SPOT-116978,18-24,Male,MX,2025-01-05
SPOT-116979,25-34,Male,DE,2024-01-20
SPOT-116980,35-44,Male,GB,2025-04-27
SPOT-116981,25-34,Female,FR,2026-02-12
SPOT-116982,55+,Male,CA,2025-09-26
SPOT-116983,45-54,Female,MX,2026-01-10
SPOT-116984,18-24,Female,AR,2024-01-28
SPOT-116985,18-24,Male,GB,2025-06-22
SPOT-116986,18-24,Male,DE,2025-09-15
SPOT-116987,18-24,Female,AR,2026-01-10
SPOT-116988,45-54,Male,DE,2026-02-15
SPOT-116989,55+,Female,US,2025-07-02
SPOT-116990,18-24,Male,GB,2024-12-27
SPOT-116991,25-34,Female,DE,2024-12-30
SPOT-116992,25-34,Female,US,2025-03-09
SPOT-116993,18-24,Female,GB,2024-03-04
SPOT-116994,25-34,Male,CA,2025-07-22
SPOT-116995,18-24,Female,FR,2025-11-07
SPOT-116996,25-34,Female,DE,2024-12-31
SPOT-116997,25-34,Female,ES,2024-06-01
SPOT-116998,35-44,Female,US,2024-08-30
SPOT-116999,18-24,Female,ES,2024-01-02
SPOT-117000,35-44,Female,BR,2024-01-18
SPOT-117001,25-34,Female,ES,2026-05-03
SPOT-117002,45-54,Male,MX,2024-04-15
SPOT-117003,25-34,Male,US,2025-10-13
SPOT-117004,45-54,Non-binary,AR,2026-03-30
SPOT-117005,45-54,Male,BR,2026-04-03
SPOT-117006,25-34,Female,AR,2024-07-06
SPOT-117007,25-34,Female,US,2026-03-01
SPOT-117008,45-54,Male,MX,2024-10-05
SPOT-117009,35-44,Male,GB,2024-03-24
SPOT-117010,45-54,Male,FR,2026-01-14
SPOT-117011,35-44,Female,CA,2025-03-02
SPOT-117012,25-34,Male,US,2025-12-02
SPOT-117013,18-24,Male,ES,2024-05-14
SPOT-117014,18-24,Female,US,2025-08-08
SPOT-117015,55+,Male,FR,2024-09-23
SPOT-117016,18-24,Female,US,2026-02-03
SPOT-117017,18-24,Female,US,2025-01-22
SPOT-117018,35-44,Male,GB,2025-02-07
SPOT-117019,35-44,Male,ES,2024-09-27
SPOT-117020,18-24,Male,GB,2025-06-17
SPOT-117021,18-24,Male,BR,2025-10-23
SPOT-117022,25-34,Male,BR,2025-09-15
SPOT-117023,18-24,Female,DE,2025-07-19
SPOT-117024,35-44,Female,BR,2024-12-20
SPOT-117025,18-24,Female,US,2024-02-04
SPOT-117026,45-54,Male,FR,2026-01-22
SPOT-117027,35-44,Male,US,2024-04-06
SPOT-117028,25-34,Male,FR,2026-04-11
SPOT-117029,18-24,Male,BR,2024-08-12
SPOT-117030,25-34,Female,MX,2025-10-06
SPOT-117031,25-34,Male,GB,2024-11-14
SPOT-117032,18-24,Male,US,2026-05-06
SPOT-117033,35-44,Female,BR,2025-10-07
SPOT-117034,25-34,Female,GB,2026-03-18
SPOT-117035,35-44,Female,DE,2025-12-22
SPOT-117036,18-24,Male,DE,2023-12-02
SPOT-117037,18-24,Male,GB,2025-04-12
SPOT-117038,55+,Male,GB,2024-03-20
SPOT-117039,25-34,Male,AU,2025-10-18
SPOT-117040,25-34,Female,BR,2026-01-17
SPOT-117041,25-34,Female,AR,2024-12-12
SPOT-117042,18-24,Female,US,2026-06-02
SPOT-117043,35-44,Male,US,2026-01-01
SPOT-117044,18-24,Male,BR,2026-03-07
SPOT-117045,25-34,Female,AR,2024-08-02
SPOT-117046,25-34,Male,MX,2024-11-26
SPOT-117047,45-54,Female,MX,2026-03-19
SPOT-117048,25-34,Female,US,2025-10-10
SPOT-117049,18-24,Non-binary,AU,2025-09-25
SPOT-117050,25-34,Female,BR,2025-04-30
SPOT-117051,18-24,Male,US,2024-06-09
SPOT-117052,18-24,Female,DE,2024-06-02
SPOT-117053,18-24,Male,US,2026-03-02
SPOT-117054,25-34,Male,DE,2025-07-16
SPOT-117055,18-24,Male,ES,2024-12-23
SPOT-117056,25-34,Male,GB,2024-09-30
SPOT-117057,45-54,Male,GB,2024-04-16
SPOT-117058,35-44,Male,BR,2024-07-06
SPOT-117059,18-24,Female,BR,2025-12-31
SPOT-117060,18-24,Female,DE,2025-04-11
SPOT-117061,25-34,Female,BR,2024-12-30
SPOT-117062,45-54,Male,US,2024-07-05
SPOT-117063,18-24,Male,BR,2026-03-30
SPOT-117064,35-44,Male,AU,2025-09-20
SPOT-117065,25-34,Female,ES,2026-01-11
SPOT-117066,25-34,Female,GB,2025-11-19
SPOT-117067,55+,Male,MX,2025-03-09
SPOT-117068,35-44,Female,GB,2024-11-26
SPOT-117069,45-54,Female,US,2026-01-24
SPOT-117070,25-34,Male,ES,2025-04-26
SPOT-117071,25-34,Male,US,2023-12-01
SPOT-117072,25-34,Female,FR,2025-08-05
SPOT-117073,18-24,Female,DE,2025-06-07
SPOT-117074,25-34,Male,ES,2025-06-29
SPOT-117075,18-24,Male,GB,2025-09-27
SPOT-117076,18-24,Female,MX,2026-03-11
SPOT-117077,25-34,Male,US,2024-07-14
SPOT-117078,35-44,Female,US,2025-09-28
SPOT-117079,45-54,Male,AR,2025-11-29
SPOT-117080,25-34,Male,FR,2025-04-08
SPOT-117081,25-34,Male,FR,2024-02-20
SPOT-117082,18-24,Female,US,2024-04-01
SPOT-117083,45-54,Female,ES,2024-01-14
SPOT-117084,25-34,Female,AR,2025-02-18
SPOT-117085,35-44,Male,GB,2023-11-16
SPOT-117086,35-44,Female,BR,2024-01-31
SPOT-117087,18-24,Female,DE,2025-11-11
SPOT-117088,25-34,Male,DE,2024-05-14
SPOT-117089,55+,Non-binary,AR,2023-11-11
SPOT-117090,18-24,Female,DE,2026-01-14
SPOT-117091,25-34,Non-binary,GB,2024-07-15
SPOT-117092,55+,Female,US,2024-09-19
SPOT-117093,18-24,Female,MX,2023-12-21
SPOT-117094,45-54,Female,US,2025-02-09
SPOT-117095,45-54,Male,US,2026-02-06
SPOT-117096,35-44,Female,MX,2024-02-26
SPOT-117097,18-24,Male,MX,2025-06-12
SPOT-117098,18-24,Female,US,2024-08-18
SPOT-117099,18-24,Female,AU,2025-12-31
SPOT-117100,35-44,Female,AR,2025-10-26
SPOT-117101,35-44,Female,MX,2026-06-02
SPOT-117102,25-34,Male,ES,2026-01-16
SPOT-117103,25-34,Female,DE,2025-10-31
SPOT-117104,18-24,Male,DE,2025-04-10
SPOT-117105,35-44,Male,FR,2024-11-15
SPOT-117106,35-44,Female,US,2025-05-18
SPOT-117107,45-54,Female,AR,2024-08-24
SPOT-117108,35-44,Male,DE,2025-01-05
SPOT-117109,35-44,Male,DE,2025-04-25
SPOT-117110,35-44,Male,GB,2025-12-16
SPOT-117111,25-34,Female,MX,2024-01-10
SPOT-117112,25-34,Female,MX,2026-05-05
SPOT-117113,45-54,Male,US,2024-02-23
SPOT-117114,25-34,Female,BR,2023-12-18
SPOT-117115,25-34,Male,DE,2026-04-24
SPOT-117116,18-24,Female,AR,2023-11-09
SPOT-117117,18-24,Male,BR,2023-11-06
SPOT-117118,25-34,Non-binary,DE,2026-01-26
SPOT-117119,18-24,Male,BR,2025-03-25
SPOT-117120,18-24,Female,BR,2024-11-15
SPOT-117121,25-34,Female,CA,2025-07-14
SPOT-117122,18-24,Male,GB,2024-04-13
SPOT-117123,35-44,Male,US,2025-09-26
SPOT-117124,25-34,Male,MX,2024-08-04
SPOT-117125,25-34,Female,MX,2025-08-11
SPOT-117126,18-24,Male,CA,2024-09-22
SPOT-117127,18-24,Female,US,2025-10-17
SPOT-117128,25-34,Female,BR,2026-01-05
SPOT-117129,35-44,Male,US,2025-02-25
SPOT-117130,35-44,Male,DE,2024-02-24
SPOT-117131,18-24,Female,AR,2025-08-18
SPOT-117132,25-34,Male,FR,2024-07-10
SPOT-117133,18-24,Male,AR,2025-10-05
SPOT-117134,55+,Female,BR,2025-11-11
SPOT-117135,55+,Male,MX,2024-03-27
SPOT-117136,25-34,Male,BR,2025-11-19
SPOT-117137,25-34,Male,BR,2024-11-29
SPOT-117138,35-44,Non-binary,FR,2024-08-21
SPOT-117139,35-44,Male,US,2024-09-21
SPOT-117140,25-34,Non-binary,DE,2024-01-05
SPOT-117141,55+,Male,MX,2025-02-22
SPOT-117142,25-34,Male,ES,2025-02-26
SPOT-117143,25-34,Female,ES,2024-08-17
SPOT-117144,35-44,Male,US,2024-11-19
SPOT-117145,25-34,Male,US,2025-04-11
SPOT-117146,35-44,Male,CA,2025-10-31
SPOT-117147,18-24,Female,GB,2025-02-05
SPOT-117148,25-34,Male,US,2025-11-18
SPOT-117149,18-24,Female,US,2025-10-28
SPOT-117150,25-34,Female,AU,2026-01-16
SPOT-117151,25-34,Male,GB,2024-10-20
SPOT-117152,55+,Male,MX,2025-02-08
SPOT-117153,25-34,Female,ES,2024-03-15
SPOT-117154,35-44,Female,MX,2025-06-24
SPOT-117155,18-24,Female,DE,2025-08-15
SPOT-117156,35-44,Male,DE,2024-11-23
SPOT-117157,25-34,Male,AR,2025-07-02
SPOT-117158,25-34,Female,MX,2024-12-28
SPOT-117159,18-24,Female,US,2025-06-14
SPOT-117160,25-34,Female,US,2024-01-13
SPOT-117161,25-34,Male,GB,2025-05-21
SPOT-117162,25-34,Non-binary,GB,2025-05-01
SPOT-117163,45-54,Male,BR,2025-11-18
SPOT-117164,45-54,Male,GB,2024-12-20
SPOT-117165,55+,Female,AR,2023-12-27
SPOT-117166,25-34,Female,BR,2025-03-22
SPOT-117167,55+,Male,BR,2025-09-12
SPOT-117168,35-44,Female,DE,2025-06-17
SPOT-117169,18-24,Male,GB,2024-09-21
SPOT-117170,25-34,Male,ES,2024-11-08
SPOT-117171,18-24,Female,US,2025-06-30
SPOT-117172,18-24,Male,MX,2026-01-13
SPOT-117173,18-24,Male,BR,2025-10-17
SPOT-117174,18-24,Male,US,2026-01-15
SPOT-117175,35-44,Male,US,2025-09-17
SPOT-117176,25-34,Male,US,2023-12-04
SPOT-117177,18-24,Female,ES,2024-10-27
SPOT-117178,35-44,Female,DE,2024-06-12
SPOT-117179,35-44,Male,AR,2024-02-29
SPOT-117180,55+,Female,BR,2025-10-16
SPOT-117181,25-34,Female,US,2024-12-25
SPOT-117182,25-34,Female,AR,2024-11-19
SPOT-117183,18-24,Male,CA,2024-03-22
SPOT-117184,18-24,Male,US,2024-03-12
SPOT-117185,18-24,Female,US,2025-06-08
SPOT-117186,25-34,Male,ES,2024-08-24
SPOT-117187,55+,Male,AU,2024-02-03
SPOT-117188,18-24,Female,FR,2024-07-21
SPOT-117189,18-24,Male,US,2024-09-09
SPOT-117190,18-24,Non-binary,MX,2026-03-16
SPOT-117191,35-44,Female,MX,2024-05-06
SPOT-117192,25-34,Female,MX,2025-07-19
SPOT-117193,25-34,Female,BR,2025-03-05
SPOT-117194,18-24,Male,GB,2025-01-21
SPOT-117195,25-34,Female,MX,2025-05-14
SPOT-117196,18-24,Female,ES,2026-04-05
SPOT-117197,25-34,Male,BR,2026-03-18
SPOT-117198,18-24,Female,BR,2024-02-25
SPOT-117199,35-44,Female,US,2025-09-22
SPOT-117200,25-34,Female,BR,2024-04-07
SPOT-117201,35-44,Female,US,2026-04-07
SPOT-117202,25-34,Male,US,2026-04-01
SPOT-117203,25-34,Male,ES,2025-03-10
SPOT-117204,18-24,Male,MX,2025-04-23
SPOT-117205,25-34,Male,MX,2026-05-26
SPOT-117206,25-34,Male,CA,2024-11-25
SPOT-117207,25-34,Female,DE,2026-01-01
SPOT-117208,35-44,Female,DE,2024-03-31
SPOT-117209,35-44,Male,DE,2025-02-28
SPOT-117210,35-44,Female,DE,2024-04-23
SPOT-117211,18-24,Male,BR,2024-04-05
SPOT-117212,25-34,Female,ES,2025-03-07
SPOT-117213,18-24,Non-binary,US,2024-08-20
SPOT-117214,25-34,Female,DE,2026-05-07
SPOT-117215,25-34,Male,BR,2025-09-28
SPOT-117216,18-24,Male,US,2023-12-19
SPOT-117217,45-54,Female,ES,2025-12-14
SPOT-117218,25-34,Female,US,2025-12-03
SPOT-117219,25-34,Female,BR,2024-11-14
SPOT-117220,18-24,Male,US,2025-03-24
SPOT-117221,25-34,Male,US,2024-09-12
SPOT-117222,45-54,Male,GB,2025-07-08
SPOT-117223,25-34,Female,DE,2024-04-13
SPOT-117224,55+,Female,AR,2025-09-01
SPOT-117225,18-24,Male,DE,2024-01-22
SPOT-117226,25-34,Male,CA,2024-09-13
SPOT-117227,35-44,Female,AR,2026-03-01
SPOT-117228,25-34,Non-binary,US,2025-11-09
SPOT-117229,18-24,Male,US,2026-04-06
SPOT-117230,25-34,Male,US,2026-05-02
SPOT-117231,25-34,Female,GB,2024-01-11
SPOT-117232,35-44,Male,BR,2024-11-19
SPOT-117233,35-44,Female,US,2024-09-27
SPOT-117234,35-44,Male,BR,2024-01-16
SPOT-117235,25-34,Female,BR,2024-08-18
SPOT-117236,18-24,Female,MX,2026-04-18
SPOT-117237,25-34,Male,BR,2024-01-16
SPOT-117238,35-44,Female,AR,2024-10-07
SPOT-117239,55+,Female,MX,2025-11-26
SPOT-117240,18-24,Male,CA,2024-12-18
SPOT-117241,25-34,Male,ES,2024-08-07
SPOT-117242,18-24,Female,DE,2025-03-01
SPOT-117243,18-24,Female,US,2024-07-02
SPOT-117244,25-34,Male,US,2026-05-07
SPOT-117245,25-34,Male,US,2025-09-27
SPOT-117246,18-24,Female,US,2023-11-21
SPOT-117247,35-44,Male,US,2024-02-17
SPOT-117248,35-44,Female,ES,2024-05-09
SPOT-117249,55+,Female,DE,2024-05-13
SPOT-117250,18-24,Female,GB,2026-04-15
SPOT-117251,25-34,Female,US,2024-12-21
SPOT-117252,25-34,Female,BR,2026-01-23
SPOT-117253,18-24,Female,MX,2025-12-03
SPOT-117254,25-34,Male,FR,2026-01-18
SPOT-117255,35-44,Female,BR,2024-11-13
SPOT-117256,18-24,Female,US,2024-05-27
SPOT-117257,55+,Female,US,2025-04-03
SPOT-117258,35-44,Female,GB,2024-08-01
SPOT-117259,35-44,Female,US,2024-04-18
SPOT-117260,35-44,Male,ES,2025-07-17
SPOT-117261,25-34,Female,US,2026-05-29
SPOT-117262,35-44,Male,US,2025-05-28
SPOT-117263,25-34,Female,MX,2025-02-01
SPOT-117264,45-54,Male,US,2026-01-21
SPOT-117265,18-24,Male,AU,2026-04-30
SPOT-117266,18-24,Female,FR,2024-05-13
SPOT-117267,25-34,Female,ES,2026-06-02
SPOT-117268,18-24,Female,GB,2024-02-24
SPOT-117269,25-34,Male,US,2026-05-24
SPOT-117270,25-34,Female,GB,2024-03-19
SPOT-117271,45-54,Female,DE,2024-02-08
SPOT-117272,25-34,Male,US,2024-12-30
SPOT-117273,25-34,Female,US,2024-08-07
SPOT-117274,18-24,Female,MX,2026-03-02
SPOT-117275,25-34,Male,US,2025-03-26
SPOT-117276,25-34,Female,MX,2025-07-21
SPOT-117277,35-44,Female,BR,2024-12-01
SPOT-117278,18-24,Female,CA,2025-11-02
SPOT-117279,18-24,Male,AR,2026-05-03
SPOT-117280,25-34,Female,US,2026-02-13
SPOT-117281,25-34,Female,MX,2023-11-08
SPOT-117282,25-34,Male,MX,2026-01-02
SPOT-117283,35-44,Male,FR,2025-06-07
SPOT-117284,18-24,Female,MX,2025-06-27
SPOT-117285,25-34,Female,US,2025-01-18
SPOT-117286,25-34,Female,GB,2025-03-09
SPOT-117287,18-24,Female,MX,2025-02-08
SPOT-117288,35-44,Female,CA,2025-11-25
SPOT-117289,25-34,Female,FR,2024-08-26
SPOT-117290,25-34,Male,GB,2026-04-13
SPOT-117291,35-44,Male,AR,2025-04-30
SPOT-117292,18-24,Female,BR,2025-04-11
SPOT-117293,45-54,Female,DE,2025-03-12
SPOT-117294,25-34,Female,GB,2024-05-14
SPOT-117295,25-34,Female,MX,2026-03-19
SPOT-117296,45-54,Female,BR,2025-09-23
SPOT-117297,35-44,Male,DE,2024-06-11
SPOT-117298,25-34,Female,ES,2024-08-07
SPOT-117299,35-44,Male,DE,2023-11-12
SPOT-117300,25-34,Female,BR,2024-07-01
SPOT-117301,25-34,Female,DE,2024-11-02
SPOT-117302,18-24,Female,US,2025-06-27
SPOT-117303,18-24,Male,US,2024-12-15
SPOT-117304,35-44,Male,MX,2023-11-17
SPOT-117305,18-24,Male,AR,2026-05-07
SPOT-117306,18-24,Female,DE,2025-07-21
SPOT-117307,35-44,Male,GB,2026-02-03
SPOT-117308,18-24,Male,GB,2025-12-28
SPOT-117309,18-24,Non-binary,BR,2024-11-21
SPOT-117310,25-34,Female,DE,2025-08-13
SPOT-117311,25-34,Male,US,2024-02-05
SPOT-117312,35-44,Female,ES,2026-03-23
SPOT-117313,25-34,Female,US,2024-11-07
SPOT-117314,25-34,Female,MX,2024-12-17
SPOT-117315,35-44,Female,GB,2024-04-03
SPOT-117316,25-34,Male,BR,2025-07-24
SPOT-117317,25-34,Male,FR,2024-07-11
SPOT-117318,45-54,Male,US,2026-01-08
SPOT-117319,25-34,Male,ES,2026-04-20
SPOT-117320,25-34,Female,US,2026-03-23
SPOT-117321,18-24,Male,CA,2025-12-05
SPOT-117322,25-34,Female,US,2025-06-24
SPOT-117323,18-24,Female,AR,2024-12-29
SPOT-117324,25-34,Male,US,2025-02-11
SPOT-117325,35-44,Male,GB,2026-04-19
SPOT-117326,25-34,Male,MX,2023-11-14
SPOT-117327,18-24,Male,MX,2024-02-14
SPOT-117328,35-44,Female,MX,2025-11-19
SPOT-117329,18-24,Female,GB,2024-03-11
SPOT-117330,35-44,Female,MX,2024-10-11
SPOT-117331,25-34,Female,DE,2025-08-02
SPOT-117332,18-24,Male,BR,2026-01-24
SPOT-117333,45-54,Female,BR,2024-10-23
SPOT-117334,18-24,Female,US,2025-11-11
SPOT-117335,55+,Male,AR,2023-11-24
SPOT-117336,18-24,Female,FR,2024-02-03
SPOT-117337,18-24,Male,US,2025-06-24
SPOT-117338,18-24,Female,DE,2023-11-08
SPOT-117339,18-24,Female,DE,2024-11-08
SPOT-117340,35-44,Female,BR,2025-07-23
SPOT-117341,25-34,Female,US,2026-05-09
SPOT-117342,35-44,Female,ES,2025-04-29
SPOT-117343,18-24,Female,FR,2025-03-11
SPOT-117344,25-34,Female,US,2025-09-22
SPOT-117345,25-34,Male,FR,2023-12-23
SPOT-117346,25-34,Male,FR,2025-04-13
SPOT-117347,25-34,Female,BR,2025-03-28
SPOT-117348,25-34,Male,GB,2024-04-29
SPOT-117349,18-24,Male,US,2024-02-29
SPOT-117350,35-44,Male,BR,2023-11-26
SPOT-117351,35-44,Male,BR,2025-10-14
SPOT-117352,25-34,Male,MX,2025-01-20
SPOT-117353,18-24,Male,AR,2026-02-03
SPOT-117354,18-24,Male,CA,2024-07-29
SPOT-117355,25-34,Male,AR,2024-07-13
SPOT-117356,18-24,Male,CA,2024-06-06
SPOT-117357,18-24,Female,BR,2024-10-07
SPOT-117358,35-44,Female,US,2026-04-12
SPOT-117359,25-34,Female,US,2024-10-17
SPOT-117360,25-34,Female,GB,2026-02-27
SPOT-117361,18-24,Male,MX,2024-11-06
SPOT-117362,45-54,Female,GB,2025-05-26
SPOT-117363,18-24,Female,US,2025-12-01
SPOT-117364,35-44,Male,FR,2025-01-10
SPOT-117365,55+,Male,AU,2025-08-05
SPOT-117366,35-44,Female,US,2026-04-25
SPOT-117367,55+,Male,US,2024-11-29
SPOT-117368,25-34,Female,BR,2024-03-29
SPOT-117369,18-24,Female,GB,2024-07-26
SPOT-117370,18-24,Male,AR,2024-01-27
SPOT-117371,18-24,Male,MX,2025-10-27
SPOT-117372,18-24,Female,US,2025-01-27
SPOT-117373,25-34,Male,BR,2025-11-24
SPOT-117374,18-24,Female,GB,2025-09-27
SPOT-117375,35-44,Male,AU,2023-12-25
SPOT-117376,25-34,Non-binary,BR,2025-04-18
SPOT-117377,25-34,Male,CA,2024-11-23
SPOT-117378,55+,Female,US,2023-12-25
SPOT-117379,18-24,Male,US,2025-04-30
SPOT-117380,35-44,Male,DE,2024-01-05
SPOT-117381,35-44,Female,FR,2023-12-07
SPOT-117382,18-24,Male,BR,2026-03-09
SPOT-117383,25-34,Male,AR,2025-08-08
SPOT-117384,25-34,Male,GB,2024-03-03
SPOT-117385,35-44,Female,US,2024-08-09
SPOT-117386,25-34,Female,US,2024-11-05
SPOT-117387,25-34,Female,MX,2024-09-27
SPOT-117388,35-44,Male,FR,2024-06-21
SPOT-117389,18-24,Male,DE,2023-12-31
SPOT-117390,35-44,Male,US,2024-07-24
SPOT-117391,45-54,Female,MX,2025-05-23
SPOT-117392,45-54,Female,US,2026-04-02
SPOT-117393,35-44,Female,BR,2024-04-27
SPOT-117394,25-34,Female,US,2023-12-29
SPOT-117395,55+,Female,AR,2024-01-18
SPOT-117396,25-34,Male,AR,2024-07-09
SPOT-117397,25-34,Male,BR,2025-10-13
SPOT-117398,18-24,Male,US,2025-07-04
SPOT-117399,55+,Male,GB,2026-01-24
SPOT-117400,35-44,Female,US,2025-09-27
SPOT-117401,35-44,Female,BR,2026-05-31
SPOT-117402,18-24,Female,US,2023-12-01
SPOT-117403,35-44,Male,FR,2024-02-20
SPOT-117404,35-44,Female,FR,2025-08-06
SPOT-117405,25-34,Male,US,2025-05-01
SPOT-117406,18-24,Male,MX,2024-06-10
SPOT-117407,25-34,Non-binary,MX,2024-05-15
SPOT-117408,18-24,Male,DE,2024-04-19
SPOT-117409,25-34,Male,US,2026-05-31
SPOT-117410,18-24,Female,US,2023-12-19
SPOT-117411,18-24,Female,ES,2025-03-24
SPOT-117412,18-24,Male,US,2024-11-07
SPOT-117413,18-24,Female,MX,2025-04-22
SPOT-117414,18-24,Female,FR,2025-05-02
SPOT-117415,45-54,Male,BR,2024-11-07
SPOT-117416,25-34,Male,AU,2023-11-12
SPOT-117417,25-34,Female,MX,2025-01-11
SPOT-117418,25-34,Male,GB,2025-04-01
SPOT-117419,25-34,Male,FR,2026-05-24
SPOT-117420,45-54,Female,GB,2024-05-25
SPOT-117421,18-24,Female,AU,2023-11-19
SPOT-117422,18-24,Male,BR,2025-04-12
SPOT-117423,55+,Male,AU,2023-11-26
SPOT-117424,25-34,Female,US,2024-04-13
SPOT-117425,18-24,Male,US,2024-05-26
SPOT-117426,18-24,Female,US,2025-10-01
SPOT-117427,18-24,Female,US,2026-05-15
SPOT-117428,55+,Male,ES,2024-06-09
SPOT-117429,18-24,Non-binary,GB,2026-04-02
SPOT-117430,45-54,Female,MX,2024-06-26
SPOT-117431,55+,Male,MX,2024-10-16
SPOT-117432,25-34,Male,MX,2024-12-07
SPOT-117433,18-24,Male,AR,2025-04-26
SPOT-117434,18-24,Male,US,2026-04-22
SPOT-117435,25-34,Male,US,2025-10-27
SPOT-117436,25-34,Male,US,2025-09-09
SPOT-117437,25-34,Male,US,2025-10-07
SPOT-117438,25-34,Male,DE,2025-08-11
SPOT-117439,45-54,Male,AU,2024-02-11
SPOT-117440,25-34,Male,GB,2025-02-23
SPOT-117441,25-34,Male,DE,2024-01-19
SPOT-117442,45-54,Male,AR,2025-05-29
SPOT-117443,18-24,Female,CA,2024-06-20
SPOT-117444,18-24,Male,AU,2025-04-06
SPOT-117445,18-24,Female,AR,2025-01-29
SPOT-117446,18-24,Male,BR,2025-06-25
SPOT-117447,25-34,Female,US,2023-12-12
SPOT-117448,18-24,Male,BR,2024-02-09
SPOT-117449,25-34,Female,US,2024-07-29
SPOT-117450,55+,Male,US,2023-11-08
SPOT-117451,18-24,Female,CA,2024-05-01
SPOT-117452,25-34,Male,BR,2024-06-12
SPOT-117453,18-24,Male,BR,2024-07-15
SPOT-117454,18-24,Male,MX,2024-09-21
SPOT-117455,25-34,Female,DE,2026-02-21
SPOT-117456,45-54,Female,DE,2023-12-05
SPOT-117457,25-34,Male,CA,2025-08-20
SPOT-117458,18-24,Female,AR,2026-04-17
SPOT-117459,25-34,Female,US,2026-04-16
SPOT-117460,18-24,Female,GB,2025-05-12
SPOT-117461,18-24,Female,MX,2025-08-06
SPOT-117462,25-34,Male,BR,2025-12-07
SPOT-117463,18-24,Male,ES,2025-08-16
SPOT-117464,25-34,Female,ES,2026-04-28
SPOT-117465,25-34,Male,ES,2025-04-19
SPOT-117466,25-34,Female,FR,2024-06-03
SPOT-117467,18-24,Female,ES,2026-01-27
SPOT-117468,55+,Female,US,2024-11-16
SPOT-117469,25-34,Male,FR,2025-08-27
SPOT-117470,35-44,Male,GB,2025-09-14
SPOT-117471,18-24,Male,CA,2024-02-15
SPOT-117472,25-34,Non-binary,AR,2025-07-30
SPOT-117473,25-34,Male,US,2026-05-06
SPOT-117474,18-24,Male,ES,2026-04-19
SPOT-117475,18-24,Male,BR,2024-10-21
SPOT-117476,25-34,Male,AU,2024-11-29
SPOT-117477,45-54,Male,DE,2025-02-19
SPOT-117478,25-34,Male,US,2024-08-21
SPOT-117479,18-24,Male,GB,2024-06-17
SPOT-117480,25-34,Female,DE,2024-01-03
SPOT-117481,45-54,Female,BR,2025-09-27
SPOT-117482,35-44,Female,US,2024-07-13
SPOT-117483,18-24,Male,BR,2025-01-11
SPOT-117484,45-54,Female,BR,2025-12-23
SPOT-117485,18-24,Female,AR,2024-03-22
SPOT-117486,25-34,Female,GB,2024-09-13
SPOT-117487,25-34,Male,DE,2025-03-05
SPOT-117488,45-54,Female,DE,2025-10-01
SPOT-117489,45-54,Male,MX,2024-04-03
SPOT-117490,45-54,Male,AR,2026-01-25
SPOT-117491,18-24,Male,MX,2023-11-30
SPOT-117492,45-54,Female,DE,2024-07-31
SPOT-117493,18-24,Female,MX,2026-02-25
SPOT-117494,18-24,Male,GB,2024-07-09
SPOT-117495,25-34,Female,US,2026-02-09
SPOT-117496,25-34,Male,GB,2023-11-30
SPOT-117497,25-34,Male,DE,2025-07-04
SPOT-117498,25-34,Male,DE,2024-06-24
SPOT-117499,45-54,Female,ES,2025-10-30
SPOT-117500,18-24,Male,CA,2025-04-24
SPOT-117501,18-24,Male,DE,2024-02-10
SPOT-117502,45-54,Non-binary,US,2024-02-20
SPOT-117503,18-24,Female,US,2025-05-16
SPOT-117504,25-34,Male,US,2025-03-02
SPOT-117505,25-34,Female,CA,2026-01-13
SPOT-117506,25-34,Male,AU,2024-05-29
SPOT-117507,25-34,Female,US,2024-11-22
SPOT-117508,18-24,Male,GB,2023-11-26
SPOT-117509,45-54,Male,MX,2025-05-23
SPOT-117510,18-24,Male,US,2023-11-24
SPOT-117511,25-34,Male,BR,2026-05-01
SPOT-117512,18-24,Male,AR,2024-11-27
SPOT-117513,25-34,Female,FR,2024-06-05
SPOT-117514,25-34,Non-binary,ES,2025-01-06
SPOT-117515,45-54,Female,US,2025-09-11
SPOT-117516,35-44,Non-binary,GB,2025-11-28
SPOT-117517,25-34,Male,AU,2026-02-02
SPOT-117518,45-54,Female,US,2026-03-07
SPOT-117519,25-34,Male,DE,2023-11-07
SPOT-117520,25-34,Female,GB,2024-12-12
SPOT-117521,25-34,Female,US,2024-11-29
SPOT-117522,25-34,Male,GB,2024-03-03
SPOT-117523,35-44,Male,US,2025-05-26
SPOT-117524,18-24,Male,FR,2026-01-04
SPOT-117525,25-34,Male,US,2025-06-15
SPOT-117526,35-44,Non-binary,MX,2025-02-08
SPOT-117527,45-54,Female,CA,2024-05-27
SPOT-117528,45-54,Male,AU,2023-12-05
SPOT-117529,25-34,Male,MX,2025-02-18
SPOT-117530,25-34,Male,GB,2025-02-24
SPOT-117531,25-34,Non-binary,US,2025-06-13
SPOT-117532,25-34,Female,ES,2025-06-23
SPOT-117533,45-54,Female,AU,2024-09-30
SPOT-117534,45-54,Female,US,2024-12-13
SPOT-117535,45-54,Female,AR,2024-09-19
SPOT-117536,18-24,Male,US,2024-09-28
SPOT-117537,45-54,Female,GB,2025-05-30
SPOT-117538,45-54,Female,BR,2026-01-31
SPOT-117539,25-34,Male,GB,2025-03-23
SPOT-117540,25-34,Male,MX,2025-09-10
SPOT-117541,35-44,Female,DE,2024-06-13
SPOT-117542,25-34,Male,US,2025-04-27
SPOT-117543,55+,Female,BR,2026-02-14
SPOT-117544,25-34,Female,US,2024-03-07
SPOT-117545,35-44,Female,ES,2024-12-09
SPOT-117546,35-44,Female,BR,2023-12-03
SPOT-117547,25-34,Female,CA,2025-07-24
SPOT-117548,45-54,Male,US,2024-04-22
SPOT-117549,25-34,Male,ES,2026-03-27
SPOT-117550,25-34,Male,GB,2026-03-16
SPOT-117551,18-24,Female,DE,2024-04-27
SPOT-117552,25-34,Female,GB,2024-08-28
SPOT-117553,35-44,Male,GB,2026-05-21
SPOT-117554,45-54,Female,DE,2025-12-07
SPOT-117555,18-24,Female,US,2026-04-11
SPOT-117556,25-34,Non-binary,AR,2026-04-08
SPOT-117557,18-24,Male,FR,2024-02-16
SPOT-117558,25-34,Female,US,2025-07-13
SPOT-117559,55+,Female,ES,2026-04-09
SPOT-117560,25-34,Male,US,2024-03-24
SPOT-117561,25-34,Male,AR,2025-04-11
SPOT-117562,25-34,Male,MX,2024-10-30
SPOT-117563,18-24,Male,GB,2024-05-12
SPOT-117564,35-44,Male,MX,2024-11-10
SPOT-117565,25-34,Female,BR,2024-03-21
SPOT-117566,25-34,Female,MX,2024-04-13
SPOT-117567,45-54,Non-binary,BR,2024-01-25
SPOT-117568,35-44,Male,ES,2026-01-19
SPOT-117569,35-44,Female,US,2026-04-07
SPOT-117570,45-54,Female,GB,2024-08-23
SPOT-117571,55+,Female,BR,2024-03-31
SPOT-117572,25-34,Female,BR,2024-01-20
SPOT-117573,18-24,Female,US,2025-07-27
SPOT-117574,25-34,Male,US,2024-12-15
SPOT-117575,35-44,Female,US,2024-01-16
SPOT-117576,18-24,Female,DE,2024-07-07
SPOT-117577,18-24,Non-binary,GB,2025-12-31
SPOT-117578,18-24,Female,BR,2024-09-13
SPOT-117579,35-44,Female,DE,2024-10-24
SPOT-117580,25-34,Female,DE,2025-03-27
SPOT-117581,25-34,Female,AR,2024-10-22
SPOT-117582,18-24,Female,MX,2024-11-16
SPOT-117583,35-44,Female,MX,2025-03-10
SPOT-117584,18-24,Female,DE,2024-07-02
SPOT-117585,18-24,Male,ES,2025-09-04
SPOT-117586,25-34,Female,US,2024-01-24
SPOT-117587,25-34,Male,DE,2024-08-12
SPOT-117588,25-34,Female,US,2024-10-03
SPOT-117589,25-34,Male,US,2025-09-24
SPOT-117590,18-24,Male,US,2026-03-22
SPOT-117591,35-44,Male,DE,2024-08-28
SPOT-117592,18-24,Female,MX,2025-08-01
SPOT-117593,18-24,Female,GB,2024-03-15
SPOT-117594,35-44,Female,US,2024-09-18
SPOT-117595,35-44,Female,ES,2025-01-23
SPOT-117596,18-24,Non-binary,US,2024-08-22
SPOT-117597,18-24,Male,ES,2023-12-16
SPOT-117598,35-44,Female,US,2026-04-08
SPOT-117599,35-44,Female,GB,2025-11-12
SPOT-117600,18-24,Female,MX,2024-02-20
SPOT-117601,25-34,Male,FR,2025-10-26
SPOT-117602,18-24,Non-binary,ES,2024-07-01
SPOT-117603,25-34,Male,DE,2026-01-14
SPOT-117604,18-24,Male,ES,2024-11-28
SPOT-117605,25-34,Male,BR,2024-03-12
SPOT-117606,18-24,Male,AR,2024-05-04
SPOT-117607,25-34,Female,ES,2024-05-26
SPOT-117608,25-34,Female,AU,2024-12-02
SPOT-117609,25-34,Male,US,2025-03-26
SPOT-117610,18-24,Female,GB,2024-03-03
SPOT-117611,25-34,Female,US,2024-11-29
SPOT-117612,35-44,Female,MX,2025-05-09
SPOT-117613,25-34,Female,MX,2025-07-17
SPOT-117614,35-44,Female,US,2025-01-30
SPOT-117615,25-34,Female,DE,2024-12-26
SPOT-117616,25-34,Male,MX,2025-09-22
SPOT-117617,25-34,Male,MX,2025-01-06
SPOT-117618,55+,Male,US,2026-03-11
SPOT-117619,18-24,Female,CA,2025-12-21
SPOT-117620,18-24,Female,US,2024-07-25
SPOT-117621,25-34,Female,AU,2025-03-28
SPOT-117622,45-54,Male,GB,2024-04-23
SPOT-117623,55+,Female,GB,2025-01-10
SPOT-117624,25-34,Female,DE,2024-07-13
SPOT-117625,25-34,Non-binary,MX,2025-12-12
SPOT-117626,25-34,Male,US,2026-01-06
SPOT-117627,25-34,Male,GB,2024-05-14
SPOT-117628,25-34,Non-binary,AU,2024-07-17
SPOT-117629,45-54,Non-binary,FR,2025-07-10
SPOT-117630,35-44,Male,US,2026-01-15
SPOT-117631,25-34,Male,BR,2024-01-09
SPOT-117632,25-34,Female,US,2025-03-20
SPOT-117633,25-34,Female,BR,2023-12-19
SPOT-117634,25-34,Male,GB,2024-12-08
SPOT-117635,25-34,Female,GB,2026-04-04
SPOT-117636,18-24,Male,MX,2023-11-09
SPOT-117637,18-24,Female,GB,2025-12-05
SPOT-117638,25-34,Female,DE,2026-05-14
SPOT-117639,35-44,Male,CA,2026-02-13
SPOT-117640,18-24,Male,ES,2025-08-21
SPOT-117641,25-34,Male,DE,2025-08-06
SPOT-117642,18-24,Female,US,2025-11-11
SPOT-117643,18-24,Male,MX,2025-09-08
SPOT-117644,55+,Female,AR,2025-05-27
SPOT-117645,45-54,Female,FR,2024-03-18
SPOT-117646,18-24,Female,BR,2026-03-29
SPOT-117647,35-44,Female,BR,2025-10-31
SPOT-117648,18-24,Female,ES,2023-12-26
SPOT-117649,55+,Female,US,2024-07-15
SPOT-117650,18-24,Female,FR,2025-09-07
SPOT-117651,18-24,Female,US,2024-02-24
SPOT-117652,25-34,Male,MX,2024-12-20
SPOT-117653,35-44,Female,BR,2026-01-07
SPOT-117654,18-24,Male,GB,2025-12-30
SPOT-117655,35-44,Female,US,2023-12-09
SPOT-117656,18-24,Female,ES,2025-01-18
SPOT-117657,45-54,Male,US,2026-05-04
SPOT-117658,18-24,Male,US,2024-08-31
SPOT-117659,45-54,Male,BR,2025-02-27
SPOT-117660,25-34,Male,CA,2025-03-17
SPOT-117661,25-34,Female,US,2026-01-18
SPOT-117662,55+,Female,BR,2024-11-05
SPOT-117663,55+,Male,GB,2024-08-10
SPOT-117664,25-34,Male,MX,2026-01-06
SPOT-117665,18-24,Female,AU,2024-02-08
SPOT-117666,25-34,Male,GB,2024-08-18
SPOT-117667,25-34,Non-binary,AU,2024-02-06
SPOT-117668,25-34,Male,FR,2026-01-07
SPOT-117669,25-34,Female,MX,2024-03-18
SPOT-117670,18-24,Male,ES,2023-12-24
SPOT-117671,35-44,Male,FR,2024-10-06
SPOT-117672,35-44,Male,AR,2025-08-13
SPOT-117673,18-24,Female,GB,2025-03-03
SPOT-117674,25-34,Male,AR,2025-08-01
SPOT-117675,25-34,Female,GB,2025-05-09
SPOT-117676,25-34,Male,FR,2026-05-08
SPOT-117677,18-24,Male,GB,2024-07-14
SPOT-117678,25-34,Female,BR,2026-02-23
SPOT-117679,18-24,Male,MX,2024-12-18
SPOT-117680,25-34,Male,DE,2025-06-07
SPOT-117681,35-44,Male,AR,2024-08-07
SPOT-117682,35-44,Female,CA,2024-08-24
SPOT-117683,18-24,Female,US,2024-09-18
SPOT-117684,25-34,Female,US,2026-02-19
SPOT-117685,55+,Male,MX,2025-04-18
SPOT-117686,18-24,Male,MX,2024-09-01
SPOT-117687,45-54,Male,GB,2026-05-13
SPOT-117688,35-44,Male,AR,2025-11-12
SPOT-117689,35-44,Male,AR,2025-02-21
SPOT-117690,18-24,Male,GB,2023-12-07
SPOT-117691,18-24,Male,MX,2024-07-16
SPOT-117692,45-54,Male,MX,2023-12-15
SPOT-117693,25-34,Male,GB,2026-03-05
SPOT-117694,18-24,Male,AU,2026-03-24
SPOT-117695,25-34,Male,GB,2024-08-19
SPOT-117696,18-24,Female,MX,2024-05-12
SPOT-117697,35-44,Male,DE,2024-10-11
SPOT-117698,25-34,Male,US,2025-05-31
SPOT-117699,45-54,Male,US,2026-01-02
SPOT-117700,35-44,Female,US,2024-05-26
SPOT-117701,18-24,Female,AR,2026-04-25
SPOT-117702,25-34,Male,DE,2024-06-25
SPOT-117703,35-44,Female,BR,2026-03-11
SPOT-117704,25-34,Female,CA,2025-11-10
SPOT-117705,55+,Female,US,2024-11-11
SPOT-117706,35-44,Female,FR,2024-03-02
SPOT-117707,18-24,Female,DE,2025-07-22
SPOT-117708,45-54,Male,GB,2024-03-04
SPOT-117709,18-24,Male,MX,2024-01-16
SPOT-117710,18-24,Female,FR,2026-01-03
SPOT-117711,35-44,Female,GB,2024-07-19
SPOT-117712,45-54,Female,ES,2026-03-18
SPOT-117713,25-34,Male,US,2024-01-05
SPOT-117714,18-24,Male,MX,2025-04-07
SPOT-117715,25-34,Female,MX,2025-07-24
SPOT-117716,18-24,Male,BR,2023-12-29
SPOT-117717,18-24,Female,CA,2024-01-08
SPOT-117718,18-24,Female,CA,2023-12-06
SPOT-117719,25-34,Male,GB,2025-12-21
SPOT-117720,45-54,Female,DE,2024-11-12
SPOT-117721,18-24,Female,AR,2025-12-16
SPOT-117722,18-24,Male,AR,2025-05-10
SPOT-117723,35-44,Female,DE,2024-10-24
SPOT-117724,35-44,Female,GB,2025-01-07
SPOT-117725,45-54,Male,AR,2026-01-10
SPOT-117726,18-24,Male,DE,2025-07-06
SPOT-117727,18-24,Male,DE,2024-04-09
SPOT-117728,25-34,Female,US,2025-12-26
SPOT-117729,25-34,Male,BR,2025-11-15
SPOT-117730,25-34,Male,GB,2023-12-08
SPOT-117731,25-34,Male,BR,2023-12-12
SPOT-117732,18-24,Male,DE,2025-09-07
SPOT-117733,25-34,Male,ES,2023-12-29
SPOT-117734,25-34,Male,GB,2026-01-03
SPOT-117735,25-34,Female,US,2025-09-15
SPOT-117736,25-34,Female,ES,2025-09-17
SPOT-117737,25-34,Female,DE,2024-09-02
SPOT-117738,18-24,Female,BR,2025-03-07
SPOT-117739,18-24,Male,CA,2024-03-15
SPOT-117740,25-34,Female,BR,2025-08-09
SPOT-117741,18-24,Male,US,2025-08-26
SPOT-117742,25-34,Male,DE,2024-10-03
SPOT-117743,35-44,Male,BR,2024-10-19
SPOT-117744,25-34,Male,ES,2026-03-20
SPOT-117745,18-24,Male,US,2024-08-08
SPOT-117746,55+,Male,GB,2024-09-24
SPOT-117747,18-24,Female,US,2024-10-11
SPOT-117748,18-24,Female,ES,2026-01-28
SPOT-117749,25-34,Male,ES,2025-03-22
SPOT-117750,35-44,Non-binary,DE,2025-04-06
SPOT-117751,18-24,Female,BR,2025-07-22
SPOT-117752,25-34,Female,ES,2025-05-18
SPOT-117753,25-34,Female,GB,2026-04-18
SPOT-117754,18-24,Male,MX,2025-03-15
SPOT-117755,18-24,Non-binary,AU,2025-03-30
SPOT-117756,35-44,Female,MX,2023-11-28
SPOT-117757,25-34,Male,US,2025-06-30
SPOT-117758,18-24,Male,GB,2025-02-23
SPOT-117759,18-24,Male,BR,2024-11-03
SPOT-117760,25-34,Female,US,2024-08-20
SPOT-117761,35-44,Male,MX,2026-03-08
SPOT-117762,18-24,Female,MX,2024-04-18
SPOT-117763,25-34,Female,FR,2025-06-15
SPOT-117764,18-24,Male,BR,2025-09-08
SPOT-117765,18-24,Female,MX,2024-10-18
SPOT-117766,18-24,Female,US,2025-10-24
SPOT-117767,35-44,Male,US,2025-06-09
SPOT-117768,25-34,Male,US,2025-10-11
SPOT-117769,35-44,Female,US,2026-03-18
SPOT-117770,35-44,Female,DE,2025-03-16
SPOT-117771,35-44,Female,DE,2025-04-24
SPOT-117772,18-24,Male,MX,2026-01-29
SPOT-117773,18-24,Male,US,2024-04-17
SPOT-117774,55+,Non-binary,US,2025-01-08
SPOT-117775,35-44,Female,AR,2024-09-10
SPOT-117776,35-44,Male,BR,2024-03-29
SPOT-117777,18-24,Female,US,2025-11-05
SPOT-117778,25-34,Female,AR,2025-01-21
SPOT-117779,35-44,Male,MX,2025-01-10
SPOT-117780,18-24,Female,US,2025-12-15
SPOT-117781,25-34,Male,GB,2024-03-24
SPOT-117782,25-34,Female,BR,2025-08-05
SPOT-117783,18-24,Male,BR,2024-02-22
SPOT-117784,18-24,Male,AR,2025-04-22
SPOT-117785,18-24,Female,GB,2025-03-23
SPOT-117786,18-24,Female,BR,2024-11-03
SPOT-117787,25-34,Female,BR,2024-03-02
SPOT-117788,18-24,Male,BR,2025-04-06
SPOT-117789,18-24,Female,US,2025-11-23
SPOT-117790,45-54,Male,DE,2024-09-07
SPOT-117791,25-34,Female,GB,2024-06-10
SPOT-117792,25-34,Female,AU,2025-04-26
SPOT-117793,35-44,Male,DE,2026-05-30
SPOT-117794,45-54,Male,DE,2026-05-27
SPOT-117795,18-24,Non-binary,BR,2025-04-16
SPOT-117796,25-34,Non-binary,CA,2024-09-17
SPOT-117797,25-34,Female,MX,2025-02-01
SPOT-117798,18-24,Male,DE,2024-02-11
SPOT-117799,35-44,Female,CA,2024-10-06
SPOT-117800,55+,Male,CA,2025-09-23
SPOT-117801,45-54,Male,GB,2024-04-18
SPOT-117802,18-24,Male,DE,2025-08-06
SPOT-117803,18-24,Male,AU,2025-03-03
SPOT-117804,55+,Male,BR,2025-09-15
SPOT-117805,25-34,Male,DE,2024-11-05
SPOT-117806,18-24,Female,US,2025-07-08
SPOT-117807,35-44,Female,DE,2025-12-14
SPOT-117808,18-24,Female,MX,2024-10-11
SPOT-117809,18-24,Male,US,2026-01-09
SPOT-117810,45-54,Male,US,2025-10-07
SPOT-117811,18-24,Female,US,2024-02-11
SPOT-117812,18-24,Male,US,2024-12-04
SPOT-117813,18-24,Male,US,2024-01-29
SPOT-117814,25-34,Female,FR,2024-04-18
SPOT-117815,18-24,Male,US,2025-09-27
SPOT-117816,25-34,Female,MX,2025-04-01
SPOT-117817,25-34,Female,US,2025-02-01
SPOT-117818,35-44,Male,BR,2025-04-21
SPOT-117819,18-24,Male,DE,2026-01-24
SPOT-117820,35-44,Female,DE,2023-12-12
SPOT-117821,18-24,Female,FR,2024-03-26
SPOT-117822,25-34,Female,US,2026-02-12
SPOT-117823,25-34,Female,BR,2025-08-07
SPOT-117824,18-24,Male,AR,2023-11-15
SPOT-117825,35-44,Male,ES,2024-11-10
SPOT-117826,18-24,Female,AU,2024-04-26
SPOT-117827,18-24,Male,US,2026-05-30
SPOT-117828,25-34,Female,FR,2024-06-17
SPOT-117829,25-34,Female,MX,2026-02-04
SPOT-117830,18-24,Female,US,2025-06-09
SPOT-117831,18-24,Male,DE,2026-03-15
SPOT-117832,18-24,Female,ES,2026-05-12
SPOT-117833,25-34,Male,US,2025-11-06
SPOT-117834,25-34,Female,MX,2025-01-20
SPOT-117835,18-24,Female,US,2025-11-29
SPOT-117836,18-24,Female,AR,2024-04-11
SPOT-117837,25-34,Male,BR,2024-08-12
SPOT-117838,35-44,Female,US,2025-08-20
SPOT-117839,35-44,Female,US,2025-10-04
SPOT-117840,45-54,Male,FR,2025-07-13
SPOT-117841,18-24,Female,US,2024-05-30
SPOT-117842,55+,Female,GB,2025-12-03
SPOT-117843,18-24,Female,BR,2024-07-04
SPOT-117844,55+,Male,US,2024-05-06
SPOT-117845,18-24,Female,US,2025-09-22
SPOT-117846,25-34,Female,ES,2025-10-27
SPOT-117847,25-34,Female,GB,2025-03-30
SPOT-117848,25-34,Female,US,2025-05-01
SPOT-117849,35-44,Male,ES,2024-01-07
SPOT-117850,35-44,Male,AU,2026-01-22
SPOT-117851,55+,Male,AR,2025-01-29
SPOT-117852,25-34,Male,BR,2025-11-19
SPOT-117853,25-34,Female,DE,2024-11-01
SPOT-117854,18-24,Male,CA,2025-09-13
SPOT-117855,55+,Female,ES,2024-01-01
SPOT-117856,25-34,Female,BR,2025-08-12
SPOT-117857,35-44,Male,FR,2024-05-25
SPOT-117858,25-34,Male,MX,2024-02-09
SPOT-117859,25-34,Female,AU,2025-08-15
SPOT-117860,45-54,Male,FR,2026-04-13
SPOT-117861,18-24,Male,BR,2025-08-15
SPOT-117862,18-24,Female,CA,2026-02-12
SPOT-117863,18-24,Female,GB,2024-06-01
SPOT-117864,35-44,Female,ES,2025-01-19
SPOT-117865,18-24,Female,US,2025-08-19
SPOT-117866,18-24,Female,FR,2024-05-16
SPOT-117867,18-24,Male,US,2025-11-09
SPOT-117868,25-34,Non-binary,CA,2025-04-09
SPOT-117869,25-34,Male,US,2024-07-28
SPOT-117870,18-24,Female,MX,2024-09-06
SPOT-117871,55+,Female,US,2025-06-10
SPOT-117872,55+,Female,ES,2026-01-26
SPOT-117873,18-24,Non-binary,BR,2025-08-04
SPOT-117874,35-44,Male,CA,2025-07-22
SPOT-117875,25-34,Male,ES,2025-01-07
SPOT-117876,18-24,Male,ES,2025-05-09
SPOT-117877,18-24,Male,US,2023-12-08
SPOT-117878,25-34,Female,US,2023-11-11
SPOT-117879,25-34,Male,FR,2026-02-07
SPOT-117880,18-24,Female,US,2025-11-25
SPOT-117881,35-44,Female,FR,2025-06-05
SPOT-117882,25-34,Male,US,2025-01-14
SPOT-117883,25-34,Male,GB,2025-12-08
SPOT-117884,18-24,Male,CA,2026-05-22
SPOT-117885,25-34,Female,AR,2024-10-27
SPOT-117886,18-24,Female,US,2024-09-20
SPOT-117887,25-34,Male,DE,2024-02-04
SPOT-117888,35-44,Male,CA,2025-05-28
SPOT-117889,35-44,Male,US,2024-08-14
SPOT-117890,25-34,Male,US,2024-02-12
SPOT-117891,25-34,Female,MX,2025-11-17
SPOT-117892,45-54,Female,US,2024-04-21
SPOT-117893,25-34,Female,DE,2026-02-14
SPOT-117894,18-24,Female,BR,2026-03-08
SPOT-117895,25-34,Male,FR,2026-03-06
SPOT-117896,18-24,Male,AU,2024-04-19
SPOT-117897,45-54,Female,BR,2024-03-14
SPOT-117898,25-34,Male,BR,2023-12-27
SPOT-117899,25-34,Male,ES,2025-08-06
SPOT-117900,18-24,Female,US,2024-06-24
SPOT-117901,25-34,Male,CA,2024-03-26
SPOT-117902,45-54,Male,US,2025-05-17
SPOT-117903,18-24,Female,US,2024-08-13
SPOT-117904,25-34,Male,MX,2024-09-14
SPOT-117905,45-54,Male,GB,2025-02-04
SPOT-117906,25-34,Male,DE,2024-11-24
SPOT-117907,25-34,Female,US,2026-02-09
SPOT-117908,25-34,Male,DE,2025-08-16
SPOT-117909,25-34,Female,AR,2024-07-20
SPOT-117910,18-24,Female,MX,2025-09-27
SPOT-117911,18-24,Male,US,2026-01-26
SPOT-117912,25-34,Female,US,2024-10-26
SPOT-117913,45-54,Female,BR,2023-12-24
SPOT-117914,18-24,Male,ES,2024-06-05
SPOT-117915,18-24,Female,MX,2026-01-08
SPOT-117916,25-34,Female,FR,2024-02-25
SPOT-117917,35-44,Male,US,2024-07-19
SPOT-117918,18-24,Male,MX,2024-02-13
SPOT-117919,45-54,Male,ES,2025-12-04
SPOT-117920,18-24,Male,CA,2024-03-01
SPOT-117921,45-54,Male,US,2026-02-21
SPOT-117922,25-34,Female,US,2024-03-23
SPOT-117923,25-34,Male,GB,2024-07-30
SPOT-117924,25-34,Male,BR,2024-04-22
SPOT-117925,35-44,Male,DE,2024-06-09
SPOT-117926,18-24,Female,FR,2025-04-22
SPOT-117927,18-24,Male,AU,2025-08-01
SPOT-117928,25-34,Male,US,2023-11-14
SPOT-117929,45-54,Male,MX,2024-06-03
SPOT-117930,35-44,Female,US,2024-07-20
SPOT-117931,25-34,Male,FR,2025-08-12
SPOT-117932,25-34,Male,US,2023-11-07
SPOT-117933,18-24,Male,AU,2026-05-02
SPOT-117934,35-44,Male,DE,2025-10-06
SPOT-117935,35-44,Female,DE,2026-02-08
SPOT-117936,25-34,Male,BR,2024-01-25
SPOT-117937,25-34,Male,DE,2026-03-07
SPOT-117938,55+,Female,US,2024-12-25
SPOT-117939,45-54,Male,MX,2025-06-15
SPOT-117940,25-34,Female,ES,2026-05-22
SPOT-117941,25-34,Male,CA,2025-04-12
SPOT-117942,25-34,Non-binary,DE,2024-09-04
SPOT-117943,25-34,Female,ES,2026-01-12
SPOT-117944,25-34,Female,AR,2026-05-21
SPOT-117945,18-24,Female,AR,2024-07-15
SPOT-117946,25-34,Male,US,2026-04-03
SPOT-117947,25-34,Female,GB,2025-07-19
SPOT-117948,25-34,Male,US,2024-07-26
SPOT-117949,18-24,Female,BR,2025-06-21
SPOT-117950,35-44,Male,FR,2024-08-28
SPOT-117951,25-34,Male,AR,2024-06-25
SPOT-117952,18-24,Female,AR,2025-10-14
SPOT-117953,25-34,Male,GB,2025-11-30
SPOT-117954,45-54,Female,US,2025-06-01
SPOT-117955,35-44,Female,US,2024-02-24
SPOT-117956,18-24,Male,MX,2025-09-04
SPOT-117957,45-54,Male,US,2026-04-25
SPOT-117958,18-24,Male,US,2024-02-23
SPOT-117959,55+,Female,GB,2024-01-13
SPOT-117960,18-24,Female,US,2024-10-17
SPOT-117961,18-24,Female,GB,2024-04-10
SPOT-117962,25-34,Female,AU,2024-07-16
SPOT-117963,25-34,Male,US,2025-02-09
SPOT-117964,25-34,Male,AR,2025-10-28
SPOT-117965,35-44,Male,AU,2026-05-11
SPOT-117966,35-44,Female,DE,2024-09-09
SPOT-117967,25-34,Male,CA,2025-05-21
SPOT-117968,25-34,Female,GB,2025-05-23
SPOT-117969,18-24,Female,AU,2024-09-17
SPOT-117970,18-24,Male,FR,2026-02-11
SPOT-117971,25-34,Male,FR,2024-06-27
SPOT-117972,18-24,Male,US,2025-07-25
SPOT-117973,35-44,Female,FR,2025-12-19
SPOT-117974,25-34,Male,CA,2025-01-02
SPOT-117975,18-24,Male,AR,2024-03-10
SPOT-117976,25-34,Female,US,2023-12-06
SPOT-117977,18-24,Male,US,2025-11-07
SPOT-117978,25-34,Male,GB,2026-04-16
SPOT-117979,35-44,Female,ES,2024-11-27
SPOT-117980,25-34,Female,US,2025-12-06
SPOT-117981,18-24,Female,AU,2026-04-27
SPOT-117982,35-44,Male,BR,2026-01-05
SPOT-117983,18-24,Male,GB,2025-05-07
SPOT-117984,35-44,Female,BR,2025-11-09
SPOT-117985,25-34,Male,ES,2026-01-17
SPOT-117986,25-34,Female,GB,2025-05-03
SPOT-117987,45-54,Male,GB,2024-12-13
SPOT-117988,35-44,Male,DE,2024-04-05
SPOT-117989,18-24,Male,MX,2025-12-11
SPOT-117990,18-24,Female,ES,2025-10-20
SPOT-117991,45-54,Female,GB,2024-12-12
SPOT-117992,18-24,Male,GB,2025-09-22
SPOT-117993,25-34,Female,BR,2026-02-05
SPOT-117994,35-44,Male,BR,2024-02-18
SPOT-117995,25-34,Male,MX,2026-01-01
SPOT-117996,35-44,Male,MX,2025-04-05
SPOT-117997,35-44,Male,DE,2025-12-25
SPOT-117998,25-34,Male,GB,2026-04-02
SPOT-117999,35-44,Male,GB,2026-05-05
SPOT-118000,25-34,Male,MX,2026-02-25
SPOT-118001,25-34,Male,DE,2026-05-15
SPOT-118002,25-34,Male,US,2025-12-07
SPOT-118003,35-44,Female,US,2025-07-12
SPOT-118004,45-54,Female,US,2024-08-12
SPOT-118005,18-24,Female,FR,2024-10-02
SPOT-118006,18-24,Male,DE,2023-12-11
SPOT-118007,45-54,Male,MX,2025-06-26
SPOT-118008,25-34,Female,CA,2025-08-17
SPOT-118009,18-24,Female,US,2024-02-03
SPOT-118010,25-34,Female,DE,2024-09-09
SPOT-118011,55+,Female,BR,2024-05-19
SPOT-118012,35-44,Female,AR,2025-12-16
SPOT-118013,35-44,Female,AU,2025-08-14
SPOT-118014,18-24,Female,ES,2026-03-27
SPOT-118015,45-54,Female,MX,2024-06-24
SPOT-118016,25-34,Female,CA,2024-06-29
SPOT-118017,45-54,Male,AR,2025-07-06
SPOT-118018,18-24,Male,FR,2024-10-02
SPOT-118019,18-24,Male,US,2026-04-13
SPOT-118020,25-34,Male,BR,2026-04-05
SPOT-118021,18-24,Male,AR,2024-09-02
SPOT-118022,35-44,Male,US,2025-12-13
SPOT-118023,55+,Male,ES,2023-12-28
SPOT-118024,25-34,Female,US,2024-10-06
SPOT-118025,45-54,Male,BR,2025-02-10
SPOT-118026,25-34,Female,FR,2026-03-02
SPOT-118027,35-44,Male,DE,2024-07-18
SPOT-118028,35-44,Female,ES,2025-12-05
SPOT-118029,35-44,Female,BR,2024-12-21
SPOT-118030,25-34,Male,MX,2024-12-03
SPOT-118031,25-34,Female,BR,2026-05-21
SPOT-118032,35-44,Male,BR,2026-04-18
SPOT-118033,18-24,Female,AR,2023-11-14
SPOT-118034,35-44,Female,US,2026-05-30
SPOT-118035,55+,Male,BR,2024-02-25
SPOT-118036,25-34,Male,US,2025-11-22
SPOT-118037,35-44,Male,BR,2025-02-02
SPOT-118038,35-44,Female,AU,2026-04-21
SPOT-118039,25-34,Female,US,2024-03-30
SPOT-118040,25-34,Male,DE,2024-06-01
SPOT-118041,45-54,Female,AR,2026-03-06
SPOT-118042,25-34,Male,GB,2025-03-10
SPOT-118043,18-24,Male,BR,2024-04-03
SPOT-118044,35-44,Female,US,2025-07-31
SPOT-118045,25-34,Male,US,2025-06-26
SPOT-118046,35-44,Male,MX,2025-06-30
SPOT-118047,18-24,Female,AR,2025-12-01
SPOT-118048,18-24,Male,MX,2024-03-05
SPOT-118049,45-54,Male,AR,2026-04-10
SPOT-118050,18-24,Male,MX,2026-01-10
SPOT-118051,35-44,Female,AR,2025-10-22
SPOT-118052,35-44,Female,AU,2025-07-15
SPOT-118053,35-44,Male,US,2024-04-25
SPOT-118054,18-24,Female,BR,2024-10-01
SPOT-118055,25-34,Female,US,2025-01-26
SPOT-118056,45-54,Female,DE,2023-11-24
SPOT-118057,25-34,Female,BR,2024-01-13
SPOT-118058,25-34,Male,MX,2025-03-16
SPOT-118059,25-34,Male,DE,2025-01-25
SPOT-118060,18-24,Female,GB,2025-08-07
SPOT-118061,45-54,Male,US,2024-12-02
SPOT-118062,45-54,Male,US,2026-05-25
SPOT-118063,55+,Male,US,2026-01-19
SPOT-118064,25-34,Female,DE,2024-12-07
SPOT-118065,35-44,Male,DE,2023-11-17
SPOT-118066,18-24,Male,US,2025-07-28
SPOT-118067,25-34,Male,AR,2025-11-19
SPOT-118068,25-34,Female,MX,2025-07-12
SPOT-118069,45-54,Female,GB,2024-06-18
SPOT-118070,35-44,Male,AR,2024-09-25
SPOT-118071,45-54,Female,AU,2024-06-16
SPOT-118072,45-54,Female,US,2025-07-09
SPOT-118073,45-54,Female,GB,2024-11-17
SPOT-118074,18-24,Male,AU,2025-05-17
SPOT-118075,35-44,Female,US,2024-08-14
SPOT-118076,25-34,Female,US,2026-05-08
SPOT-118077,25-34,Male,BR,2025-02-17
SPOT-118078,18-24,Male,DE,2024-06-06
SPOT-118079,25-34,Male,US,2026-04-13
SPOT-118080,18-24,Female,GB,2025-11-25
SPOT-118081,25-34,Female,DE,2025-05-10
SPOT-118082,25-34,Male,AR,2026-01-16
SPOT-118083,45-54,Male,ES,2025-03-29
SPOT-118084,35-44,Female,CA,2026-04-24
SPOT-118085,25-34,Female,GB,2024-06-10
SPOT-118086,25-34,Female,GB,2024-02-14
SPOT-118087,18-24,Female,DE,2024-04-11
SPOT-118088,25-34,Male,US,2025-04-26
SPOT-118089,18-24,Male,US,2024-02-18
SPOT-118090,55+,Female,US,2024-01-18
SPOT-118091,25-34,Male,US,2025-12-20
SPOT-118092,18-24,Male,DE,2025-11-11
SPOT-118093,25-34,Male,CA,2024-03-26
SPOT-118094,25-34,Female,US,2024-02-06
SPOT-118095,25-34,Male,MX,2025-01-31
SPOT-118096,18-24,Male,FR,2025-06-27
SPOT-118097,55+,Female,US,2025-12-02
SPOT-118098,18-24,Female,CA,2024-09-04
SPOT-118099,18-24,Female,AR,2025-06-28
SPOT-118100,18-24,Female,US,2024-02-26
SPOT-118101,25-34,Male,CA,2026-02-01
SPOT-118102,18-24,Male,AR,2025-12-07
SPOT-118103,18-24,Female,US,2023-11-28
SPOT-118104,25-34,Female,AR,2025-08-07
SPOT-118105,25-34,Female,BR,2025-07-13
SPOT-118106,18-24,Male,AR,2024-08-24
SPOT-118107,18-24,Male,MX,2024-04-18
SPOT-118108,25-34,Female,DE,2024-12-05
SPOT-118109,18-24,Female,MX,2026-05-04
SPOT-118110,25-34,Non-binary,MX,2024-10-07
SPOT-118111,18-24,Female,ES,2025-01-31
SPOT-118112,18-24,Female,AR,2024-05-09
SPOT-118113,25-34,Female,MX,2024-06-11
SPOT-118114,18-24,Female,AU,2025-01-12
SPOT-118115,18-24,Male,ES,2026-02-01
SPOT-118116,25-34,Female,CA,2024-01-01
SPOT-118117,45-54,Female,GB,2025-05-05
SPOT-118118,35-44,Female,GB,2025-12-17
SPOT-118119,35-44,Female,GB,2025-09-07
SPOT-118120,45-54,Male,DE,2024-07-20
SPOT-118121,55+,Male,AU,2026-04-09
SPOT-118122,35-44,Male,US,2025-01-31
SPOT-118123,25-34,Male,BR,2025-03-25
SPOT-118124,25-34,Male,US,2026-03-08
SPOT-118125,18-24,Female,AR,2024-09-10
SPOT-118126,25-34,Male,US,2023-12-01
SPOT-118127,55+,Male,DE,2026-04-10
SPOT-118128,25-34,Non-binary,DE,2026-05-11
SPOT-118129,35-44,Male,US,2024-02-24
SPOT-118130,25-34,Female,DE,2025-04-04
SPOT-118131,25-34,Male,AR,2024-02-06
SPOT-118132,25-34,Female,US,2025-09-21
SPOT-118133,25-34,Male,AU,2023-12-08
SPOT-118134,25-34,Female,US,2024-05-24
SPOT-118135,35-44,Female,GB,2026-01-22
SPOT-118136,45-54,Female,ES,2026-05-22
SPOT-118137,45-54,Male,GB,2025-04-18
SPOT-118138,18-24,Male,BR,2026-05-20
SPOT-118139,45-54,Female,US,2026-05-18
SPOT-118140,18-24,Male,ES,2026-03-02
SPOT-118141,18-24,Male,US,2023-12-26
SPOT-118142,35-44,Male,AR,2025-05-03
SPOT-118143,18-24,Male,BR,2025-03-23
SPOT-118144,18-24,Male,BR,2025-09-05
SPOT-118145,25-34,Male,CA,2026-06-02
SPOT-118146,35-44,Male,ES,2024-03-29
SPOT-118147,18-24,Male,ES,2024-04-18
SPOT-118148,25-34,Male,FR,2025-06-16
SPOT-118149,25-34,Female,US,2023-12-28
SPOT-118150,35-44,Female,ES,2024-10-10
SPOT-118151,45-54,Male,US,2024-05-25
SPOT-118152,25-34,Female,GB,2026-03-19
SPOT-118153,18-24,Female,US,2024-07-03
SPOT-118154,18-24,Female,FR,2026-01-20
SPOT-118155,25-34,Non-binary,ES,2024-06-30
SPOT-118156,35-44,Male,US,2025-10-23
SPOT-118157,18-24,Female,GB,2026-02-01
SPOT-118158,18-24,Female,BR,2024-12-29
SPOT-118159,35-44,Male,BR,2025-07-30
SPOT-118160,25-34,Female,BR,2025-02-15
SPOT-118161,35-44,Female,BR,2024-03-03
SPOT-118162,35-44,Male,MX,2024-06-09
SPOT-118163,35-44,Male,FR,2026-03-16
SPOT-118164,25-34,Female,DE,2024-03-03
SPOT-118165,25-34,Female,FR,2026-01-26
SPOT-118166,55+,Female,US,2024-07-27
SPOT-118167,25-34,Female,US,2025-04-19
SPOT-118168,18-24,Male,US,2024-01-16
SPOT-118169,18-24,Male,US,2024-07-22
SPOT-118170,25-34,Female,AU,2024-12-27
SPOT-118171,45-54,Female,DE,2026-04-01
SPOT-118172,18-24,Female,MX,2025-04-18
SPOT-118173,18-24,Non-binary,MX,2026-04-25
SPOT-118174,45-54,Female,DE,2024-04-05
SPOT-118175,45-54,Male,US,2024-09-12
SPOT-118176,18-24,Male,DE,2023-12-14
SPOT-118177,25-34,Male,BR,2026-01-15
SPOT-118178,25-34,Male,AU,2024-03-11
SPOT-118179,18-24,Female,BR,2025-04-14
SPOT-118180,45-54,Male,AU,2024-10-24
SPOT-118181,18-24,Female,BR,2024-03-06
SPOT-118182,18-24,Female,US,2024-09-20
SPOT-118183,18-24,Female,DE,2024-08-24
SPOT-118184,18-24,Male,AR,2026-03-12
SPOT-118185,18-24,Male,DE,2025-02-08
SPOT-118186,18-24,Female,US,2025-10-28
SPOT-118187,35-44,Female,US,2024-05-14
SPOT-118188,18-24,Female,US,2025-12-14
SPOT-118189,45-54,Female,BR,2023-12-31
SPOT-118190,25-34,Male,AR,2024-12-04
SPOT-118191,25-34,Male,BR,2024-11-21
SPOT-118192,18-24,Female,ES,2025-09-04
SPOT-118193,18-24,Male,MX,2024-05-27
SPOT-118194,25-34,Female,BR,2025-12-22
SPOT-118195,25-34,Female,US,2024-04-16
SPOT-118196,35-44,Male,FR,2025-10-18
SPOT-118197,35-44,Male,GB,2025-06-25
SPOT-118198,25-34,Female,GB,2024-03-02
SPOT-118199,25-34,Female,GB,2026-01-29
SPOT-118200,45-54,Female,US,2025-08-03
SPOT-118201,25-34,Male,BR,2025-09-16
SPOT-118202,55+,Male,GB,2024-04-07
SPOT-118203,35-44,Non-binary,BR,2026-04-04
SPOT-118204,18-24,Male,DE,2025-02-21
SPOT-118205,18-24,Female,BR,2024-03-15
SPOT-118206,25-34,Male,GB,2025-01-29
SPOT-118207,35-44,Female,AR,2024-04-12
SPOT-118208,25-34,Male,BR,2026-05-01
SPOT-118209,35-44,Female,US,2025-03-28
SPOT-118210,18-24,Female,CA,2024-11-14
SPOT-118211,18-24,Male,US,2024-07-11
SPOT-118212,18-24,Male,ES,2025-04-08
SPOT-118213,25-34,Female,MX,2024-01-07
SPOT-118214,25-34,Male,US,2026-01-18
SPOT-118215,18-24,Non-binary,CA,2024-02-12
SPOT-118216,25-34,Male,GB,2025-12-26
SPOT-118217,18-24,Male,ES,2026-04-29
SPOT-118218,18-24,Female,GB,2025-03-21
SPOT-118219,35-44,Female,BR,2024-06-04
SPOT-118220,25-34,Male,AU,2026-01-01
SPOT-118221,25-34,Male,MX,2024-01-13
SPOT-118222,35-44,Male,GB,2025-06-01
SPOT-118223,45-54,Male,DE,2025-06-02
SPOT-118224,18-24,Male,MX,2025-01-04
SPOT-118225,25-34,Female,DE,2024-04-11
SPOT-118226,35-44,Male,CA,2024-01-21
SPOT-118227,35-44,Male,FR,2026-05-13
SPOT-118228,35-44,Female,US,2024-11-10
SPOT-118229,18-24,Male,AR,2024-07-24
SPOT-118230,18-24,Female,CA,2023-11-23
SPOT-118231,25-34,Female,GB,2024-04-12
SPOT-118232,35-44,Male,US,2025-08-15
SPOT-118233,18-24,Female,US,2026-04-18
SPOT-118234,18-24,Male,US,2025-10-13
SPOT-118235,35-44,Female,AU,2024-08-22
SPOT-118236,18-24,Female,DE,2024-08-08
SPOT-118237,18-24,Female,DE,2025-05-05
SPOT-118238,18-24,Male,GB,2026-02-28
SPOT-118239,18-24,Male,US,2024-01-14
SPOT-118240,25-34,Male,BR,2025-01-24
SPOT-118241,25-34,Female,ES,2024-11-10
SPOT-118242,18-24,Female,BR,2024-08-04
SPOT-118243,18-24,Male,US,2024-02-18
SPOT-118244,18-24,Male,AR,2024-05-10
SPOT-118245,25-34,Female,CA,2025-03-28
SPOT-118246,18-24,Male,DE,2024-12-19
SPOT-118247,25-34,Male,GB,2025-10-14
SPOT-118248,18-24,Male,US,2025-04-29
SPOT-118249,18-24,Male,GB,2025-10-22
SPOT-118250,18-24,Non-binary,MX,2026-03-25
SPOT-118251,18-24,Non-binary,ES,2025-03-25
SPOT-118252,25-34,Male,GB,2025-07-08
SPOT-118253,25-34,Female,GB,2025-03-17
SPOT-118254,35-44,Male,DE,2024-05-15
SPOT-118255,18-24,Female,US,2024-04-10
SPOT-118256,18-24,Male,CA,2024-04-24
SPOT-118257,18-24,Female,ES,2024-06-21
SPOT-118258,35-44,Male,DE,2024-09-24
SPOT-118259,18-24,Male,US,2024-07-24
SPOT-118260,25-34,Female,AR,2024-02-17
SPOT-118261,18-24,Male,BR,2025-10-24
SPOT-118262,18-24,Non-binary,AR,2026-05-26
SPOT-118263,45-54,Male,US,2026-03-02
SPOT-118264,25-34,Male,GB,2025-01-04
SPOT-118265,35-44,Female,MX,2024-02-09
SPOT-118266,25-34,Female,BR,2024-03-30
SPOT-118267,25-34,Male,GB,2025-03-25
SPOT-118268,18-24,Male,US,2025-02-28
SPOT-118269,25-34,Female,GB,2025-03-15
SPOT-118270,18-24,Male,ES,2024-03-06
SPOT-118271,25-34,Male,US,2024-03-17
SPOT-118272,25-34,Female,BR,2024-05-09
SPOT-118273,35-44,Female,DE,2024-04-20
SPOT-118274,25-34,Female,ES,2024-09-26
SPOT-118275,25-34,Female,US,2026-04-15
SPOT-118276,18-24,Male,GB,2026-01-11
SPOT-118277,18-24,Male,DE,2024-07-17
SPOT-118278,18-24,Male,US,2025-05-20
SPOT-118279,35-44,Male,DE,2024-10-27
SPOT-118280,55+,Male,DE,2026-02-19
SPOT-118281,18-24,Female,AU,2026-01-31
SPOT-118282,18-24,Female,BR,2024-03-05
SPOT-118283,25-34,Female,US,2024-07-31
SPOT-118284,45-54,Female,DE,2026-05-03
SPOT-118285,25-34,Male,FR,2025-12-19
SPOT-118286,18-24,Female,FR,2024-03-02
SPOT-118287,55+,Female,AU,2023-12-17
SPOT-118288,35-44,Female,FR,2025-03-28
SPOT-118289,18-24,Male,US,2024-05-25
SPOT-118290,45-54,Female,US,2025-05-02
SPOT-118291,25-34,Female,MX,2025-01-12
SPOT-118292,25-34,Male,ES,2026-01-26
SPOT-118293,25-34,Male,US,2024-07-05
SPOT-118294,35-44,Female,US,2025-10-07
SPOT-118295,25-34,Female,AU,2024-11-26
SPOT-118296,18-24,Female,CA,2025-12-16
SPOT-118297,55+,Male,US,2025-09-26
SPOT-118298,18-24,Male,US,2025-04-30
SPOT-118299,35-44,Male,FR,2025-04-19
SPOT-118300,25-34,Male,DE,2024-08-20
SPOT-118301,18-24,Female,AR,2024-04-30
SPOT-118302,18-24,Female,DE,2024-06-04
SPOT-118303,45-54,Female,ES,2024-06-01
SPOT-118304,25-34,Non-binary,DE,2024-08-13
SPOT-118305,25-34,Male,FR,2025-03-03
SPOT-118306,25-34,Male,GB,2026-02-24
SPOT-118307,35-44,Male,BR,2025-03-31
SPOT-118308,25-34,Female,BR,2025-08-15
SPOT-118309,18-24,Male,MX,2026-05-02
SPOT-118310,25-34,Female,GB,2025-11-20
SPOT-118311,45-54,Male,MX,2026-01-21
SPOT-118312,25-34,Male,US,2025-07-22
SPOT-118313,18-24,Male,FR,2024-05-08
SPOT-118314,45-54,Male,US,2026-03-13
SPOT-118315,35-44,Female,AR,2024-07-21
SPOT-118316,18-24,Female,MX,2025-05-23
SPOT-118317,55+,Male,GB,2025-07-31
SPOT-118318,25-34,Female,GB,2025-02-25
SPOT-118319,18-24,Female,AU,2025-10-29
SPOT-118320,18-24,Female,US,2023-12-02
SPOT-118321,25-34,Male,ES,2025-03-05
SPOT-118322,35-44,Female,US,2025-08-29
SPOT-118323,18-24,Male,CA,2025-10-30
SPOT-118324,18-24,Male,ES,2026-04-29
SPOT-118325,18-24,Male,CA,2024-12-16
SPOT-118326,25-34,Female,FR,2023-11-23
SPOT-118327,18-24,Female,BR,2025-05-13
SPOT-118328,18-24,Female,US,2024-02-25
SPOT-118329,25-34,Female,US,2024-06-18
SPOT-118330,35-44,Female,US,2025-09-26
SPOT-118331,25-34,Female,US,2024-09-04
SPOT-118332,25-34,Male,BR,2024-09-18
SPOT-118333,25-34,Female,FR,2025-04-19
SPOT-118334,25-34,Male,US,2025-05-08
SPOT-118335,55+,Female,US,2025-11-04
SPOT-118336,35-44,Female,BR,2024-09-28
SPOT-118337,18-24,Female,FR,2025-06-29
SPOT-118338,25-34,Male,GB,2024-06-19
SPOT-118339,25-34,Female,DE,2025-10-07
SPOT-118340,25-34,Male,DE,2024-02-21
SPOT-118341,25-34,Male,GB,2025-02-23
SPOT-118342,35-44,Female,MX,2025-07-08
SPOT-118343,35-44,Female,MX,2025-08-15
SPOT-118344,25-34,Male,AR,2024-08-11
SPOT-118345,45-54,Female,CA,2023-12-03
SPOT-118346,35-44,Female,CA,2024-07-21
SPOT-118347,35-44,Male,BR,2023-11-06
SPOT-118348,55+,Female,US,2023-11-07
SPOT-118349,18-24,Male,US,2024-06-26
SPOT-118350,18-24,Female,BR,2025-10-03
SPOT-118351,45-54,Male,CA,2025-08-01
SPOT-118352,35-44,Male,BR,2024-04-04
SPOT-118353,45-54,Female,CA,2024-01-23
SPOT-118354,18-24,Female,GB,2025-09-23
SPOT-118355,25-34,Female,US,2025-03-26
SPOT-118356,18-24,Male,AR,2026-04-28
SPOT-118357,25-34,Male,FR,2024-10-30
SPOT-118358,18-24,Female,DE,2025-09-17
SPOT-118359,18-24,Male,US,2025-11-22
SPOT-118360,18-24,Female,US,2024-10-18
SPOT-118361,25-34,Male,US,2025-01-22
SPOT-118362,25-34,Male,DE,2025-07-28
SPOT-118363,18-24,Female,US,2025-12-05
SPOT-118364,18-24,Female,DE,2026-05-12
SPOT-118365,18-24,Male,BR,2026-05-01
SPOT-118366,45-54,Female,DE,2025-04-24
SPOT-118367,18-24,Female,MX,2026-01-25
SPOT-118368,18-24,Female,MX,2026-01-22
SPOT-118369,35-44,Female,DE,2024-07-22
SPOT-118370,25-34,Female,GB,2026-01-20
SPOT-118371,35-44,Male,GB,2024-12-10
SPOT-118372,25-34,Female,US,2025-02-28
SPOT-118373,45-54,Female,GB,2024-01-08
SPOT-118374,18-24,Male,US,2025-02-17
SPOT-118375,55+,Male,GB,2025-10-11
SPOT-118376,35-44,Female,ES,2026-05-22
SPOT-118377,25-34,Male,AU,2026-02-17
SPOT-118378,25-34,Male,CA,2025-12-09
SPOT-118379,25-34,Male,AR,2025-11-29
SPOT-118380,18-24,Male,ES,2024-09-16
SPOT-118381,18-24,Female,CA,2024-03-12
SPOT-118382,55+,Male,ES,2025-08-18
SPOT-118383,25-34,Male,BR,2026-01-05
SPOT-118384,25-34,Male,MX,2023-12-29
SPOT-118385,35-44,Female,GB,2026-02-18
SPOT-118386,25-34,Female,US,2025-09-27
SPOT-118387,18-24,Male,GB,2025-07-24
SPOT-118388,35-44,Female,DE,2024-10-08
SPOT-118389,35-44,Male,ES,2026-04-14
SPOT-118390,18-24,Female,FR,2025-06-16
SPOT-118391,55+,Male,AU,2026-06-02
SPOT-118392,18-24,Female,GB,2024-12-06
SPOT-118393,25-34,Male,AU,2025-11-20
SPOT-118394,18-24,Female,AR,2026-02-26
SPOT-118395,25-34,Male,US,2025-05-14
SPOT-118396,25-34,Male,BR,2024-12-14
SPOT-118397,25-34,Female,GB,2026-01-07
SPOT-118398,35-44,Female,US,2023-12-02
SPOT-118399,18-24,Male,BR,2026-02-27
SPOT-118400,35-44,Male,BR,2025-04-01
SPOT-118401,25-34,Male,GB,2025-05-09
SPOT-118402,55+,Female,CA,2025-11-06
SPOT-118403,25-34,Female,MX,2026-05-22
SPOT-118404,18-24,Male,US,2024-07-29
SPOT-118405,18-24,Female,ES,2023-11-14
SPOT-118406,45-54,Male,BR,2026-02-20
SPOT-118407,35-44,Female,BR,2025-11-23
SPOT-118408,18-24,Female,AR,2026-03-29
SPOT-118409,25-34,Male,US,2025-04-25
SPOT-118410,25-34,Male,BR,2024-07-07
SPOT-118411,55+,Female,AR,2025-03-29
SPOT-118412,45-54,Female,MX,2024-11-29
SPOT-118413,55+,Female,US,2025-07-27
SPOT-118414,45-54,Male,AR,2026-04-07
SPOT-118415,45-54,Male,CA,2025-07-31
SPOT-118416,18-24,Female,ES,2024-11-04
SPOT-118417,35-44,Female,FR,2025-06-16
SPOT-118418,35-44,Female,GB,2023-12-17
SPOT-118419,55+,Male,GB,2026-03-05
SPOT-118420,25-34,Female,GB,2023-11-09
SPOT-118421,18-24,Female,ES,2025-11-11
SPOT-118422,25-34,Male,CA,2024-03-07
SPOT-118423,25-34,Male,FR,2024-08-29
SPOT-118424,18-24,Male,US,2023-11-22
SPOT-118425,25-34,Female,MX,2025-11-14
SPOT-118426,25-34,Female,AU,2025-02-14
SPOT-118427,25-34,Female,GB,2023-12-14
SPOT-118428,25-34,Female,MX,2025-09-15
SPOT-118429,18-24,Male,CA,2025-11-14
SPOT-118430,45-54,Female,FR,2025-01-25
SPOT-118431,35-44,Female,GB,2025-06-14
SPOT-118432,18-24,Female,US,2024-12-12
SPOT-118433,35-44,Male,MX,2025-07-25
SPOT-118434,35-44,Female,CA,2025-09-21
SPOT-118435,18-24,Female,BR,2024-03-03
SPOT-118436,25-34,Female,DE,2025-03-14
SPOT-118437,25-34,Female,FR,2026-02-24
SPOT-118438,25-34,Male,DE,2025-03-11
SPOT-118439,35-44,Female,MX,2026-03-27
SPOT-118440,25-34,Female,DE,2023-12-25
SPOT-118441,18-24,Male,DE,2024-01-13
SPOT-118442,55+,Female,US,2024-12-17
SPOT-118443,18-24,Male,US,2024-10-15
SPOT-118444,35-44,Male,FR,2024-08-28
SPOT-118445,18-24,Non-binary,US,2026-02-27
SPOT-118446,18-24,Male,US,2024-08-05
SPOT-118447,25-34,Female,BR,2025-06-23
SPOT-118448,18-24,Male,BR,2025-07-11
SPOT-118449,25-34,Male,BR,2025-03-31
SPOT-118450,18-24,Male,DE,2024-01-23
SPOT-118451,25-34,Female,US,2025-06-25
SPOT-118452,25-34,Male,US,2026-05-05
SPOT-118453,18-24,Non-binary,US,2026-02-02
SPOT-118454,45-54,Female,CA,2024-07-06
SPOT-118455,18-24,Female,BR,2026-01-05
SPOT-118456,18-24,Male,DE,2025-02-07
SPOT-118457,25-34,Male,DE,2024-10-17
SPOT-118458,25-34,Female,MX,2025-08-24
SPOT-118459,25-34,Male,DE,2024-06-15
SPOT-118460,18-24,Male,AR,2024-11-28
SPOT-118461,35-44,Male,GB,2025-04-14
SPOT-118462,25-34,Female,GB,2024-05-18
SPOT-118463,18-24,Male,CA,2025-09-12
SPOT-118464,25-34,Male,GB,2024-09-04
SPOT-118465,35-44,Female,MX,2025-12-22
SPOT-118466,25-34,Female,GB,2024-01-15
SPOT-118467,18-24,Male,BR,2025-07-07
SPOT-118468,25-34,Male,US,2024-05-08
SPOT-118469,18-24,Male,US,2026-02-16
SPOT-118470,25-34,Male,US,2026-02-07
SPOT-118471,35-44,Male,AR,2024-01-19
SPOT-118472,25-34,Male,AU,2024-10-12
SPOT-118473,25-34,Female,US,2024-06-24
SPOT-118474,45-54,Male,US,2025-04-15
SPOT-118475,25-34,Male,BR,2023-11-13
SPOT-118476,25-34,Female,BR,2024-08-16
SPOT-118477,18-24,Male,MX,2025-09-06
SPOT-118478,25-34,Male,ES,2025-03-05
SPOT-118479,25-34,Male,AR,2024-09-12
SPOT-118480,25-34,Female,US,2026-02-26
SPOT-118481,55+,Female,US,2024-04-26
SPOT-118482,45-54,Female,FR,2026-06-01
SPOT-118483,35-44,Female,DE,2025-12-11
SPOT-118484,25-34,Female,AU,2026-05-29
SPOT-118485,25-34,Female,BR,2024-11-23
SPOT-118486,18-24,Male,BR,2024-11-23
SPOT-118487,18-24,Male,MX,2024-05-21
SPOT-118488,35-44,Female,US,2024-02-26
SPOT-118489,25-34,Non-binary,GB,2024-08-17
SPOT-118490,45-54,Male,CA,2025-05-19
SPOT-118491,18-24,Male,US,2024-11-26
SPOT-118492,25-34,Female,US,2025-05-13
SPOT-118493,25-34,Male,BR,2025-02-16
SPOT-118494,25-34,Female,MX,2024-08-03
SPOT-118495,45-54,Male,US,2024-10-06
SPOT-118496,55+,Male,DE,2024-06-08
SPOT-118497,18-24,Male,DE,2026-01-01
SPOT-118498,18-24,Female,FR,2025-04-23
SPOT-118499,18-24,Male,AR,2025-06-29
SPOT-118500,25-34,Female,CA,2025-11-25
SPOT-118501,25-34,Male,AR,2023-12-24
SPOT-118502,35-44,Female,AR,2024-08-19
SPOT-118503,25-34,Male,FR,2025-11-25
SPOT-118504,25-34,Female,US,2023-11-12
SPOT-118505,35-44,Female,GB,2025-05-15
SPOT-118506,25-34,Male,MX,2025-11-30
SPOT-118507,25-34,Male,CA,2025-08-18
SPOT-118508,18-24,Female,MX,2025-09-21
SPOT-118509,25-34,Male,US,2024-12-05
SPOT-118510,25-34,Male,CA,2025-07-26
SPOT-118511,25-34,Male,ES,2025-05-03
SPOT-118512,45-54,Non-binary,ES,2024-01-07
SPOT-118513,45-54,Female,ES,2024-06-06
SPOT-118514,35-44,Male,MX,2025-09-25
SPOT-118515,25-34,Female,US,2023-11-21
SPOT-118516,35-44,Female,GB,2023-11-07
SPOT-118517,25-34,Male,AU,2026-04-04
SPOT-118518,18-24,Male,GB,2025-07-17
SPOT-118519,18-24,Male,ES,2026-01-02
SPOT-118520,18-24,Male,DE,2026-03-26
SPOT-118521,18-24,Female,CA,2025-03-19
SPOT-118522,25-34,Male,BR,2026-04-29
SPOT-118523,55+,Female,MX,2025-12-12
SPOT-118524,18-24,Male,US,2025-03-07
SPOT-118525,45-54,Female,US,2024-08-19
SPOT-118526,18-24,Female,ES,2025-12-25
SPOT-118527,18-24,Female,US,2024-07-08
SPOT-118528,25-34,Female,ES,2024-01-11
SPOT-118529,25-34,Male,BR,2024-12-11
SPOT-118530,18-24,Female,AR,2024-10-11
SPOT-118531,18-24,Female,US,2025-01-04
SPOT-118532,25-34,Male,BR,2024-08-31
SPOT-118533,18-24,Male,MX,2025-07-19
SPOT-118534,35-44,Male,US,2025-05-19
SPOT-118535,25-34,Female,ES,2026-03-02
SPOT-118536,18-24,Female,DE,2024-07-18
SPOT-118537,45-54,Female,US,2026-03-09
SPOT-118538,18-24,Male,DE,2024-06-24
SPOT-118539,35-44,Female,US,2024-11-25
SPOT-118540,35-44,Male,FR,2026-01-31
SPOT-118541,55+,Female,DE,2026-05-22
SPOT-118542,25-34,Female,US,2024-06-18
SPOT-118543,25-34,Male,GB,2026-01-11
SPOT-118544,18-24,Female,ES,2026-01-29
SPOT-118545,25-34,Male,AR,2025-08-13
SPOT-118546,25-34,Male,US,2025-07-20
SPOT-118547,25-34,Female,US,2025-08-16
SPOT-118548,45-54,Male,CA,2025-10-06
SPOT-118549,18-24,Male,GB,2026-02-14
SPOT-118550,45-54,Male,US,2025-09-04
SPOT-118551,45-54,Male,US,2024-06-29
SPOT-118552,25-34,Male,BR,2024-08-17
SPOT-118553,25-34,Female,ES,2025-10-22
SPOT-118554,25-34,Male,BR,2026-03-31
SPOT-118555,55+,Female,US,2025-09-25
SPOT-118556,18-24,Female,BR,2024-10-19
SPOT-118557,25-34,Male,GB,2024-01-20
SPOT-118558,25-34,Female,MX,2024-07-23
SPOT-118559,45-54,Male,BR,2025-07-25
SPOT-118560,35-44,Male,AU,2025-04-25
SPOT-118561,25-34,Male,BR,2024-07-26
SPOT-118562,18-24,Male,MX,2025-10-15
SPOT-118563,25-34,Non-binary,BR,2023-12-23
SPOT-118564,18-24,Male,GB,2024-12-06
SPOT-118565,45-54,Female,MX,2024-10-25
SPOT-118566,35-44,Female,GB,2025-04-29
SPOT-118567,35-44,Male,ES,2023-12-15
SPOT-118568,25-34,Female,US,2023-12-20
SPOT-118569,25-34,Non-binary,GB,2024-04-06
SPOT-118570,18-24,Female,BR,2026-04-08
SPOT-118571,18-24,Female,MX,2026-03-04
SPOT-118572,18-24,Male,MX,2025-08-08
SPOT-118573,35-44,Male,ES,2023-12-21
SPOT-118574,18-24,Female,GB,2025-03-16
SPOT-118575,35-44,Male,FR,2024-11-18
SPOT-118576,25-34,Female,US,2026-04-05
SPOT-118577,25-34,Female,US,2026-03-11
SPOT-118578,18-24,Male,US,2023-12-07
SPOT-118579,18-24,Male,MX,2025-04-26
SPOT-118580,18-24,Female,GB,2026-02-15
SPOT-118581,35-44,Male,US,2024-03-19
SPOT-118582,18-24,Male,BR,2024-08-05
SPOT-118583,35-44,Male,MX,2025-01-08
SPOT-118584,35-44,Male,MX,2025-06-06
SPOT-118585,18-24,Male,BR,2025-08-15
SPOT-118586,35-44,Male,AU,2024-09-25
SPOT-118587,25-34,Male,FR,2025-05-10
SPOT-118588,35-44,Female,US,2024-11-17
SPOT-118589,18-24,Male,ES,2024-01-03
SPOT-118590,18-24,Male,BR,2026-05-07
SPOT-118591,18-24,Female,US,2024-11-09
SPOT-118592,25-34,Female,US,2025-07-28
SPOT-118593,35-44,Male,AR,2023-11-22
SPOT-118594,35-44,Female,BR,2025-03-08
SPOT-118595,45-54,Male,BR,2024-02-15
SPOT-118596,18-24,Male,GB,2024-04-18
SPOT-118597,18-24,Female,CA,2026-05-19
SPOT-118598,25-34,Male,ES,2025-08-22
SPOT-118599,18-24,Female,CA,2024-05-21
SPOT-118600,18-24,Female,US,2025-11-14
SPOT-118601,25-34,Male,BR,2023-11-30
SPOT-118602,18-24,Male,MX,2025-11-22
SPOT-118603,25-34,Male,US,2024-12-31
SPOT-118604,18-24,Male,GB,2025-12-23
SPOT-118605,25-34,Female,US,2025-01-24
SPOT-118606,35-44,Male,AU,2025-09-10
SPOT-118607,18-24,Male,BR,2023-12-25
SPOT-118608,45-54,Female,GB,2024-09-24
SPOT-118609,25-34,Male,MX,2024-03-09
SPOT-118610,45-54,Male,MX,2026-03-25
SPOT-118611,18-24,Male,GB,2023-11-25
SPOT-118612,25-34,Female,AU,2025-11-11
SPOT-118613,25-34,Male,AR,2024-01-13
SPOT-118614,35-44,Male,DE,2024-03-16
SPOT-118615,25-34,Male,MX,2025-06-09
SPOT-118616,25-34,Female,ES,2026-03-17
SPOT-118617,45-54,Male,US,2025-05-04
SPOT-118618,25-34,Male,FR,2024-04-14
SPOT-118619,18-24,Male,AR,2024-06-10
SPOT-118620,25-34,Female,ES,2024-07-21
SPOT-118621,25-34,Male,US,2025-10-26
SPOT-118622,25-34,Female,US,2026-04-11
SPOT-118623,25-34,Male,US,2024-06-10
SPOT-118624,55+,Female,US,2023-11-21
SPOT-118625,35-44,Female,CA,2024-11-23
SPOT-118626,18-24,Female,FR,2026-02-24
SPOT-118627,18-24,Female,US,2026-05-11
SPOT-118628,55+,Male,MX,2026-03-15
SPOT-118629,35-44,Female,US,2025-01-17
SPOT-118630,45-54,Female,US,2024-05-23
SPOT-118631,18-24,Non-binary,GB,2024-11-08
SPOT-118632,35-44,Male,DE,2026-05-13
SPOT-118633,35-44,Female,US,2024-11-09
SPOT-118634,18-24,Female,GB,2025-12-17
SPOT-118635,25-34,Female,ES,2025-09-19
SPOT-118636,25-34,Non-binary,US,2024-01-07
SPOT-118637,25-34,Female,BR,2024-05-08
SPOT-118638,35-44,Female,FR,2025-10-17
SPOT-118639,35-44,Male,US,2023-11-25
SPOT-118640,45-54,Male,AR,2026-05-18
SPOT-118641,35-44,Male,DE,2025-08-18
SPOT-118642,25-34,Male,BR,2026-05-12
SPOT-118643,25-34,Male,US,2024-02-19
SPOT-118644,35-44,Male,BR,2025-11-20
SPOT-118645,25-34,Male,ES,2025-03-01
SPOT-118646,18-24,Male,US,2024-11-25
SPOT-118647,25-34,Female,GB,2026-04-01
SPOT-118648,18-24,Female,BR,2023-12-15
SPOT-118649,25-34,Male,DE,2025-06-04
SPOT-118650,18-24,Male,GB,2024-12-13
SPOT-118651,18-24,Female,DE,2025-08-13
SPOT-118652,55+,Male,GB,2024-07-10
SPOT-118653,35-44,Non-binary,GB,2024-08-16
SPOT-118654,35-44,Male,MX,2024-05-28
SPOT-118655,25-34,Male,BR,2024-10-06
SPOT-118656,35-44,Male,MX,2024-10-29
SPOT-118657,35-44,Male,AR,2025-02-18
SPOT-118658,25-34,Male,CA,2025-05-05
SPOT-118659,55+,Male,US,2025-03-21
SPOT-118660,18-24,Female,MX,2023-12-06
SPOT-118661,45-54,Male,BR,2025-01-10
SPOT-118662,25-34,Female,FR,2025-01-24
SPOT-118663,25-34,Female,FR,2025-06-09
SPOT-118664,18-24,Female,ES,2025-06-28
SPOT-118665,25-34,Male,BR,2024-02-17
SPOT-118666,25-34,Male,US,2024-02-15
SPOT-118667,55+,Male,GB,2025-06-08
SPOT-118668,55+,Female,MX,2024-03-03
SPOT-118669,55+,Female,US,2024-03-01
SPOT-118670,18-24,Male,US,2025-02-26
SPOT-118671,55+,Male,CA,2025-07-25
SPOT-118672,25-34,Male,AU,2024-08-17
SPOT-118673,45-54,Female,US,2025-05-17
SPOT-118674,18-24,Male,FR,2025-11-03
SPOT-118675,25-34,Female,CA,2026-05-18
SPOT-118676,55+,Non-binary,BR,2024-05-19
SPOT-118677,45-54,Female,DE,2024-08-11
SPOT-118678,25-34,Male,CA,2024-02-11
SPOT-118679,35-44,Male,US,2026-03-27
SPOT-118680,18-24,Male,AR,2024-08-07
SPOT-118681,35-44,Non-binary,GB,2024-02-20
SPOT-118682,25-34,Male,MX,2025-07-16
SPOT-118683,18-24,Female,GB,2024-06-02
SPOT-118684,18-24,Female,BR,2024-10-04
SPOT-118685,18-24,Female,AR,2025-08-04
SPOT-118686,35-44,Female,US,2025-11-15
SPOT-118687,18-24,Male,MX,2026-02-11
SPOT-118688,25-34,Male,FR,2025-07-10
SPOT-118689,25-34,Female,CA,2024-08-27
SPOT-118690,25-34,Female,FR,2023-11-28
SPOT-118691,35-44,Female,BR,2025-06-05
SPOT-118692,25-34,Male,ES,2024-06-24
SPOT-118693,25-34,Male,DE,2025-04-05
SPOT-118694,25-34,Female,DE,2024-11-20
SPOT-118695,25-34,Male,GB,2024-07-25
SPOT-118696,45-54,Male,GB,2025-07-11
SPOT-118697,18-24,Male,US,2025-09-02
SPOT-118698,18-24,Female,BR,2024-12-13
SPOT-118699,35-44,Female,GB,2024-11-01
SPOT-118700,25-34,Female,US,2026-03-06
SPOT-118701,35-44,Female,US,2025-04-24
SPOT-118702,18-24,Male,GB,2026-02-28
SPOT-118703,35-44,Female,FR,2024-01-07
SPOT-118704,18-24,Male,BR,2025-08-02
SPOT-118705,25-34,Male,BR,2025-04-03
SPOT-118706,18-24,Male,US,2024-10-19
SPOT-118707,35-44,Male,BR,2025-07-30
SPOT-118708,55+,Female,MX,2025-07-18
SPOT-118709,25-34,Non-binary,US,2024-01-31
SPOT-118710,35-44,Female,AU,2026-02-08
SPOT-118711,25-34,Female,CA,2026-01-29
SPOT-118712,55+,Male,AU,2024-05-31
SPOT-118713,35-44,Female,GB,2024-06-17
SPOT-118714,18-24,Female,AR,2024-09-11
SPOT-118715,35-44,Female,GB,2025-03-30
SPOT-118716,25-34,Male,ES,2026-04-21
SPOT-118717,18-24,Female,CA,2024-02-23
SPOT-118718,18-24,Male,US,2025-05-14
SPOT-118719,45-54,Male,US,2024-08-06
SPOT-118720,45-54,Male,US,2024-06-19
SPOT-118721,35-44,Male,AR,2024-04-01
SPOT-118722,55+,Female,MX,2026-03-06
SPOT-118723,35-44,Female,BR,2024-09-22
SPOT-118724,18-24,Male,ES,2024-08-28
SPOT-118725,18-24,Female,AR,2024-02-04
SPOT-118726,18-24,Female,CA,2026-04-04
SPOT-118727,18-24,Male,US,2025-08-08
SPOT-118728,18-24,Female,DE,2024-10-27
SPOT-118729,25-34,Male,CA,2025-09-13
SPOT-118730,35-44,Female,DE,2023-12-03
SPOT-118731,45-54,Female,BR,2025-05-09
SPOT-118732,25-34,Male,CA,2023-11-08
SPOT-118733,45-54,Female,ES,2025-04-01
SPOT-118734,25-34,Female,BR,2024-08-11
SPOT-118735,45-54,Male,GB,2026-06-01
SPOT-118736,25-34,Male,CA,2025-05-02
SPOT-118737,18-24,Male,US,2024-12-06
SPOT-118738,45-54,Male,GB,2024-06-16
SPOT-118739,25-34,Male,CA,2024-12-09
SPOT-118740,25-34,Male,BR,2026-01-21
SPOT-118741,18-24,Male,MX,2024-09-11
SPOT-118742,25-34,Male,BR,2024-01-27
SPOT-118743,55+,Female,DE,2025-01-10
SPOT-118744,18-24,Non-binary,MX,2025-06-16
SPOT-118745,45-54,Female,ES,2024-09-17
SPOT-118746,18-24,Male,GB,2025-02-22
SPOT-118747,25-34,Female,BR,2024-12-21
SPOT-118748,18-24,Female,US,2025-04-30
SPOT-118749,35-44,Female,BR,2025-03-16
SPOT-118750,18-24,Female,ES,2024-06-14
SPOT-118751,25-34,Female,BR,2024-05-13
SPOT-118752,18-24,Male,FR,2024-06-20
SPOT-118753,18-24,Male,GB,2023-11-06
SPOT-118754,35-44,Male,BR,2025-01-25
SPOT-118755,18-24,Male,US,2025-08-18
SPOT-118756,18-24,Non-binary,ES,2023-12-25
SPOT-118757,18-24,Male,DE,2025-09-10
SPOT-118758,25-34,Female,BR,2025-12-10
SPOT-118759,25-34,Female,US,2025-06-05
SPOT-118760,18-24,Male,AU,2024-08-31
SPOT-118761,18-24,Male,ES,2024-11-28
SPOT-118762,25-34,Male,DE,2023-12-31
SPOT-118763,18-24,Female,BR,2024-10-26
SPOT-118764,45-54,Female,MX,2026-05-12
SPOT-118765,35-44,Non-binary,AU,2026-05-08
SPOT-118766,25-34,Male,ES,2025-08-16
SPOT-118767,18-24,Male,GB,2024-12-05
SPOT-118768,35-44,Male,AU,2024-12-28
SPOT-118769,35-44,Male,GB,2024-07-02
SPOT-118770,25-34,Female,BR,2025-04-07
SPOT-118771,35-44,Male,ES,2024-09-06
SPOT-118772,35-44,Female,GB,2023-12-01
SPOT-118773,25-34,Male,AU,2025-11-19
SPOT-118774,18-24,Male,US,2024-02-03
SPOT-118775,35-44,Female,DE,2026-01-19
SPOT-118776,18-24,Female,US,2024-08-20
SPOT-118777,35-44,Male,FR,2024-10-08
SPOT-118778,35-44,Female,US,2025-04-13
SPOT-118779,35-44,Male,US,2024-03-30
SPOT-118780,25-34,Female,US,2025-03-19
SPOT-118781,18-24,Female,DE,2024-10-14
SPOT-118782,18-24,Female,BR,2025-07-28
SPOT-118783,35-44,Male,US,2025-06-29
SPOT-118784,45-54,Female,US,2026-02-08
SPOT-118785,25-34,Female,US,2025-05-26
SPOT-118786,18-24,Male,MX,2024-12-31
SPOT-118787,45-54,Female,GB,2025-07-04
SPOT-118788,55+,Male,BR,2024-06-20
SPOT-118789,25-34,Female,US,2026-04-27
SPOT-118790,25-34,Male,FR,2025-08-01
SPOT-118791,35-44,Female,GB,2025-05-18
SPOT-118792,35-44,Female,ES,2023-12-11
SPOT-118793,55+,Male,AR,2025-05-10
SPOT-118794,18-24,Male,AU,2026-04-10
SPOT-118795,25-34,Male,ES,2024-11-20
SPOT-118796,25-34,Male,DE,2025-09-11
SPOT-118797,45-54,Male,US,2024-07-11
SPOT-118798,45-54,Male,US,2025-10-11
SPOT-118799,55+,Male,FR,2026-05-04
SPOT-118800,25-34,Male,DE,2025-07-04
SPOT-118801,35-44,Male,ES,2025-11-27
SPOT-118802,25-34,Female,BR,2025-09-17
SPOT-118803,25-34,Male,FR,2024-07-11
SPOT-118804,18-24,Male,ES,2026-01-02
SPOT-118805,35-44,Male,US,2024-08-04
SPOT-118806,55+,Female,ES,2024-07-24
SPOT-118807,18-24,Male,GB,2024-07-08
SPOT-118808,18-24,Male,ES,2024-02-11
SPOT-118809,35-44,Male,CA,2025-11-06
SPOT-118810,25-34,Male,CA,2026-03-13
SPOT-118811,55+,Male,US,2025-01-20
SPOT-118812,18-24,Male,US,2024-06-12
SPOT-118813,18-24,Female,ES,2024-08-07
SPOT-118814,25-34,Female,ES,2025-06-07
SPOT-118815,18-24,Non-binary,US,2025-09-06
SPOT-118816,18-24,Female,MX,2025-02-19
SPOT-118817,18-24,Female,US,2025-09-09
SPOT-118818,18-24,Female,MX,2024-07-16
SPOT-118819,18-24,Male,AR,2025-08-24
SPOT-118820,55+,Female,MX,2026-05-30
SPOT-118821,18-24,Male,US,2024-09-24
SPOT-118822,25-34,Female,AU,2025-08-17
SPOT-118823,45-54,Male,GB,2025-04-05
SPOT-118824,25-34,Female,DE,2026-03-24
SPOT-118825,25-34,Non-binary,US,2025-09-02
SPOT-118826,35-44,Male,US,2025-01-11
SPOT-118827,35-44,Female,GB,2024-12-19
SPOT-118828,45-54,Male,AR,2026-01-11
SPOT-118829,25-34,Male,MX,2024-10-24
SPOT-118830,45-54,Female,BR,2026-01-14
SPOT-118831,25-34,Male,FR,2024-03-22
SPOT-118832,18-24,Male,AU,2024-12-02
SPOT-118833,45-54,Male,DE,2024-05-07
SPOT-118834,25-34,Female,DE,2025-10-04
SPOT-118835,45-54,Male,ES,2025-05-03
SPOT-118836,18-24,Female,MX,2026-01-10
SPOT-118837,25-34,Female,US,2025-10-26
SPOT-118838,45-54,Male,MX,2025-12-13
SPOT-118839,18-24,Male,ES,2024-05-21
SPOT-118840,45-54,Female,AU,2025-08-07
SPOT-118841,55+,Female,BR,2023-11-14
SPOT-118842,45-54,Female,MX,2025-03-17
SPOT-118843,25-34,Female,AR,2025-04-15
SPOT-118844,25-34,Male,US,2026-05-18
SPOT-118845,45-54,Female,ES,2024-02-06
SPOT-118846,35-44,Female,BR,2024-09-16
SPOT-118847,25-34,Male,US,2024-10-15
SPOT-118848,55+,Female,MX,2026-05-25
SPOT-118849,25-34,Male,US,2026-01-29
SPOT-118850,55+,Male,BR,2026-04-18
SPOT-118851,18-24,Male,GB,2023-12-15
SPOT-118852,18-24,Female,US,2024-05-29
SPOT-118853,25-34,Male,GB,2025-09-02
SPOT-118854,25-34,Male,DE,2025-04-01
SPOT-118855,35-44,Non-binary,BR,2025-11-01
SPOT-118856,18-24,Male,US,2024-03-18
SPOT-118857,55+,Male,GB,2024-02-20
SPOT-118858,18-24,Male,FR,2024-09-07
SPOT-118859,25-34,Male,CA,2025-01-21
SPOT-118860,18-24,Male,BR,2025-03-18
SPOT-118861,25-34,Male,BR,2025-07-15
SPOT-118862,18-24,Male,BR,2024-01-25
SPOT-118863,18-24,Female,US,2024-02-11
SPOT-118864,35-44,Male,AU,2024-10-25
SPOT-118865,18-24,Female,ES,2026-03-11
SPOT-118866,18-24,Male,US,2024-10-04
SPOT-118867,35-44,Male,GB,2024-11-17
SPOT-118868,18-24,Male,MX,2025-03-31
SPOT-118869,25-34,Male,GB,2025-03-28
SPOT-118870,18-24,Female,GB,2024-05-08
SPOT-118871,18-24,Male,AR,2024-09-10
SPOT-118872,25-34,Non-binary,GB,2023-11-28
SPOT-118873,18-24,Female,ES,2026-03-13
SPOT-118874,45-54,Male,CA,2026-05-22
SPOT-118875,45-54,Male,US,2025-11-08
SPOT-118876,18-24,Male,US,2025-06-14
SPOT-118877,55+,Male,CA,2026-04-19
SPOT-118878,18-24,Female,US,2024-10-07
SPOT-118879,18-24,Female,US,2025-03-13
SPOT-118880,18-24,Male,FR,2025-11-23
SPOT-118881,25-34,Male,GB,2024-07-19
SPOT-118882,25-34,Male,GB,2024-04-11
SPOT-118883,18-24,Female,US,2025-05-19
SPOT-118884,35-44,Male,CA,2024-05-25
SPOT-118885,35-44,Female,ES,2025-04-28
SPOT-118886,25-34,Female,BR,2024-10-24
SPOT-118887,35-44,Female,DE,2025-07-21
SPOT-118888,45-54,Male,US,2023-11-24
SPOT-118889,18-24,Female,CA,2025-04-16
SPOT-118890,18-24,Female,ES,2024-05-08
SPOT-118891,25-34,Female,GB,2026-03-06
SPOT-118892,25-34,Male,CA,2026-05-30
SPOT-118893,25-34,Non-binary,CA,2023-11-23
SPOT-118894,18-24,Female,MX,2024-11-26
SPOT-118895,25-34,Male,AU,2025-11-01
SPOT-118896,25-34,Female,US,2026-01-02
SPOT-118897,25-34,Male,ES,2026-05-15
SPOT-118898,18-24,Female,US,2026-04-23
SPOT-118899,25-34,Female,MX,2024-10-08
SPOT-118900,25-34,Male,CA,2024-06-10
SPOT-118901,25-34,Male,BR,2025-01-24
SPOT-118902,45-54,Male,ES,2025-06-07
SPOT-118903,25-34,Male,US,2026-01-13
SPOT-118904,18-24,Male,MX,2026-03-29
SPOT-118905,25-34,Female,US,2024-01-26
SPOT-118906,35-44,Female,US,2026-03-31
SPOT-118907,35-44,Male,MX,2025-03-04
SPOT-118908,25-34,Female,BR,2026-01-14
SPOT-118909,18-24,Male,GB,2024-12-09
SPOT-118910,25-34,Male,BR,2025-04-16
SPOT-118911,25-34,Female,MX,2025-11-01
SPOT-118912,55+,Male,MX,2025-08-21
SPOT-118913,25-34,Male,US,2024-10-26
SPOT-118914,25-34,Male,MX,2024-06-24
SPOT-118915,25-34,Female,MX,2023-12-22
SPOT-118916,25-34,Female,MX,2024-09-29
SPOT-118917,35-44,Male,AR,2026-05-21
SPOT-118918,25-34,Male,BR,2024-01-06
SPOT-118919,55+,Female,CA,2026-01-24
SPOT-118920,25-34,Male,AU,2024-12-05
SPOT-118921,18-24,Male,ES,2024-04-22
SPOT-118922,25-34,Male,GB,2025-03-20
SPOT-118923,18-24,Female,US,2024-10-25
SPOT-118924,18-24,Female,AR,2025-03-19
SPOT-118925,25-34,Female,US,2024-01-20
SPOT-118926,35-44,Female,US,2025-09-18
SPOT-118927,25-34,Female,CA,2026-01-29
SPOT-118928,18-24,Male,BR,2024-06-30
SPOT-118929,25-34,Female,GB,2024-04-14
SPOT-118930,25-34,Female,AU,2026-01-10
SPOT-118931,45-54,Female,ES,2026-04-04
SPOT-118932,25-34,Male,BR,2025-10-19
SPOT-118933,35-44,Male,GB,2025-03-20
SPOT-118934,18-24,Female,MX,2024-02-13
SPOT-118935,35-44,Male,ES,2026-01-23
SPOT-118936,35-44,Male,ES,2024-06-01
SPOT-118937,45-54,Male,US,2025-12-05
SPOT-118938,18-24,Female,MX,2024-12-22
SPOT-118939,25-34,Male,BR,2025-01-31
SPOT-118940,25-34,Male,FR,2024-06-10
SPOT-118941,18-24,Female,MX,2025-03-01
SPOT-118942,25-34,Male,US,2025-10-16
SPOT-118943,45-54,Female,GB,2025-12-11
SPOT-118944,25-34,Male,ES,2025-08-20
SPOT-118945,55+,Female,ES,2026-06-02
SPOT-118946,18-24,Female,US,2025-03-21
SPOT-118947,35-44,Male,GB,2024-12-08
SPOT-118948,25-34,Female,US,2024-12-22
SPOT-118949,25-34,Female,GB,2026-03-27
SPOT-118950,55+,Female,US,2026-03-07
SPOT-118951,18-24,Male,FR,2025-12-17
SPOT-118952,45-54,Male,MX,2024-10-12
SPOT-118953,25-34,Female,AU,2026-05-17
SPOT-118954,18-24,Male,FR,2024-09-30
SPOT-118955,45-54,Female,MX,2025-05-23
SPOT-118956,25-34,Female,BR,2024-03-31
SPOT-118957,35-44,Female,FR,2024-03-22
SPOT-118958,25-34,Female,GB,2025-02-25
SPOT-118959,45-54,Non-binary,US,2025-04-30
SPOT-118960,25-34,Male,DE,2025-04-18
SPOT-118961,18-24,Female,US,2025-07-10
SPOT-118962,25-34,Female,GB,2025-10-01
SPOT-118963,18-24,Male,US,2024-08-17
SPOT-118964,25-34,Non-binary,US,2026-02-06
SPOT-118965,18-24,Female,BR,2025-03-04
SPOT-118966,18-24,Female,ES,2025-09-16
SPOT-118967,18-24,Male,BR,2025-03-11
SPOT-118968,25-34,Female,US,2025-08-26
SPOT-118969,25-34,Female,DE,2025-02-05
SPOT-118970,25-34,Male,US,2026-01-18
SPOT-118971,18-24,Male,MX,2025-03-27
SPOT-118972,25-34,Male,AR,2025-04-28
SPOT-118973,35-44,Female,US,2026-05-06
SPOT-118974,25-34,Female,US,2023-12-24
SPOT-118975,45-54,Male,DE,2024-01-10
SPOT-118976,25-34,Female,GB,2025-01-01
SPOT-118977,35-44,Male,GB,2024-03-02
SPOT-118978,18-24,Female,US,2023-12-19
SPOT-118979,18-24,Female,GB,2026-03-28
SPOT-118980,45-54,Female,AU,2025-12-05
SPOT-118981,35-44,Female,FR,2024-06-20
SPOT-118982,18-24,Male,MX,2026-04-24
SPOT-118983,25-34,Male,AR,2024-10-15
SPOT-118984,25-34,Female,US,2024-08-16
SPOT-118985,25-34,Female,US,2026-03-21
SPOT-118986,45-54,Male,GB,2026-03-17
SPOT-118987,18-24,Male,MX,2023-12-29
SPOT-118988,25-34,Male,FR,2023-12-04
SPOT-118989,18-24,Male,US,2026-05-19
SPOT-118990,25-34,Male,US,2024-07-22
SPOT-118991,18-24,Male,AR,2024-01-27
SPOT-118992,45-54,Female,DE,2024-12-28
SPOT-118993,25-34,Male,MX,2024-02-26
SPOT-118994,35-44,Female,BR,2025-05-03
SPOT-118995,18-24,Female,US,2025-08-14
SPOT-118996,18-24,Male,ES,2024-04-26
SPOT-118997,18-24,Male,DE,2025-09-06
SPOT-118998,25-34,Female,GB,2025-04-20
SPOT-118999,35-44,Female,CA,2024-05-30
SPOT-119000,25-34,Female,US,2025-03-23
SPOT-119001,18-24,Female,DE,2025-12-27
SPOT-119002,18-24,Female,GB,2024-01-18
SPOT-119003,18-24,Female,US,2025-10-23
SPOT-119004,35-44,Male,US,2024-09-27
SPOT-119005,25-34,Male,US,2023-12-24
SPOT-119006,35-44,Male,BR,2025-01-20
SPOT-119007,25-34,Female,GB,2024-08-14
SPOT-119008,18-24,Male,AR,2025-05-17
SPOT-119009,18-24,Female,US,2024-02-15
SPOT-119010,35-44,Male,ES,2025-03-09
SPOT-119011,35-44,Male,US,2026-05-29
SPOT-119012,25-34,Male,US,2026-03-06
SPOT-119013,18-24,Male,GB,2024-04-10
SPOT-119014,18-24,Male,AR,2025-11-08
SPOT-119015,18-24,Male,US,2024-02-02
SPOT-119016,18-24,Male,GB,2026-04-23
SPOT-119017,18-24,Female,US,2024-07-03
SPOT-119018,25-34,Male,MX,2026-03-09
SPOT-119019,18-24,Male,CA,2025-04-10
SPOT-119020,18-24,Male,DE,2025-08-24
SPOT-119021,45-54,Female,BR,2025-09-08
SPOT-119022,25-34,Female,DE,2025-04-12
SPOT-119023,45-54,Non-binary,AU,2026-01-02
SPOT-119024,18-24,Female,ES,2025-12-31
SPOT-119025,25-34,Female,US,2025-05-27
SPOT-119026,18-24,Male,US,2025-06-14
SPOT-119027,25-34,Male,BR,2023-12-07
SPOT-119028,18-24,Female,MX,2025-02-12
SPOT-119029,18-24,Non-binary,GB,2025-08-31
SPOT-119030,45-54,Female,MX,2024-06-21
SPOT-119031,25-34,Female,BR,2025-12-07
SPOT-119032,45-54,Male,DE,2026-02-05
SPOT-119033,18-24,Male,BR,2024-06-13
SPOT-119034,18-24,Male,CA,2024-07-29
SPOT-119035,25-34,Male,US,2024-09-09
SPOT-119036,35-44,Male,AR,2024-10-03
SPOT-119037,25-34,Male,US,2025-10-06
SPOT-119038,45-54,Female,US,2025-08-21
SPOT-119039,18-24,Male,CA,2025-02-05
SPOT-119040,35-44,Male,MX,2024-08-16
SPOT-119041,18-24,Male,MX,2024-07-15
SPOT-119042,18-24,Male,GB,2025-05-06
SPOT-119043,25-34,Male,US,2024-07-09
SPOT-119044,25-34,Male,DE,2024-08-01
SPOT-119045,18-24,Female,BR,2025-04-26
SPOT-119046,18-24,Male,MX,2025-12-23
SPOT-119047,25-34,Male,US,2024-11-06
SPOT-119048,25-34,Male,DE,2024-06-13
SPOT-119049,18-24,Male,BR,2024-10-11
SPOT-119050,18-24,Male,AU,2026-01-10
SPOT-119051,18-24,Male,BR,2025-07-03
SPOT-119052,55+,Male,BR,2026-05-03
SPOT-119053,45-54,Female,ES,2025-12-05
SPOT-119054,25-34,Female,DE,2024-03-01
SPOT-119055,55+,Male,DE,2024-06-22
SPOT-119056,25-34,Female,BR,2024-03-13
SPOT-119057,18-24,Male,AR,2025-04-30
SPOT-119058,18-24,Male,MX,2025-03-10
SPOT-119059,45-54,Male,US,2024-09-02
SPOT-119060,25-34,Female,DE,2024-05-21
SPOT-119061,35-44,Male,BR,2024-09-13
SPOT-119062,45-54,Female,BR,2025-02-18
SPOT-119063,25-34,Female,GB,2024-04-02
SPOT-119064,18-24,Female,BR,2024-02-25
SPOT-119065,18-24,Male,MX,2025-09-22
SPOT-119066,18-24,Male,DE,2025-05-03
SPOT-119067,18-24,Male,DE,2026-02-07
SPOT-119068,25-34,Female,AR,2024-09-14
SPOT-119069,18-24,Female,ES,2024-08-18
SPOT-119070,18-24,Female,DE,2025-08-17
SPOT-119071,25-34,Female,AU,2025-10-08
SPOT-119072,18-24,Female,US,2025-08-31
SPOT-119073,25-34,Male,GB,2024-02-23
SPOT-119074,25-34,Female,US,2026-03-17
SPOT-119075,25-34,Female,AR,2025-06-30
SPOT-119076,45-54,Male,ES,2026-04-29
SPOT-119077,18-24,Male,MX,2026-04-01
SPOT-119078,18-24,Female,US,2024-02-05
SPOT-119079,45-54,Male,ES,2024-07-15
SPOT-119080,25-34,Female,GB,2025-12-12
SPOT-119081,35-44,Male,FR,2024-06-06
SPOT-119082,18-24,Male,US,2024-06-07
SPOT-119083,35-44,Female,US,2026-05-03
SPOT-119084,45-54,Female,AU,2024-12-09
SPOT-119085,25-34,Male,BR,2025-08-26
SPOT-119086,18-24,Female,DE,2025-10-22
SPOT-119087,45-54,Non-binary,GB,2025-10-23
SPOT-119088,35-44,Female,AR,2025-09-14
SPOT-119089,35-44,Female,GB,2024-12-01
SPOT-119090,18-24,Female,GB,2026-01-09
SPOT-119091,35-44,Male,US,2025-08-20
SPOT-119092,18-24,Female,BR,2026-04-06
SPOT-119093,18-24,Male,CA,2025-04-24
SPOT-119094,25-34,Male,AU,2026-01-24
SPOT-119095,18-24,Female,AU,2025-09-13
SPOT-119096,25-34,Male,BR,2025-06-21
SPOT-119097,25-34,Female,ES,2026-01-04
SPOT-119098,18-24,Male,BR,2026-05-30
SPOT-119099,25-34,Female,BR,2025-01-20
SPOT-119100,45-54,Female,AR,2025-08-06
SPOT-119101,18-24,Female,AR,2024-10-14
SPOT-119102,25-34,Female,US,2026-02-24
SPOT-119103,18-24,Male,CA,2024-06-20
SPOT-119104,25-34,Male,AR,2026-03-03
SPOT-119105,18-24,Female,ES,2025-01-17
SPOT-119106,25-34,Female,FR,2024-08-22
SPOT-119107,18-24,Male,BR,2025-05-29
SPOT-119108,55+,Female,ES,2024-06-06
SPOT-119109,25-34,Male,BR,2024-08-08
SPOT-119110,25-34,Female,BR,2025-07-25
SPOT-119111,25-34,Female,US,2025-01-23
SPOT-119112,25-34,Female,AR,2024-08-28
SPOT-119113,25-34,Male,FR,2025-07-01
SPOT-119114,25-34,Male,AU,2025-12-09
SPOT-119115,25-34,Male,US,2025-10-30
SPOT-119116,18-24,Male,GB,2026-04-06
SPOT-119117,18-24,Male,MX,2025-05-14
SPOT-119118,25-34,Female,FR,2025-06-11
SPOT-119119,35-44,Male,ES,2025-11-21
SPOT-119120,18-24,Male,DE,2024-03-17
SPOT-119121,18-24,Female,ES,2024-11-20
SPOT-119122,18-24,Female,US,2025-12-04
SPOT-119123,55+,Male,MX,2025-09-14
SPOT-119124,35-44,Female,US,2023-12-06
SPOT-119125,25-34,Non-binary,US,2024-05-05
SPOT-119126,45-54,Female,ES,2026-04-02
SPOT-119127,25-34,Female,BR,2026-04-28
SPOT-119128,55+,Female,US,2024-04-05
SPOT-119129,18-24,Male,BR,2024-08-07
SPOT-119130,18-24,Female,US,2024-11-14
SPOT-119131,25-34,Female,GB,2025-03-04
SPOT-119132,25-34,Male,US,2024-09-13
SPOT-119133,25-34,Male,US,2024-12-11
SPOT-119134,18-24,Male,US,2026-03-17
SPOT-119135,25-34,Female,DE,2024-08-28
SPOT-119136,18-24,Male,US,2026-02-13
SPOT-119137,18-24,Female,BR,2024-04-18
SPOT-119138,45-54,Female,DE,2025-02-21
SPOT-119139,45-54,Male,AR,2025-10-27
SPOT-119140,55+,Female,AR,2024-09-03
SPOT-119141,35-44,Male,AR,2024-03-20
SPOT-119142,25-34,Male,DE,2023-11-06
SPOT-119143,25-34,Male,GB,2024-08-29
SPOT-119144,18-24,Male,DE,2024-07-14
SPOT-119145,18-24,Male,MX,2024-03-29
SPOT-119146,18-24,Female,BR,2025-02-21
SPOT-119147,45-54,Female,MX,2024-09-27
SPOT-119148,18-24,Female,MX,2025-02-13
SPOT-119149,45-54,Female,CA,2024-09-11
SPOT-119150,25-34,Male,CA,2024-06-06
SPOT-119151,35-44,Male,AR,2024-02-03
SPOT-119152,18-24,Female,US,2025-07-25
SPOT-119153,18-24,Female,AU,2026-01-13
SPOT-119154,55+,Male,ES,2025-09-26
SPOT-119155,18-24,Female,MX,2024-07-22
SPOT-119156,18-24,Female,US,2026-02-09
SPOT-119157,18-24,Female,BR,2024-09-19
SPOT-119158,18-24,Female,MX,2024-02-14
SPOT-119159,18-24,Male,GB,2025-12-28
SPOT-119160,25-34,Female,US,2023-11-07
SPOT-119161,25-34,Male,BR,2025-08-01
SPOT-119162,25-34,Female,DE,2024-11-18
SPOT-119163,18-24,Male,US,2024-03-10
SPOT-119164,35-44,Male,BR,2024-02-16
SPOT-119165,35-44,Male,US,2026-04-08
SPOT-119166,18-24,Male,DE,2026-01-09
SPOT-119167,25-34,Male,GB,2026-05-05
SPOT-119168,18-24,Female,AU,2026-04-08
SPOT-119169,35-44,Female,US,2025-10-14
SPOT-119170,35-44,Male,BR,2026-04-12
SPOT-119171,45-54,Female,US,2023-12-30
SPOT-119172,18-24,Female,GB,2025-01-05
SPOT-119173,25-34,Male,US,2025-08-18
SPOT-119174,18-24,Female,AU,2025-11-28
SPOT-119175,25-34,Male,US,2024-05-15
SPOT-119176,25-34,Female,BR,2024-07-24
SPOT-119177,18-24,Female,MX,2024-11-13
SPOT-119178,35-44,Male,ES,2024-12-03
SPOT-119179,25-34,Male,MX,2024-03-26
SPOT-119180,35-44,Female,US,2025-02-28
SPOT-119181,18-24,Male,BR,2025-12-26
SPOT-119182,45-54,Female,AU,2026-05-08
SPOT-119183,55+,Male,AR,2024-05-16
SPOT-119184,45-54,Male,DE,2024-05-28
SPOT-119185,35-44,Male,BR,2025-08-02
SPOT-119186,35-44,Female,US,2025-07-22
SPOT-119187,25-34,Male,BR,2025-10-05
SPOT-119188,18-24,Male,GB,2024-03-07
SPOT-119189,25-34,Female,US,2026-02-01
SPOT-119190,35-44,Male,BR,2024-07-03
SPOT-119191,55+,Male,US,2025-05-12
SPOT-119192,25-34,Male,US,2024-08-12
SPOT-119193,18-24,Female,US,2023-12-31
SPOT-119194,25-34,Female,AU,2024-07-16
SPOT-119195,55+,Female,AR,2026-06-01
SPOT-119196,18-24,Male,BR,2025-10-15
SPOT-119197,18-24,Female,US,2024-11-05
SPOT-119198,25-34,Female,BR,2025-06-03
SPOT-119199,18-24,Male,MX,2025-11-10
SPOT-119200,18-24,Male,US,2025-03-13
SPOT-119201,18-24,Female,AU,2025-07-31
SPOT-119202,45-54,Male,MX,2026-03-25
SPOT-119203,18-24,Female,AU,2024-11-26
SPOT-119204,25-34,Male,DE,2025-09-12
SPOT-119205,35-44,Female,MX,2024-03-31
SPOT-119206,55+,Male,DE,2026-03-21
SPOT-119207,55+,Male,US,2023-11-12
SPOT-119208,25-34,Female,AR,2025-12-01
SPOT-119209,55+,Non-binary,DE,2024-01-09
SPOT-119210,18-24,Non-binary,BR,2026-03-30
SPOT-119211,35-44,Male,GB,2024-02-20
SPOT-119212,25-34,Male,DE,2025-12-14
SPOT-119213,18-24,Female,ES,2025-03-12
SPOT-119214,25-34,Male,ES,2024-12-03
SPOT-119215,18-24,Female,AR,2024-05-05
SPOT-119216,45-54,Female,AU,2024-06-28
SPOT-119217,25-34,Female,DE,2025-11-19
SPOT-119218,25-34,Female,GB,2025-05-12
SPOT-119219,18-24,Male,BR,2026-03-07
SPOT-119220,18-24,Female,US,2025-07-27
SPOT-119221,55+,Male,ES,2024-04-26
SPOT-119222,35-44,Female,BR,2025-07-01
SPOT-119223,55+,Male,US,2023-11-23
SPOT-119224,18-24,Male,FR,2026-01-01
SPOT-119225,18-24,Female,MX,2025-07-23
SPOT-119226,25-34,Female,US,2025-02-20
SPOT-119227,25-34,Female,US,2024-11-29
SPOT-119228,18-24,Female,FR,2024-01-09
SPOT-119229,35-44,Female,DE,2025-07-31
SPOT-119230,25-34,Male,AU,2024-12-08
SPOT-119231,18-24,Male,BR,2025-11-16
SPOT-119232,18-24,Female,US,2025-08-24
SPOT-119233,25-34,Female,BR,2026-01-21
SPOT-119234,35-44,Female,US,2024-08-06
SPOT-119235,25-34,Female,AR,2023-11-14
SPOT-119236,25-34,Female,MX,2023-12-09
SPOT-119237,18-24,Male,AU,2024-05-06
SPOT-119238,45-54,Female,MX,2024-01-11
SPOT-119239,45-54,Male,US,2025-12-01
SPOT-119240,25-34,Male,BR,2025-04-22
SPOT-119241,18-24,Male,BR,2023-12-17
SPOT-119242,25-34,Female,CA,2025-01-21
SPOT-119243,25-34,Female,DE,2025-11-08
SPOT-119244,55+,Non-binary,BR,2024-11-24
SPOT-119245,55+,Male,US,2025-10-01
SPOT-119246,45-54,Male,US,2024-10-10
SPOT-119247,18-24,Male,BR,2025-07-02
SPOT-119248,55+,Male,MX,2025-01-12
SPOT-119249,25-34,Male,DE,2026-02-27
SPOT-119250,35-44,Male,DE,2026-05-08
SPOT-119251,25-34,Male,GB,2026-03-26
SPOT-119252,18-24,Male,MX,2024-12-28
SPOT-119253,25-34,Male,US,2026-03-20
SPOT-119254,18-24,Female,BR,2025-06-15
SPOT-119255,25-34,Female,US,2024-11-11
SPOT-119256,45-54,Female,BR,2025-07-02
SPOT-119257,18-24,Female,US,2025-04-01
SPOT-119258,18-24,Male,CA,2026-06-01
SPOT-119259,18-24,Female,BR,2024-08-03
SPOT-119260,25-34,Female,MX,2024-09-21
SPOT-119261,55+,Male,FR,2023-12-18
SPOT-119262,18-24,Female,US,2024-10-13
SPOT-119263,18-24,Male,BR,2024-10-24
SPOT-119264,45-54,Male,FR,2025-04-10
SPOT-119265,45-54,Female,BR,2024-01-21
SPOT-119266,18-24,Female,DE,2024-01-06
SPOT-119267,35-44,Female,GB,2026-01-21
SPOT-119268,25-34,Male,DE,2024-03-06
SPOT-119269,35-44,Male,MX,2025-11-11
SPOT-119270,25-34,Male,US,2023-12-12
SPOT-119271,55+,Non-binary,DE,2026-01-29
SPOT-119272,18-24,Female,BR,2024-08-29
SPOT-119273,18-24,Female,AR,2025-10-22
SPOT-119274,25-34,Male,BR,2024-04-04
SPOT-119275,25-34,Male,CA,2025-07-19
SPOT-119276,45-54,Male,DE,2025-08-23
SPOT-119277,25-34,Female,MX,2025-10-28
SPOT-119278,18-24,Male,US,2024-11-23
SPOT-119279,25-34,Female,US,2023-11-29
SPOT-119280,25-34,Male,AR,2024-06-18
SPOT-119281,55+,Female,BR,2026-05-07
SPOT-119282,25-34,Male,CA,2026-02-16
SPOT-119283,25-34,Male,ES,2025-09-13
SPOT-119284,35-44,Female,DE,2024-05-22
SPOT-119285,35-44,Female,ES,2025-06-05
SPOT-119286,25-34,Female,DE,2024-02-13
SPOT-119287,18-24,Female,GB,2025-08-04
SPOT-119288,45-54,Female,US,2025-08-03
SPOT-119289,35-44,Male,FR,2026-01-31
SPOT-119290,35-44,Male,DE,2024-01-19
SPOT-119291,55+,Female,MX,2025-05-20
SPOT-119292,35-44,Female,US,2025-08-08
SPOT-119293,35-44,Female,AR,2026-05-08
SPOT-119294,55+,Male,AR,2024-02-16
SPOT-119295,18-24,Male,BR,2025-07-06
SPOT-119296,25-34,Female,MX,2023-12-26
SPOT-119297,25-34,Male,BR,2024-04-29
SPOT-119298,18-24,Female,BR,2025-09-26
SPOT-119299,35-44,Male,FR,2023-11-13
SPOT-119300,35-44,Male,AU,2024-09-08
SPOT-119301,35-44,Male,GB,2026-04-14
SPOT-119302,55+,Male,GB,2025-08-07
SPOT-119303,18-24,Male,GB,2024-05-20
SPOT-119304,35-44,Male,ES,2026-01-27
SPOT-119305,25-34,Female,ES,2023-12-29
SPOT-119306,18-24,Female,US,2025-01-06
SPOT-119307,18-24,Male,US,2025-08-16
SPOT-119308,45-54,Female,MX,2025-07-14
SPOT-119309,25-34,Female,GB,2025-08-11
SPOT-119310,35-44,Male,US,2025-03-26
SPOT-119311,25-34,Female,DE,2024-06-21
SPOT-119312,18-24,Male,FR,2024-11-02
SPOT-119313,18-24,Male,GB,2024-12-26
SPOT-119314,25-34,Male,MX,2026-02-08
SPOT-119315,55+,Male,CA,2025-11-15
SPOT-119316,18-24,Male,US,2025-09-25
SPOT-119317,55+,Female,MX,2025-12-16
SPOT-119318,55+,Male,CA,2025-03-16
SPOT-119319,55+,Female,US,2025-04-14
SPOT-119320,25-34,Female,AU,2024-10-14
SPOT-119321,55+,Female,GB,2024-05-29
SPOT-119322,25-34,Female,US,2025-08-19
SPOT-119323,18-24,Male,AR,2026-01-06
SPOT-119324,18-24,Female,DE,2024-05-13
SPOT-119325,45-54,Female,MX,2026-03-12
SPOT-119326,18-24,Male,BR,2025-12-10
SPOT-119327,25-34,Male,MX,2025-10-24
SPOT-119328,18-24,Male,US,2024-09-14
SPOT-119329,18-24,Female,GB,2026-03-22
SPOT-119330,18-24,Male,MX,2024-02-02
SPOT-119331,45-54,Male,GB,2024-08-14
SPOT-119332,25-34,Female,ES,2024-09-17
SPOT-119333,45-54,Male,AU,2025-11-27
SPOT-119334,25-34,Female,US,2024-03-27
SPOT-119335,55+,Male,FR,2025-01-24
SPOT-119336,25-34,Male,US,2024-03-28
SPOT-119337,25-34,Male,CA,2025-12-05
SPOT-119338,25-34,Female,CA,2024-03-06
SPOT-119339,25-34,Female,BR,2025-12-27
SPOT-119340,35-44,Male,BR,2024-05-13
SPOT-119341,25-34,Male,ES,2024-02-17
SPOT-119342,35-44,Female,CA,2024-10-31
SPOT-119343,35-44,Female,US,2024-07-13
SPOT-119344,18-24,Male,DE,2024-11-09
SPOT-119345,25-34,Female,DE,2024-12-07
SPOT-119346,18-24,Female,AR,2024-07-21
SPOT-119347,25-34,Male,US,2024-07-30
SPOT-119348,25-34,Male,MX,2024-05-11
SPOT-119349,55+,Male,GB,2024-02-21
SPOT-119350,18-24,Female,FR,2026-05-15
SPOT-119351,18-24,Male,GB,2025-04-30
SPOT-119352,18-24,Female,AU,2025-07-16
SPOT-119353,25-34,Female,US,2024-02-18
SPOT-119354,35-44,Female,US,2024-04-23
SPOT-119355,35-44,Male,DE,2025-06-25
SPOT-119356,35-44,Non-binary,GB,2024-01-13
SPOT-119357,45-54,Female,ES,2025-12-14
SPOT-119358,18-24,Male,AR,2024-11-15
SPOT-119359,18-24,Non-binary,MX,2024-02-16
SPOT-119360,18-24,Female,AU,2025-06-18
SPOT-119361,45-54,Male,DE,2025-01-08
SPOT-119362,35-44,Male,AU,2023-11-27
SPOT-119363,25-34,Male,US,2025-10-13
SPOT-119364,18-24,Female,AR,2025-03-27
SPOT-119365,25-34,Female,US,2025-09-05
SPOT-119366,55+,Male,BR,2024-09-20
SPOT-119367,18-24,Female,BR,2026-02-09
SPOT-119368,35-44,Female,FR,2025-11-06
SPOT-119369,18-24,Male,ES,2026-05-25
SPOT-119370,18-24,Female,DE,2024-06-27
SPOT-119371,35-44,Male,FR,2024-03-07
SPOT-119372,18-24,Female,FR,2025-03-23
SPOT-119373,35-44,Male,US,2026-02-18
SPOT-119374,35-44,Female,FR,2025-06-19
SPOT-119375,25-34,Male,BR,2025-05-28
SPOT-119376,35-44,Male,AR,2025-04-03
SPOT-119377,25-34,Male,US,2024-01-21
SPOT-119378,18-24,Female,US,2024-05-04
SPOT-119379,35-44,Male,ES,2026-04-06
SPOT-119380,25-34,Female,GB,2025-09-19
SPOT-119381,18-24,Male,BR,2024-10-05
SPOT-119382,45-54,Female,MX,2024-01-25
SPOT-119383,25-34,Female,MX,2024-04-29
SPOT-119384,45-54,Male,MX,2025-10-28
SPOT-119385,45-54,Male,MX,2026-03-13
SPOT-119386,25-34,Male,DE,2024-05-04
SPOT-119387,25-34,Female,US,2024-04-25
SPOT-119388,25-34,Female,FR,2025-04-04
SPOT-119389,25-34,Male,AR,2025-05-27
SPOT-119390,45-54,Female,US,2025-08-03
SPOT-119391,35-44,Male,AR,2025-02-21
SPOT-119392,18-24,Male,US,2024-01-18
SPOT-119393,25-34,Female,GB,2024-03-24
SPOT-119394,55+,Male,DE,2024-10-27
SPOT-119395,25-34,Female,MX,2024-01-26
SPOT-119396,35-44,Female,US,2024-01-16
SPOT-119397,35-44,Male,AR,2025-12-15
SPOT-119398,25-34,Female,CA,2023-12-12
SPOT-119399,25-34,Female,AU,2024-05-04
SPOT-119400,35-44,Male,US,2024-07-05
SPOT-119401,25-34,Male,CA,2026-02-15
SPOT-119402,25-34,Male,BR,2026-02-11
SPOT-119403,35-44,Female,ES,2025-10-22
SPOT-119404,35-44,Female,CA,2024-06-10
SPOT-119405,18-24,Female,MX,2025-12-27
SPOT-119406,18-24,Female,DE,2026-04-04
SPOT-119407,18-24,Female,BR,2025-02-04
SPOT-119408,25-34,Male,MX,2024-09-05
SPOT-119409,18-24,Female,CA,2024-04-16
SPOT-119410,25-34,Male,FR,2023-11-14
SPOT-119411,18-24,Male,BR,2024-12-22
SPOT-119412,25-34,Female,US,2025-09-17
SPOT-119413,25-34,Female,GB,2024-01-31
SPOT-119414,25-34,Female,GB,2024-10-13
SPOT-119415,25-34,Male,GB,2026-03-10
SPOT-119416,18-24,Female,ES,2024-08-05
SPOT-119417,45-54,Female,AR,2024-11-02
SPOT-119418,18-24,Female,GB,2025-04-02
SPOT-119419,25-34,Non-binary,AR,2026-01-03
SPOT-119420,45-54,Male,ES,2024-11-29
SPOT-119421,25-34,Female,DE,2025-04-07
SPOT-119422,45-54,Female,MX,2025-06-07
SPOT-119423,18-24,Male,ES,2025-04-09
SPOT-119424,25-34,Male,BR,2024-08-18
SPOT-119425,25-34,Male,DE,2025-05-26
SPOT-119426,18-24,Female,US,2025-05-15
SPOT-119427,25-34,Male,US,2024-01-22
SPOT-119428,25-34,Male,CA,2025-12-10
SPOT-119429,25-34,Male,GB,2024-11-17
SPOT-119430,45-54,Male,MX,2024-08-13
SPOT-119431,18-24,Male,CA,2025-08-21
SPOT-119432,18-24,Male,AR,2024-04-10
SPOT-119433,25-34,Female,US,2026-03-19
SPOT-119434,25-34,Male,AR,2024-11-04
SPOT-119435,35-44,Female,ES,2024-02-26
SPOT-119436,25-34,Female,GB,2024-06-05
SPOT-119437,18-24,Female,MX,2026-04-22
SPOT-119438,35-44,Male,AR,2025-04-07
SPOT-119439,45-54,Female,GB,2025-10-22
SPOT-119440,25-34,Male,FR,2024-11-18
SPOT-119441,25-34,Male,US,2024-04-07
SPOT-119442,18-24,Male,BR,2025-04-05
SPOT-119443,18-24,Male,US,2024-11-21
SPOT-119444,18-24,Male,ES,2024-11-06
SPOT-119445,25-34,Female,US,2024-02-17
SPOT-119446,45-54,Male,GB,2025-10-09
SPOT-119447,25-34,Female,US,2024-07-17
SPOT-119448,18-24,Female,AR,2025-07-19
SPOT-119449,18-24,Male,US,2026-04-17
SPOT-119450,25-34,Male,ES,2025-05-13
SPOT-119451,25-34,Female,ES,2025-12-06
SPOT-119452,25-34,Female,US,2025-10-22
SPOT-119453,25-34,Male,BR,2024-09-01
SPOT-119454,25-34,Female,BR,2024-06-02
SPOT-119455,18-24,Female,BR,2026-06-01
SPOT-119456,18-24,Female,CA,2024-03-20
SPOT-119457,18-24,Male,US,2025-12-20
SPOT-119458,18-24,Male,AR,2025-03-19
SPOT-119459,18-24,Female,FR,2026-01-04
SPOT-119460,18-24,Male,US,2024-01-19
SPOT-119461,35-44,Male,MX,2026-03-31
SPOT-119462,35-44,Male,ES,2025-10-27
SPOT-119463,25-34,Male,BR,2024-10-18
SPOT-119464,45-54,Male,BR,2023-11-11
SPOT-119465,18-24,Female,GB,2024-10-12
SPOT-119466,45-54,Female,MX,2024-10-25
SPOT-119467,25-34,Female,GB,2023-11-28
SPOT-119468,25-34,Male,DE,2024-04-11
SPOT-119469,25-34,Male,FR,2025-03-15
SPOT-119470,18-24,Female,US,2025-08-01
SPOT-119471,55+,Female,BR,2025-03-15
SPOT-119472,18-24,Female,BR,2025-03-14
SPOT-119473,18-24,Male,DE,2025-05-15
SPOT-119474,18-24,Female,BR,2026-04-24
SPOT-119475,18-24,Female,US,2024-07-27
SPOT-119476,18-24,Male,BR,2025-06-05
SPOT-119477,18-24,Male,BR,2024-07-24
SPOT-119478,18-24,Female,BR,2024-12-22
SPOT-119479,45-54,Female,US,2025-07-26
SPOT-119480,18-24,Male,US,2026-02-04
SPOT-119481,18-24,Female,MX,2023-11-22
SPOT-119482,25-34,Male,US,2024-03-22
SPOT-119483,55+,Female,GB,2023-11-18
SPOT-119484,18-24,Male,AR,2026-04-12
SPOT-119485,18-24,Male,US,2024-03-10
SPOT-119486,55+,Female,DE,2025-10-30
SPOT-119487,18-24,Female,MX,2025-03-13
SPOT-119488,25-34,Non-binary,US,2023-11-29
SPOT-119489,18-24,Male,GB,2024-05-19
SPOT-119490,45-54,Female,BR,2024-02-03
SPOT-119491,55+,Male,GB,2025-12-25
SPOT-119492,35-44,Male,US,2024-05-14
SPOT-119493,18-24,Male,US,2024-03-23
SPOT-119494,25-34,Male,US,2025-03-24
SPOT-119495,18-24,Female,AU,2025-06-30
SPOT-119496,45-54,Male,US,2025-09-09
SPOT-119497,45-54,Female,BR,2025-07-07
SPOT-119498,25-34,Female,DE,2024-02-04
SPOT-119499,25-34,Male,BR,2025-05-14
SPOT-119500,18-24,Non-binary,BR,2023-11-10
SPOT-119501,25-34,Male,ES,2024-04-25
SPOT-119502,25-34,Female,FR,2026-01-02
SPOT-119503,25-34,Female,GB,2026-04-23
SPOT-119504,25-34,Female,US,2025-02-18
SPOT-119505,18-24,Female,AU,2025-03-05
SPOT-119506,35-44,Male,FR,2025-05-25
SPOT-119507,45-54,Male,GB,2025-08-02
SPOT-119508,55+,Female,FR,2024-08-20
SPOT-119509,35-44,Male,MX,2024-06-28
SPOT-119510,25-34,Female,DE,2025-03-09
SPOT-119511,18-24,Female,FR,2026-02-12
SPOT-119512,55+,Male,MX,2024-01-23
SPOT-119513,25-34,Male,AR,2024-06-06
SPOT-119514,25-34,Male,DE,2024-11-09
SPOT-119515,25-34,Female,AR,2024-10-27
SPOT-119516,35-44,Male,GB,2026-05-17
SPOT-119517,18-24,Female,ES,2026-01-20
SPOT-119518,18-24,Female,DE,2024-11-08
SPOT-119519,25-34,Male,DE,2025-07-26
SPOT-119520,45-54,Female,AR,2024-08-20
SPOT-119521,25-34,Female,US,2024-12-17
SPOT-119522,25-34,Male,CA,2024-02-11
SPOT-119523,25-34,Female,BR,2025-11-21
SPOT-119524,35-44,Male,MX,2023-12-21
SPOT-119525,35-44,Male,DE,2024-08-12
SPOT-119526,25-34,Female,MX,2024-02-22
SPOT-119527,18-24,Male,ES,2024-09-17
SPOT-119528,45-54,Male,FR,2025-08-31
SPOT-119529,25-34,Female,FR,2026-02-28
SPOT-119530,35-44,Female,GB,2025-12-21
SPOT-119531,18-24,Male,MX,2025-07-20
SPOT-119532,18-24,Male,AR,2024-12-14
SPOT-119533,45-54,Male,ES,2023-12-11
SPOT-119534,18-24,Female,FR,2025-11-29
SPOT-119535,25-34,Female,AR,2026-04-15
SPOT-119536,25-34,Female,ES,2025-11-06
SPOT-119537,35-44,Female,ES,2025-10-20
SPOT-119538,18-24,Male,AR,2025-12-04
SPOT-119539,18-24,Male,AR,2024-04-15
SPOT-119540,45-54,Male,GB,2025-05-09
SPOT-119541,25-34,Male,AR,2025-12-08
SPOT-119542,18-24,Female,CA,2024-10-12
SPOT-119543,18-24,Female,US,2025-01-23
SPOT-119544,55+,Male,US,2026-02-10
SPOT-119545,18-24,Female,US,2024-05-05
SPOT-119546,25-34,Male,US,2026-02-02
SPOT-119547,25-34,Male,CA,2024-03-12
SPOT-119548,45-54,Male,US,2026-04-15
SPOT-119549,35-44,Female,ES,2025-12-17
SPOT-119550,25-34,Male,FR,2025-10-28
SPOT-119551,18-24,Female,FR,2024-04-17
SPOT-119552,45-54,Female,DE,2024-04-18
SPOT-119553,25-34,Female,BR,2025-03-27
SPOT-119554,45-54,Male,GB,2025-12-05
SPOT-119555,25-34,Female,US,2025-01-25
SPOT-119556,25-34,Female,US,2024-03-31
SPOT-119557,18-24,Male,US,2024-05-08
SPOT-119558,35-44,Male,DE,2025-05-03
SPOT-119559,18-24,Male,US,2024-10-02
SPOT-119560,25-34,Female,DE,2025-01-26
SPOT-119561,18-24,Female,FR,2025-07-18
SPOT-119562,18-24,Female,MX,2024-06-22
SPOT-119563,18-24,Female,MX,2025-05-24
SPOT-119564,18-24,Male,AR,2024-02-06
SPOT-119565,45-54,Male,US,2024-08-06
SPOT-119566,25-34,Male,AR,2026-03-06
SPOT-119567,35-44,Male,US,2025-05-23
SPOT-119568,18-24,Female,GB,2024-12-03
SPOT-119569,25-34,Female,GB,2024-09-22
SPOT-119570,25-34,Non-binary,US,2025-06-19
SPOT-119571,55+,Male,US,2025-03-26
SPOT-119572,35-44,Male,AU,2025-10-12
SPOT-119573,25-34,Female,MX,2024-01-25
SPOT-119574,35-44,Male,BR,2026-01-10
SPOT-119575,18-24,Male,ES,2024-10-16
SPOT-119576,25-34,Male,AR,2024-07-23
SPOT-119577,18-24,Male,US,2024-04-20
SPOT-119578,18-24,Non-binary,ES,2024-10-08
SPOT-119579,18-24,Male,CA,2026-03-28
SPOT-119580,35-44,Female,BR,2024-08-15
SPOT-119581,25-34,Female,MX,2024-03-25
SPOT-119582,35-44,Male,FR,2025-04-21
SPOT-119583,25-34,Female,MX,2024-07-28
SPOT-119584,18-24,Male,AU,2026-02-27
SPOT-119585,35-44,Male,GB,2024-11-15
SPOT-119586,35-44,Female,AR,2023-12-24
SPOT-119587,45-54,Male,MX,2023-12-05
SPOT-119588,25-34,Male,GB,2023-11-13
SPOT-119589,35-44,Male,FR,2025-04-20
SPOT-119590,35-44,Male,AU,2024-10-14
SPOT-119591,18-24,Male,US,2025-04-22
SPOT-119592,18-24,Male,CA,2026-04-09
SPOT-119593,18-24,Male,US,2026-05-27
SPOT-119594,18-24,Female,US,2025-09-15
SPOT-119595,25-34,Male,US,2024-02-03
SPOT-119596,55+,Male,CA,2024-09-22
SPOT-119597,25-34,Male,ES,2024-06-22
SPOT-119598,35-44,Female,US,2024-10-31
SPOT-119599,25-34,Female,MX,2026-05-28
SPOT-119600,18-24,Female,US,2023-12-24
SPOT-119601,18-24,Female,ES,2024-01-16
SPOT-119602,25-34,Male,DE,2023-12-10
SPOT-119603,35-44,Male,US,2024-03-07
SPOT-119604,55+,Female,AR,2025-01-11
SPOT-119605,25-34,Female,BR,2024-01-04
SPOT-119606,45-54,Male,ES,2025-09-24
SPOT-119607,25-34,Female,MX,2025-05-01
SPOT-119608,25-34,Female,DE,2024-12-25
SPOT-119609,25-34,Female,MX,2024-09-17
SPOT-119610,18-24,Female,US,2024-01-11
SPOT-119611,18-24,Female,GB,2025-09-20
SPOT-119612,18-24,Male,ES,2023-12-30
SPOT-119613,25-34,Male,ES,2026-03-24
SPOT-119614,35-44,Male,FR,2025-04-24
SPOT-119615,18-24,Male,MX,2024-05-27
SPOT-119616,25-34,Female,CA,2025-05-04
SPOT-119617,18-24,Male,BR,2026-05-28
SPOT-119618,35-44,Female,BR,2025-04-09
SPOT-119619,35-44,Female,US,2024-10-24
SPOT-119620,35-44,Female,ES,2024-11-13
SPOT-119621,25-34,Female,MX,2026-04-30
SPOT-119622,18-24,Male,DE,2025-02-10
SPOT-119623,35-44,Male,US,2024-06-20
SPOT-119624,18-24,Female,US,2024-02-15
SPOT-119625,18-24,Male,US,2024-03-20
SPOT-119626,18-24,Male,DE,2023-12-02
SPOT-119627,25-34,Female,US,2024-11-19
SPOT-119628,25-34,Male,FR,2026-03-02
SPOT-119629,25-34,Male,FR,2025-06-27
SPOT-119630,25-34,Non-binary,FR,2023-12-06
SPOT-119631,18-24,Female,MX,2024-04-10
SPOT-119632,45-54,Female,BR,2025-12-31
SPOT-119633,25-34,Male,FR,2026-02-06
SPOT-119634,25-34,Male,DE,2025-10-23
SPOT-119635,25-34,Female,US,2025-07-31
SPOT-119636,18-24,Female,BR,2025-01-14
SPOT-119637,18-24,Female,BR,2024-10-24
SPOT-119638,25-34,Female,BR,2025-06-16
SPOT-119639,18-24,Female,US,2024-01-27
SPOT-119640,18-24,Male,AR,2025-07-19
SPOT-119641,45-54,Male,ES,2023-11-17
SPOT-119642,25-34,Female,US,2026-04-04
SPOT-119643,25-34,Non-binary,BR,2024-07-26
SPOT-119644,25-34,Male,AR,2023-12-09
SPOT-119645,55+,Female,US,2024-08-12
SPOT-119646,18-24,Female,GB,2024-06-16
SPOT-119647,35-44,Male,BR,2025-04-11
SPOT-119648,25-34,Female,AR,2024-07-03
SPOT-119649,18-24,Male,AR,2024-01-20
SPOT-119650,18-24,Female,US,2025-07-24
SPOT-119651,25-34,Female,DE,2024-07-20
SPOT-119652,25-34,Female,GB,2025-11-19
SPOT-119653,18-24,Male,DE,2024-11-14
SPOT-119654,25-34,Male,BR,2025-03-04
SPOT-119655,25-34,Female,BR,2026-02-09
SPOT-119656,25-34,Male,US,2025-03-16
SPOT-119657,45-54,Male,US,2024-04-15
SPOT-119658,45-54,Male,US,2025-11-21
SPOT-119659,25-34,Female,AR,2026-05-12
SPOT-119660,55+,Male,US,2026-05-30
SPOT-119661,18-24,Female,US,2026-04-22
SPOT-119662,18-24,Female,AU,2025-02-15
SPOT-119663,25-34,Female,US,2024-11-16
SPOT-119664,25-34,Female,US,2024-11-24
SPOT-119665,25-34,Male,DE,2025-09-22
SPOT-119666,25-34,Female,US,2024-01-03
SPOT-119667,18-24,Male,BR,2023-12-05
SPOT-119668,18-24,Female,GB,2024-10-23
SPOT-119669,45-54,Female,US,2024-01-20
SPOT-119670,45-54,Male,AU,2025-04-13
SPOT-119671,25-34,Male,GB,2026-03-25
SPOT-119672,25-34,Male,MX,2026-02-16
SPOT-119673,25-34,Female,FR,2025-09-19
SPOT-119674,18-24,Female,CA,2025-02-02
SPOT-119675,25-34,Female,DE,2024-09-25
SPOT-119676,25-34,Male,AU,2025-10-16
SPOT-119677,25-34,Male,ES,2024-12-18
SPOT-119678,18-24,Female,BR,2024-05-16
SPOT-119679,55+,Female,MX,2026-02-09
SPOT-119680,35-44,Male,GB,2025-07-13
SPOT-119681,18-24,Male,DE,2024-12-01
SPOT-119682,25-34,Female,BR,2025-06-08
SPOT-119683,45-54,Male,GB,2025-12-06
SPOT-119684,18-24,Male,ES,2026-06-01
SPOT-119685,25-34,Male,GB,2024-10-21
SPOT-119686,25-34,Male,AR,2025-04-28
SPOT-119687,25-34,Male,US,2024-11-18
SPOT-119688,35-44,Female,US,2024-06-11
SPOT-119689,25-34,Male,ES,2026-01-09
SPOT-119690,18-24,Male,GB,2024-09-25
SPOT-119691,18-24,Female,AR,2025-04-14
SPOT-119692,18-24,Non-binary,AR,2026-04-08
SPOT-119693,25-34,Female,GB,2024-01-11
SPOT-119694,35-44,Female,US,2024-03-26
SPOT-119695,18-24,Female,US,2024-03-21
SPOT-119696,25-34,Female,ES,2024-04-07
SPOT-119697,25-34,Non-binary,AR,2025-07-21
SPOT-119698,18-24,Female,DE,2025-04-13
SPOT-119699,25-34,Female,US,2025-07-01
SPOT-119700,25-34,Female,US,2025-06-24
SPOT-119701,25-34,Female,US,2025-10-09
SPOT-119702,18-24,Female,AU,2025-01-31
SPOT-119703,25-34,Female,US,2024-08-28
SPOT-119704,55+,Male,US,2025-07-13
SPOT-119705,25-34,Female,AR,2025-01-19
SPOT-119706,25-34,Male,MX,2023-12-31
SPOT-119707,25-34,Male,BR,2024-03-10
SPOT-119708,18-24,Female,DE,2025-01-08
SPOT-119709,25-34,Male,ES,2024-09-06
SPOT-119710,18-24,Male,MX,2025-01-19
SPOT-119711,18-24,Male,DE,2026-04-23
SPOT-119712,25-34,Male,US,2025-05-14
SPOT-119713,18-24,Male,AR,2024-10-09
SPOT-119714,25-34,Female,US,2025-04-03
SPOT-119715,18-24,Female,BR,2024-06-26
SPOT-119716,18-24,Male,MX,2024-12-15
SPOT-119717,35-44,Female,MX,2025-09-07
SPOT-119718,45-54,Female,MX,2024-06-07
SPOT-119719,18-24,Male,MX,2024-05-29
SPOT-119720,25-34,Female,FR,2025-07-21
SPOT-119721,18-24,Male,GB,2025-07-10
SPOT-119722,25-34,Female,MX,2025-04-15
SPOT-119723,25-34,Male,MX,2025-12-11
SPOT-119724,18-24,Non-binary,BR,2026-03-09
SPOT-119725,35-44,Male,CA,2025-08-08
SPOT-119726,18-24,Female,MX,2026-05-19
SPOT-119727,18-24,Male,DE,2024-12-08
SPOT-119728,35-44,Female,AR,2025-03-16
SPOT-119729,25-34,Male,BR,2023-11-26
SPOT-119730,25-34,Male,BR,2026-02-10
SPOT-119731,25-34,Male,BR,2024-09-02
SPOT-119732,25-34,Male,GB,2026-05-09
SPOT-119733,25-34,Female,ES,2024-03-04
SPOT-119734,25-34,Male,US,2025-01-05
SPOT-119735,25-34,Female,FR,2026-03-30
SPOT-119736,25-34,Male,ES,2024-02-02
SPOT-119737,25-34,Male,GB,2025-12-13
SPOT-119738,35-44,Male,US,2025-12-31
SPOT-119739,25-34,Female,DE,2025-05-07
SPOT-119740,25-34,Female,AR,2026-03-12
SPOT-119741,25-34,Male,US,2025-12-26
SPOT-119742,25-34,Female,DE,2025-07-03
SPOT-119743,25-34,Female,GB,2024-09-23
SPOT-119744,45-54,Male,FR,2024-03-05
SPOT-119745,25-34,Female,DE,2024-04-24
SPOT-119746,45-54,Male,MX,2024-11-18
SPOT-119747,35-44,Male,GB,2025-05-21
SPOT-119748,55+,Male,GB,2025-02-11
SPOT-119749,25-34,Female,GB,2024-05-27
SPOT-119750,55+,Male,MX,2025-05-05
SPOT-119751,18-24,Male,AU,2025-10-06
SPOT-119752,18-24,Male,US,2026-04-18
SPOT-119753,25-34,Male,MX,2024-07-05
SPOT-119754,55+,Male,GB,2026-03-10
SPOT-119755,25-34,Female,BR,2025-11-02
SPOT-119756,18-24,Male,BR,2025-10-11
SPOT-119757,25-34,Female,DE,2025-09-07
SPOT-119758,25-34,Male,BR,2025-03-25
SPOT-119759,18-24,Female,FR,2025-07-02
SPOT-119760,35-44,Male,US,2026-03-12
SPOT-119761,55+,Female,AR,2025-11-29
SPOT-119762,45-54,Female,DE,2026-04-02
SPOT-119763,18-24,Male,GB,2025-08-28
SPOT-119764,18-24,Female,US,2024-04-22
SPOT-119765,25-34,Male,AR,2024-08-01
SPOT-119766,25-34,Male,BR,2025-05-07
SPOT-119767,18-24,Female,ES,2024-05-18
SPOT-119768,35-44,Male,GB,2023-11-25
SPOT-119769,25-34,Male,DE,2024-03-03
SPOT-119770,45-54,Male,CA,2025-10-31
SPOT-119771,45-54,Male,AU,2025-05-04
SPOT-119772,18-24,Female,ES,2024-06-01
SPOT-119773,55+,Male,ES,2026-04-19
SPOT-119774,35-44,Female,MX,2026-03-08
SPOT-119775,25-34,Male,BR,2024-11-23
SPOT-119776,25-34,Male,BR,2026-01-29
SPOT-119777,25-34,Female,AU,2025-10-01
SPOT-119778,18-24,Female,ES,2024-11-25
SPOT-119779,25-34,Male,MX,2026-01-29
SPOT-119780,18-24,Female,US,2024-05-12
SPOT-119781,25-34,Male,AU,2024-06-29
SPOT-119782,18-24,Male,BR,2025-03-29
SPOT-119783,18-24,Non-binary,CA,2025-02-04
SPOT-119784,25-34,Female,ES,2024-02-25
SPOT-119785,25-34,Female,US,2025-10-20
SPOT-119786,25-34,Female,BR,2025-12-09
SPOT-119787,18-24,Male,FR,2026-03-20
SPOT-119788,45-54,Female,US,2024-05-11
SPOT-119789,25-34,Male,FR,2024-12-30
SPOT-119790,18-24,Female,MX,2024-07-29
SPOT-119791,25-34,Female,US,2026-05-26
SPOT-119792,25-34,Female,DE,2025-01-14
SPOT-119793,18-24,Female,US,2026-04-12
SPOT-119794,25-34,Male,US,2026-03-14
SPOT-119795,35-44,Male,FR,2025-02-18
SPOT-119796,35-44,Male,ES,2024-12-30
SPOT-119797,18-24,Female,GB,2025-07-20
SPOT-119798,45-54,Female,US,2024-02-21
SPOT-119799,18-24,Male,US,2024-08-18
SPOT-119800,45-54,Female,CA,2026-03-26
SPOT-119801,18-24,Female,MX,2025-06-21
SPOT-119802,25-34,Female,US,2026-03-08
SPOT-119803,25-34,Male,MX,2024-08-20
SPOT-119804,18-24,Female,AU,2024-02-22
SPOT-119805,35-44,Female,AR,2026-01-30
SPOT-119806,25-34,Female,DE,2025-08-21
SPOT-119807,18-24,Male,AR,2026-01-18
SPOT-119808,25-34,Female,ES,2023-12-23
SPOT-119809,25-34,Female,US,2025-01-31
SPOT-119810,18-24,Female,CA,2025-07-16
SPOT-119811,55+,Male,FR,2025-11-18
SPOT-119812,45-54,Male,BR,2024-06-16
SPOT-119813,18-24,Female,BR,2024-06-12
SPOT-119814,25-34,Male,US,2025-04-10
SPOT-119815,18-24,Female,AR,2026-03-16
SPOT-119816,35-44,Male,DE,2023-12-08
SPOT-119817,45-54,Male,BR,2026-02-17
SPOT-119818,25-34,Male,US,2024-09-17
SPOT-119819,35-44,Male,US,2024-09-14
SPOT-119820,25-34,Female,AU,2024-11-01
SPOT-119821,25-34,Male,BR,2024-08-22
SPOT-119822,45-54,Female,AR,2025-05-13
SPOT-119823,25-34,Female,AR,2024-08-17
SPOT-119824,25-34,Male,AU,2025-05-24
SPOT-119825,25-34,Female,AU,2025-11-24
SPOT-119826,18-24,Female,DE,2026-01-19
SPOT-119827,18-24,Female,AU,2025-08-31
SPOT-119828,45-54,Female,GB,2025-11-27
SPOT-119829,25-34,Male,MX,2025-09-12
SPOT-119830,35-44,Male,AR,2025-06-01
SPOT-119831,18-24,Male,CA,2026-03-05
SPOT-119832,25-34,Male,BR,2026-04-06
SPOT-119833,55+,Female,DE,2024-08-24
SPOT-119834,18-24,Female,ES,2024-03-27
SPOT-119835,18-24,Male,DE,2026-02-14
SPOT-119836,25-34,Male,MX,2024-02-02
SPOT-119837,25-34,Male,AR,2026-04-10
SPOT-119838,18-24,Male,AR,2024-07-09
SPOT-119839,45-54,Female,GB,2024-05-29
SPOT-119840,55+,Female,BR,2025-09-20
SPOT-119841,25-34,Male,US,2025-05-19
SPOT-119842,35-44,Male,AR,2024-08-03
SPOT-119843,45-54,Male,US,2024-07-10
SPOT-119844,35-44,Female,FR,2024-05-30
SPOT-119845,18-24,Non-binary,DE,2026-05-03
SPOT-119846,18-24,Male,US,2026-05-30
SPOT-119847,18-24,Female,AR,2025-04-16
SPOT-119848,18-24,Female,US,2025-08-07
SPOT-119849,18-24,Male,DE,2026-03-01
SPOT-119850,25-34,Female,BR,2025-05-16
SPOT-119851,18-24,Male,GB,2024-05-03
SPOT-119852,18-24,Female,US,2024-12-16
SPOT-119853,25-34,Female,DE,2025-01-16
SPOT-119854,18-24,Male,US,2024-09-03
SPOT-119855,35-44,Non-binary,ES,2026-02-27
SPOT-119856,18-24,Male,US,2023-12-08
SPOT-119857,35-44,Female,BR,2024-12-08
SPOT-119858,55+,Male,BR,2026-05-29
SPOT-119859,35-44,Female,CA,2025-11-21
SPOT-119860,35-44,Male,US,2023-12-25
SPOT-119861,45-54,Non-binary,CA,2025-11-17
SPOT-119862,18-24,Male,US,2024-09-22
SPOT-119863,55+,Male,AR,2024-09-22
SPOT-119864,35-44,Female,US,2025-04-10
SPOT-119865,35-44,Non-binary,AU,2024-10-25
SPOT-119866,25-34,Male,AR,2025-07-02
SPOT-119867,25-34,Male,US,2026-04-16
SPOT-119868,25-34,Male,US,2025-02-18
SPOT-119869,25-34,Male,BR,2024-10-21
SPOT-119870,35-44,Female,BR,2025-01-31
SPOT-119871,18-24,Male,MX,2024-08-16
SPOT-119872,25-34,Female,DE,2026-04-16
SPOT-119873,25-34,Female,ES,2023-11-11
SPOT-119874,18-24,Male,GB,2026-01-25
SPOT-119875,18-24,Female,US,2025-05-18
SPOT-119876,18-24,Female,US,2024-12-22
SPOT-119877,25-34,Male,GB,2024-12-18
SPOT-119878,25-34,Male,DE,2025-04-13
SPOT-119879,18-24,Male,MX,2025-05-13
SPOT-119880,45-54,Female,AR,2026-04-05
SPOT-119881,35-44,Male,US,2024-05-01
SPOT-119882,35-44,Female,BR,2025-03-17
SPOT-119883,18-24,Female,US,2025-02-18
SPOT-119884,25-34,Male,AU,2025-09-15
SPOT-119885,25-34,Female,MX,2025-11-21
SPOT-119886,55+,Male,MX,2025-10-05
SPOT-119887,35-44,Female,BR,2025-12-18
SPOT-119888,25-34,Male,GB,2026-04-20
SPOT-119889,45-54,Male,US,2025-12-16
SPOT-119890,18-24,Female,MX,2024-01-21
SPOT-119891,18-24,Female,CA,2023-12-27
SPOT-119892,25-34,Female,US,2024-11-06
SPOT-119893,18-24,Female,BR,2026-03-20
SPOT-119894,18-24,Male,BR,2024-03-31
SPOT-119895,35-44,Male,MX,2026-04-13
SPOT-119896,18-24,Female,BR,2024-10-04
SPOT-119897,25-34,Female,GB,2025-02-25
SPOT-119898,45-54,Non-binary,MX,2025-05-03
SPOT-119899,18-24,Non-binary,GB,2024-05-06
SPOT-119900,18-24,Male,MX,2024-06-03
SPOT-119901,18-24,Female,GB,2025-08-02
SPOT-119902,18-24,Male,US,2025-07-07
SPOT-119903,18-24,Male,US,2025-05-30
SPOT-119904,18-24,Male,AR,2024-06-07
SPOT-119905,25-34,Male,US,2025-02-12
SPOT-119906,18-24,Male,GB,2025-08-29
SPOT-119907,35-44,Male,GB,2024-02-01
SPOT-119908,45-54,Male,US,2024-01-09
SPOT-119909,35-44,Male,BR,2024-02-12
SPOT-119910,25-34,Female,AR,2024-03-04
SPOT-119911,18-24,Male,AU,2025-08-13
SPOT-119912,35-44,Female,CA,2024-12-13
SPOT-119913,25-34,Male,US,2025-09-23
SPOT-119914,18-24,Female,GB,2026-02-20
SPOT-119915,35-44,Male,DE,2023-12-06
SPOT-119916,18-24,Male,FR,2024-05-12
SPOT-119917,18-24,Female,GB,2024-12-03
SPOT-119918,45-54,Female,BR,2024-10-26
SPOT-119919,45-54,Male,MX,2025-12-19
SPOT-119920,18-24,Male,GB,2025-03-14
SPOT-119921,25-34,Female,BR,2024-09-28
SPOT-119922,25-34,Male,US,2025-01-03
SPOT-119923,35-44,Male,BR,2024-02-07
SPOT-119924,18-24,Female,DE,2025-04-16
SPOT-119925,25-34,Female,GB,2024-06-19
SPOT-119926,55+,Male,US,2024-03-24
SPOT-119927,18-24,Female,AR,2026-01-19
SPOT-119928,45-54,Female,FR,2024-05-07
SPOT-119929,55+,Male,FR,2024-10-18
SPOT-119930,18-24,Female,DE,2024-04-22
SPOT-119931,35-44,Female,GB,2025-03-02
SPOT-119932,18-24,Female,US,2025-11-22
SPOT-119933,35-44,Non-binary,MX,2025-06-06
SPOT-119934,35-44,Male,GB,2025-06-28
SPOT-119935,18-24,Female,GB,2025-03-05
SPOT-119936,35-44,Male,DE,2024-04-17
SPOT-119937,35-44,Male,BR,2024-12-06
SPOT-119938,25-34,Female,US,2025-08-23
SPOT-119939,18-24,Female,AU,2025-10-26
SPOT-119940,18-24,Female,ES,2026-04-02
SPOT-119941,25-34,Female,US,2026-06-01
SPOT-119942,55+,Female,GB,2024-09-05
SPOT-119943,35-44,Male,US,2023-12-16
SPOT-119944,25-34,Female,US,2025-09-23
SPOT-119945,25-34,Male,GB,2024-10-18
SPOT-119946,18-24,Male,ES,2025-07-12
SPOT-119947,18-24,Female,ES,2024-12-30
SPOT-119948,25-34,Female,US,2026-01-14
SPOT-119949,25-34,Female,BR,2024-09-02
SPOT-119950,25-34,Female,AU,2023-12-01
SPOT-119951,55+,Male,MX,2023-12-25
SPOT-119952,25-34,Male,AU,2025-10-25
SPOT-119953,25-34,Female,DE,2024-05-28
SPOT-119954,18-24,Female,DE,2025-12-29
SPOT-119955,55+,Male,BR,2024-08-27
SPOT-119956,35-44,Male,CA,2025-12-14
SPOT-119957,45-54,Male,DE,2025-05-30
SPOT-119958,25-34,Female,AU,2026-05-22
SPOT-119959,25-34,Female,BR,2024-02-17
SPOT-119960,25-34,Male,US,2024-03-24
SPOT-119961,18-24,Male,US,2026-05-03
SPOT-119962,25-34,Male,US,2024-08-07
SPOT-119963,45-54,Male,US,2025-05-08
SPOT-119964,18-24,Male,MX,2023-11-25
SPOT-119965,18-24,Male,BR,2025-12-28
SPOT-119966,35-44,Male,ES,2025-11-12
SPOT-119967,18-24,Male,AR,2025-08-30
SPOT-119968,25-34,Female,CA,2026-04-08
SPOT-119969,25-34,Male,US,2024-12-15
SPOT-119970,18-24,Female,US,2024-04-20
SPOT-119971,35-44,Female,BR,2024-05-22
SPOT-119972,25-34,Male,US,2024-06-06
SPOT-119973,45-54,Male,US,2026-03-21
SPOT-119974,35-44,Male,MX,2024-09-05
SPOT-119975,45-54,Male,ES,2023-11-15
SPOT-119976,18-24,Male,AR,2025-05-10
SPOT-119977,18-24,Female,CA,2025-09-24
SPOT-119978,18-24,Female,DE,2025-07-20
SPOT-119979,25-34,Male,AU,2024-10-17
SPOT-119980,45-54,Female,US,2024-02-01
SPOT-119981,25-34,Male,FR,2024-02-07
SPOT-119982,35-44,Male,GB,2024-06-17
SPOT-119983,18-24,Female,CA,2024-11-28
SPOT-119984,18-24,Male,US,2025-09-23
SPOT-119985,45-54,Female,ES,2024-09-03
SPOT-119986,25-34,Non-binary,DE,2025-11-16
SPOT-119987,35-44,Female,DE,2025-02-12
SPOT-119988,18-24,Male,US,2024-09-04
SPOT-119989,45-54,Female,ES,2024-08-25
SPOT-119990,25-34,Male,US,2025-04-27
SPOT-119991,35-44,Non-binary,DE,2024-03-09
SPOT-119992,18-24,Female,US,2024-06-09
SPOT-119993,25-34,Male,MX,2025-02-14
SPOT-119994,45-54,Female,US,2026-02-25
SPOT-119995,45-54,Male,BR,2025-10-15
SPOT-119996,18-24,Male,CA,2025-10-17
SPOT-119997,18-24,Male,CA,2024-06-15
SPOT-119998,25-34,Male,US,2025-07-03
SPOT-119999,18-24,Female,US,2026-03-15
SPOT-120000,35-44,Male,US,2025-01-14
SPOT-120001,18-24,Female,AR,2025-08-28
SPOT-120002,18-24,Non-binary,US,2024-01-19
SPOT-120003,25-34,Female,GB,2025-02-20
SPOT-120004,25-34,Male,US,2024-04-07
SPOT-120005,35-44,Female,AR,2026-01-16
SPOT-120006,55+,Female,AU,2025-12-07
SPOT-120007,18-24,Female,ES,2024-03-23
SPOT-120008,35-44,Male,AR,2026-02-19
SPOT-120009,18-24,Female,MX,2025-10-16
SPOT-120010,25-34,Female,BR,2025-03-25
SPOT-120011,18-24,Female,ES,2024-02-14
SPOT-120012,18-24,Female,US,2025-07-31
SPOT-120013,18-24,Male,US,2025-03-11
SPOT-120014,18-24,Male,MX,2024-03-12
SPOT-120015,45-54,Male,GB,2024-09-16
SPOT-120016,35-44,Male,BR,2024-07-21
SPOT-120017,55+,Male,AR,2024-09-05
SPOT-120018,25-34,Male,BR,2025-06-30
SPOT-120019,18-24,Female,AR,2024-02-27
SPOT-120020,18-24,Female,DE,2024-09-10
SPOT-120021,18-24,Male,GB,2024-11-19
SPOT-120022,18-24,Male,US,2025-04-22
SPOT-120023,25-34,Male,US,2025-01-08
SPOT-120024,25-34,Female,US,2023-12-04
SPOT-120025,25-34,Female,US,2025-08-04
SPOT-120026,18-24,Male,GB,2025-12-15
SPOT-120027,18-24,Female,GB,2023-11-25
SPOT-120028,18-24,Male,DE,2024-10-30
SPOT-120029,18-24,Non-binary,BR,2024-10-24
SPOT-120030,35-44,Female,ES,2025-08-08
SPOT-120031,18-24,Female,US,2024-01-07
SPOT-120032,35-44,Male,ES,2024-08-26
SPOT-120033,25-34,Male,US,2025-01-24
SPOT-120034,18-24,Male,AU,2026-01-12
SPOT-120035,35-44,Female,GB,2026-05-08
SPOT-120036,25-34,Male,AR,2024-06-02
SPOT-120037,18-24,Female,US,2024-05-05
SPOT-120038,45-54,Female,AU,2024-08-18
SPOT-120039,18-24,Female,AR,2025-05-19
SPOT-120040,18-24,Female,GB,2025-07-26
SPOT-120041,35-44,Female,DE,2025-06-05
SPOT-120042,35-44,Male,US,2025-12-28
SPOT-120043,18-24,Female,GB,2025-11-05
SPOT-120044,18-24,Female,GB,2025-11-09
SPOT-120045,45-54,Female,DE,2026-01-26
SPOT-120046,18-24,Female,US,2024-07-06
SPOT-120047,18-24,Female,BR,2025-09-30
SPOT-120048,25-34,Female,MX,2024-02-15
SPOT-120049,45-54,Non-binary,DE,2024-01-25
SPOT-120050,18-24,Male,US,2025-09-15
SPOT-120051,35-44,Female,BR,2026-04-15
SPOT-120052,25-34,Male,US,2026-02-19
SPOT-120053,25-34,Male,GB,2024-11-07
SPOT-120054,35-44,Male,BR,2025-12-08
SPOT-120055,55+,Male,GB,2025-08-02
SPOT-120056,18-24,Male,GB,2026-02-25
SPOT-120057,18-24,Male,AR,2026-03-26
SPOT-120058,45-54,Male,CA,2024-09-13
SPOT-120059,25-34,Female,AR,2026-03-27
SPOT-120060,25-34,Male,US,2026-01-09
SPOT-120061,25-34,Male,GB,2026-01-25
SPOT-120062,35-44,Male,ES,2026-04-03
SPOT-120063,35-44,Male,AU,2025-09-10
SPOT-120064,45-54,Female,US,2023-11-16
SPOT-120065,25-34,Female,FR,2024-09-04
SPOT-120066,18-24,Female,ES,2024-07-02
SPOT-120067,25-34,Male,AU,2025-03-26
SPOT-120068,25-34,Male,US,2024-12-05
SPOT-120069,25-34,Male,DE,2025-04-03
SPOT-120070,25-34,Female,BR,2024-10-08
SPOT-120071,18-24,Female,MX,2025-10-30
SPOT-120072,25-34,Female,MX,2025-01-20
SPOT-120073,25-34,Male,CA,2025-12-01
SPOT-120074,35-44,Male,AR,2024-09-12
SPOT-120075,25-34,Male,US,2025-06-05
SPOT-120076,18-24,Female,BR,2026-03-03
SPOT-120077,25-34,Male,DE,2024-06-10
SPOT-120078,35-44,Male,AU,2025-12-03
SPOT-120079,25-34,Female,DE,2025-11-21
SPOT-120080,25-34,Female,MX,2025-03-17
SPOT-120081,25-34,Male,GB,2023-12-19
SPOT-120082,18-24,Male,MX,2025-12-12
SPOT-120083,35-44,Female,US,2024-04-01
SPOT-120084,18-24,Female,MX,2025-09-17
SPOT-120085,25-34,Female,FR,2025-03-05
SPOT-120086,18-24,Male,US,2026-03-06
SPOT-120087,18-24,Female,BR,2024-10-20
SPOT-120088,25-34,Female,AU,2024-09-13
SPOT-120089,25-34,Female,US,2024-11-11
SPOT-120090,35-44,Male,US,2024-10-31
SPOT-120091,35-44,Male,BR,2026-01-24
SPOT-120092,35-44,Male,FR,2026-05-28
SPOT-120093,25-34,Female,BR,2026-02-02
SPOT-120094,25-34,Male,BR,2024-05-25
SPOT-120095,25-34,Male,US,2025-08-17
SPOT-120096,25-34,Male,AU,2024-02-01
SPOT-120097,25-34,Female,GB,2026-01-29
SPOT-120098,45-54,Female,GB,2025-05-24
SPOT-120099,18-24,Female,DE,2024-11-09
SPOT-120100,45-54,Female,DE,2026-05-12
SPOT-120101,18-24,Non-binary,DE,2025-03-24
SPOT-120102,18-24,Male,MX,2024-01-12
SPOT-120103,18-24,Female,FR,2025-10-25
SPOT-120104,25-34,Male,US,2025-10-05
SPOT-120105,18-24,Male,BR,2024-12-24
SPOT-120106,45-54,Male,DE,2023-11-08
SPOT-120107,35-44,Male,US,2025-01-22
SPOT-120108,25-34,Male,AR,2024-02-15
SPOT-120109,25-34,Male,US,2024-06-24
SPOT-120110,45-54,Male,US,2026-01-11
SPOT-120111,35-44,Male,US,2026-04-12
SPOT-120112,25-34,Male,US,2024-05-12
SPOT-120113,35-44,Female,US,2024-06-15
SPOT-120114,25-34,Female,GB,2025-02-03
SPOT-120115,25-34,Female,MX,2024-03-22
SPOT-120116,18-24,Female,US,2024-02-25
SPOT-120117,25-34,Female,FR,2024-01-04
SPOT-120118,18-24,Female,GB,2025-05-22
SPOT-120119,25-34,Female,MX,2025-06-20
SPOT-120120,25-34,Male,US,2026-02-22
SPOT-120121,55+,Male,GB,2025-06-22
SPOT-120122,55+,Male,US,2025-08-04
SPOT-120123,25-34,Female,US,2025-11-15
SPOT-120124,25-34,Female,DE,2025-08-05
SPOT-120125,18-24,Male,BR,2024-12-16
SPOT-120126,25-34,Male,US,2024-06-19
SPOT-120127,18-24,Male,ES,2026-03-12
SPOT-120128,18-24,Female,US,2025-08-19
SPOT-120129,25-34,Female,US,2025-05-01
SPOT-120130,18-24,Male,GB,2026-05-10
SPOT-120131,18-24,Male,BR,2025-09-02
SPOT-120132,35-44,Female,AU,2025-01-16
SPOT-120133,18-24,Female,DE,2023-12-30
SPOT-120134,18-24,Female,DE,2024-03-30
SPOT-120135,18-24,Male,US,2024-04-08
SPOT-120136,18-24,Male,ES,2025-05-17
SPOT-120137,18-24,Male,US,2025-07-14
SPOT-120138,35-44,Female,ES,2025-04-16
SPOT-120139,18-24,Female,CA,2024-08-01
SPOT-120140,35-44,Male,ES,2026-01-23
SPOT-120141,18-24,Female,MX,2026-03-14
SPOT-120142,25-34,Male,MX,2025-11-20
SPOT-120143,25-34,Non-binary,DE,2024-02-15
SPOT-120144,25-34,Male,US,2023-11-19
SPOT-120145,25-34,Male,ES,2025-01-10
SPOT-120146,45-54,Female,BR,2025-10-27
SPOT-120147,18-24,Female,MX,2024-09-03
SPOT-120148,25-34,Female,DE,2025-02-02
SPOT-120149,45-54,Non-binary,US,2023-12-17
SPOT-120150,18-24,Male,AR,2025-02-27
SPOT-120151,18-24,Male,GB,2024-04-08
SPOT-120152,18-24,Female,FR,2026-01-28
SPOT-120153,25-34,Female,AU,2026-03-09
SPOT-120154,18-24,Male,AR,2025-12-12
SPOT-120155,18-24,Female,US,2024-08-20
SPOT-120156,25-34,Female,FR,2026-04-25
SPOT-120157,25-34,Male,BR,2024-07-01
SPOT-120158,18-24,Male,US,2024-07-08
SPOT-120159,18-24,Male,US,2024-04-07
SPOT-120160,25-34,Male,GB,2025-03-30
SPOT-120161,45-54,Female,US,2026-03-01
SPOT-120162,25-34,Male,US,2024-09-11
SPOT-120163,35-44,Male,AU,2024-11-15
SPOT-120164,25-34,Female,AR,2025-06-04
SPOT-120165,18-24,Female,ES,2023-12-24
SPOT-120166,25-34,Female,US,2025-10-26
SPOT-120167,35-44,Male,US,2024-05-19
SPOT-120168,25-34,Female,BR,2026-03-27
SPOT-120169,35-44,Female,ES,2025-09-15
SPOT-120170,55+,Male,AU,2024-07-28
SPOT-120171,18-24,Female,AR,2024-08-25
SPOT-120172,18-24,Male,FR,2025-04-29
SPOT-120173,18-24,Female,US,2026-03-05
SPOT-120174,25-34,Female,US,2026-01-06
SPOT-120175,18-24,Female,US,2026-01-22
SPOT-120176,45-54,Male,US,2026-02-27
SPOT-120177,18-24,Female,AR,2024-06-20
SPOT-120178,18-24,Female,CA,2023-12-17
SPOT-120179,18-24,Female,GB,2024-07-02
SPOT-120180,45-54,Male,FR,2024-09-12
SPOT-120181,25-34,Female,US,2025-05-28
SPOT-120182,45-54,Male,MX,2026-02-14
SPOT-120183,55+,Female,BR,2024-03-07
SPOT-120184,25-34,Female,GB,2024-11-14
SPOT-120185,18-24,Male,ES,2025-03-20
SPOT-120186,18-24,Male,US,2025-05-26
SPOT-120187,18-24,Female,DE,2024-08-30
SPOT-120188,35-44,Male,ES,2025-10-26
SPOT-120189,18-24,Female,GB,2025-11-18
SPOT-120190,18-24,Female,FR,2024-12-24
SPOT-120191,25-34,Female,FR,2026-04-19
SPOT-120192,25-34,Male,US,2024-06-19
SPOT-120193,25-34,Female,DE,2024-03-13
SPOT-120194,25-34,Female,DE,2023-11-18
SPOT-120195,35-44,Male,DE,2025-02-02
SPOT-120196,25-34,Male,BR,2024-07-16
SPOT-120197,18-24,Male,US,2024-01-25
SPOT-120198,35-44,Female,FR,2025-09-19
SPOT-120199,55+,Female,GB,2025-09-24
SPOT-120200,18-24,Male,US,2025-11-25
SPOT-120201,25-34,Female,MX,2024-08-29
SPOT-120202,25-34,Female,MX,2025-06-09
SPOT-120203,18-24,Male,AU,2025-08-26
SPOT-120204,45-54,Female,ES,2024-12-08
SPOT-120205,18-24,Female,GB,2025-05-23
SPOT-120206,35-44,Non-binary,AU,2024-09-29
SPOT-120207,25-34,Male,GB,2024-11-10
SPOT-120208,25-34,Male,AR,2024-08-02
SPOT-120209,18-24,Female,GB,2024-04-11
SPOT-120210,18-24,Male,US,2025-10-23
SPOT-120211,18-24,Female,ES,2024-07-20
SPOT-120212,18-24,Female,GB,2025-02-15
SPOT-120213,18-24,Female,GB,2024-09-04
SPOT-120214,35-44,Male,ES,2024-04-03
SPOT-120215,25-34,Female,GB,2025-10-08
SPOT-120216,35-44,Male,US,2025-10-28
SPOT-120217,25-34,Female,DE,2026-03-31
SPOT-120218,35-44,Female,AR,2025-11-28
SPOT-120219,55+,Male,US,2024-11-18
SPOT-120220,18-24,Male,BR,2025-04-23
SPOT-120221,45-54,Female,US,2026-01-10
SPOT-120222,25-34,Female,US,2025-09-28
SPOT-120223,35-44,Female,DE,2025-07-01
SPOT-120224,25-34,Female,MX,2024-08-05
SPOT-120225,25-34,Male,GB,2026-01-09
SPOT-120226,18-24,Female,DE,2024-10-18
SPOT-120227,18-24,Male,BR,2024-02-02
SPOT-120228,25-34,Female,AR,2026-01-24
SPOT-120229,55+,Male,AR,2026-02-04
SPOT-120230,35-44,Female,US,2025-04-09
SPOT-120231,18-24,Female,DE,2025-08-28
SPOT-120232,35-44,Male,MX,2025-06-20
SPOT-120233,35-44,Male,FR,2025-02-14
SPOT-120234,18-24,Male,US,2026-02-16
SPOT-120235,18-24,Female,MX,2024-11-17
SPOT-120236,18-24,Male,AR,2025-07-06
SPOT-120237,45-54,Male,GB,2025-07-01
SPOT-120238,35-44,Male,US,2023-11-09
SPOT-120239,18-24,Non-binary,DE,2025-02-12
SPOT-120240,18-24,Female,AU,2025-05-04
SPOT-120241,35-44,Male,MX,2025-01-26
SPOT-120242,45-54,Female,DE,2023-12-09
SPOT-120243,35-44,Non-binary,US,2025-04-19
SPOT-120244,25-34,Female,BR,2025-04-16
SPOT-120245,18-24,Male,GB,2025-04-19
SPOT-120246,25-34,Male,US,2025-08-28
SPOT-120247,18-24,Male,BR,2023-12-16
SPOT-120248,35-44,Male,GB,2025-05-27
SPOT-120249,25-34,Female,US,2024-06-19
SPOT-120250,35-44,Female,ES,2025-01-10
SPOT-120251,25-34,Female,ES,2025-10-12
SPOT-120252,35-44,Female,MX,2025-03-15
SPOT-120253,18-24,Male,AR,2025-10-14
SPOT-120254,25-34,Female,US,2026-05-01
SPOT-120255,25-34,Female,GB,2024-09-06
SPOT-120256,18-24,Male,DE,2025-03-21
SPOT-120257,45-54,Female,US,2024-06-25
SPOT-120258,25-34,Male,FR,2024-05-24
SPOT-120259,25-34,Male,BR,2026-05-26
SPOT-120260,35-44,Female,GB,2025-02-18
SPOT-120261,45-54,Male,BR,2024-04-05
SPOT-120262,25-34,Female,GB,2025-06-18
SPOT-120263,45-54,Male,GB,2026-02-02
SPOT-120264,18-24,Female,DE,2025-11-27
SPOT-120265,18-24,Female,BR,2024-01-23
SPOT-120266,25-34,Non-binary,DE,2024-08-16
SPOT-120267,25-34,Female,BR,2024-07-17
SPOT-120268,25-34,Non-binary,AR,2024-11-02
SPOT-120269,18-24,Female,US,2026-05-11
SPOT-120270,25-34,Female,AR,2024-03-23
SPOT-120271,35-44,Female,US,2025-11-23
SPOT-120272,25-34,Female,GB,2024-02-22
SPOT-120273,55+,Male,BR,2025-04-17
SPOT-120274,35-44,Female,AU,2024-08-27
SPOT-120275,18-24,Female,US,2025-04-10
SPOT-120276,18-24,Female,MX,2026-01-17
SPOT-120277,18-24,Male,MX,2024-05-06
SPOT-120278,35-44,Female,BR,2024-11-30
SPOT-120279,18-24,Female,US,2024-05-14
SPOT-120280,18-24,Female,MX,2026-03-12
SPOT-120281,45-54,Female,US,2024-07-22
SPOT-120282,25-34,Male,US,2025-07-22
SPOT-120283,18-24,Female,MX,2025-09-13
SPOT-120284,18-24,Female,ES,2025-11-25
SPOT-120285,45-54,Male,FR,2026-02-06
SPOT-120286,45-54,Female,US,2024-12-12
SPOT-120287,18-24,Male,DE,2026-03-17
SPOT-120288,25-34,Male,US,2025-02-08
SPOT-120289,35-44,Female,GB,2024-03-18
SPOT-120290,35-44,Female,BR,2025-12-27
SPOT-120291,35-44,Male,BR,2024-10-25
SPOT-120292,25-34,Male,GB,2025-01-05
SPOT-120293,45-54,Male,ES,2024-03-19
SPOT-120294,18-24,Female,DE,2024-02-17
SPOT-120295,18-24,Female,BR,2025-08-23
SPOT-120296,35-44,Male,AR,2024-04-11
SPOT-120297,25-34,Male,US,2024-12-09
SPOT-120298,45-54,Male,GB,2023-11-20
SPOT-120299,18-24,Female,BR,2026-04-20
SPOT-120300,35-44,Male,ES,2025-01-15
SPOT-120301,18-24,Female,DE,2025-10-10
SPOT-120302,25-34,Female,US,2024-01-22
SPOT-120303,18-24,Male,AU,2026-02-28
SPOT-120304,25-34,Male,ES,2026-04-29
SPOT-120305,35-44,Male,ES,2023-11-24
SPOT-120306,25-34,Female,DE,2023-12-28
SPOT-120307,18-24,Female,BR,2024-10-26
SPOT-120308,25-34,Female,AU,2024-07-10
SPOT-120309,35-44,Male,BR,2025-01-23
SPOT-120310,18-24,Male,US,2025-12-04
SPOT-120311,18-24,Male,AU,2026-05-27
SPOT-120312,18-24,Male,BR,2024-04-13
SPOT-120313,45-54,Female,US,2024-10-15
SPOT-120314,25-34,Female,BR,2024-05-09
SPOT-120315,18-24,Female,US,2024-07-02
SPOT-120316,35-44,Female,BR,2025-02-12
SPOT-120317,25-34,Female,AR,2024-01-06
SPOT-120318,18-24,Female,BR,2024-05-30
SPOT-120319,55+,Female,DE,2025-01-20
SPOT-120320,25-34,Female,FR,2024-11-27
SPOT-120321,25-34,Male,CA,2025-10-27
SPOT-120322,25-34,Male,GB,2025-01-13
SPOT-120323,45-54,Male,BR,2025-10-24
SPOT-120324,18-24,Female,AU,2024-07-22
SPOT-120325,18-24,Female,US,2026-01-02
SPOT-120326,18-24,Male,GB,2025-08-21
SPOT-120327,35-44,Female,DE,2025-05-14
SPOT-120328,25-34,Male,US,2025-08-27
SPOT-120329,25-34,Female,GB,2024-04-06
SPOT-120330,18-24,Male,BR,2024-04-26
SPOT-120331,25-34,Female,US,2024-08-24
SPOT-120332,35-44,Female,MX,2025-11-06
SPOT-120333,25-34,Non-binary,GB,2026-02-28
SPOT-120334,35-44,Female,US,2024-06-25
SPOT-120335,18-24,Female,ES,2024-01-19
SPOT-120336,35-44,Male,BR,2024-12-05
SPOT-120337,18-24,Male,AR,2024-05-31
SPOT-120338,25-34,Male,GB,2026-02-07
SPOT-120339,55+,Female,US,2026-04-04
SPOT-120340,55+,Male,US,2026-03-12
SPOT-120341,18-24,Male,AR,2025-07-04
SPOT-120342,25-34,Female,DE,2024-01-28
SPOT-120343,18-24,Female,AU,2025-05-14
SPOT-120344,45-54,Female,AR,2024-04-27
SPOT-120345,25-34,Male,US,2023-12-25
SPOT-120346,25-34,Female,FR,2023-11-28
SPOT-120347,18-24,Female,US,2024-05-14
SPOT-120348,45-54,Male,BR,2023-12-16
SPOT-120349,25-34,Female,BR,2024-09-30
SPOT-120350,18-24,Male,US,2024-07-13
SPOT-120351,25-34,Female,US,2025-10-02
SPOT-120352,18-24,Male,DE,2026-02-04
SPOT-120353,25-34,Female,MX,2026-02-20
SPOT-120354,45-54,Non-binary,GB,2024-05-27
SPOT-120355,45-54,Male,BR,2025-09-04
SPOT-120356,25-34,Male,DE,2025-03-18
SPOT-120357,35-44,Male,MX,2025-10-09
SPOT-120358,25-34,Female,DE,2024-12-03
SPOT-120359,18-24,Male,FR,2024-06-17
SPOT-120360,55+,Female,AU,2025-06-12
SPOT-120361,18-24,Male,CA,2025-05-28
SPOT-120362,18-24,Female,US,2025-08-05
SPOT-120363,55+,Male,DE,2026-03-24
SPOT-120364,18-24,Female,DE,2024-08-28
SPOT-120365,35-44,Male,AR,2026-03-19
SPOT-120366,45-54,Female,GB,2024-02-15
SPOT-120367,25-34,Female,BR,2025-12-11
SPOT-120368,18-24,Female,MX,2024-02-07
SPOT-120369,25-34,Male,US,2024-02-16
SPOT-120370,18-24,Male,BR,2023-12-03
SPOT-120371,25-34,Female,US,2025-02-23
SPOT-120372,35-44,Female,US,2025-10-10
SPOT-120373,25-34,Male,GB,2025-09-16
SPOT-120374,25-34,Male,US,2023-12-13
SPOT-120375,25-34,Male,US,2024-01-17
SPOT-120376,25-34,Female,MX,2025-07-11
SPOT-120377,45-54,Female,CA,2024-07-25
SPOT-120378,18-24,Female,MX,2026-04-28
SPOT-120379,35-44,Male,GB,2025-06-06
SPOT-120380,25-34,Male,GB,2025-03-20
SPOT-120381,18-24,Female,BR,2026-05-11
SPOT-120382,18-24,Male,FR,2025-10-26
SPOT-120383,25-34,Male,US,2026-05-06
SPOT-120384,25-34,Female,DE,2024-12-05
SPOT-120385,18-24,Male,BR,2024-06-07
SPOT-120386,45-54,Female,CA,2024-11-29
SPOT-120387,25-34,Male,BR,2024-12-16
SPOT-120388,45-54,Male,AR,2025-11-26
SPOT-120389,18-24,Male,US,2025-03-08
SPOT-120390,18-24,Female,GB,2024-01-29
SPOT-120391,18-24,Female,MX,2024-07-04
SPOT-120392,18-24,Female,MX,2025-01-15
SPOT-120393,45-54,Male,FR,2025-11-07
SPOT-120394,18-24,Male,BR,2025-10-04
SPOT-120395,25-34,Male,GB,2024-09-19
SPOT-120396,18-24,Non-binary,BR,2026-04-03
SPOT-120397,25-34,Male,ES,2024-08-19
SPOT-120398,35-44,Female,AR,2024-06-14
SPOT-120399,25-34,Female,CA,2025-10-21
SPOT-120400,35-44,Male,US,2025-02-10
SPOT-120401,18-24,Female,MX,2024-06-06
SPOT-120402,45-54,Male,US,2024-01-11
SPOT-120403,35-44,Male,GB,2024-03-07
SPOT-120404,25-34,Male,US,2025-11-18
SPOT-120405,25-34,Female,ES,2025-12-18
SPOT-120406,45-54,Male,CA,2025-02-06
SPOT-120407,25-34,Male,US,2025-12-16
SPOT-120408,35-44,Male,AR,2025-05-22
SPOT-120409,25-34,Male,US,2025-11-18
SPOT-120410,18-24,Female,BR,2024-11-09
SPOT-120411,35-44,Male,ES,2024-07-02
SPOT-120412,25-34,Female,BR,2025-12-07
SPOT-120413,25-34,Female,US,2024-05-16
SPOT-120414,25-34,Female,CA,2025-12-02
SPOT-120415,18-24,Male,BR,2025-05-11
SPOT-120416,35-44,Male,CA,2024-04-10
SPOT-120417,45-54,Female,AR,2025-11-12
SPOT-120418,45-54,Male,FR,2025-01-20
SPOT-120419,18-24,Female,GB,2025-12-30
SPOT-120420,25-34,Male,AU,2023-11-27
SPOT-120421,35-44,Non-binary,FR,2024-09-10
SPOT-120422,25-34,Male,GB,2025-02-07
SPOT-120423,25-34,Male,FR,2024-10-12
SPOT-120424,45-54,Female,ES,2024-12-25
SPOT-120425,25-34,Male,ES,2024-09-07
SPOT-120426,25-34,Male,US,2024-02-17
SPOT-120427,18-24,Male,US,2025-02-08
SPOT-120428,18-24,Male,MX,2024-11-13
SPOT-120429,18-24,Male,GB,2025-01-31
SPOT-120430,45-54,Male,US,2024-06-19
SPOT-120431,25-34,Female,GB,2025-11-08
SPOT-120432,25-34,Male,AR,2026-03-16
SPOT-120433,35-44,Male,BR,2024-02-26
SPOT-120434,25-34,Female,MX,2025-10-31
SPOT-120435,25-34,Male,AR,2025-03-31
SPOT-120436,18-24,Male,GB,2025-07-24
SPOT-120437,35-44,Female,US,2025-07-18
SPOT-120438,18-24,Female,GB,2025-12-23
SPOT-120439,18-24,Male,AU,2024-08-28
SPOT-120440,18-24,Female,BR,2026-03-18
SPOT-120441,18-24,Female,BR,2025-02-11
SPOT-120442,18-24,Male,ES,2025-07-09
SPOT-120443,25-34,Female,US,2026-03-26
SPOT-120444,18-24,Male,ES,2023-12-08
SPOT-120445,25-34,Non-binary,GB,2024-05-26
SPOT-120446,18-24,Male,DE,2024-07-11
SPOT-120447,18-24,Male,GB,2024-04-18
SPOT-120448,25-34,Female,US,2025-02-20
SPOT-120449,45-54,Male,GB,2024-04-10
SPOT-120450,45-54,Male,US,2025-02-16
SPOT-120451,55+,Female,AR,2026-01-06
SPOT-120452,25-34,Male,GB,2024-02-14
SPOT-120453,25-34,Female,MX,2025-08-22
SPOT-120454,25-34,Male,GB,2024-04-07
SPOT-120455,25-34,Female,US,2023-11-08
SPOT-120456,18-24,Male,ES,2025-10-29
SPOT-120457,25-34,Female,MX,2024-12-01
SPOT-120458,25-34,Male,US,2024-11-01
SPOT-120459,25-34,Female,MX,2026-01-27
SPOT-120460,25-34,Male,US,2024-08-13
SPOT-120461,18-24,Male,US,2024-11-16
SPOT-120462,25-34,Male,ES,2024-11-05
SPOT-120463,18-24,Male,DE,2025-06-14
SPOT-120464,55+,Male,US,2025-05-08
SPOT-120465,18-24,Female,BR,2024-11-13
SPOT-120466,18-24,Male,DE,2026-05-25
SPOT-120467,45-54,Male,MX,2024-12-30
SPOT-120468,25-34,Female,US,2025-11-04
SPOT-120469,18-24,Female,AR,2026-02-22
SPOT-120470,25-34,Female,US,2025-03-04
SPOT-120471,18-24,Female,DE,2026-04-17
SPOT-120472,18-24,Male,ES,2025-08-27
SPOT-120473,18-24,Female,GB,2025-07-16
SPOT-120474,25-34,Male,CA,2026-05-05
SPOT-120475,35-44,Female,ES,2025-05-03
SPOT-120476,25-34,Female,DE,2026-04-15
SPOT-120477,25-34,Female,US,2024-09-17
SPOT-120478,18-24,Female,US,2024-06-24
SPOT-120479,18-24,Female,AR,2025-07-17
SPOT-120480,35-44,Female,US,2026-03-18
SPOT-120481,18-24,Male,GB,2026-02-20
SPOT-120482,45-54,Male,US,2026-05-26
SPOT-120483,25-34,Female,US,2024-09-06
SPOT-120484,35-44,Male,US,2024-03-03
SPOT-120485,18-24,Female,FR,2024-04-07
SPOT-120486,18-24,Female,AR,2024-05-14
SPOT-120487,35-44,Male,ES,2023-11-22
SPOT-120488,35-44,Female,AR,2024-12-28
SPOT-120489,18-24,Female,US,2024-07-14
SPOT-120490,55+,Female,AU,2024-03-07
SPOT-120491,18-24,Male,US,2024-01-19
SPOT-120492,18-24,Female,US,2024-10-25
SPOT-120493,25-34,Female,GB,2024-12-20
SPOT-120494,35-44,Female,BR,2026-05-24
SPOT-120495,55+,Female,US,2024-11-02
SPOT-120496,25-34,Female,ES,2026-05-25
SPOT-120497,18-24,Male,DE,2024-09-02
SPOT-120498,25-34,Female,BR,2024-05-12
SPOT-120499,18-24,Female,ES,2024-11-30
SPOT-120500,25-34,Female,CA,2024-08-25
SPOT-120501,25-34,Female,AR,2024-04-23
SPOT-120502,18-24,Female,BR,2024-08-06
SPOT-120503,25-34,Female,AU,2025-05-08
SPOT-120504,25-34,Male,BR,2026-02-07
SPOT-120505,35-44,Male,BR,2026-04-24
SPOT-120506,25-34,Female,US,2024-10-10
SPOT-120507,18-24,Male,US,2025-06-11
SPOT-120508,18-24,Male,US,2024-09-30
SPOT-120509,18-24,Female,BR,2024-07-17
SPOT-120510,18-24,Female,DE,2024-03-30
SPOT-120511,25-34,Female,DE,2024-05-25
SPOT-120512,55+,Female,US,2026-02-05
SPOT-120513,25-34,Male,DE,2026-03-24
SPOT-120514,25-34,Male,DE,2024-07-25
SPOT-120515,25-34,Female,MX,2024-08-12
SPOT-120516,18-24,Female,DE,2024-06-06
SPOT-120517,45-54,Female,DE,2024-01-03
SPOT-120518,55+,Male,GB,2025-02-11
SPOT-120519,25-34,Female,US,2025-03-22
SPOT-120520,18-24,Female,GB,2024-01-31
SPOT-120521,35-44,Male,US,2026-01-05
SPOT-120522,18-24,Male,US,2025-10-12
SPOT-120523,35-44,Female,GB,2026-03-26
SPOT-120524,35-44,Male,US,2025-12-17
SPOT-120525,18-24,Male,MX,2025-03-23
SPOT-120526,55+,Male,GB,2025-03-29
SPOT-120527,55+,Male,MX,2025-10-06
SPOT-120528,45-54,Male,MX,2024-05-17
SPOT-120529,25-34,Male,DE,2024-11-14
SPOT-120530,18-24,Male,DE,2026-05-01
SPOT-120531,25-34,Female,BR,2024-06-28
SPOT-120532,25-34,Male,GB,2025-01-22
SPOT-120533,18-24,Female,US,2024-01-17
SPOT-120534,25-34,Female,MX,2024-02-06
SPOT-120535,25-34,Male,MX,2025-11-04
SPOT-120536,18-24,Male,BR,2026-03-26
SPOT-120537,18-24,Female,FR,2024-08-09
SPOT-120538,18-24,Male,BR,2026-04-10
SPOT-120539,35-44,Male,GB,2024-04-23
SPOT-120540,25-34,Female,ES,2024-03-07
SPOT-120541,18-24,Male,AU,2025-09-02
SPOT-120542,55+,Female,ES,2024-04-23
SPOT-120543,18-24,Female,CA,2025-06-06
SPOT-120544,25-34,Male,US,2026-02-08
SPOT-120545,35-44,Male,US,2025-09-17
SPOT-120546,35-44,Female,US,2024-08-18
SPOT-120547,18-24,Female,ES,2026-01-18
SPOT-120548,45-54,Male,DE,2024-03-25
SPOT-120549,45-54,Male,BR,2024-01-23
SPOT-120550,25-34,Male,GB,2026-05-15
SPOT-120551,25-34,Male,ES,2024-04-20
SPOT-120552,18-24,Male,AR,2024-02-13
SPOT-120553,25-34,Male,US,2024-11-20
SPOT-120554,25-34,Female,US,2025-10-24
SPOT-120555,35-44,Non-binary,GB,2025-12-01
SPOT-120556,25-34,Female,GB,2025-07-12
SPOT-120557,25-34,Female,BR,2025-07-21
SPOT-120558,18-24,Male,ES,2025-12-09
SPOT-120559,18-24,Male,AR,2026-05-03
SPOT-120560,18-24,Female,US,2025-12-15
SPOT-120561,18-24,Female,US,2025-11-02
SPOT-120562,25-34,Female,GB,2024-11-28
SPOT-120563,35-44,Male,US,2025-03-21
SPOT-120564,25-34,Female,US,2025-07-03
SPOT-120565,25-34,Male,US,2024-05-17
SPOT-120566,25-34,Male,DE,2025-08-30
SPOT-120567,18-24,Male,BR,2025-08-08
SPOT-120568,25-34,Female,ES,2025-02-26
SPOT-120569,18-24,Male,US,2025-07-24
SPOT-120570,35-44,Female,AR,2025-12-19
SPOT-120571,18-24,Female,US,2026-01-26
SPOT-120572,18-24,Female,DE,2024-09-04
SPOT-120573,25-34,Non-binary,MX,2024-12-23
SPOT-120574,45-54,Male,GB,2024-07-02
SPOT-120575,25-34,Female,MX,2026-04-27
SPOT-120576,35-44,Female,FR,2024-04-15
SPOT-120577,25-34,Male,US,2026-03-01
SPOT-120578,25-34,Female,BR,2023-12-27
SPOT-120579,35-44,Male,US,2024-09-11
SPOT-120580,35-44,Male,GB,2026-02-24
SPOT-120581,18-24,Female,US,2025-12-22
SPOT-120582,18-24,Female,MX,2024-07-21
SPOT-120583,18-24,Male,US,2026-04-22
SPOT-120584,25-34,Female,GB,2026-04-12
SPOT-120585,45-54,Male,US,2024-09-28
SPOT-120586,18-24,Female,US,2024-12-10
SPOT-120587,25-34,Non-binary,US,2025-10-13
SPOT-120588,45-54,Female,MX,2025-05-05
SPOT-120589,25-34,Female,AU,2025-11-12
SPOT-120590,25-34,Female,BR,2026-06-01
SPOT-120591,45-54,Female,MX,2025-05-13
SPOT-120592,25-34,Male,AR,2025-01-25
SPOT-120593,25-34,Male,BR,2026-03-14
SPOT-120594,18-24,Male,GB,2024-06-30
SPOT-120595,18-24,Female,AU,2025-01-31
SPOT-120596,25-34,Female,CA,2024-09-16
SPOT-120597,25-34,Female,US,2025-02-27
SPOT-120598,55+,Female,ES,2023-11-12
SPOT-120599,55+,Female,MX,2025-07-16
SPOT-120600,45-54,Female,MX,2025-11-30
SPOT-120601,18-24,Male,AR,2026-04-12
SPOT-120602,55+,Male,MX,2025-04-18
SPOT-120603,25-34,Male,BR,2024-05-07
SPOT-120604,25-34,Female,AR,2024-09-15
SPOT-120605,35-44,Male,GB,2024-03-04
SPOT-120606,18-24,Female,MX,2023-11-11
SPOT-120607,18-24,Male,ES,2025-04-08
SPOT-120608,35-44,Male,FR,2025-10-21
SPOT-120609,25-34,Female,AU,2026-05-05
SPOT-120610,25-34,Male,BR,2024-10-31
SPOT-120611,25-34,Female,BR,2025-05-31
SPOT-120612,45-54,Female,MX,2025-02-10
SPOT-120613,25-34,Female,MX,2025-04-07
SPOT-120614,25-34,Female,ES,2024-10-18
SPOT-120615,18-24,Female,GB,2026-02-02
SPOT-120616,18-24,Male,BR,2025-03-28
SPOT-120617,55+,Female,DE,2025-01-14
SPOT-120618,25-34,Male,US,2024-05-20
SPOT-120619,25-34,Male,MX,2026-02-02
SPOT-120620,25-34,Male,FR,2024-04-13
SPOT-120621,45-54,Female,CA,2024-06-09
SPOT-120622,25-34,Female,BR,2025-11-30
SPOT-120623,25-34,Female,ES,2024-05-24
SPOT-120624,25-34,Male,ES,2024-04-21
SPOT-120625,18-24,Male,US,2024-03-30
SPOT-120626,45-54,Female,US,2025-02-17
SPOT-120627,45-54,Female,ES,2025-09-09
SPOT-120628,45-54,Male,GB,2024-12-03
SPOT-120629,45-54,Male,BR,2025-02-22
SPOT-120630,35-44,Female,BR,2025-06-04
SPOT-120631,25-34,Male,AR,2025-07-29
SPOT-120632,35-44,Female,MX,2025-01-13
SPOT-120633,25-34,Female,AR,2025-03-09
SPOT-120634,18-24,Male,ES,2025-08-20
SPOT-120635,25-34,Male,AU,2024-01-10
SPOT-120636,55+,Female,FR,2025-04-30
SPOT-120637,25-34,Male,US,2025-10-19
SPOT-120638,45-54,Male,AU,2024-05-21
SPOT-120639,18-24,Female,GB,2025-09-14
SPOT-120640,18-24,Female,MX,2025-10-25
SPOT-120641,25-34,Female,CA,2024-01-26
SPOT-120642,18-24,Female,US,2023-12-17
SPOT-120643,18-24,Female,FR,2026-01-03
SPOT-120644,18-24,Male,AU,2024-01-27
SPOT-120645,35-44,Female,FR,2026-05-07
SPOT-120646,18-24,Female,AR,2024-09-07
SPOT-120647,18-24,Male,GB,2024-08-26
SPOT-120648,18-24,Male,DE,2024-07-30
SPOT-120649,25-34,Female,ES,2024-02-08
SPOT-120650,25-34,Male,US,2024-01-01
SPOT-120651,25-34,Female,FR,2025-01-04
SPOT-120652,25-34,Female,US,2023-12-01
SPOT-120653,18-24,Female,BR,2024-09-25
SPOT-120654,35-44,Female,US,2025-04-26
SPOT-120655,35-44,Female,US,2025-04-18
SPOT-120656,18-24,Female,BR,2023-11-13
SPOT-120657,25-34,Female,MX,2025-03-18
SPOT-120658,18-24,Female,GB,2025-01-20
SPOT-120659,18-24,Female,US,2023-11-08
SPOT-120660,35-44,Male,BR,2024-03-09
SPOT-120661,25-34,Female,AR,2024-03-06
SPOT-120662,18-24,Male,US,2024-09-25
SPOT-120663,18-24,Female,MX,2025-06-07
SPOT-120664,55+,Male,DE,2025-03-31
SPOT-120665,35-44,Female,CA,2025-09-06
SPOT-120666,45-54,Non-binary,US,2025-12-08
SPOT-120667,25-34,Female,US,2026-04-08
SPOT-120668,25-34,Female,US,2023-11-22
SPOT-120669,25-34,Female,AR,2024-02-28
SPOT-120670,18-24,Male,CA,2026-01-16
SPOT-120671,25-34,Male,AR,2024-04-27
SPOT-120672,25-34,Male,ES,2025-12-19
SPOT-120673,18-24,Male,US,2025-12-29
SPOT-120674,35-44,Female,US,2024-12-25
SPOT-120675,18-24,Male,CA,2025-01-14
SPOT-120676,25-34,Female,MX,2025-02-12
SPOT-120677,18-24,Female,DE,2025-10-09
SPOT-120678,25-34,Female,MX,2025-09-21
SPOT-120679,18-24,Male,US,2023-12-03
SPOT-120680,18-24,Male,FR,2023-12-21
SPOT-120681,25-34,Male,MX,2024-06-24
SPOT-120682,25-34,Female,BR,2024-07-16
SPOT-120683,25-34,Male,DE,2025-03-07
SPOT-120684,18-24,Female,AR,2025-09-01
SPOT-120685,25-34,Female,GB,2025-10-20
SPOT-120686,25-34,Male,US,2024-05-19
SPOT-120687,18-24,Male,US,2024-09-22
SPOT-120688,35-44,Female,US,2023-11-11
SPOT-120689,25-34,Male,BR,2025-05-16
SPOT-120690,18-24,Female,MX,2025-11-23
SPOT-120691,45-54,Female,CA,2025-06-17
SPOT-120692,35-44,Male,ES,2025-04-20
SPOT-120693,55+,Female,BR,2024-03-06
SPOT-120694,25-34,Male,FR,2025-11-22
SPOT-120695,25-34,Male,FR,2024-09-15
SPOT-120696,18-24,Female,ES,2025-11-01
SPOT-120697,25-34,Male,US,2025-04-07
SPOT-120698,55+,Male,GB,2025-10-06
SPOT-120699,25-34,Female,GB,2024-10-06
SPOT-120700,45-54,Male,AU,2026-02-18
SPOT-120701,18-24,Male,DE,2025-06-06
SPOT-120702,25-34,Female,ES,2024-05-30
SPOT-120703,45-54,Male,AR,2025-04-28
SPOT-120704,35-44,Female,MX,2025-12-21
SPOT-120705,55+,Male,US,2024-07-11
SPOT-120706,35-44,Female,US,2024-04-12
SPOT-120707,25-34,Male,AR,2024-04-09
SPOT-120708,25-34,Female,ES,2024-12-10
SPOT-120709,45-54,Male,BR,2026-02-06
SPOT-120710,25-34,Female,US,2023-12-14
SPOT-120711,18-24,Female,US,2025-05-06
SPOT-120712,25-34,Male,US,2026-01-15
SPOT-120713,25-34,Male,BR,2024-02-14
SPOT-120714,18-24,Male,BR,2026-04-17
SPOT-120715,35-44,Female,CA,2025-03-24
SPOT-120716,18-24,Female,AU,2024-05-06
SPOT-120717,25-34,Female,BR,2024-04-03
SPOT-120718,35-44,Female,AR,2025-02-19
SPOT-120719,25-34,Male,AR,2024-06-12
SPOT-120720,35-44,Male,ES,2023-11-11
SPOT-120721,18-24,Female,DE,2025-03-01
SPOT-120722,55+,Male,DE,2026-05-29
SPOT-120723,18-24,Male,GB,2024-10-04
SPOT-120724,18-24,Female,CA,2026-03-15
SPOT-120725,45-54,Male,AR,2026-03-19
SPOT-120726,35-44,Male,US,2024-08-02
SPOT-120727,18-24,Female,GB,2023-11-25
SPOT-120728,55+,Male,BR,2025-11-11
SPOT-120729,25-34,Male,DE,2024-11-01
SPOT-120730,55+,Female,US,2024-02-05
SPOT-120731,25-34,Female,AR,2025-12-04
SPOT-120732,25-34,Male,US,2024-02-18
SPOT-120733,25-34,Male,GB,2026-03-25
SPOT-120734,18-24,Female,CA,2026-04-14
SPOT-120735,25-34,Male,ES,2024-09-17
SPOT-120736,25-34,Male,DE,2024-04-11
SPOT-120737,18-24,Male,CA,2025-04-13
SPOT-120738,18-24,Male,CA,2025-11-02
SPOT-120739,18-24,Female,US,2025-12-01
SPOT-120740,45-54,Female,US,2023-12-24
SPOT-120741,25-34,Male,DE,2025-11-21
SPOT-120742,35-44,Female,CA,2024-05-14
SPOT-120743,55+,Female,AR,2026-02-11
SPOT-120744,25-34,Male,US,2024-06-26
SPOT-120745,55+,Male,BR,2023-11-25
SPOT-120746,18-24,Female,ES,2024-08-05
SPOT-120747,18-24,Male,GB,2025-02-13
SPOT-120748,25-34,Female,ES,2026-03-08
SPOT-120749,25-34,Female,GB,2025-09-11
SPOT-120750,45-54,Male,GB,2024-12-02
SPOT-120751,25-34,Male,DE,2024-04-15
SPOT-120752,18-24,Male,AU,2024-03-18
SPOT-120753,35-44,Male,CA,2023-12-13
SPOT-120754,25-34,Male,CA,2025-09-07
SPOT-120755,18-24,Female,CA,2025-01-29
SPOT-120756,25-34,Male,US,2025-08-04
SPOT-120757,45-54,Female,FR,2025-01-28
SPOT-120758,35-44,Male,US,2024-10-22
SPOT-120759,25-34,Female,AR,2026-02-06
SPOT-120760,25-34,Female,BR,2025-01-01
SPOT-120761,18-24,Female,US,2023-12-16
SPOT-120762,25-34,Male,DE,2024-03-14
SPOT-120763,35-44,Male,DE,2026-05-09
SPOT-120764,25-34,Male,ES,2025-11-03
SPOT-120765,18-24,Male,MX,2025-07-09
SPOT-120766,45-54,Female,AR,2024-12-13
SPOT-120767,35-44,Female,DE,2024-05-23
SPOT-120768,25-34,Female,ES,2024-10-26
SPOT-120769,18-24,Female,AR,2025-08-10
SPOT-120770,18-24,Female,US,2024-09-21
SPOT-120771,18-24,Female,DE,2024-02-03
SPOT-120772,25-34,Male,FR,2023-12-08
SPOT-120773,18-24,Male,ES,2024-07-28
SPOT-120774,35-44,Female,DE,2024-02-18
SPOT-120775,55+,Female,US,2026-04-08
SPOT-120776,25-34,Male,US,2025-02-21
SPOT-120777,25-34,Female,US,2024-03-07
SPOT-120778,35-44,Male,US,2026-04-20
SPOT-120779,45-54,Male,DE,2025-06-02
SPOT-120780,45-54,Male,US,2025-01-01
SPOT-120781,18-24,Female,US,2025-04-14
SPOT-120782,18-24,Female,AR,2024-01-06
SPOT-120783,35-44,Female,US,2025-01-20
SPOT-120784,25-34,Male,BR,2025-06-16
SPOT-120785,18-24,Female,US,2025-11-14
SPOT-120786,25-34,Male,BR,2024-05-02
SPOT-120787,35-44,Male,GB,2026-02-02
SPOT-120788,18-24,Male,US,2024-11-20
SPOT-120789,45-54,Male,AU,2025-06-22
SPOT-120790,18-24,Male,DE,2026-05-28
SPOT-120791,35-44,Female,DE,2026-04-27
SPOT-120792,25-34,Male,US,2025-01-28
SPOT-120793,18-24,Female,BR,2025-10-20
SPOT-120794,35-44,Female,MX,2024-05-20
SPOT-120795,35-44,Female,GB,2025-05-28
SPOT-120796,45-54,Female,BR,2026-01-05
SPOT-120797,25-34,Female,US,2025-10-12
SPOT-120798,25-34,Female,BR,2024-01-26
SPOT-120799,25-34,Male,AR,2024-09-03
SPOT-120800,25-34,Female,US,2024-11-16
SPOT-120801,45-54,Male,BR,2026-03-04
SPOT-120802,18-24,Male,DE,2026-03-28
SPOT-120803,18-24,Male,US,2024-06-04
SPOT-120804,25-34,Female,CA,2026-04-30
SPOT-120805,18-24,Female,GB,2025-12-06
SPOT-120806,45-54,Female,BR,2026-01-05
SPOT-120807,25-34,Male,DE,2024-09-01
SPOT-120808,25-34,Male,GB,2025-03-01
SPOT-120809,35-44,Male,BR,2023-11-23
SPOT-120810,25-34,Female,MX,2025-04-17
SPOT-120811,25-34,Male,AR,2026-05-30
SPOT-120812,18-24,Female,MX,2024-01-09
SPOT-120813,25-34,Female,BR,2024-07-22
SPOT-120814,18-24,Female,ES,2024-03-04
SPOT-120815,25-34,Female,BR,2025-08-03
SPOT-120816,25-34,Male,AU,2025-06-27
SPOT-120817,18-24,Female,BR,2024-03-18
SPOT-120818,25-34,Female,GB,2025-10-17
SPOT-120819,18-24,Female,DE,2026-04-15
SPOT-120820,45-54,Female,BR,2024-06-29
SPOT-120821,18-24,Female,GB,2024-07-08
SPOT-120822,45-54,Male,US,2026-02-16
SPOT-120823,25-34,Male,DE,2025-11-19
SPOT-120824,25-34,Female,FR,2025-08-01
SPOT-120825,18-24,Female,GB,2023-11-27
SPOT-120826,55+,Male,GB,2025-12-01
SPOT-120827,18-24,Female,ES,2025-09-11
SPOT-120828,25-34,Male,US,2025-06-08
SPOT-120829,55+,Male,AR,2024-08-08
SPOT-120830,45-54,Male,ES,2026-02-03
SPOT-120831,25-34,Male,BR,2026-05-05
SPOT-120832,55+,Female,US,2024-12-31
SPOT-120833,35-44,Female,US,2025-04-27
SPOT-120834,18-24,Female,US,2025-03-10
SPOT-120835,25-34,Female,ES,2024-03-29
SPOT-120836,18-24,Male,CA,2024-11-25
SPOT-120837,18-24,Female,ES,2024-07-22
SPOT-120838,35-44,Female,BR,2024-02-23
SPOT-120839,25-34,Female,AU,2024-12-09
SPOT-120840,18-24,Male,AR,2024-07-18
SPOT-120841,45-54,Female,MX,2024-04-09
SPOT-120842,18-24,Female,US,2024-10-04
SPOT-120843,55+,Male,GB,2025-04-28
SPOT-120844,55+,Male,GB,2025-12-26
SPOT-120845,45-54,Male,GB,2024-01-30
SPOT-120846,35-44,Male,DE,2023-12-10
SPOT-120847,18-24,Female,CA,2025-03-06
SPOT-120848,25-34,Female,ES,2024-01-15
SPOT-120849,18-24,Female,MX,2023-12-28
SPOT-120850,18-24,Female,DE,2025-01-24
SPOT-120851,25-34,Female,GB,2025-04-18
SPOT-120852,18-24,Male,US,2024-02-11
SPOT-120853,55+,Female,DE,2025-04-25
SPOT-120854,45-54,Female,US,2025-08-05
SPOT-120855,25-34,Female,DE,2024-10-30
SPOT-120856,25-34,Male,US,2024-07-31
SPOT-120857,25-34,Male,GB,2026-03-26
SPOT-120858,45-54,Male,US,2024-06-07
SPOT-120859,25-34,Female,US,2025-03-11
SPOT-120860,18-24,Female,FR,2023-12-22
SPOT-120861,25-34,Male,MX,2025-04-25
SPOT-120862,25-34,Female,BR,2024-11-17
SPOT-120863,55+,Male,BR,2025-07-03
SPOT-120864,18-24,Male,ES,2025-09-22
SPOT-120865,18-24,Female,ES,2025-07-07
SPOT-120866,45-54,Male,CA,2024-12-06
SPOT-120867,45-54,Male,US,2024-06-01
SPOT-120868,45-54,Male,AR,2025-08-23
SPOT-120869,25-34,Male,AU,2026-01-09
SPOT-120870,25-34,Female,US,2024-07-29
SPOT-120871,25-34,Female,DE,2024-02-27
SPOT-120872,18-24,Male,DE,2024-07-03
SPOT-120873,25-34,Male,AR,2024-06-05
SPOT-120874,18-24,Male,US,2025-11-21
SPOT-120875,18-24,Female,BR,2026-03-04
SPOT-120876,45-54,Female,FR,2023-12-20
SPOT-120877,18-24,Male,US,2025-09-11
SPOT-120878,45-54,Male,US,2024-11-16
SPOT-120879,18-24,Male,AU,2025-06-29
SPOT-120880,18-24,Male,AR,2025-12-21
SPOT-120881,25-34,Male,MX,2024-11-11
SPOT-120882,35-44,Female,DE,2025-05-24
SPOT-120883,25-34,Male,FR,2025-02-11
SPOT-120884,45-54,Male,CA,2024-12-27
SPOT-120885,18-24,Female,ES,2026-05-02
SPOT-120886,45-54,Female,DE,2024-06-02
SPOT-120887,18-24,Male,BR,2024-07-11
SPOT-120888,45-54,Male,US,2026-01-29
SPOT-120889,25-34,Female,US,2024-03-18
SPOT-120890,35-44,Female,AR,2025-02-16
SPOT-120891,25-34,Male,US,2024-01-26
SPOT-120892,18-24,Male,US,2026-03-31
SPOT-120893,45-54,Male,BR,2025-08-24
SPOT-120894,18-24,Female,US,2023-11-10
SPOT-120895,18-24,Female,GB,2026-02-27
SPOT-120896,35-44,Male,DE,2026-02-14
SPOT-120897,18-24,Male,BR,2025-06-04
SPOT-120898,18-24,Female,GB,2024-01-31
SPOT-120899,25-34,Male,BR,2026-01-31
SPOT-120900,35-44,Male,DE,2024-05-01
SPOT-120901,18-24,Female,US,2024-05-18
SPOT-120902,25-34,Male,FR,2024-05-28
SPOT-120903,35-44,Female,GB,2025-05-20
SPOT-120904,45-54,Female,MX,2026-01-31
SPOT-120905,45-54,Female,BR,2025-12-09
SPOT-120906,35-44,Female,US,2025-06-13
SPOT-120907,25-34,Male,US,2023-12-30
SPOT-120908,25-34,Female,FR,2024-06-28
SPOT-120909,18-24,Female,BR,2026-02-06
SPOT-120910,35-44,Male,DE,2025-08-17
SPOT-120911,55+,Male,ES,2024-04-25
SPOT-120912,35-44,Female,US,2024-11-26
SPOT-120913,18-24,Male,ES,2024-02-26
SPOT-120914,25-34,Male,DE,2025-06-19
SPOT-120915,25-34,Male,BR,2026-01-08
SPOT-120916,25-34,Male,ES,2025-11-17
SPOT-120917,35-44,Female,BR,2024-08-26
SPOT-120918,25-34,Male,US,2025-10-27
SPOT-120919,18-24,Male,ES,2025-12-18
SPOT-120920,45-54,Female,AR,2025-07-27
SPOT-120921,25-34,Female,DE,2023-12-31
SPOT-120922,18-24,Female,DE,2024-08-13
SPOT-120923,18-24,Male,GB,2024-07-25
SPOT-120924,45-54,Male,MX,2025-05-12
SPOT-120925,45-54,Female,FR,2023-12-31
SPOT-120926,25-34,Male,MX,2024-09-14
SPOT-120927,18-24,Male,ES,2024-09-27
SPOT-120928,18-24,Female,AR,2025-08-31
SPOT-120929,18-24,Male,US,2026-02-02
SPOT-120930,25-34,Female,DE,2026-03-29
SPOT-120931,25-34,Female,DE,2024-02-15
SPOT-120932,25-34,Male,BR,2026-01-21
SPOT-120933,35-44,Male,US,2024-04-01
SPOT-120934,18-24,Male,BR,2025-10-12
SPOT-120935,18-24,Male,US,2026-04-11
SPOT-120936,25-34,Non-binary,AR,2025-11-10
SPOT-120937,18-24,Female,AU,2023-12-08
SPOT-120938,18-24,Male,GB,2024-10-30
SPOT-120939,25-34,Male,BR,2023-12-08
SPOT-120940,35-44,Male,AR,2026-03-28
SPOT-120941,35-44,Female,GB,2025-07-28
SPOT-120942,35-44,Female,US,2023-12-16
SPOT-120943,25-34,Male,ES,2025-10-11
SPOT-120944,35-44,Female,MX,2026-05-15
SPOT-120945,18-24,Male,BR,2024-02-01
SPOT-120946,55+,Male,CA,2024-11-01
SPOT-120947,18-24,Male,AU,2023-12-13
SPOT-120948,18-24,Female,FR,2026-01-17
SPOT-120949,18-24,Male,GB,2024-04-22
SPOT-120950,55+,Female,US,2025-12-02
SPOT-120951,55+,Male,AR,2025-09-25
SPOT-120952,35-44,Female,MX,2026-05-11
SPOT-120953,25-34,Male,DE,2025-07-07
SPOT-120954,25-34,Male,DE,2024-02-21
SPOT-120955,55+,Male,FR,2024-04-22
SPOT-120956,25-34,Female,US,2024-12-29
SPOT-120957,45-54,Female,CA,2026-04-22
SPOT-120958,18-24,Male,MX,2024-10-28
SPOT-120959,18-24,Male,AR,2023-11-24
SPOT-120960,45-54,Female,DE,2026-05-13
SPOT-120961,18-24,Male,BR,2026-02-11
SPOT-120962,45-54,Female,ES,2025-05-20
SPOT-120963,25-34,Female,DE,2024-08-22
SPOT-120964,45-54,Female,BR,2024-12-28
SPOT-120965,18-24,Female,BR,2025-11-25
SPOT-120966,35-44,Female,US,2024-06-28
SPOT-120967,25-34,Male,FR,2026-02-23
SPOT-120968,25-34,Male,FR,2024-11-01
SPOT-120969,25-34,Male,GB,2025-06-13
SPOT-120970,55+,Female,FR,2025-01-26
SPOT-120971,25-34,Female,ES,2026-05-22
SPOT-120972,18-24,Male,BR,2024-10-08
SPOT-120973,45-54,Female,GB,2024-06-12
SPOT-120974,18-24,Male,DE,2023-12-01
SPOT-120975,25-34,Female,BR,2026-04-21
SPOT-120976,18-24,Male,DE,2024-10-09
SPOT-120977,45-54,Female,DE,2023-12-12
SPOT-120978,18-24,Male,US,2024-07-11
SPOT-120979,18-24,Female,ES,2024-05-21
SPOT-120980,45-54,Male,MX,2026-06-01
SPOT-120981,35-44,Male,AU,2025-07-06
SPOT-120982,18-24,Female,US,2024-07-24
SPOT-120983,35-44,Female,US,2024-11-14
SPOT-120984,45-54,Non-binary,BR,2023-12-28
SPOT-120985,18-24,Female,US,2024-07-23
SPOT-120986,35-44,Female,MX,2024-05-29
SPOT-120987,25-34,Female,US,2025-12-28
SPOT-120988,25-34,Female,BR,2026-03-23
SPOT-120989,25-34,Female,MX,2025-09-05
SPOT-120990,25-34,Female,DE,2026-05-08
SPOT-120991,18-24,Female,GB,2025-03-28
SPOT-120992,35-44,Female,AR,2024-09-29
SPOT-120993,18-24,Female,FR,2025-12-16
SPOT-120994,25-34,Male,GB,2025-09-28
SPOT-120995,18-24,Female,AR,2026-03-27
SPOT-120996,35-44,Male,DE,2024-04-29
SPOT-120997,18-24,Male,BR,2024-09-15
SPOT-120998,25-34,Female,US,2024-07-30
SPOT-120999,25-34,Female,MX,2026-01-14
SPOT-121000,35-44,Male,US,2025-03-26
SPOT-121001,25-34,Male,BR,2025-01-18
SPOT-121002,35-44,Male,AU,2025-11-12
SPOT-121003,18-24,Male,ES,2026-04-11
SPOT-121004,18-24,Male,FR,2024-05-15
SPOT-121005,25-34,Male,DE,2024-01-27
SPOT-121006,45-54,Male,US,2025-12-07
SPOT-121007,18-24,Female,GB,2024-12-08
SPOT-121008,18-24,Male,US,2024-05-24
SPOT-121009,18-24,Male,BR,2024-05-04
SPOT-121010,25-34,Female,MX,2025-02-07
SPOT-121011,25-34,Female,DE,2025-04-14
SPOT-121012,35-44,Male,BR,2024-04-24
SPOT-121013,18-24,Male,GB,2024-10-20
SPOT-121014,18-24,Female,US,2025-07-29
SPOT-121015,18-24,Male,DE,2024-06-17
SPOT-121016,25-34,Female,BR,2025-11-05
SPOT-121017,25-34,Male,AU,2024-02-14
SPOT-121018,18-24,Female,GB,2025-06-13
SPOT-121019,45-54,Female,MX,2025-12-01
SPOT-121020,18-24,Male,AR,2025-12-24
SPOT-121021,35-44,Male,GB,2025-12-26
SPOT-121022,25-34,Female,CA,2025-03-08
SPOT-121023,18-24,Male,GB,2025-08-28
SPOT-121024,35-44,Male,AU,2026-02-22
SPOT-121025,35-44,Male,US,2024-04-27
SPOT-121026,25-34,Female,MX,2025-12-12
SPOT-121027,25-34,Female,AR,2026-02-14
SPOT-121028,18-24,Male,GB,2024-03-22
SPOT-121029,25-34,Female,US,2025-06-08
SPOT-121030,18-24,Female,US,2025-05-26
SPOT-121031,35-44,Female,US,2025-10-16
SPOT-121032,18-24,Female,BR,2024-06-28
SPOT-121033,18-24,Female,AR,2023-12-17
SPOT-121034,18-24,Female,US,2026-05-24
SPOT-121035,18-24,Male,US,2025-01-19
SPOT-121036,25-34,Male,US,2025-10-24
SPOT-121037,18-24,Male,GB,2024-09-07
SPOT-121038,35-44,Female,CA,2026-02-01
SPOT-121039,18-24,Male,GB,2025-08-23
SPOT-121040,35-44,Female,DE,2026-03-15
SPOT-121041,25-34,Male,US,2025-01-03
SPOT-121042,55+,Male,US,2026-02-06
SPOT-121043,55+,Male,US,2024-01-05
SPOT-121044,45-54,Female,US,2024-01-08
SPOT-121045,35-44,Male,US,2024-07-06
SPOT-121046,25-34,Female,AR,2025-11-19
SPOT-121047,35-44,Male,BR,2024-12-15
SPOT-121048,55+,Female,BR,2025-06-08
SPOT-121049,18-24,Male,DE,2025-09-24
SPOT-121050,25-34,Male,US,2023-11-27
SPOT-121051,18-24,Non-binary,US,2025-03-26
SPOT-121052,25-34,Male,US,2024-10-20
SPOT-121053,25-34,Male,US,2026-03-18
SPOT-121054,25-34,Female,FR,2024-04-25
SPOT-121055,25-34,Female,US,2024-01-16
SPOT-121056,55+,Non-binary,GB,2024-12-14
SPOT-121057,25-34,Female,BR,2025-04-01
SPOT-121058,35-44,Female,BR,2024-11-03
SPOT-121059,18-24,Male,MX,2025-08-06
SPOT-121060,25-34,Female,US,2025-01-21
SPOT-121061,25-34,Female,BR,2025-06-03
SPOT-121062,18-24,Male,ES,2024-06-16
SPOT-121063,25-34,Female,DE,2025-01-14
SPOT-121064,25-34,Male,AU,2023-11-12
SPOT-121065,25-34,Male,BR,2025-12-01
SPOT-121066,25-34,Male,MX,2025-12-06
SPOT-121067,25-34,Male,DE,2025-08-21
SPOT-121068,18-24,Female,FR,2024-02-02
SPOT-121069,25-34,Male,DE,2024-01-11
SPOT-121070,18-24,Male,CA,2025-01-02
SPOT-121071,18-24,Male,GB,2024-02-17
SPOT-121072,18-24,Male,FR,2023-12-30
SPOT-121073,18-24,Male,MX,2025-10-08
SPOT-121074,18-24,Female,AR,2024-05-05
SPOT-121075,18-24,Male,US,2025-04-08
SPOT-121076,18-24,Male,GB,2024-06-13
SPOT-121077,25-34,Female,AR,2026-01-05
SPOT-121078,18-24,Female,GB,2025-10-20
SPOT-121079,25-34,Male,ES,2024-05-14
SPOT-121080,45-54,Female,AU,2024-09-15
SPOT-121081,35-44,Non-binary,US,2024-02-16
SPOT-121082,18-24,Male,DE,2024-05-18
SPOT-121083,45-54,Female,US,2026-01-27
SPOT-121084,18-24,Male,US,2024-10-29
SPOT-121085,18-24,Male,MX,2024-05-29
SPOT-121086,55+,Male,US,2024-08-26
SPOT-121087,45-54,Female,BR,2024-02-19
SPOT-121088,25-34,Female,AU,2024-05-03
SPOT-121089,25-34,Male,GB,2026-04-20
SPOT-121090,25-34,Male,FR,2024-03-05
SPOT-121091,18-24,Male,DE,2024-10-10
SPOT-121092,18-24,Male,GB,2025-06-28
SPOT-121093,25-34,Female,GB,2024-05-25
SPOT-121094,45-54,Female,US,2025-03-11
SPOT-121095,18-24,Male,MX,2025-04-14
SPOT-121096,35-44,Male,BR,2025-09-23
SPOT-121097,18-24,Female,MX,2026-03-28
SPOT-121098,25-34,Female,GB,2024-04-30
SPOT-121099,25-34,Male,MX,2025-07-02
SPOT-121100,25-34,Male,US,2025-02-26
SPOT-121101,18-24,Male,MX,2024-11-01
SPOT-121102,25-34,Non-binary,US,2024-08-26
SPOT-121103,25-34,Male,DE,2024-12-29
SPOT-121104,18-24,Male,MX,2024-05-27
SPOT-121105,18-24,Male,FR,2025-01-30
SPOT-121106,25-34,Male,AR,2024-04-14
SPOT-121107,25-34,Female,BR,2026-03-29
SPOT-121108,18-24,Male,FR,2024-02-22
SPOT-121109,25-34,Male,BR,2025-08-08
SPOT-121110,45-54,Male,BR,2024-01-07
SPOT-121111,18-24,Male,ES,2025-03-16
SPOT-121112,25-34,Male,FR,2025-07-15
SPOT-121113,18-24,Female,MX,2025-07-05
SPOT-121114,18-24,Male,CA,2026-05-03
SPOT-121115,18-24,Male,US,2025-12-17
SPOT-121116,25-34,Female,CA,2026-02-18
SPOT-121117,35-44,Female,US,2024-02-14
SPOT-121118,18-24,Female,BR,2026-05-12
SPOT-121119,25-34,Male,AR,2024-05-03
SPOT-121120,25-34,Female,AR,2026-01-29
SPOT-121121,18-24,Male,GB,2024-06-13
SPOT-121122,25-34,Female,AU,2025-04-10
SPOT-121123,35-44,Female,US,2026-02-23
SPOT-121124,35-44,Female,US,2024-06-28
SPOT-121125,35-44,Male,AR,2024-04-30
SPOT-121126,18-24,Male,AR,2025-07-11
SPOT-121127,35-44,Non-binary,ES,2025-03-26
SPOT-121128,18-24,Female,FR,2024-09-16
SPOT-121129,35-44,Male,US,2026-04-24
SPOT-121130,45-54,Male,US,2025-05-31
SPOT-121131,18-24,Female,AU,2024-02-11
SPOT-121132,25-34,Non-binary,MX,2024-12-27
SPOT-121133,25-34,Female,CA,2026-04-23
SPOT-121134,35-44,Male,CA,2026-05-30
SPOT-121135,18-24,Male,MX,2025-02-15
SPOT-121136,55+,Male,MX,2026-05-31
SPOT-121137,25-34,Female,GB,2025-05-23
SPOT-121138,18-24,Male,US,2024-02-12
SPOT-121139,18-24,Female,MX,2025-11-18
SPOT-121140,35-44,Male,AR,2024-02-10
SPOT-121141,18-24,Male,BR,2025-12-23
SPOT-121142,18-24,Female,US,2024-10-23
SPOT-121143,25-34,Female,US,2024-11-15
SPOT-121144,25-34,Male,US,2025-08-13
SPOT-121145,25-34,Male,MX,2025-02-25
SPOT-121146,25-34,Female,BR,2025-06-27
SPOT-121147,35-44,Female,DE,2024-05-05
SPOT-121148,55+,Female,BR,2026-05-30
SPOT-121149,18-24,Male,GB,2024-06-18
SPOT-121150,35-44,Female,AR,2025-05-21
SPOT-121151,45-54,Female,GB,2024-10-25
SPOT-121152,25-34,Female,MX,2024-02-13
SPOT-121153,25-34,Female,DE,2024-04-08
SPOT-121154,18-24,Non-binary,US,2025-08-04
SPOT-121155,25-34,Male,GB,2025-04-18
SPOT-121156,25-34,Male,AU,2026-02-16
SPOT-121157,35-44,Female,US,2025-08-23
SPOT-121158,55+,Male,US,2024-07-06
SPOT-121159,18-24,Non-binary,GB,2024-10-25
SPOT-121160,18-24,Male,FR,2024-05-26
SPOT-121161,18-24,Male,GB,2024-05-05
SPOT-121162,35-44,Male,DE,2025-05-10
SPOT-121163,18-24,Male,GB,2025-04-25
SPOT-121164,25-34,Female,AU,2024-03-02
SPOT-121165,18-24,Male,AU,2026-03-01
SPOT-121166,25-34,Male,BR,2024-12-05
SPOT-121167,18-24,Female,AR,2025-11-23
SPOT-121168,45-54,Male,US,2024-08-13
SPOT-121169,25-34,Female,DE,2024-04-24
SPOT-121170,45-54,Male,MX,2024-06-11
SPOT-121171,25-34,Female,GB,2024-02-08
SPOT-121172,18-24,Male,US,2025-03-07
SPOT-121173,18-24,Female,CA,2025-11-26
SPOT-121174,55+,Female,US,2026-04-06
SPOT-121175,35-44,Non-binary,US,2024-08-14
SPOT-121176,18-24,Male,ES,2024-07-18
SPOT-121177,35-44,Female,US,2025-10-03
SPOT-121178,25-34,Male,DE,2026-03-16
SPOT-121179,18-24,Non-binary,US,2024-08-09
SPOT-121180,18-24,Female,US,2025-08-01
SPOT-121181,35-44,Male,DE,2024-08-28
SPOT-121182,18-24,Male,GB,2024-10-01
SPOT-121183,18-24,Male,BR,2025-08-27
SPOT-121184,18-24,Female,AU,2026-05-22
SPOT-121185,18-24,Female,DE,2025-08-22
SPOT-121186,25-34,Female,MX,2025-09-14
SPOT-121187,18-24,Female,US,2023-11-26
SPOT-121188,18-24,Female,FR,2026-02-12
SPOT-121189,45-54,Male,AR,2024-10-13
SPOT-121190,18-24,Female,BR,2024-05-01
SPOT-121191,25-34,Male,US,2025-04-28
SPOT-121192,25-34,Female,DE,2025-07-25
SPOT-121193,25-34,Male,GB,2026-05-02
SPOT-121194,35-44,Male,AU,2026-03-06
SPOT-121195,18-24,Female,BR,2025-05-18
SPOT-121196,45-54,Female,DE,2024-03-31
SPOT-121197,35-44,Female,US,2024-06-02
SPOT-121198,35-44,Female,US,2024-06-22
SPOT-121199,18-24,Female,ES,2024-12-03
SPOT-121200,18-24,Male,BR,2024-12-11
SPOT-121201,25-34,Male,GB,2023-12-12
SPOT-121202,45-54,Female,GB,2025-12-22
SPOT-121203,25-34,Female,US,2026-05-16
SPOT-121204,18-24,Male,US,2023-11-27
SPOT-121205,18-24,Male,AU,2025-06-18
SPOT-121206,25-34,Female,ES,2024-12-22
SPOT-121207,35-44,Female,CA,2024-08-01
SPOT-121208,18-24,Male,DE,2025-07-21
SPOT-121209,18-24,Male,FR,2025-05-22
SPOT-121210,25-34,Non-binary,GB,2025-10-16
SPOT-121211,25-34,Male,BR,2025-05-17
SPOT-121212,35-44,Male,US,2024-05-10
SPOT-121213,35-44,Female,ES,2024-03-23
SPOT-121214,25-34,Male,BR,2026-01-25
SPOT-121215,18-24,Male,BR,2026-03-22
SPOT-121216,25-34,Male,FR,2025-02-04
SPOT-121217,55+,Male,ES,2025-01-27
SPOT-121218,45-54,Female,AU,2024-06-25
SPOT-121219,45-54,Female,DE,2025-03-31
SPOT-121220,18-24,Male,DE,2024-09-01
SPOT-121221,35-44,Male,MX,2025-07-24
SPOT-121222,45-54,Male,DE,2024-12-18
SPOT-121223,25-34,Male,DE,2025-01-26
SPOT-121224,18-24,Female,GB,2024-06-12
SPOT-121225,55+,Male,AR,2025-12-13
SPOT-121226,25-34,Male,BR,2023-12-10
SPOT-121227,18-24,Female,MX,2025-08-05
SPOT-121228,18-24,Male,US,2024-01-10
SPOT-121229,25-34,Male,GB,2025-05-17
SPOT-121230,25-34,Female,GB,2025-06-08
SPOT-121231,18-24,Female,DE,2024-06-16
SPOT-121232,35-44,Female,US,2025-01-14
SPOT-121233,35-44,Female,FR,2024-05-03
SPOT-121234,35-44,Female,CA,2024-07-06
SPOT-121235,18-24,Female,MX,2024-07-25
SPOT-121236,25-34,Male,GB,2025-06-04
SPOT-121237,18-24,Female,DE,2025-09-04
SPOT-121238,18-24,Male,ES,2025-04-06
SPOT-121239,25-34,Female,GB,2025-06-15
SPOT-121240,35-44,Male,MX,2024-08-05
SPOT-121241,25-34,Male,CA,2024-05-23
SPOT-121242,18-24,Male,DE,2023-12-20
SPOT-121243,25-34,Male,BR,2024-01-05
SPOT-121244,25-34,Male,CA,2024-06-13
SPOT-121245,45-54,Female,GB,2024-02-07
SPOT-121246,45-54,Male,ES,2024-10-19
SPOT-121247,18-24,Female,ES,2024-08-26
SPOT-121248,18-24,Female,CA,2024-12-09
SPOT-121249,18-24,Female,FR,2023-11-10
SPOT-121250,35-44,Male,ES,2023-12-03
SPOT-121251,18-24,Female,MX,2025-08-11
SPOT-121252,18-24,Female,US,2025-07-11
SPOT-121253,25-34,Female,MX,2024-10-01
SPOT-121254,18-24,Male,GB,2026-02-14
SPOT-121255,18-24,Male,DE,2025-07-27
SPOT-121256,25-34,Male,ES,2024-09-29
SPOT-121257,18-24,Male,MX,2024-03-31
SPOT-121258,25-34,Male,DE,2026-05-08
SPOT-121259,55+,Female,US,2025-05-04
SPOT-121260,18-24,Female,BR,2025-09-30
SPOT-121261,25-34,Male,GB,2025-08-26
SPOT-121262,45-54,Female,GB,2024-01-17
SPOT-121263,45-54,Male,GB,2025-12-15
SPOT-121264,25-34,Male,ES,2025-12-09
SPOT-121265,25-34,Female,BR,2025-01-05
SPOT-121266,18-24,Female,DE,2024-09-24
SPOT-121267,35-44,Female,CA,2024-10-07
SPOT-121268,55+,Male,ES,2025-09-19
SPOT-121269,25-34,Male,BR,2026-01-20
SPOT-121270,25-34,Female,DE,2025-01-16
SPOT-121271,18-24,Non-binary,AR,2026-04-24
SPOT-121272,25-34,Male,US,2025-08-15
SPOT-121273,25-34,Female,MX,2025-09-19
SPOT-121274,25-34,Male,US,2025-01-22
SPOT-121275,18-24,Male,US,2024-12-23
SPOT-121276,25-34,Female,CA,2025-11-22
SPOT-121277,25-34,Female,BR,2024-02-03
SPOT-121278,18-24,Female,GB,2026-05-09
SPOT-121279,18-24,Female,AR,2024-10-21
SPOT-121280,18-24,Female,AU,2024-01-31
SPOT-121281,35-44,Male,US,2025-06-25
SPOT-121282,25-34,Female,US,2025-03-14
SPOT-121283,35-44,Non-binary,FR,2026-03-24
SPOT-121284,18-24,Male,BR,2024-03-23
SPOT-121285,45-54,Male,FR,2025-09-09
SPOT-121286,35-44,Non-binary,MX,2025-07-02
SPOT-121287,25-34,Male,BR,2025-08-13
SPOT-121288,18-24,Male,US,2025-05-06
SPOT-121289,18-24,Male,DE,2026-05-30
SPOT-121290,55+,Male,AR,2024-11-12
SPOT-121291,18-24,Male,US,2026-02-19
SPOT-121292,18-24,Female,ES,2024-03-22
SPOT-121293,18-24,Female,US,2026-01-03
SPOT-121294,35-44,Female,DE,2024-04-02
SPOT-121295,18-24,Female,US,2025-05-25
SPOT-121296,18-24,Female,DE,2026-05-30
SPOT-121297,25-34,Female,MX,2025-04-05
SPOT-121298,25-34,Female,BR,2024-04-28
SPOT-121299,25-34,Male,DE,2026-02-27
SPOT-121300,25-34,Male,GB,2025-12-05
SPOT-121301,35-44,Male,GB,2025-10-16
SPOT-121302,35-44,Male,ES,2025-06-14
SPOT-121303,35-44,Female,AR,2024-11-08
SPOT-121304,18-24,Male,BR,2024-07-29
SPOT-121305,35-44,Female,DE,2023-11-19
SPOT-121306,18-24,Male,MX,2025-08-20
SPOT-121307,18-24,Female,BR,2025-04-13
SPOT-121308,45-54,Male,MX,2026-04-28
SPOT-121309,35-44,Female,GB,2024-10-13
SPOT-121310,25-34,Female,AR,2023-12-01
SPOT-121311,45-54,Male,GB,2025-03-31
SPOT-121312,55+,Male,DE,2024-12-03
SPOT-121313,25-34,Male,US,2023-11-12
SPOT-121314,25-34,Female,FR,2024-07-21
SPOT-121315,35-44,Male,MX,2025-03-16
SPOT-121316,18-24,Female,US,2024-12-23
SPOT-121317,18-24,Male,FR,2026-04-08
SPOT-121318,35-44,Male,ES,2024-05-22
SPOT-121319,18-24,Female,DE,2024-08-24
SPOT-121320,18-24,Male,AU,2024-05-24
SPOT-121321,18-24,Female,GB,2025-06-11
SPOT-121322,25-34,Male,US,2024-05-30
SPOT-121323,55+,Female,ES,2025-10-03
SPOT-121324,25-34,Male,ES,2026-05-11
SPOT-121325,25-34,Female,US,2025-10-11
SPOT-121326,55+,Male,AR,2025-07-11
SPOT-121327,45-54,Male,ES,2026-01-04
SPOT-121328,25-34,Female,CA,2024-12-02
SPOT-121329,45-54,Male,US,2025-12-18
SPOT-121330,25-34,Male,MX,2026-03-03
SPOT-121331,18-24,Male,US,2025-06-03
SPOT-121332,18-24,Male,DE,2026-04-26
SPOT-121333,25-34,Female,GB,2024-03-13
SPOT-121334,25-34,Female,DE,2025-04-09
SPOT-121335,25-34,Male,US,2026-01-05
SPOT-121336,25-34,Female,GB,2025-08-29
SPOT-121337,18-24,Female,US,2025-04-22
SPOT-121338,18-24,Male,BR,2025-09-22
SPOT-121339,25-34,Male,GB,2023-12-13
SPOT-121340,18-24,Male,BR,2025-09-13
SPOT-121341,25-34,Female,DE,2024-12-17
SPOT-121342,25-34,Male,US,2025-12-13
SPOT-121343,25-34,Male,US,2024-02-08
SPOT-121344,18-24,Male,ES,2024-03-15
SPOT-121345,25-34,Female,MX,2026-01-19
SPOT-121346,35-44,Male,US,2024-10-30
SPOT-121347,55+,Female,AU,2024-01-16
SPOT-121348,35-44,Female,MX,2026-01-07
SPOT-121349,25-34,Female,US,2024-10-10
SPOT-121350,18-24,Male,AR,2023-12-08
SPOT-121351,25-34,Male,FR,2026-05-25
SPOT-121352,45-54,Female,BR,2025-05-14
SPOT-121353,18-24,Female,FR,2024-11-16
SPOT-121354,18-24,Female,US,2024-07-20
SPOT-121355,18-24,Female,CA,2024-01-24
SPOT-121356,35-44,Male,US,2025-10-11
SPOT-121357,25-34,Female,MX,2025-06-29
SPOT-121358,18-24,Female,GB,2025-09-05
SPOT-121359,45-54,Female,US,2024-09-29
SPOT-121360,25-34,Female,CA,2024-10-17
SPOT-121361,18-24,Female,US,2025-11-24
SPOT-121362,18-24,Female,FR,2025-04-23
SPOT-121363,18-24,Female,GB,2024-04-04
SPOT-121364,25-34,Female,ES,2024-06-22
SPOT-121365,18-24,Male,GB,2024-11-07
SPOT-121366,25-34,Female,BR,2025-11-25
SPOT-121367,35-44,Female,AR,2024-04-20
SPOT-121368,25-34,Female,BR,2024-12-25
SPOT-121369,18-24,Female,GB,2024-07-07
SPOT-121370,25-34,Female,US,2025-01-19
SPOT-121371,35-44,Female,US,2025-02-26
SPOT-121372,18-24,Male,AR,2025-10-12
SPOT-121373,18-24,Female,MX,2024-03-18
SPOT-121374,25-34,Male,BR,2025-06-02
SPOT-121375,25-34,Female,US,2025-04-12
SPOT-121376,18-24,Non-binary,DE,2025-05-14
SPOT-121377,35-44,Male,MX,2024-01-23
SPOT-121378,25-34,Female,US,2025-11-12
SPOT-121379,45-54,Male,GB,2024-12-24
SPOT-121380,18-24,Female,US,2023-11-13
SPOT-121381,35-44,Male,MX,2024-12-01
SPOT-121382,18-24,Male,MX,2025-01-18
SPOT-121383,25-34,Female,GB,2024-12-24
SPOT-121384,25-34,Female,US,2026-02-11
SPOT-121385,25-34,Female,US,2026-01-04
SPOT-121386,35-44,Male,US,2025-08-20
SPOT-121387,18-24,Male,BR,2024-10-17
SPOT-121388,25-34,Female,US,2025-07-08
SPOT-121389,18-24,Male,BR,2026-01-02
SPOT-121390,35-44,Male,MX,2024-04-02
SPOT-121391,18-24,Female,FR,2024-07-31
SPOT-121392,35-44,Female,US,2025-06-11
SPOT-121393,35-44,Male,US,2024-07-09
SPOT-121394,35-44,Female,US,2026-04-30
SPOT-121395,18-24,Female,GB,2024-09-12
SPOT-121396,25-34,Male,MX,2025-05-23
SPOT-121397,18-24,Female,MX,2024-02-12
SPOT-121398,35-44,Female,US,2025-02-17
SPOT-121399,35-44,Male,US,2024-03-25
SPOT-121400,25-34,Female,DE,2025-08-04
SPOT-121401,35-44,Female,US,2024-09-02
SPOT-121402,18-24,Male,AR,2025-01-14
SPOT-121403,25-34,Male,US,2024-06-17
SPOT-121404,18-24,Male,ES,2024-11-27
SPOT-121405,55+,Male,US,2025-06-24
SPOT-121406,45-54,Male,AR,2026-04-30
SPOT-121407,35-44,Female,MX,2026-04-17
SPOT-121408,45-54,Male,GB,2024-12-18
SPOT-121409,18-24,Male,DE,2024-01-24
SPOT-121410,45-54,Male,MX,2025-09-04
SPOT-121411,18-24,Female,US,2024-01-01
SPOT-121412,35-44,Female,FR,2025-03-26
SPOT-121413,35-44,Male,BR,2024-09-23
SPOT-121414,18-24,Female,ES,2025-05-06
SPOT-121415,25-34,Female,BR,2025-06-04
SPOT-121416,18-24,Female,DE,2024-07-11
SPOT-121417,55+,Male,DE,2025-05-12
SPOT-121418,18-24,Male,GB,2025-03-02
SPOT-121419,25-34,Female,ES,2024-07-23
SPOT-121420,35-44,Male,AR,2025-01-06
SPOT-121421,18-24,Female,FR,2025-03-21
SPOT-121422,25-34,Female,US,2025-09-13
SPOT-121423,25-34,Female,ES,2025-10-23
SPOT-121424,18-24,Male,US,2025-10-13
SPOT-121425,35-44,Female,US,2023-12-07
SPOT-121426,18-24,Female,GB,2025-01-13
SPOT-121427,18-24,Male,GB,2024-03-01
SPOT-121428,25-34,Male,AR,2024-04-04
SPOT-121429,25-34,Male,ES,2024-12-22
SPOT-121430,45-54,Male,US,2025-08-29
SPOT-121431,45-54,Male,GB,2025-09-14
SPOT-121432,25-34,Female,GB,2026-02-06
SPOT-121433,25-34,Female,BR,2024-05-14
SPOT-121434,18-24,Female,BR,2026-06-02
SPOT-121435,18-24,Male,MX,2026-06-01
SPOT-121436,25-34,Male,CA,2024-06-02
SPOT-121437,35-44,Female,DE,2025-02-28
SPOT-121438,18-24,Female,MX,2026-03-25
SPOT-121439,18-24,Female,CA,2025-11-21
SPOT-121440,25-34,Male,BR,2026-04-27
SPOT-121441,18-24,Female,GB,2024-06-19
SPOT-121442,35-44,Male,DE,2026-05-17
SPOT-121443,25-34,Male,ES,2024-08-15
SPOT-121444,25-34,Female,ES,2026-05-28
SPOT-121445,18-24,Female,ES,2025-05-14
SPOT-121446,45-54,Male,ES,2025-11-03
SPOT-121447,18-24,Female,CA,2024-04-08
SPOT-121448,45-54,Female,ES,2024-08-23
SPOT-121449,25-34,Female,FR,2024-12-06
SPOT-121450,45-54,Male,BR,2026-01-09
SPOT-121451,35-44,Male,MX,2025-04-26
SPOT-121452,18-24,Female,AU,2025-01-16
SPOT-121453,35-44,Female,FR,2026-04-15
SPOT-121454,25-34,Male,ES,2026-01-13
SPOT-121455,18-24,Male,MX,2025-01-06
SPOT-121456,18-24,Male,GB,2024-01-08
SPOT-121457,25-34,Male,BR,2024-11-30
SPOT-121458,25-34,Female,US,2024-05-16
SPOT-121459,35-44,Male,DE,2026-04-26
SPOT-121460,35-44,Female,US,2024-12-02
SPOT-121461,25-34,Male,ES,2025-11-13
SPOT-121462,35-44,Male,FR,2024-09-30
SPOT-121463,25-34,Female,US,2024-03-31
SPOT-121464,18-24,Female,US,2025-08-03
SPOT-121465,45-54,Female,FR,2024-01-20
SPOT-121466,18-24,Female,BR,2025-12-17
SPOT-121467,25-34,Male,BR,2024-06-21
SPOT-121468,35-44,Female,BR,2025-12-02
SPOT-121469,25-34,Male,US,2025-04-25
SPOT-121470,18-24,Female,US,2025-09-23
SPOT-121471,18-24,Female,CA,2026-06-01
SPOT-121472,25-34,Male,ES,2025-01-07
SPOT-121473,55+,Female,US,2023-11-11
SPOT-121474,25-34,Female,US,2025-02-12
SPOT-121475,25-34,Female,MX,2025-06-19
SPOT-121476,18-24,Male,GB,2025-01-18
SPOT-121477,18-24,Female,GB,2026-03-05
SPOT-121478,18-24,Female,US,2026-03-01
SPOT-121479,18-24,Female,US,2025-07-21
SPOT-121480,25-34,Male,MX,2024-01-01
SPOT-121481,18-24,Male,CA,2025-03-18
SPOT-121482,18-24,Male,GB,2025-07-25
SPOT-121483,35-44,Female,US,2026-03-30
SPOT-121484,45-54,Male,US,2025-04-17
SPOT-121485,45-54,Female,CA,2024-10-05
SPOT-121486,25-34,Male,BR,2024-12-25
SPOT-121487,18-24,Female,DE,2024-05-19
SPOT-121488,35-44,Male,FR,2024-08-11
SPOT-121489,18-24,Male,BR,2024-11-07
SPOT-121490,25-34,Female,BR,2025-02-19
SPOT-121491,35-44,Female,CA,2024-11-28
SPOT-121492,35-44,Female,BR,2025-05-04
SPOT-121493,55+,Male,DE,2024-10-08
SPOT-121494,35-44,Male,BR,2025-11-18
SPOT-121495,25-34,Female,AU,2026-05-21
SPOT-121496,18-24,Female,AU,2025-11-11
SPOT-121497,45-54,Female,ES,2023-11-10
SPOT-121498,18-24,Male,BR,2024-12-05
SPOT-121499,45-54,Female,FR,2026-03-01
SPOT-121500,18-24,Male,DE,2025-03-09
SPOT-121501,18-24,Male,MX,2024-11-20
SPOT-121502,35-44,Male,US,2025-02-09
SPOT-121503,18-24,Male,MX,2024-08-26
SPOT-121504,35-44,Male,GB,2025-07-07
SPOT-121505,18-24,Male,ES,2025-08-14
SPOT-121506,45-54,Male,DE,2024-03-18
SPOT-121507,25-34,Female,DE,2024-07-16
SPOT-121508,25-34,Female,ES,2025-10-09
SPOT-121509,25-34,Male,DE,2023-11-13
SPOT-121510,18-24,Male,ES,2025-04-06
SPOT-121511,35-44,Female,FR,2023-12-26
SPOT-121512,18-24,Male,US,2025-05-28
SPOT-121513,25-34,Male,BR,2024-08-26
SPOT-121514,25-34,Male,CA,2024-08-14
SPOT-121515,25-34,Female,AR,2025-11-05
SPOT-121516,18-24,Female,AU,2025-03-24
SPOT-121517,18-24,Non-binary,FR,2024-12-27
SPOT-121518,18-24,Female,GB,2025-10-12
SPOT-121519,45-54,Male,US,2023-12-14
SPOT-121520,18-24,Female,US,2025-11-18
SPOT-121521,55+,Female,US,2026-05-10
SPOT-121522,18-24,Male,US,2026-03-29
SPOT-121523,18-24,Female,CA,2024-05-12
SPOT-121524,25-34,Female,BR,2024-03-22
SPOT-121525,18-24,Female,US,2025-10-20
SPOT-121526,25-34,Male,ES,2025-06-06
SPOT-121527,45-54,Female,GB,2025-01-05
SPOT-121528,18-24,Female,US,2025-10-02
SPOT-121529,35-44,Male,US,2024-08-20
SPOT-121530,25-34,Male,MX,2025-09-18
SPOT-121531,18-24,Male,AR,2024-03-22
SPOT-121532,18-24,Male,GB,2024-01-24
SPOT-121533,45-54,Female,BR,2024-01-20
SPOT-121534,18-24,Male,US,2024-04-21
SPOT-121535,45-54,Female,GB,2025-06-05
SPOT-121536,25-34,Female,US,2026-02-07
SPOT-121537,18-24,Male,US,2026-02-16
SPOT-121538,25-34,Male,BR,2024-11-09
SPOT-121539,35-44,Male,MX,2025-12-24
SPOT-121540,35-44,Male,US,2025-12-03
SPOT-121541,25-34,Male,US,2024-09-26
SPOT-121542,45-54,Male,CA,2024-06-16
SPOT-121543,18-24,Female,US,2025-08-20
SPOT-121544,45-54,Female,ES,2024-12-19
SPOT-121545,35-44,Female,ES,2025-08-26
SPOT-121546,35-44,Female,GB,2024-09-22
SPOT-121547,35-44,Female,US,2024-06-30
SPOT-121548,25-34,Female,US,2025-04-10
SPOT-121549,25-34,Male,BR,2024-11-15
SPOT-121550,25-34,Female,DE,2024-12-01
SPOT-121551,25-34,Female,BR,2024-01-14
SPOT-121552,25-34,Male,AR,2024-11-25
SPOT-121553,18-24,Male,BR,2025-05-12
SPOT-121554,25-34,Male,AU,2024-07-12
SPOT-121555,18-24,Male,MX,2024-11-21
SPOT-121556,18-24,Male,US,2026-04-06
SPOT-121557,18-24,Male,BR,2025-10-12
SPOT-121558,45-54,Female,AR,2026-01-23
SPOT-121559,25-34,Female,US,2024-10-28
SPOT-121560,35-44,Female,ES,2025-07-05
SPOT-121561,18-24,Male,US,2025-09-21
SPOT-121562,25-34,Male,CA,2025-07-25
SPOT-121563,18-24,Male,MX,2026-05-10
SPOT-121564,18-24,Female,US,2024-09-27
SPOT-121565,25-34,Male,FR,2024-02-17
SPOT-121566,25-34,Female,US,2026-01-03
SPOT-121567,18-24,Male,DE,2024-01-12
SPOT-121568,25-34,Male,ES,2025-12-13
SPOT-121569,45-54,Male,CA,2024-03-03
SPOT-121570,18-24,Female,GB,2023-11-23
SPOT-121571,18-24,Male,AR,2024-06-30
SPOT-121572,25-34,Male,US,2026-01-31
SPOT-121573,18-24,Male,US,2025-09-02
SPOT-121574,55+,Female,US,2025-09-21
SPOT-121575,25-34,Male,MX,2025-12-17
SPOT-121576,25-34,Female,US,2026-03-11
SPOT-121577,25-34,Male,US,2025-07-12
SPOT-121578,25-34,Male,AU,2024-05-30
SPOT-121579,18-24,Female,US,2025-10-04
SPOT-121580,45-54,Male,DE,2024-09-04
SPOT-121581,25-34,Female,MX,2024-10-29
SPOT-121582,18-24,Female,US,2025-05-29
SPOT-121583,25-34,Female,GB,2025-09-03
SPOT-121584,18-24,Male,MX,2024-07-10
SPOT-121585,18-24,Male,MX,2023-11-14
SPOT-121586,25-34,Female,AR,2025-03-12
SPOT-121587,25-34,Male,DE,2026-01-31
SPOT-121588,25-34,Female,FR,2025-09-23
SPOT-121589,18-24,Non-binary,MX,2024-06-14
SPOT-121590,25-34,Female,BR,2024-03-05
SPOT-121591,18-24,Male,US,2024-02-05
SPOT-121592,25-34,Female,BR,2026-05-09
SPOT-121593,25-34,Male,BR,2024-11-24
SPOT-121594,25-34,Male,ES,2025-02-10
SPOT-121595,45-54,Male,ES,2025-01-28
SPOT-121596,45-54,Male,BR,2024-11-28
SPOT-121597,55+,Female,BR,2025-01-07
SPOT-121598,55+,Female,ES,2024-06-12
SPOT-121599,35-44,Female,GB,2023-12-25
SPOT-121600,55+,Female,US,2026-04-20
SPOT-121601,45-54,Male,FR,2025-03-28
SPOT-121602,35-44,Female,AU,2025-03-19
SPOT-121603,18-24,Male,DE,2024-09-16
SPOT-121604,18-24,Female,AU,2025-08-09
SPOT-121605,35-44,Female,GB,2024-07-28
SPOT-121606,25-34,Male,US,2026-01-15
SPOT-121607,35-44,Female,BR,2025-08-23
SPOT-121608,18-24,Male,FR,2025-12-13
SPOT-121609,25-34,Female,MX,2024-12-18
SPOT-121610,35-44,Female,US,2026-01-26
SPOT-121611,45-54,Female,US,2025-05-13
SPOT-121612,18-24,Male,ES,2024-09-24
SPOT-121613,45-54,Female,AR,2024-12-05
SPOT-121614,35-44,Female,GB,2024-07-27
SPOT-121615,18-24,Male,BR,2025-05-05
SPOT-121616,25-34,Male,AU,2024-07-18
SPOT-121617,18-24,Male,DE,2026-03-12
SPOT-121618,18-24,Male,US,2024-02-28
SPOT-121619,25-34,Male,CA,2025-04-20
SPOT-121620,18-24,Male,BR,2023-12-23
SPOT-121621,18-24,Female,GB,2025-06-21
SPOT-121622,35-44,Female,US,2024-12-03
SPOT-121623,25-34,Female,DE,2024-10-12
SPOT-121624,25-34,Female,ES,2025-10-11
SPOT-121625,18-24,Male,ES,2024-12-04
SPOT-121626,35-44,Female,BR,2026-01-18
SPOT-121627,45-54,Female,ES,2024-06-27
SPOT-121628,25-34,Female,GB,2026-03-06
SPOT-121629,45-54,Male,ES,2023-12-11
SPOT-121630,35-44,Male,US,2025-10-29
SPOT-121631,35-44,Male,US,2024-11-23
SPOT-121632,35-44,Male,FR,2024-01-24
SPOT-121633,18-24,Male,GB,2024-04-04
SPOT-121634,18-24,Female,US,2025-09-29
SPOT-121635,18-24,Female,US,2025-01-11
SPOT-121636,18-24,Male,DE,2026-01-12
SPOT-121637,18-24,Female,US,2025-12-05
SPOT-121638,45-54,Female,BR,2024-09-17
SPOT-121639,18-24,Male,CA,2025-10-11
SPOT-121640,55+,Female,AR,2024-11-20
SPOT-121641,25-34,Male,US,2024-02-11
SPOT-121642,18-24,Male,GB,2025-10-04
SPOT-121643,25-34,Male,US,2025-10-03
SPOT-121644,18-24,Female,US,2024-07-12
SPOT-121645,55+,Male,US,2024-08-19
SPOT-121646,35-44,Male,CA,2024-03-24
SPOT-121647,18-24,Male,GB,2023-12-17
SPOT-121648,45-54,Female,DE,2025-10-07
SPOT-121649,35-44,Female,BR,2025-12-05
SPOT-121650,18-24,Male,ES,2025-08-15
SPOT-121651,25-34,Male,AR,2026-04-13
SPOT-121652,25-34,Female,AU,2024-07-15
SPOT-121653,18-24,Female,US,2024-07-21
SPOT-121654,35-44,Female,GB,2025-04-13
SPOT-121655,18-24,Female,GB,2025-02-04
SPOT-121656,25-34,Female,DE,2025-04-02
SPOT-121657,18-24,Male,AR,2025-02-04
SPOT-121658,55+,Female,US,2024-05-25
SPOT-121659,35-44,Female,AR,2026-05-29
SPOT-121660,18-24,Male,US,2025-05-03
SPOT-121661,18-24,Male,ES,2025-02-21
SPOT-121662,18-24,Female,AR,2025-10-14
SPOT-121663,35-44,Female,FR,2024-04-29
SPOT-121664,18-24,Female,BR,2024-03-30
SPOT-121665,35-44,Male,GB,2025-12-22
SPOT-121666,45-54,Male,ES,2025-05-15
SPOT-121667,25-34,Male,GB,2024-10-25
SPOT-121668,18-24,Female,US,2024-01-02
SPOT-121669,25-34,Female,AR,2024-12-10
SPOT-121670,25-34,Male,DE,2025-06-15
SPOT-121671,25-34,Male,BR,2025-04-02
SPOT-121672,25-34,Male,CA,2024-03-21
SPOT-121673,25-34,Male,US,2026-02-24
SPOT-121674,25-34,Male,BR,2024-01-04
SPOT-121675,45-54,Male,BR,2024-12-21
SPOT-121676,18-24,Female,FR,2023-12-29
SPOT-121677,25-34,Female,GB,2025-11-12
SPOT-121678,35-44,Male,DE,2025-12-21
SPOT-121679,18-24,Female,BR,2024-12-01
SPOT-121680,35-44,Female,US,2026-01-08
SPOT-121681,35-44,Male,BR,2025-08-20
SPOT-121682,25-34,Female,DE,2024-08-04
SPOT-121683,18-24,Male,US,2026-03-30
SPOT-121684,18-24,Male,AR,2025-12-26
SPOT-121685,18-24,Male,DE,2026-02-07
SPOT-121686,18-24,Female,GB,2023-11-23
SPOT-121687,55+,Female,US,2026-04-24
SPOT-121688,25-34,Male,US,2024-08-20
SPOT-121689,18-24,Female,AU,2024-01-26
SPOT-121690,45-54,Male,AU,2025-08-24
SPOT-121691,35-44,Female,FR,2024-07-02
SPOT-121692,18-24,Female,DE,2024-01-02
SPOT-121693,25-34,Female,AR,2024-09-19
SPOT-121694,18-24,Female,AR,2024-02-05
SPOT-121695,55+,Female,GB,2025-01-19
SPOT-121696,25-34,Female,BR,2024-08-07
SPOT-121697,45-54,Female,AU,2024-10-05
SPOT-121698,18-24,Male,GB,2024-08-22
SPOT-121699,45-54,Male,MX,2025-06-08
SPOT-121700,18-24,Male,MX,2026-05-19
SPOT-121701,55+,Male,DE,2023-12-26
SPOT-121702,45-54,Male,BR,2026-01-07
SPOT-121703,25-34,Male,DE,2026-03-27
SPOT-121704,35-44,Male,BR,2026-01-11
SPOT-121705,35-44,Female,US,2025-10-17
SPOT-121706,45-54,Female,AR,2024-04-11
SPOT-121707,18-24,Male,MX,2025-01-16
SPOT-121708,25-34,Male,AU,2024-10-02
SPOT-121709,45-54,Male,US,2025-03-25
SPOT-121710,35-44,Female,US,2026-05-21
SPOT-121711,25-34,Male,GB,2024-06-12
SPOT-121712,35-44,Non-binary,BR,2026-04-05
SPOT-121713,18-24,Female,US,2024-04-13
SPOT-121714,35-44,Female,DE,2025-03-06
SPOT-121715,18-24,Male,MX,2024-11-11
SPOT-121716,18-24,Male,US,2024-07-09
SPOT-121717,25-34,Non-binary,ES,2024-03-17
SPOT-121718,25-34,Male,CA,2025-06-18
SPOT-121719,25-34,Female,GB,2026-02-23
SPOT-121720,25-34,Male,ES,2025-08-20
SPOT-121721,18-24,Male,DE,2025-09-07
SPOT-121722,18-24,Female,MX,2024-04-02
SPOT-121723,35-44,Female,ES,2025-06-19
SPOT-121724,25-34,Female,GB,2025-01-22
SPOT-121725,25-34,Female,AR,2026-04-08
SPOT-121726,25-34,Female,US,2025-08-05
SPOT-121727,45-54,Female,AU,2023-12-21
SPOT-121728,35-44,Non-binary,GB,2024-04-24
SPOT-121729,18-24,Female,US,2024-03-03
SPOT-121730,35-44,Female,US,2024-10-19
SPOT-121731,55+,Male,AR,2025-01-19
SPOT-121732,25-34,Male,BR,2025-02-28
SPOT-121733,55+,Male,AU,2024-03-29
SPOT-121734,25-34,Male,MX,2024-01-27
SPOT-121735,25-34,Male,GB,2024-01-21
SPOT-121736,18-24,Male,AR,2025-11-26
SPOT-121737,25-34,Male,GB,2025-06-06
SPOT-121738,18-24,Male,GB,2025-11-19
SPOT-121739,18-24,Female,US,2024-08-27
SPOT-121740,18-24,Male,GB,2024-12-21
SPOT-121741,18-24,Female,GB,2026-01-06
SPOT-121742,25-34,Male,GB,2024-07-23
SPOT-121743,25-34,Female,GB,2026-03-02
SPOT-121744,18-24,Female,BR,2025-02-15
SPOT-121745,55+,Male,US,2024-10-17
SPOT-121746,18-24,Non-binary,MX,2025-04-23
SPOT-121747,25-34,Female,US,2024-03-04
SPOT-121748,18-24,Male,CA,2024-02-14
SPOT-121749,18-24,Male,US,2024-07-23
SPOT-121750,18-24,Female,CA,2025-03-02
SPOT-121751,25-34,Female,BR,2025-11-06
SPOT-121752,35-44,Male,ES,2024-11-22
SPOT-121753,18-24,Female,GB,2025-05-31
SPOT-121754,25-34,Female,US,2025-03-18
SPOT-121755,18-24,Female,CA,2025-11-03
SPOT-121756,35-44,Female,DE,2024-03-30
SPOT-121757,35-44,Female,BR,2025-01-05
SPOT-121758,18-24,Male,AU,2024-11-16
SPOT-121759,25-34,Female,GB,2025-08-22
SPOT-121760,55+,Female,US,2026-05-28
SPOT-121761,25-34,Male,BR,2026-01-06
SPOT-121762,25-34,Male,BR,2025-02-21
SPOT-121763,25-34,Male,ES,2024-02-11
SPOT-121764,25-34,Male,AU,2024-09-17
SPOT-121765,55+,Male,GB,2024-08-14
SPOT-121766,55+,Female,ES,2024-09-26
SPOT-121767,35-44,Female,DE,2026-05-12
SPOT-121768,25-34,Male,AR,2025-03-25
SPOT-121769,25-34,Female,US,2026-05-20
SPOT-121770,25-34,Female,BR,2025-05-22
SPOT-121771,55+,Male,US,2025-01-01
SPOT-121772,35-44,Male,BR,2025-08-30
SPOT-121773,25-34,Male,US,2024-02-22
SPOT-121774,18-24,Female,AU,2024-04-18
SPOT-121775,25-34,Male,BR,2024-04-08
SPOT-121776,55+,Male,BR,2025-04-23
SPOT-121777,25-34,Male,AU,2024-06-23
SPOT-121778,18-24,Female,BR,2024-09-10
SPOT-121779,18-24,Female,MX,2024-01-18
SPOT-121780,25-34,Male,US,2025-12-03
SPOT-121781,45-54,Female,ES,2024-07-28
SPOT-121782,55+,Male,US,2025-06-02
SPOT-121783,45-54,Female,AR,2025-08-06
SPOT-121784,35-44,Male,FR,2025-01-15
SPOT-121785,25-34,Male,GB,2024-07-10
SPOT-121786,25-34,Female,FR,2025-07-28
SPOT-121787,25-34,Female,BR,2025-11-30
SPOT-121788,35-44,Male,BR,2024-10-26
SPOT-121789,25-34,Male,DE,2026-03-15
SPOT-121790,25-34,Male,BR,2025-11-12
SPOT-121791,18-24,Female,CA,2026-04-16
SPOT-121792,18-24,Male,CA,2025-02-19
SPOT-121793,35-44,Female,DE,2025-08-09
SPOT-121794,45-54,Female,BR,2025-08-28
SPOT-121795,25-34,Male,US,2025-12-03
SPOT-121796,18-24,Female,GB,2024-11-06
SPOT-121797,45-54,Male,BR,2024-07-05
SPOT-121798,35-44,Female,US,2024-06-09
SPOT-121799,25-34,Female,BR,2024-02-05
SPOT-121800,25-34,Male,MX,2025-02-09
SPOT-121801,25-34,Male,MX,2024-02-04
SPOT-121802,25-34,Female,DE,2024-03-28
SPOT-121803,45-54,Male,ES,2025-03-28
SPOT-121804,18-24,Female,GB,2024-07-31
SPOT-121805,18-24,Male,DE,2025-05-07
SPOT-121806,18-24,Male,GB,2026-04-14
SPOT-121807,18-24,Female,MX,2025-05-06
SPOT-121808,18-24,Female,DE,2024-09-07
SPOT-121809,18-24,Male,US,2024-03-11
SPOT-121810,18-24,Female,GB,2024-08-26
SPOT-121811,18-24,Male,GB,2025-07-13
SPOT-121812,18-24,Male,CA,2025-03-31
SPOT-121813,18-24,Male,BR,2024-06-16
SPOT-121814,25-34,Female,MX,2026-01-01
SPOT-121815,25-34,Male,CA,2025-06-17
SPOT-121816,18-24,Female,US,2024-05-26
SPOT-121817,25-34,Female,CA,2024-11-11
SPOT-121818,55+,Male,BR,2025-12-31
SPOT-121819,45-54,Female,FR,2025-06-28
SPOT-121820,18-24,Female,US,2024-09-15
SPOT-121821,35-44,Female,GB,2026-05-28
SPOT-121822,25-34,Female,US,2024-10-03
SPOT-121823,18-24,Male,MX,2025-02-07
SPOT-121824,18-24,Female,US,2024-11-09
SPOT-121825,18-24,Female,AR,2025-02-20
SPOT-121826,25-34,Female,GB,2025-07-22
SPOT-121827,25-34,Female,GB,2026-05-23
SPOT-121828,35-44,Male,GB,2024-11-21
SPOT-121829,18-24,Male,ES,2024-03-05
SPOT-121830,18-24,Male,CA,2025-09-10
SPOT-121831,18-24,Female,CA,2023-11-07
SPOT-121832,25-34,Female,US,2024-07-24
SPOT-121833,55+,Male,GB,2025-02-21
SPOT-121834,35-44,Male,MX,2025-04-18
SPOT-121835,55+,Female,MX,2023-11-10
SPOT-121836,25-34,Male,GB,2025-02-06
SPOT-121837,25-34,Male,FR,2024-03-21
SPOT-121838,25-34,Male,US,2025-05-23
SPOT-121839,25-34,Female,MX,2026-01-06
SPOT-121840,25-34,Male,GB,2026-04-18
SPOT-121841,35-44,Male,BR,2026-03-26
SPOT-121842,25-34,Female,DE,2024-10-25
SPOT-121843,18-24,Female,AU,2026-04-01
SPOT-121844,35-44,Male,BR,2025-12-25
SPOT-121845,45-54,Female,AU,2025-12-17
SPOT-121846,25-34,Female,GB,2024-07-23
SPOT-121847,25-34,Female,ES,2026-03-03
SPOT-121848,18-24,Female,ES,2023-11-21
SPOT-121849,25-34,Female,AR,2025-08-29
SPOT-121850,18-24,Female,MX,2025-07-16
SPOT-121851,18-24,Male,MX,2024-06-16
SPOT-121852,25-34,Female,MX,2025-08-16
SPOT-121853,18-24,Female,AU,2026-05-07
SPOT-121854,35-44,Male,US,2025-03-13
SPOT-121855,45-54,Male,US,2025-05-22
SPOT-121856,18-24,Male,MX,2024-08-02
SPOT-121857,35-44,Male,US,2026-05-05
SPOT-121858,25-34,Female,MX,2025-12-22
SPOT-121859,18-24,Female,GB,2026-04-27
SPOT-121860,25-34,Male,US,2025-01-08
SPOT-121861,25-34,Male,ES,2024-08-06
SPOT-121862,25-34,Non-binary,US,2026-05-30
SPOT-121863,45-54,Female,US,2024-09-30
SPOT-121864,25-34,Female,GB,2023-12-10
SPOT-121865,55+,Male,US,2023-11-30
SPOT-121866,25-34,Female,CA,2025-05-30
SPOT-121867,18-24,Female,MX,2024-07-03
SPOT-121868,25-34,Male,FR,2025-09-28
SPOT-121869,18-24,Male,MX,2024-12-28
SPOT-121870,25-34,Male,AU,2024-12-08
SPOT-121871,25-34,Male,BR,2024-10-24
SPOT-121872,25-34,Non-binary,US,2024-08-16
SPOT-121873,18-24,Male,US,2025-05-08
SPOT-121874,25-34,Female,BR,2026-02-05
SPOT-121875,18-24,Female,GB,2023-11-27
SPOT-121876,25-34,Male,US,2024-11-28
SPOT-121877,35-44,Female,US,2026-06-02
SPOT-121878,55+,Male,BR,2025-08-06
SPOT-121879,18-24,Male,BR,2024-04-19
SPOT-121880,25-34,Female,CA,2025-05-17
SPOT-121881,25-34,Male,US,2025-08-10
SPOT-121882,45-54,Male,GB,2025-07-14
SPOT-121883,25-34,Female,BR,2025-01-05
SPOT-121884,18-24,Female,US,2025-09-03
SPOT-121885,25-34,Female,MX,2025-01-31
SPOT-121886,25-34,Female,BR,2025-05-06
SPOT-121887,35-44,Male,DE,2024-08-21
SPOT-121888,45-54,Female,MX,2025-08-07
SPOT-121889,18-24,Female,GB,2024-10-16
SPOT-121890,55+,Male,GB,2025-03-20
SPOT-121891,18-24,Female,US,2024-04-12
SPOT-121892,55+,Male,BR,2026-03-16
SPOT-121893,45-54,Male,DE,2025-03-29
SPOT-121894,25-34,Male,GB,2024-07-04
SPOT-121895,35-44,Female,US,2025-11-27
SPOT-121896,18-24,Female,US,2024-12-05
SPOT-121897,18-24,Female,US,2024-08-30
SPOT-121898,18-24,Female,US,2026-06-01
SPOT-121899,18-24,Male,BR,2026-04-04
SPOT-121900,25-34,Male,US,2025-04-25
SPOT-121901,18-24,Non-binary,AR,2026-02-01
SPOT-121902,45-54,Female,BR,2023-11-27
SPOT-121903,25-34,Male,MX,2026-03-13
SPOT-121904,25-34,Female,US,2024-08-02
SPOT-121905,25-34,Male,DE,2024-06-08
SPOT-121906,18-24,Male,MX,2025-08-15
SPOT-121907,18-24,Female,GB,2026-02-05
SPOT-121908,18-24,Female,GB,2024-11-01
SPOT-121909,35-44,Male,AR,2026-01-09
SPOT-121910,25-34,Male,AR,2025-05-18
SPOT-121911,18-24,Male,BR,2023-11-26
SPOT-121912,35-44,Female,FR,2024-10-26
SPOT-121913,18-24,Female,ES,2025-12-24
SPOT-121914,25-34,Female,US,2026-04-07
SPOT-121915,25-34,Female,BR,2025-10-20
SPOT-121916,35-44,Male,MX,2024-03-12
SPOT-121917,45-54,Female,BR,2025-12-03
SPOT-121918,35-44,Female,AR,2025-04-13
SPOT-121919,25-34,Male,GB,2025-07-23
SPOT-121920,18-24,Male,US,2024-12-30
SPOT-121921,35-44,Non-binary,MX,2024-01-05
SPOT-121922,25-34,Male,ES,2025-05-29
SPOT-121923,18-24,Female,ES,2024-04-11
SPOT-121924,35-44,Male,US,2024-09-02
SPOT-121925,18-24,Male,MX,2024-08-01
SPOT-121926,18-24,Female,US,2024-11-04
SPOT-121927,45-54,Female,ES,2026-05-29
SPOT-121928,25-34,Male,ES,2025-12-15
SPOT-121929,18-24,Male,BR,2025-06-06
SPOT-121930,35-44,Female,BR,2024-03-28
SPOT-121931,45-54,Male,ES,2023-12-06
SPOT-121932,18-24,Female,US,2025-12-05
SPOT-121933,25-34,Male,AR,2025-12-04
SPOT-121934,35-44,Female,US,2026-05-21
SPOT-121935,18-24,Female,BR,2024-03-09
SPOT-121936,25-34,Male,BR,2023-11-24
SPOT-121937,18-24,Male,ES,2025-11-03
SPOT-121938,35-44,Male,US,2023-11-19
SPOT-121939,35-44,Male,GB,2026-02-08
SPOT-121940,18-24,Female,MX,2026-04-28
SPOT-121941,35-44,Male,DE,2024-12-11
SPOT-121942,35-44,Female,GB,2025-10-17
SPOT-121943,18-24,Female,MX,2024-09-02
SPOT-121944,25-34,Male,US,2026-02-26
SPOT-121945,18-24,Female,AR,2024-10-06
SPOT-121946,45-54,Female,BR,2026-03-04
SPOT-121947,25-34,Male,US,2024-04-22
SPOT-121948,25-34,Female,DE,2024-06-18
SPOT-121949,25-34,Male,US,2025-10-29
SPOT-121950,25-34,Male,MX,2026-02-03
SPOT-121951,45-54,Male,MX,2026-01-21
SPOT-121952,25-34,Male,DE,2026-04-13
SPOT-121953,45-54,Female,GB,2024-11-02
SPOT-121954,25-34,Male,AR,2026-04-24
SPOT-121955,18-24,Male,BR,2024-09-09
SPOT-121956,45-54,Female,MX,2023-12-31
SPOT-121957,25-34,Male,US,2025-08-24
SPOT-121958,25-34,Male,ES,2025-01-12
SPOT-121959,55+,Female,DE,2025-02-01
SPOT-121960,18-24,Male,GB,2025-11-06
SPOT-121961,25-34,Female,CA,2025-12-03
SPOT-121962,18-24,Male,US,2025-05-21
SPOT-121963,25-34,Male,US,2025-11-12
SPOT-121964,35-44,Female,DE,2024-12-29
SPOT-121965,55+,Female,GB,2025-09-09
SPOT-121966,25-34,Male,BR,2023-12-13
SPOT-121967,35-44,Female,DE,2024-05-23
SPOT-121968,45-54,Male,AR,2026-03-25
SPOT-121969,25-34,Female,ES,2026-05-04
SPOT-121970,18-24,Female,ES,2024-10-06
SPOT-121971,25-34,Female,GB,2025-10-23
SPOT-121972,55+,Male,DE,2025-02-17
SPOT-121973,55+,Female,ES,2025-07-05
SPOT-121974,25-34,Male,US,2026-02-05
SPOT-121975,45-54,Male,FR,2025-04-08
SPOT-121976,18-24,Male,BR,2025-02-28
SPOT-121977,18-24,Female,AR,2024-02-04
SPOT-121978,55+,Female,AR,2025-07-06
SPOT-121979,18-24,Male,DE,2025-09-25
SPOT-121980,18-24,Female,US,2024-07-15
SPOT-121981,25-34,Female,CA,2025-02-04
SPOT-121982,25-34,Male,GB,2025-05-26
SPOT-121983,25-34,Female,DE,2025-11-06
SPOT-121984,18-24,Female,CA,2024-04-16
SPOT-121985,45-54,Male,CA,2026-01-13
SPOT-121986,45-54,Female,GB,2024-11-08
SPOT-121987,25-34,Female,US,2024-04-03
SPOT-121988,25-34,Male,US,2025-08-21
SPOT-121989,35-44,Male,DE,2026-02-03
SPOT-121990,25-34,Female,BR,2024-02-25
SPOT-121991,25-34,Male,GB,2025-08-23
SPOT-121992,25-34,Female,GB,2026-01-03
SPOT-121993,18-24,Male,GB,2025-08-02
SPOT-121994,18-24,Female,GB,2025-04-15
SPOT-121995,25-34,Female,FR,2025-11-14
SPOT-121996,25-34,Female,MX,2024-10-01
SPOT-121997,35-44,Male,AR,2025-05-31
SPOT-121998,35-44,Female,FR,2026-05-08
SPOT-121999,25-34,Male,DE,2025-05-19
SPOT-122000,35-44,Female,BR,2025-07-01
SPOT-122001,18-24,Male,AU,2023-11-16
SPOT-122002,25-34,Female,AR,2024-10-31
SPOT-122003,35-44,Male,AR,2024-10-21
SPOT-122004,25-34,Female,BR,2025-09-18
SPOT-122005,25-34,Female,DE,2024-03-09
SPOT-122006,25-34,Female,FR,2024-10-29
SPOT-122007,45-54,Male,AR,2025-01-15
SPOT-122008,25-34,Male,BR,2025-03-03
SPOT-122009,35-44,Female,GB,2023-11-26
SPOT-122010,55+,Male,US,2025-05-01
SPOT-122011,35-44,Male,BR,2024-02-09
SPOT-122012,25-34,Male,GB,2025-07-07
SPOT-122013,18-24,Female,GB,2024-09-25
SPOT-122014,25-34,Male,US,2025-06-23
SPOT-122015,25-34,Female,US,2024-03-27
SPOT-122016,35-44,Male,AR,2025-02-16
SPOT-122017,25-34,Female,US,2023-11-16
SPOT-122018,55+,Male,FR,2024-08-09
SPOT-122019,18-24,Female,US,2025-02-21
SPOT-122020,35-44,Male,ES,2026-03-30
SPOT-122021,25-34,Male,AR,2024-02-07
SPOT-122022,25-34,Male,AR,2024-05-02
SPOT-122023,35-44,Male,FR,2025-06-07
SPOT-122024,18-24,Male,GB,2025-05-23
SPOT-122025,18-24,Female,AU,2024-02-24
SPOT-122026,25-34,Male,GB,2024-11-14
SPOT-122027,25-34,Female,CA,2025-04-29
SPOT-122028,35-44,Female,DE,2025-06-14
SPOT-122029,55+,Female,US,2024-05-17
SPOT-122030,18-24,Male,AR,2024-06-28
SPOT-122031,25-34,Male,AR,2024-02-28
SPOT-122032,25-34,Male,US,2023-11-28
SPOT-122033,55+,Male,AR,2024-07-10
SPOT-122034,45-54,Male,US,2024-04-24
SPOT-122035,35-44,Male,US,2025-08-02
SPOT-122036,25-34,Male,AR,2023-12-07
SPOT-122037,18-24,Female,GB,2025-04-10
SPOT-122038,25-34,Male,US,2024-12-17
SPOT-122039,25-34,Male,AU,2024-03-16
SPOT-122040,35-44,Male,BR,2024-10-27
SPOT-122041,25-34,Female,DE,2025-12-28
SPOT-122042,35-44,Female,BR,2025-10-08
SPOT-122043,25-34,Female,MX,2024-02-13
SPOT-122044,35-44,Female,FR,2024-11-15
SPOT-122045,18-24,Female,MX,2024-08-28
SPOT-122046,18-24,Male,ES,2024-06-26
SPOT-122047,18-24,Male,US,2025-05-28
SPOT-122048,45-54,Female,DE,2024-01-10
SPOT-122049,18-24,Female,BR,2025-01-03
SPOT-122050,35-44,Female,MX,2026-03-04
SPOT-122051,18-24,Female,GB,2025-08-14
SPOT-122052,25-34,Male,AU,2026-02-13
SPOT-122053,45-54,Female,US,2025-05-21
SPOT-122054,25-34,Male,US,2025-02-25
SPOT-122055,18-24,Male,US,2025-04-29
SPOT-122056,18-24,Male,ES,2024-01-25
SPOT-122057,45-54,Female,US,2024-07-08
SPOT-122058,25-34,Male,AU,2025-02-28
SPOT-122059,25-34,Male,AU,2025-02-15
SPOT-122060,25-34,Female,US,2026-05-06
SPOT-122061,25-34,Male,DE,2024-09-06
SPOT-122062,18-24,Male,US,2026-04-04
SPOT-122063,25-34,Female,DE,2025-05-26
SPOT-122064,35-44,Female,BR,2025-10-01
SPOT-122065,18-24,Male,AR,2024-01-07
SPOT-122066,35-44,Female,US,2024-08-28
SPOT-122067,45-54,Female,AU,2024-09-30
SPOT-122068,45-54,Male,CA,2025-04-06
SPOT-122069,18-24,Male,BR,2024-10-30
SPOT-122070,18-24,Male,BR,2025-10-04
SPOT-122071,45-54,Female,BR,2026-05-05
SPOT-122072,18-24,Female,US,2024-05-03
SPOT-122073,18-24,Male,ES,2024-12-21
SPOT-122074,45-54,Female,BR,2024-08-01
SPOT-122075,18-24,Female,GB,2024-04-14
SPOT-122076,25-34,Male,DE,2026-02-23
SPOT-122077,25-34,Non-binary,GB,2024-01-22
SPOT-122078,35-44,Female,MX,2026-05-23
SPOT-122079,18-24,Female,MX,2025-04-06
SPOT-122080,45-54,Female,DE,2024-08-02
SPOT-122081,25-34,Male,GB,2023-11-18
SPOT-122082,25-34,Male,FR,2025-03-02
SPOT-122083,18-24,Female,MX,2025-09-09
SPOT-122084,18-24,Male,ES,2025-04-18
SPOT-122085,25-34,Male,MX,2024-04-20
SPOT-122086,25-34,Male,US,2025-12-02
SPOT-122087,45-54,Female,US,2026-02-18
SPOT-122088,25-34,Male,DE,2025-01-01
SPOT-122089,25-34,Male,CA,2024-09-26
SPOT-122090,25-34,Female,BR,2025-04-15
SPOT-122091,35-44,Male,FR,2026-05-16
SPOT-122092,25-34,Female,US,2024-01-14
SPOT-122093,18-24,Male,ES,2025-08-12
SPOT-122094,45-54,Male,US,2025-07-04
SPOT-122095,25-34,Male,BR,2024-08-17
SPOT-122096,25-34,Female,GB,2025-08-01
SPOT-122097,25-34,Female,ES,2025-12-04
SPOT-122098,35-44,Female,DE,2025-10-18
SPOT-122099,18-24,Male,DE,2024-10-12
SPOT-122100,18-24,Female,US,2024-12-02
SPOT-122101,35-44,Male,GB,2024-06-04
SPOT-122102,18-24,Male,US,2026-05-25
SPOT-122103,35-44,Female,BR,2024-02-25
SPOT-122104,18-24,Male,US,2026-02-22
SPOT-122105,25-34,Female,GB,2024-08-08
SPOT-122106,18-24,Male,BR,2024-01-17
SPOT-122107,25-34,Male,GB,2024-07-02
SPOT-122108,25-34,Female,BR,2024-01-19
SPOT-122109,18-24,Male,US,2025-11-12
SPOT-122110,25-34,Male,AU,2024-09-01
SPOT-122111,45-54,Male,ES,2025-03-28
SPOT-122112,25-34,Male,BR,2024-03-22
SPOT-122113,35-44,Female,CA,2025-09-24
SPOT-122114,45-54,Female,FR,2025-06-20
SPOT-122115,55+,Female,GB,2025-05-27
SPOT-122116,45-54,Male,US,2024-09-24
SPOT-122117,18-24,Male,GB,2024-12-07
SPOT-122118,55+,Female,US,2024-09-29
SPOT-122119,35-44,Male,ES,2025-10-21
SPOT-122120,35-44,Male,BR,2023-12-23
SPOT-122121,18-24,Female,FR,2026-01-11
SPOT-122122,55+,Male,BR,2025-11-21
SPOT-122123,35-44,Female,ES,2024-09-02
SPOT-122124,35-44,Male,GB,2025-06-09
SPOT-122125,18-24,Female,MX,2025-09-21
SPOT-122126,18-24,Male,MX,2024-12-11
SPOT-122127,55+,Female,ES,2024-01-06
SPOT-122128,25-34,Male,AR,2026-01-10
SPOT-122129,25-34,Female,GB,2024-11-01
SPOT-122130,35-44,Male,DE,2025-03-13
SPOT-122131,18-24,Female,US,2024-12-11
SPOT-122132,25-34,Female,ES,2023-11-18
SPOT-122133,25-34,Male,GB,2024-07-05
SPOT-122134,18-24,Male,DE,2025-04-10
SPOT-122135,18-24,Female,AR,2026-01-02
SPOT-122136,18-24,Male,GB,2024-10-28
SPOT-122137,18-24,Female,GB,2024-01-04
SPOT-122138,25-34,Male,MX,2026-03-12
SPOT-122139,45-54,Female,AU,2024-08-27
SPOT-122140,25-34,Male,US,2025-12-18
SPOT-122141,18-24,Female,AR,2024-03-06
SPOT-122142,18-24,Male,US,2024-06-30
SPOT-122143,35-44,Male,GB,2024-05-04
SPOT-122144,55+,Male,DE,2025-01-07
SPOT-122145,18-24,Female,ES,2024-12-30
SPOT-122146,18-24,Male,CA,2024-10-10
SPOT-122147,25-34,Male,US,2024-04-04
SPOT-122148,35-44,Female,ES,2026-03-29
SPOT-122149,25-34,Male,GB,2025-12-17
SPOT-122150,25-34,Female,CA,2024-11-22
SPOT-122151,35-44,Female,GB,2024-12-28
SPOT-122152,55+,Female,MX,2024-02-04
SPOT-122153,18-24,Male,US,2025-02-15
SPOT-122154,55+,Female,AU,2024-09-15
SPOT-122155,25-34,Male,US,2025-02-24
SPOT-122156,35-44,Female,US,2024-06-14
SPOT-122157,25-34,Male,MX,2024-06-17
SPOT-122158,25-34,Male,FR,2025-06-16
SPOT-122159,25-34,Male,AU,2024-06-26
SPOT-122160,25-34,Female,US,2023-12-19
SPOT-122161,18-24,Female,GB,2024-03-01
SPOT-122162,25-34,Male,FR,2024-03-14
SPOT-122163,25-34,Female,US,2024-04-29
SPOT-122164,18-24,Male,ES,2025-02-17
SPOT-122165,45-54,Female,DE,2025-12-22
SPOT-122166,18-24,Female,MX,2025-07-17
SPOT-122167,25-34,Female,BR,2024-05-16
SPOT-122168,18-24,Male,MX,2023-11-06
SPOT-122169,25-34,Male,MX,2026-03-11
SPOT-122170,18-24,Female,MX,2025-11-07
SPOT-122171,25-34,Male,MX,2025-02-03
SPOT-122172,18-24,Male,BR,2024-03-12
SPOT-122173,18-24,Female,ES,2024-12-03
SPOT-122174,35-44,Female,ES,2024-12-01
SPOT-122175,25-34,Male,AR,2024-11-03
SPOT-122176,18-24,Male,FR,2025-07-27
SPOT-122177,18-24,Male,GB,2024-07-29
SPOT-122178,45-54,Female,ES,2026-05-13
SPOT-122179,18-24,Female,CA,2024-03-31
SPOT-122180,45-54,Female,GB,2026-05-20
SPOT-122181,25-34,Female,ES,2026-01-08
SPOT-122182,18-24,Female,GB,2024-01-29
SPOT-122183,35-44,Male,US,2024-12-03
SPOT-122184,45-54,Male,DE,2025-03-11
SPOT-122185,25-34,Female,AR,2025-09-30
SPOT-122186,25-34,Male,GB,2025-10-07
SPOT-122187,25-34,Non-binary,GB,2024-12-22
SPOT-122188,45-54,Female,GB,2024-11-07
SPOT-122189,25-34,Female,US,2025-06-02
SPOT-122190,18-24,Male,MX,2025-01-15
SPOT-122191,18-24,Female,US,2024-01-14
SPOT-122192,18-24,Female,CA,2025-06-10
SPOT-122193,18-24,Female,GB,2024-12-17
SPOT-122194,18-24,Male,BR,2026-05-08
SPOT-122195,25-34,Female,DE,2025-12-10
SPOT-122196,18-24,Female,AU,2024-03-11
SPOT-122197,25-34,Male,DE,2025-01-19
SPOT-122198,25-34,Male,BR,2025-06-09
SPOT-122199,18-24,Female,ES,2026-05-16
SPOT-122200,18-24,Male,US,2025-04-04
SPOT-122201,18-24,Male,US,2025-10-30
SPOT-122202,18-24,Male,DE,2025-10-10
SPOT-122203,35-44,Female,BR,2024-01-25
SPOT-122204,25-34,Male,GB,2025-08-31
SPOT-122205,18-24,Male,DE,2023-12-23
SPOT-122206,25-34,Male,MX,2024-09-26
SPOT-122207,18-24,Female,AU,2025-02-23
SPOT-122208,25-34,Female,MX,2025-02-19
SPOT-122209,25-34,Female,DE,2025-10-04
SPOT-122210,25-34,Female,US,2023-12-02
SPOT-122211,18-24,Female,GB,2026-02-09
SPOT-122212,18-24,Male,GB,2026-03-29
SPOT-122213,35-44,Female,BR,2025-10-17
SPOT-122214,45-54,Male,AR,2024-07-27
SPOT-122215,45-54,Female,ES,2023-12-03
SPOT-122216,18-24,Male,AR,2025-08-08
SPOT-122217,35-44,Female,GB,2024-10-29
SPOT-122218,35-44,Female,GB,2025-04-10
SPOT-122219,45-54,Female,US,2025-10-14
SPOT-122220,18-24,Female,FR,2025-02-06
SPOT-122221,35-44,Female,MX,2025-03-20
SPOT-122222,18-24,Male,US,2024-09-28
SPOT-122223,25-34,Male,GB,2025-06-16
SPOT-122224,25-34,Male,US,2025-09-10
SPOT-122225,35-44,Male,AU,2025-07-12
SPOT-122226,45-54,Male,GB,2025-02-27
SPOT-122227,25-34,Male,BR,2025-07-12
SPOT-122228,25-34,Female,GB,2024-12-05
SPOT-122229,18-24,Female,BR,2023-12-18
SPOT-122230,25-34,Male,AU,2024-02-06
SPOT-122231,25-34,Male,GB,2024-03-17
SPOT-122232,18-24,Female,GB,2024-08-07
SPOT-122233,45-54,Male,DE,2024-02-02
SPOT-122234,18-24,Female,US,2024-06-02
SPOT-122235,25-34,Male,ES,2024-03-11
SPOT-122236,45-54,Female,DE,2023-12-05
SPOT-122237,45-54,Male,BR,2024-02-12
SPOT-122238,35-44,Male,MX,2025-02-02
SPOT-122239,18-24,Female,US,2025-01-08
SPOT-122240,35-44,Male,MX,2025-10-27
SPOT-122241,18-24,Male,BR,2026-01-09
SPOT-122242,45-54,Male,US,2024-10-13
SPOT-122243,35-44,Female,US,2026-05-20
SPOT-122244,35-44,Male,DE,2024-09-16
SPOT-122245,18-24,Female,GB,2024-05-17
SPOT-122246,25-34,Female,DE,2025-04-17
SPOT-122247,35-44,Female,MX,2024-05-03
SPOT-122248,45-54,Male,US,2026-03-23
SPOT-122249,18-24,Non-binary,MX,2023-12-12
SPOT-122250,45-54,Female,AR,2024-03-28
SPOT-122251,18-24,Male,US,2025-08-10
SPOT-122252,25-34,Male,GB,2025-11-22
SPOT-122253,25-34,Female,GB,2024-01-08
SPOT-122254,18-24,Female,DE,2026-04-10
SPOT-122255,18-24,Male,MX,2025-11-14
SPOT-122256,35-44,Female,US,2024-04-18
SPOT-122257,25-34,Non-binary,US,2025-05-11
SPOT-122258,18-24,Male,ES,2024-06-08
SPOT-122259,35-44,Male,MX,2023-12-27
SPOT-122260,35-44,Female,DE,2025-07-13
SPOT-122261,25-34,Male,BR,2024-01-12
SPOT-122262,18-24,Female,GB,2024-06-29
SPOT-122263,18-24,Female,GB,2025-10-05
SPOT-122264,35-44,Male,GB,2024-11-10
SPOT-122265,25-34,Male,ES,2026-04-23
SPOT-122266,25-34,Male,BR,2025-01-13
SPOT-122267,35-44,Male,ES,2024-11-27
SPOT-122268,25-34,Female,BR,2025-02-02
SPOT-122269,18-24,Male,BR,2025-10-31
SPOT-122270,45-54,Female,GB,2024-05-06
SPOT-122271,25-34,Female,DE,2024-09-13
SPOT-122272,25-34,Female,FR,2025-11-28
SPOT-122273,45-54,Female,BR,2025-05-13
SPOT-122274,45-54,Female,BR,2025-11-20
SPOT-122275,25-34,Female,US,2024-04-15
SPOT-122276,18-24,Male,MX,2026-05-06
SPOT-122277,55+,Female,MX,2025-09-24
SPOT-122278,25-34,Female,MX,2026-02-07
SPOT-122279,25-34,Female,US,2023-12-17
SPOT-122280,25-34,Female,GB,2025-11-14
SPOT-122281,25-34,Male,DE,2025-10-22
SPOT-122282,45-54,Male,AR,2024-05-15
SPOT-122283,25-34,Male,AU,2025-12-05
SPOT-122284,35-44,Male,DE,2025-01-25
SPOT-122285,35-44,Male,BR,2026-03-21
SPOT-122286,35-44,Female,US,2025-01-22
SPOT-122287,35-44,Male,US,2024-08-20
SPOT-122288,45-54,Male,US,2025-12-13
SPOT-122289,25-34,Female,ES,2025-03-20
SPOT-122290,18-24,Male,US,2026-01-06
SPOT-122291,35-44,Female,ES,2025-11-26
SPOT-122292,25-34,Male,DE,2023-11-09
SPOT-122293,18-24,Male,AR,2024-08-20
SPOT-122294,18-24,Male,FR,2024-12-29
SPOT-122295,18-24,Non-binary,FR,2025-08-26
SPOT-122296,35-44,Female,BR,2025-09-11
SPOT-122297,35-44,Female,AR,2025-10-09
SPOT-122298,18-24,Male,MX,2024-01-08
SPOT-122299,35-44,Female,US,2025-05-02
SPOT-122300,18-24,Female,DE,2026-01-13
SPOT-122301,35-44,Male,AU,2024-08-25
SPOT-122302,25-34,Female,ES,2024-08-20
SPOT-122303,35-44,Non-binary,GB,2023-11-09
SPOT-122304,25-34,Male,GB,2025-10-31
SPOT-122305,18-24,Male,GB,2025-08-24
SPOT-122306,35-44,Female,GB,2024-06-01
SPOT-122307,18-24,Male,CA,2025-04-14
SPOT-122308,55+,Non-binary,DE,2026-03-31
SPOT-122309,25-34,Female,GB,2025-07-26
SPOT-122310,25-34,Male,US,2024-03-23
SPOT-122311,25-34,Female,FR,2024-04-14
SPOT-122312,18-24,Female,AU,2024-10-31
SPOT-122313,25-34,Male,GB,2025-08-31
SPOT-122314,55+,Male,MX,2023-11-14
SPOT-122315,18-24,Male,AU,2026-03-02
SPOT-122316,35-44,Female,BR,2026-02-10
SPOT-122317,25-34,Female,DE,2025-11-17
SPOT-122318,25-34,Female,BR,2026-03-26
SPOT-122319,18-24,Female,US,2024-11-05
SPOT-122320,25-34,Male,GB,2024-07-20
SPOT-122321,55+,Female,MX,2025-06-13
SPOT-122322,18-24,Female,AU,2026-01-14
SPOT-122323,25-34,Female,BR,2024-03-02
SPOT-122324,25-34,Female,US,2024-01-15
SPOT-122325,25-34,Female,DE,2024-11-21
SPOT-122326,25-34,Non-binary,BR,2025-02-20
SPOT-122327,25-34,Female,US,2024-06-04
SPOT-122328,18-24,Male,GB,2025-06-16
SPOT-122329,45-54,Female,DE,2024-09-13
SPOT-122330,35-44,Female,GB,2024-09-08
SPOT-122331,18-24,Female,GB,2024-06-26
SPOT-122332,25-34,Male,GB,2025-06-02
SPOT-122333,35-44,Female,MX,2025-03-14
SPOT-122334,55+,Male,BR,2025-05-24
SPOT-122335,55+,Male,BR,2025-09-29
SPOT-122336,45-54,Female,US,2024-11-05
SPOT-122337,18-24,Female,US,2025-01-06
SPOT-122338,45-54,Female,US,2023-12-19
SPOT-122339,45-54,Male,US,2024-11-02
SPOT-122340,25-34,Female,US,2025-10-02
SPOT-122341,25-34,Male,US,2023-12-07
SPOT-122342,25-34,Male,ES,2026-03-13
SPOT-122343,25-34,Male,MX,2026-02-17
SPOT-122344,18-24,Male,US,2026-02-17
SPOT-122345,18-24,Female,US,2025-01-26
SPOT-122346,18-24,Male,US,2024-10-14
SPOT-122347,25-34,Male,GB,2025-07-12
SPOT-122348,18-24,Female,GB,2026-03-31
SPOT-122349,35-44,Female,US,2024-06-26
SPOT-122350,18-24,Male,BR,2024-03-07
SPOT-122351,45-54,Male,FR,2024-10-21
SPOT-122352,45-54,Female,BR,2026-05-03
SPOT-122353,45-54,Male,US,2025-02-10
SPOT-122354,35-44,Male,BR,2024-08-23
SPOT-122355,18-24,Male,BR,2024-11-03
SPOT-122356,25-34,Female,CA,2026-02-21
SPOT-122357,18-24,Female,GB,2024-07-08
SPOT-122358,55+,Female,ES,2025-08-22
SPOT-122359,18-24,Female,US,2025-10-29
SPOT-122360,25-34,Female,ES,2026-04-25
SPOT-122361,35-44,Male,US,2023-12-08
SPOT-122362,45-54,Female,GB,2026-04-30
SPOT-122363,35-44,Female,CA,2026-01-04
SPOT-122364,25-34,Female,ES,2024-05-16
SPOT-122365,25-34,Male,CA,2024-06-15
SPOT-122366,25-34,Male,BR,2026-04-06
SPOT-122367,18-24,Female,MX,2026-04-01
SPOT-122368,45-54,Male,BR,2025-11-28
SPOT-122369,25-34,Male,BR,2026-03-24
SPOT-122370,18-24,Male,BR,2026-01-28
SPOT-122371,45-54,Male,US,2026-05-28
SPOT-122372,25-34,Male,US,2024-12-02
SPOT-122373,45-54,Male,US,2024-03-25
SPOT-122374,45-54,Female,DE,2025-10-09
SPOT-122375,35-44,Male,DE,2024-02-27
SPOT-122376,18-24,Female,ES,2025-01-16
SPOT-122377,18-24,Male,US,2024-06-03
SPOT-122378,45-54,Male,BR,2025-03-22
SPOT-122379,45-54,Female,GB,2026-03-25
SPOT-122380,25-34,Female,BR,2026-04-30
SPOT-122381,25-34,Female,MX,2024-07-20
SPOT-122382,18-24,Male,BR,2024-11-18
SPOT-122383,55+,Male,US,2025-12-28
SPOT-122384,18-24,Female,ES,2025-09-14
SPOT-122385,18-24,Male,MX,2026-03-30
SPOT-122386,25-34,Female,CA,2025-05-07
SPOT-122387,18-24,Female,MX,2023-12-27
SPOT-122388,45-54,Female,ES,2025-07-10
SPOT-122389,18-24,Female,AR,2024-08-06
SPOT-122390,18-24,Male,US,2026-01-04
SPOT-122391,25-34,Male,MX,2026-02-14
SPOT-122392,25-34,Female,GB,2024-12-22
SPOT-122393,18-24,Female,AR,2024-08-15
SPOT-122394,25-34,Male,BR,2025-01-26
SPOT-122395,25-34,Male,BR,2025-07-10
SPOT-122396,45-54,Male,GB,2026-02-09
SPOT-122397,18-24,Female,MX,2024-02-02
SPOT-122398,55+,Male,US,2025-01-22
SPOT-122399,25-34,Female,ES,2026-02-15
SPOT-122400,18-24,Female,US,2026-04-04
SPOT-122401,18-24,Female,US,2025-08-20
SPOT-122402,25-34,Female,US,2025-05-17
SPOT-122403,18-24,Male,GB,2023-11-28
SPOT-122404,18-24,Male,DE,2024-01-10
SPOT-122405,18-24,Female,US,2026-05-09
SPOT-122406,25-34,Female,US,2025-10-03
SPOT-122407,25-34,Male,FR,2024-10-23
SPOT-122408,18-24,Female,GB,2024-08-03
SPOT-122409,25-34,Male,ES,2025-07-16
SPOT-122410,35-44,Male,US,2024-12-24
SPOT-122411,18-24,Female,AR,2025-08-01
SPOT-122412,45-54,Female,MX,2026-03-07
SPOT-122413,25-34,Male,ES,2026-05-09
SPOT-122414,55+,Male,DE,2026-02-12
SPOT-122415,18-24,Male,FR,2024-12-14
SPOT-122416,55+,Female,DE,2023-12-08
SPOT-122417,25-34,Female,MX,2024-04-23
SPOT-122418,25-34,Male,MX,2024-10-20
SPOT-122419,25-34,Female,AU,2024-03-12
SPOT-122420,18-24,Male,US,2024-02-12
SPOT-122421,45-54,Female,US,2023-12-10
SPOT-122422,25-34,Non-binary,DE,2025-08-11
SPOT-122423,18-24,Female,CA,2024-11-26
SPOT-122424,18-24,Non-binary,US,2025-09-22
SPOT-122425,18-24,Female,GB,2024-03-30
SPOT-122426,25-34,Male,GB,2025-03-14
SPOT-122427,25-34,Female,GB,2025-01-01
SPOT-122428,25-34,Male,US,2025-12-19
SPOT-122429,18-24,Female,AR,2025-04-15
SPOT-122430,25-34,Female,US,2025-05-06
SPOT-122431,25-34,Female,BR,2025-10-14
SPOT-122432,18-24,Male,US,2025-08-18
SPOT-122433,18-24,Female,AR,2023-11-27
SPOT-122434,18-24,Female,ES,2025-09-30
SPOT-122435,45-54,Male,ES,2024-04-05
SPOT-122436,35-44,Female,ES,2024-09-14
SPOT-122437,55+,Male,CA,2024-11-03
SPOT-122438,18-24,Male,DE,2024-05-20
SPOT-122439,45-54,Female,FR,2025-06-01
SPOT-122440,25-34,Male,US,2024-10-23
SPOT-122441,25-34,Female,DE,2025-12-22
SPOT-122442,18-24,Female,US,2024-08-09
SPOT-122443,35-44,Male,GB,2023-12-30
SPOT-122444,45-54,Female,DE,2024-10-01
SPOT-122445,18-24,Male,CA,2026-02-25
SPOT-122446,18-24,Male,GB,2026-02-27
SPOT-122447,25-34,Female,MX,2024-08-13
SPOT-122448,55+,Female,AR,2025-11-05
SPOT-122449,35-44,Male,GB,2024-04-27
SPOT-122450,18-24,Male,US,2024-04-29
SPOT-122451,25-34,Male,BR,2025-01-09
SPOT-122452,25-34,Female,GB,2024-06-21
SPOT-122453,45-54,Male,MX,2024-09-16
SPOT-122454,35-44,Male,US,2025-10-19
SPOT-122455,25-34,Female,US,2025-03-28
SPOT-122456,18-24,Male,MX,2024-01-04
SPOT-122457,45-54,Male,AU,2024-01-17
SPOT-122458,25-34,Male,US,2026-02-10
SPOT-122459,55+,Female,ES,2024-07-14
SPOT-122460,25-34,Female,BR,2023-11-22
SPOT-122461,35-44,Male,AR,2024-05-24
SPOT-122462,35-44,Female,DE,2024-01-15
SPOT-122463,18-24,Female,AU,2026-04-10
SPOT-122464,55+,Male,US,2024-05-16
SPOT-122465,18-24,Female,AU,2024-05-21
SPOT-122466,35-44,Male,AR,2024-11-28
SPOT-122467,55+,Female,FR,2024-07-13
SPOT-122468,18-24,Male,AR,2025-09-27
SPOT-122469,25-34,Male,FR,2024-04-21
SPOT-122470,25-34,Female,AR,2026-04-26
SPOT-122471,35-44,Female,FR,2024-07-14
SPOT-122472,45-54,Male,DE,2025-02-27
SPOT-122473,25-34,Male,CA,2025-07-03
SPOT-122474,35-44,Female,DE,2025-03-08
SPOT-122475,18-24,Male,ES,2025-07-27
SPOT-122476,18-24,Female,ES,2025-10-16
SPOT-122477,25-34,Male,AR,2025-04-14
SPOT-122478,25-34,Female,ES,2024-08-02
SPOT-122479,18-24,Male,US,2024-02-20
SPOT-122480,25-34,Male,ES,2024-10-28
SPOT-122481,25-34,Female,US,2025-05-17
SPOT-122482,35-44,Male,BR,2024-02-29
SPOT-122483,18-24,Female,AR,2024-10-26
SPOT-122484,25-34,Male,AR,2025-08-22
SPOT-122485,25-34,Male,AR,2024-12-08
SPOT-122486,45-54,Female,MX,2025-11-04
SPOT-122487,35-44,Male,US,2025-08-29
SPOT-122488,35-44,Male,BR,2025-01-22
SPOT-122489,45-54,Male,BR,2023-11-14
SPOT-122490,25-34,Male,GB,2025-03-23
SPOT-122491,18-24,Male,DE,2025-03-19
SPOT-122492,45-54,Male,FR,2026-01-23
SPOT-122493,35-44,Male,BR,2024-11-11
SPOT-122494,25-34,Female,ES,2024-12-08
SPOT-122495,35-44,Male,BR,2024-01-16
SPOT-122496,45-54,Female,MX,2026-05-18
SPOT-122497,55+,Female,US,2025-01-20
SPOT-122498,55+,Male,CA,2025-03-10
SPOT-122499,18-24,Male,DE,2025-10-13
SPOT-122500,25-34,Male,ES,2024-03-10
SPOT-122501,18-24,Female,MX,2024-01-25
SPOT-122502,18-24,Female,AR,2025-04-16
SPOT-122503,45-54,Female,US,2024-08-05
SPOT-122504,25-34,Female,CA,2024-07-18
SPOT-122505,25-34,Male,AR,2026-03-25
SPOT-122506,25-34,Female,AR,2025-06-10
SPOT-122507,35-44,Male,DE,2024-06-30
SPOT-122508,18-24,Non-binary,AR,2024-12-20
SPOT-122509,18-24,Male,BR,2026-04-24
SPOT-122510,25-34,Male,BR,2024-02-17
SPOT-122511,25-34,Female,AR,2026-01-16
SPOT-122512,55+,Female,MX,2026-03-09
SPOT-122513,35-44,Female,US,2024-05-19
SPOT-122514,25-34,Male,GB,2025-08-27
SPOT-122515,45-54,Female,MX,2024-11-11
SPOT-122516,18-24,Female,CA,2026-05-27
SPOT-122517,35-44,Male,CA,2025-02-07
SPOT-122518,18-24,Male,AR,2026-01-14
SPOT-122519,35-44,Female,GB,2024-06-12
SPOT-122520,25-34,Female,BR,2024-01-17
SPOT-122521,18-24,Female,DE,2024-11-08
SPOT-122522,18-24,Female,DE,2025-06-14
SPOT-122523,25-34,Male,US,2025-11-30
SPOT-122524,35-44,Female,US,2024-08-12
SPOT-122525,18-24,Male,US,2025-12-04
SPOT-122526,25-34,Male,MX,2024-11-18
SPOT-122527,35-44,Female,DE,2024-12-23
SPOT-122528,25-34,Female,GB,2025-11-14
SPOT-122529,35-44,Male,DE,2023-12-04
SPOT-122530,18-24,Female,GB,2026-03-23
SPOT-122531,25-34,Female,ES,2024-06-06
SPOT-122532,45-54,Female,US,2024-08-25
SPOT-122533,25-34,Male,US,2025-07-18
SPOT-122534,25-34,Male,MX,2025-10-26
SPOT-122535,35-44,Female,US,2026-02-28
SPOT-122536,18-24,Female,MX,2024-09-25
SPOT-122537,35-44,Male,US,2026-04-01
SPOT-122538,45-54,Female,US,2024-08-17
SPOT-122539,18-24,Female,US,2024-07-05
SPOT-122540,45-54,Female,GB,2024-12-31
SPOT-122541,18-24,Male,GB,2025-10-12
SPOT-122542,25-34,Female,BR,2025-12-02
SPOT-122543,45-54,Male,BR,2024-06-07
SPOT-122544,35-44,Male,MX,2025-09-27
SPOT-122545,45-54,Female,GB,2025-01-19
SPOT-122546,45-54,Male,BR,2026-04-11
SPOT-122547,25-34,Non-binary,AU,2026-01-04
SPOT-122548,25-34,Male,US,2025-06-09
SPOT-122549,25-34,Female,US,2026-03-10
SPOT-122550,25-34,Male,AR,2025-04-24
SPOT-122551,25-34,Non-binary,DE,2025-06-22
SPOT-122552,35-44,Non-binary,AR,2024-09-23
SPOT-122553,25-34,Male,DE,2025-05-17
SPOT-122554,35-44,Male,US,2025-07-08
SPOT-122555,35-44,Female,DE,2025-06-23
SPOT-122556,18-24,Female,MX,2025-03-06
SPOT-122557,25-34,Female,DE,2024-04-11
SPOT-122558,25-34,Female,DE,2025-03-14
SPOT-122559,25-34,Male,AU,2023-11-26
SPOT-122560,35-44,Female,BR,2024-11-16
SPOT-122561,25-34,Female,MX,2024-10-19
SPOT-122562,45-54,Male,ES,2025-09-29
SPOT-122563,35-44,Female,US,2024-05-23
SPOT-122564,25-34,Female,BR,2025-11-19
SPOT-122565,35-44,Female,AU,2024-04-29
SPOT-122566,18-24,Male,ES,2024-12-20
SPOT-122567,18-24,Male,GB,2024-09-24
SPOT-122568,18-24,Female,GB,2026-04-27
SPOT-122569,25-34,Male,GB,2024-10-24
SPOT-122570,18-24,Female,MX,2025-09-14
SPOT-122571,55+,Male,US,2026-05-01
SPOT-122572,25-34,Female,GB,2024-12-02
SPOT-122573,25-34,Male,BR,2023-11-29
SPOT-122574,18-24,Female,BR,2025-10-07
SPOT-122575,18-24,Male,MX,2024-10-04
SPOT-122576,18-24,Male,AR,2024-07-11
SPOT-122577,25-34,Male,US,2025-04-27
SPOT-122578,25-34,Female,US,2025-04-28
SPOT-122579,25-34,Female,FR,2024-08-23
SPOT-122580,25-34,Male,AR,2024-10-20
SPOT-122581,35-44,Male,AR,2024-03-28
SPOT-122582,18-24,Female,US,2026-01-22
SPOT-122583,35-44,Female,US,2025-10-30
SPOT-122584,25-34,Male,BR,2025-03-01
SPOT-122585,25-34,Male,FR,2025-10-30
SPOT-122586,18-24,Male,US,2024-09-21
SPOT-122587,25-34,Male,CA,2025-05-03
SPOT-122588,18-24,Male,US,2024-07-01
SPOT-122589,55+,Female,GB,2024-08-01
SPOT-122590,25-34,Female,GB,2025-11-19
SPOT-122591,55+,Male,US,2025-06-08
SPOT-122592,25-34,Female,FR,2024-03-13
SPOT-122593,18-24,Female,DE,2025-08-31
SPOT-122594,25-34,Female,US,2025-01-01
SPOT-122595,18-24,Female,US,2025-08-06
SPOT-122596,45-54,Female,DE,2024-06-24
SPOT-122597,35-44,Female,US,2024-11-09
SPOT-122598,35-44,Female,US,2023-12-06
SPOT-122599,25-34,Male,US,2024-06-14
SPOT-122600,25-34,Male,US,2026-03-14
SPOT-122601,55+,Female,AU,2025-07-03
SPOT-122602,18-24,Female,DE,2025-08-26
SPOT-122603,35-44,Male,ES,2026-02-16
SPOT-122604,25-34,Female,ES,2024-09-11
SPOT-122605,55+,Male,FR,2026-01-12
SPOT-122606,35-44,Male,US,2025-06-20
SPOT-122607,55+,Female,BR,2025-03-18
SPOT-122608,25-34,Female,GB,2023-11-19
SPOT-122609,18-24,Female,BR,2025-06-03
SPOT-122610,25-34,Male,GB,2025-04-18
SPOT-122611,35-44,Female,US,2026-04-23
SPOT-122612,35-44,Female,MX,2025-03-24
SPOT-122613,18-24,Male,US,2025-12-05
SPOT-122614,25-34,Male,FR,2025-01-09
SPOT-122615,18-24,Male,US,2024-03-21
SPOT-122616,45-54,Female,MX,2024-06-13
SPOT-122617,18-24,Female,ES,2024-01-18
SPOT-122618,25-34,Female,US,2023-11-29
SPOT-122619,18-24,Female,CA,2025-01-10
SPOT-122620,25-34,Female,GB,2025-12-10
SPOT-122621,45-54,Female,AU,2024-04-06
SPOT-122622,18-24,Male,US,2024-05-11
SPOT-122623,18-24,Male,ES,2024-10-27
SPOT-122624,18-24,Male,US,2026-02-07
SPOT-122625,25-34,Female,DE,2025-02-20
SPOT-122626,25-34,Male,DE,2024-07-31
SPOT-122627,18-24,Male,DE,2026-02-04
SPOT-122628,25-34,Male,GB,2024-08-26
SPOT-122629,18-24,Female,ES,2024-10-21
SPOT-122630,45-54,Non-binary,AR,2025-12-23
SPOT-122631,35-44,Female,GB,2023-11-14
SPOT-122632,55+,Female,BR,2024-06-17
SPOT-122633,45-54,Female,DE,2026-04-30
SPOT-122634,25-34,Male,BR,2026-05-18
SPOT-122635,25-34,Male,US,2025-04-01
SPOT-122636,35-44,Male,AR,2025-08-16
SPOT-122637,18-24,Male,AR,2024-05-17
SPOT-122638,18-24,Female,BR,2025-07-24
SPOT-122639,18-24,Male,ES,2024-03-30
SPOT-122640,25-34,Female,AU,2023-11-09
SPOT-122641,25-34,Male,CA,2026-05-04
SPOT-122642,18-24,Male,MX,2025-04-12
SPOT-122643,18-24,Female,BR,2024-05-24
SPOT-122644,35-44,Male,BR,2025-06-16
SPOT-122645,18-24,Female,DE,2025-02-26
SPOT-122646,55+,Male,BR,2026-04-16
SPOT-122647,18-24,Male,ES,2024-01-13
SPOT-122648,25-34,Female,AU,2024-03-12
SPOT-122649,25-34,Female,US,2025-06-28
SPOT-122650,18-24,Male,US,2025-01-08
SPOT-122651,25-34,Female,US,2024-03-03
SPOT-122652,25-34,Female,AR,2024-04-27
SPOT-122653,45-54,Male,DE,2024-01-20
SPOT-122654,35-44,Male,BR,2023-11-18
SPOT-122655,18-24,Female,DE,2025-01-29
SPOT-122656,18-24,Female,FR,2025-02-11
SPOT-122657,18-24,Male,BR,2024-12-02
SPOT-122658,18-24,Male,MX,2023-12-13
SPOT-122659,25-34,Male,US,2024-04-01
SPOT-122660,55+,Male,MX,2024-08-21
SPOT-122661,25-34,Male,US,2024-04-23
SPOT-122662,35-44,Non-binary,FR,2024-06-24
SPOT-122663,25-34,Female,ES,2025-04-01
SPOT-122664,35-44,Female,US,2024-05-17
SPOT-122665,18-24,Male,US,2025-08-07
SPOT-122666,35-44,Male,GB,2024-02-13
SPOT-122667,45-54,Male,US,2025-12-09
SPOT-122668,18-24,Female,ES,2024-10-24
SPOT-122669,18-24,Male,AU,2023-12-27
SPOT-122670,55+,Male,MX,2024-04-23
SPOT-122671,35-44,Male,US,2024-10-27
SPOT-122672,18-24,Female,BR,2025-06-12
SPOT-122673,25-34,Female,AR,2025-07-27
SPOT-122674,25-34,Male,AU,2024-10-26
SPOT-122675,25-34,Female,US,2024-09-29
SPOT-122676,25-34,Female,BR,2025-02-07
SPOT-122677,18-24,Male,DE,2025-10-31
SPOT-122678,25-34,Male,DE,2025-11-20
SPOT-122679,35-44,Female,BR,2026-04-21
SPOT-122680,45-54,Male,DE,2024-09-01
SPOT-122681,18-24,Female,GB,2025-11-29
SPOT-122682,35-44,Male,US,2025-03-19
SPOT-122683,18-24,Female,BR,2024-01-11
SPOT-122684,25-34,Male,AR,2024-05-03
SPOT-122685,45-54,Female,US,2025-01-21
SPOT-122686,25-34,Non-binary,ES,2026-05-18
SPOT-122687,18-24,Male,GB,2025-07-22
SPOT-122688,18-24,Male,DE,2026-04-09
SPOT-122689,25-34,Male,AU,2024-07-17
SPOT-122690,35-44,Female,MX,2026-03-23
SPOT-122691,55+,Female,ES,2025-08-08
SPOT-122692,35-44,Male,MX,2025-09-19
SPOT-122693,45-54,Female,GB,2024-02-23
SPOT-122694,35-44,Female,MX,2025-01-18
SPOT-122695,45-54,Male,DE,2025-05-18
SPOT-122696,18-24,Female,AR,2026-04-21
SPOT-122697,45-54,Male,BR,2026-03-07
SPOT-122698,25-34,Female,ES,2025-02-11
SPOT-122699,45-54,Male,AR,2026-01-13
SPOT-122700,18-24,Female,AR,2025-11-29
SPOT-122701,35-44,Female,DE,2023-11-17
SPOT-122702,35-44,Female,GB,2026-03-17
SPOT-122703,55+,Male,FR,2025-11-13
SPOT-122704,35-44,Non-binary,US,2025-01-03
SPOT-122705,25-34,Female,GB,2025-09-21
SPOT-122706,25-34,Female,US,2025-01-24
SPOT-122707,25-34,Male,US,2025-02-24
SPOT-122708,18-24,Non-binary,MX,2025-12-24
SPOT-122709,18-24,Female,CA,2024-09-18
SPOT-122710,18-24,Female,US,2026-01-13
SPOT-122711,25-34,Male,AR,2023-12-15
SPOT-122712,45-54,Male,DE,2025-09-12
SPOT-122713,45-54,Male,MX,2023-11-07
SPOT-122714,18-24,Male,ES,2025-03-12
SPOT-122715,18-24,Male,ES,2024-01-06
SPOT-122716,18-24,Female,US,2025-07-10
SPOT-122717,18-24,Female,US,2025-06-17
SPOT-122718,18-24,Male,CA,2024-05-03
SPOT-122719,25-34,Female,US,2024-02-01
SPOT-122720,25-34,Female,US,2025-01-15
SPOT-122721,25-34,Female,DE,2025-07-08
SPOT-122722,25-34,Female,AR,2025-08-30
SPOT-122723,18-24,Female,MX,2025-07-27
SPOT-122724,35-44,Male,BR,2025-01-26
SPOT-122725,35-44,Non-binary,MX,2026-04-01
SPOT-122726,18-24,Male,AR,2024-01-29
SPOT-122727,18-24,Female,US,2024-02-25
SPOT-122728,18-24,Female,US,2024-01-25
SPOT-122729,18-24,Male,US,2026-05-03
SPOT-122730,25-34,Female,US,2026-03-19
SPOT-122731,18-24,Male,US,2025-08-06
SPOT-122732,25-34,Male,ES,2024-08-08
SPOT-122733,18-24,Male,FR,2024-11-05
SPOT-122734,35-44,Female,ES,2026-05-06
SPOT-122735,18-24,Male,US,2025-06-30
SPOT-122736,25-34,Female,MX,2024-12-05
SPOT-122737,18-24,Female,BR,2024-04-11
SPOT-122738,18-24,Female,AR,2024-08-04
SPOT-122739,45-54,Female,CA,2025-08-23
SPOT-122740,25-34,Female,ES,2026-04-24
SPOT-122741,18-24,Male,BR,2025-07-06
SPOT-122742,25-34,Male,BR,2024-01-30
SPOT-122743,25-34,Female,AR,2023-11-20
SPOT-122744,25-34,Female,US,2025-06-24
SPOT-122745,25-34,Male,US,2023-12-11
SPOT-122746,45-54,Female,GB,2026-04-06
SPOT-122747,18-24,Male,ES,2024-01-11
SPOT-122748,25-34,Female,US,2024-12-25
SPOT-122749,18-24,Female,GB,2023-11-08
SPOT-122750,35-44,Female,GB,2026-03-11
SPOT-122751,45-54,Female,BR,2025-09-01
SPOT-122752,35-44,Female,DE,2023-12-16
SPOT-122753,35-44,Female,ES,2026-05-08
SPOT-122754,55+,Female,MX,2025-12-06
SPOT-122755,25-34,Male,CA,2025-09-02
SPOT-122756,35-44,Male,US,2025-02-07
SPOT-122757,55+,Female,DE,2025-12-14
SPOT-122758,18-24,Male,DE,2023-12-22
SPOT-122759,25-34,Male,US,2025-03-13
SPOT-122760,35-44,Female,US,2024-03-17
SPOT-122761,45-54,Female,GB,2026-05-11
SPOT-122762,45-54,Male,ES,2025-07-07
SPOT-122763,35-44,Male,US,2024-02-27
SPOT-122764,45-54,Female,GB,2025-05-09
SPOT-122765,25-34,Female,MX,2025-07-12
SPOT-122766,18-24,Female,BR,2025-10-11
SPOT-122767,18-24,Male,US,2025-03-01
SPOT-122768,25-34,Female,CA,2026-02-23
SPOT-122769,25-34,Female,US,2024-04-18
SPOT-122770,25-34,Female,US,2025-06-24
SPOT-122771,25-34,Male,GB,2025-01-28
SPOT-122772,45-54,Male,US,2025-09-10
SPOT-122773,25-34,Female,US,2024-08-13
SPOT-122774,45-54,Female,BR,2026-01-02
SPOT-122775,45-54,Female,FR,2026-02-06
SPOT-122776,25-34,Female,DE,2024-07-30
SPOT-122777,25-34,Non-binary,GB,2024-01-13
SPOT-122778,35-44,Male,CA,2024-06-06
SPOT-122779,35-44,Female,US,2025-03-05
SPOT-122780,18-24,Female,BR,2025-03-28
SPOT-122781,18-24,Female,GB,2025-05-10
SPOT-122782,18-24,Non-binary,DE,2024-09-28
SPOT-122783,18-24,Female,DE,2025-01-23
SPOT-122784,18-24,Male,BR,2025-12-10
SPOT-122785,18-24,Male,DE,2026-02-04
SPOT-122786,25-34,Female,AU,2026-04-02
SPOT-122787,55+,Female,US,2024-10-10
SPOT-122788,25-34,Male,ES,2024-02-09
SPOT-122789,45-54,Male,US,2026-05-24
SPOT-122790,35-44,Female,DE,2026-03-14
SPOT-122791,35-44,Male,US,2025-12-17
SPOT-122792,25-34,Male,CA,2026-05-20
SPOT-122793,18-24,Female,ES,2024-07-02
SPOT-122794,35-44,Male,DE,2024-06-18
SPOT-122795,45-54,Female,AU,2024-04-26
SPOT-122796,25-34,Male,ES,2024-07-17
SPOT-122797,18-24,Female,AU,2026-05-24
SPOT-122798,35-44,Female,ES,2025-06-01
SPOT-122799,18-24,Male,US,2026-04-18
SPOT-122800,18-24,Female,MX,2024-05-19
SPOT-122801,35-44,Male,AU,2025-06-18
SPOT-122802,25-34,Non-binary,US,2024-03-07
SPOT-122803,25-34,Female,AR,2024-05-16
SPOT-122804,45-54,Female,US,2024-10-19
SPOT-122805,25-34,Male,DE,2024-01-16
SPOT-122806,25-34,Male,US,2024-09-06
SPOT-122807,18-24,Female,GB,2026-01-12
SPOT-122808,18-24,Male,ES,2024-03-27
SPOT-122809,35-44,Female,US,2025-01-03
SPOT-122810,25-34,Male,GB,2024-03-18
SPOT-122811,18-24,Male,MX,2023-12-17
SPOT-122812,18-24,Male,CA,2024-03-01
SPOT-122813,25-34,Non-binary,US,2024-04-05
SPOT-122814,25-34,Female,US,2024-08-10
SPOT-122815,25-34,Male,US,2026-03-27
SPOT-122816,25-34,Male,US,2024-04-03
SPOT-122817,18-24,Male,MX,2025-09-27
SPOT-122818,25-34,Male,AU,2025-05-11
SPOT-122819,45-54,Female,BR,2026-03-25
SPOT-122820,18-24,Female,GB,2025-04-07
SPOT-122821,25-34,Female,ES,2024-04-01
SPOT-122822,25-34,Female,US,2025-03-17
SPOT-122823,35-44,Female,US,2025-05-13
SPOT-122824,18-24,Female,MX,2024-11-10
SPOT-122825,45-54,Female,US,2025-07-20
SPOT-122826,25-34,Female,DE,2024-05-27
SPOT-122827,35-44,Male,US,2025-04-08
SPOT-122828,18-24,Female,CA,2024-10-20
SPOT-122829,35-44,Female,GB,2025-08-30
SPOT-122830,35-44,Non-binary,DE,2024-02-27
SPOT-122831,25-34,Female,US,2024-06-12
SPOT-122832,25-34,Male,US,2023-12-21
SPOT-122833,25-34,Male,BR,2024-09-18
SPOT-122834,18-24,Female,FR,2024-07-08
SPOT-122835,35-44,Female,GB,2026-01-28
SPOT-122836,18-24,Female,AR,2024-02-02
SPOT-122837,18-24,Male,US,2025-01-11
SPOT-122838,25-34,Male,US,2025-05-31
SPOT-122839,18-24,Male,US,2026-03-23
SPOT-122840,55+,Non-binary,DE,2026-03-24
SPOT-122841,45-54,Female,FR,2025-11-22
SPOT-122842,25-34,Female,DE,2025-01-04
SPOT-122843,35-44,Female,MX,2025-01-17
SPOT-122844,45-54,Female,FR,2024-11-30
SPOT-122845,18-24,Male,GB,2024-01-15
SPOT-122846,35-44,Male,GB,2024-05-26
SPOT-122847,18-24,Female,US,2025-08-20
SPOT-122848,25-34,Male,GB,2025-07-10
SPOT-122849,25-34,Female,ES,2026-02-08
SPOT-122850,35-44,Female,AR,2025-05-26
SPOT-122851,18-24,Male,ES,2026-05-09
SPOT-122852,18-24,Male,US,2024-03-29
SPOT-122853,25-34,Male,US,2025-01-16
SPOT-122854,25-34,Female,ES,2025-02-15
SPOT-122855,35-44,Male,CA,2025-09-23
SPOT-122856,25-34,Male,MX,2025-05-27
SPOT-122857,18-24,Female,US,2025-09-19
SPOT-122858,18-24,Male,US,2025-07-02
SPOT-122859,25-34,Male,FR,2025-01-10
SPOT-122860,25-34,Male,US,2026-02-01
SPOT-122861,18-24,Male,US,2025-05-12
SPOT-122862,18-24,Female,BR,2024-01-10
SPOT-122863,18-24,Female,US,2026-04-16
SPOT-122864,18-24,Male,US,2024-01-16
SPOT-122865,25-34,Female,US,2024-01-05
SPOT-122866,35-44,Male,CA,2025-09-06
SPOT-122867,25-34,Female,US,2024-08-18
SPOT-122868,35-44,Female,CA,2025-12-15
SPOT-122869,18-24,Female,GB,2025-10-05
SPOT-122870,25-34,Male,AR,2024-09-10
SPOT-122871,25-34,Male,CA,2024-07-14
SPOT-122872,25-34,Female,BR,2024-07-23
SPOT-122873,25-34,Male,ES,2025-07-03
SPOT-122874,35-44,Female,GB,2024-04-03
SPOT-122875,25-34,Male,DE,2025-06-20
SPOT-122876,18-24,Male,BR,2024-04-29
SPOT-122877,25-34,Female,FR,2023-11-07
SPOT-122878,35-44,Female,MX,2025-11-24
SPOT-122879,55+,Female,US,2025-10-15
SPOT-122880,25-34,Male,GB,2025-06-21
SPOT-122881,25-34,Male,FR,2024-08-10
SPOT-122882,25-34,Female,US,2025-07-04
SPOT-122883,45-54,Female,GB,2025-03-21
SPOT-122884,55+,Female,DE,2026-05-17
SPOT-122885,35-44,Non-binary,US,2025-07-27
SPOT-122886,25-34,Male,GB,2024-02-29
SPOT-122887,18-24,Non-binary,AR,2025-03-20
SPOT-122888,35-44,Female,AR,2023-11-11
SPOT-122889,35-44,Female,BR,2025-05-13
SPOT-122890,35-44,Male,MX,2025-07-22
SPOT-122891,18-24,Female,BR,2025-12-27
SPOT-122892,25-34,Female,US,2025-08-22
SPOT-122893,18-24,Female,MX,2024-09-26
SPOT-122894,35-44,Male,AU,2023-12-25
SPOT-122895,18-24,Male,US,2025-01-07
SPOT-122896,25-34,Female,AU,2025-06-28
SPOT-122897,18-24,Female,AU,2024-10-03
SPOT-122898,18-24,Male,US,2025-05-14
SPOT-122899,25-34,Male,CA,2025-02-05
SPOT-122900,18-24,Female,MX,2023-11-29
SPOT-122901,25-34,Female,DE,2025-03-06
SPOT-122902,45-54,Male,GB,2025-02-21
SPOT-122903,55+,Male,MX,2024-02-06
SPOT-122904,18-24,Female,AR,2024-04-13
SPOT-122905,35-44,Male,US,2026-05-24
SPOT-122906,25-34,Male,BR,2025-05-02
SPOT-122907,45-54,Female,MX,2025-06-16
SPOT-122908,35-44,Male,US,2025-10-24
SPOT-122909,18-24,Male,FR,2025-11-17
SPOT-122910,25-34,Male,AU,2025-02-27
SPOT-122911,18-24,Female,MX,2026-02-02
SPOT-122912,35-44,Male,US,2025-11-24
SPOT-122913,25-34,Male,CA,2024-02-04
SPOT-122914,25-34,Male,AR,2024-06-06
SPOT-122915,25-34,Male,US,2025-10-18
SPOT-122916,55+,Female,BR,2025-04-17
SPOT-122917,45-54,Female,US,2025-12-08
SPOT-122918,25-34,Female,US,2024-08-26
SPOT-122919,35-44,Male,US,2026-01-10
SPOT-122920,35-44,Male,DE,2025-04-20
SPOT-122921,45-54,Male,FR,2024-12-26
SPOT-122922,18-24,Male,US,2024-04-30
SPOT-122923,18-24,Male,MX,2025-12-15
SPOT-122924,18-24,Male,AU,2023-11-22
SPOT-122925,25-34,Female,MX,2025-08-22
SPOT-122926,18-24,Female,AR,2024-03-03
SPOT-122927,25-34,Female,CA,2025-06-21
SPOT-122928,25-34,Male,ES,2025-02-24
SPOT-122929,25-34,Female,MX,2024-10-13
SPOT-122930,25-34,Male,US,2024-04-06
SPOT-122931,18-24,Male,BR,2024-05-01
SPOT-122932,45-54,Male,DE,2025-08-18
SPOT-122933,45-54,Male,BR,2024-06-22
SPOT-122934,25-34,Male,DE,2025-10-18
SPOT-122935,45-54,Male,CA,2025-01-27
SPOT-122936,18-24,Male,FR,2025-05-06
SPOT-122937,35-44,Female,US,2026-02-07
SPOT-122938,18-24,Male,BR,2025-05-04
SPOT-122939,25-34,Male,AU,2025-06-23
SPOT-122940,18-24,Male,BR,2025-08-18
SPOT-122941,25-34,Male,AR,2024-11-26
SPOT-122942,18-24,Female,DE,2024-01-06
SPOT-122943,25-34,Male,DE,2024-02-02
SPOT-122944,25-34,Female,GB,2025-10-20
SPOT-122945,45-54,Female,US,2025-07-23
SPOT-122946,25-34,Female,CA,2024-07-04
SPOT-122947,18-24,Male,GB,2024-12-13
SPOT-122948,18-24,Male,GB,2024-01-03
SPOT-122949,35-44,Female,ES,2024-09-21
SPOT-122950,25-34,Female,BR,2025-04-18
SPOT-122951,25-34,Non-binary,GB,2025-01-21
SPOT-122952,25-34,Female,FR,2025-02-07
SPOT-122953,18-24,Female,AR,2025-10-23
SPOT-122954,18-24,Male,AU,2024-08-17
SPOT-122955,25-34,Female,MX,2026-03-18
SPOT-122956,18-24,Female,MX,2026-04-23
SPOT-122957,18-24,Female,GB,2024-02-06
SPOT-122958,18-24,Female,US,2025-10-24
SPOT-122959,18-24,Female,US,2025-11-05
SPOT-122960,18-24,Female,MX,2025-04-24
SPOT-122961,55+,Male,US,2025-06-16
SPOT-122962,25-34,Male,CA,2025-02-28
SPOT-122963,35-44,Female,ES,2024-09-10
SPOT-122964,18-24,Female,US,2026-04-07
SPOT-122965,18-24,Female,GB,2024-04-25
SPOT-122966,35-44,Male,ES,2024-02-09
SPOT-122967,25-34,Male,AR,2024-06-21
SPOT-122968,18-24,Male,AR,2026-04-20
SPOT-122969,25-34,Male,MX,2024-05-11
SPOT-122970,25-34,Male,US,2025-09-26
SPOT-122971,35-44,Male,AR,2024-02-08
SPOT-122972,18-24,Male,AR,2026-03-15
SPOT-122973,25-34,Female,AR,2024-11-18
SPOT-122974,35-44,Female,US,2024-04-07
SPOT-122975,55+,Male,MX,2024-10-25
SPOT-122976,35-44,Male,AU,2025-11-24
SPOT-122977,18-24,Non-binary,GB,2025-10-23
SPOT-122978,35-44,Female,ES,2026-01-24
SPOT-122979,35-44,Male,GB,2025-02-03
SPOT-122980,35-44,Male,GB,2026-01-08
SPOT-122981,35-44,Male,BR,2026-01-12
SPOT-122982,45-54,Male,FR,2024-08-08
SPOT-122983,18-24,Male,US,2025-07-20
SPOT-122984,18-24,Male,AU,2024-11-02
SPOT-122985,35-44,Female,ES,2026-05-10
SPOT-122986,18-24,Male,GB,2024-07-07
SPOT-122987,18-24,Female,GB,2025-09-19
SPOT-122988,25-34,Male,BR,2026-04-18
SPOT-122989,35-44,Female,FR,2024-09-12
SPOT-122990,18-24,Female,US,2024-10-24
SPOT-122991,25-34,Female,BR,2024-12-23
SPOT-122992,18-24,Male,US,2023-12-27
SPOT-122993,18-24,Male,US,2025-05-07
SPOT-122994,25-34,Male,MX,2023-11-21
SPOT-122995,18-24,Female,US,2025-01-12
SPOT-122996,35-44,Male,US,2025-08-21
SPOT-122997,45-54,Female,US,2024-05-18
SPOT-122998,35-44,Male,US,2024-01-28
SPOT-122999,18-24,Male,ES,2024-02-19
SPOT-123000,25-34,Female,MX,2025-09-19
SPOT-123001,18-24,Male,ES,2024-08-08
SPOT-123002,18-24,Male,GB,2024-04-02
SPOT-123003,25-34,Female,US,2026-02-19
SPOT-123004,35-44,Female,AR,2026-01-23
SPOT-123005,18-24,Male,US,2025-03-11
SPOT-123006,18-24,Male,DE,2024-11-11
SPOT-123007,45-54,Female,GB,2025-07-11
SPOT-123008,25-34,Female,GB,2024-04-04
SPOT-123009,45-54,Male,MX,2024-09-10
SPOT-123010,55+,Female,US,2025-05-25
SPOT-123011,25-34,Female,DE,2025-09-09
SPOT-123012,18-24,Male,MX,2025-03-08
SPOT-123013,35-44,Male,FR,2026-03-13
SPOT-123014,18-24,Female,DE,2025-05-04
SPOT-123015,18-24,Male,GB,2024-05-27
SPOT-123016,35-44,Male,GB,2026-02-16
SPOT-123017,25-34,Male,BR,2024-09-24
SPOT-123018,18-24,Male,GB,2024-11-02
SPOT-123019,25-34,Male,GB,2025-03-22
SPOT-123020,35-44,Female,DE,2024-06-06
SPOT-123021,18-24,Female,ES,2024-12-29
SPOT-123022,18-24,Male,GB,2024-12-18
SPOT-123023,18-24,Male,AR,2024-09-19
SPOT-123024,25-34,Female,GB,2024-05-13
SPOT-123025,35-44,Female,MX,2024-04-17
SPOT-123026,35-44,Female,AU,2024-07-02
SPOT-123027,25-34,Female,AU,2023-12-05
SPOT-123028,18-24,Female,DE,2024-11-07
SPOT-123029,18-24,Male,US,2024-04-30
SPOT-123030,18-24,Male,CA,2023-11-16
SPOT-123031,18-24,Male,US,2024-09-01
SPOT-123032,18-24,Female,CA,2025-06-15
SPOT-123033,25-34,Female,ES,2024-05-16
SPOT-123034,18-24,Female,CA,2024-08-10
SPOT-123035,35-44,Female,MX,2025-12-05
SPOT-123036,35-44,Male,AU,2024-02-09
SPOT-123037,25-34,Female,DE,2025-01-09
SPOT-123038,18-24,Male,GB,2025-12-15
SPOT-123039,45-54,Female,DE,2024-12-24
SPOT-123040,55+,Male,GB,2024-09-04
SPOT-123041,18-24,Male,DE,2024-09-23
SPOT-123042,35-44,Female,FR,2024-05-17
SPOT-123043,35-44,Female,BR,2026-05-19
SPOT-123044,25-34,Female,ES,2026-05-01
SPOT-123045,18-24,Male,GB,2025-01-17
SPOT-123046,25-34,Female,AU,2025-05-12
SPOT-123047,25-34,Female,GB,2025-09-13
SPOT-123048,25-34,Female,US,2025-08-05
SPOT-123049,45-54,Female,ES,2025-04-05
SPOT-123050,35-44,Female,AR,2026-04-23
SPOT-123051,18-24,Male,DE,2025-10-02
SPOT-123052,25-34,Male,BR,2026-04-11
SPOT-123053,25-34,Female,DE,2024-11-12
SPOT-123054,18-24,Female,GB,2026-03-26
SPOT-123055,25-34,Male,AR,2025-08-25
SPOT-123056,45-54,Male,ES,2025-05-27
SPOT-123057,25-34,Female,BR,2025-02-03
SPOT-123058,18-24,Male,DE,2025-09-18
SPOT-123059,18-24,Male,US,2025-08-01
SPOT-123060,25-34,Female,MX,2026-01-29
SPOT-123061,25-34,Male,CA,2024-04-25
SPOT-123062,18-24,Male,ES,2026-03-27
SPOT-123063,25-34,Male,BR,2023-11-22
SPOT-123064,18-24,Male,US,2024-09-23
SPOT-123065,18-24,Male,CA,2025-05-23
SPOT-123066,25-34,Female,GB,2023-12-26
SPOT-123067,18-24,Female,GB,2026-04-06
SPOT-123068,45-54,Male,DE,2026-04-06
SPOT-123069,18-24,Male,DE,2026-01-16
SPOT-123070,25-34,Female,AU,2026-01-11
SPOT-123071,25-34,Male,US,2025-09-02
SPOT-123072,25-34,Female,MX,2024-05-14
SPOT-123073,35-44,Male,US,2023-11-11
SPOT-123074,25-34,Female,GB,2024-06-30
SPOT-123075,35-44,Female,ES,2026-01-14
SPOT-123076,25-34,Female,AR,2025-11-15
SPOT-123077,25-34,Male,DE,2023-12-22
SPOT-123078,35-44,Female,AR,2024-07-21
SPOT-123079,25-34,Male,CA,2024-11-03
SPOT-123080,25-34,Female,CA,2024-07-28
SPOT-123081,35-44,Male,GB,2025-07-12
SPOT-123082,45-54,Male,GB,2024-05-05
SPOT-123083,25-34,Female,ES,2026-04-18
SPOT-123084,25-34,Male,MX,2026-01-10
SPOT-123085,18-24,Male,DE,2023-11-29
SPOT-123086,25-34,Male,US,2024-11-13
SPOT-123087,25-34,Male,MX,2024-04-13
SPOT-123088,35-44,Female,DE,2023-12-14
SPOT-123089,25-34,Male,US,2025-06-09
SPOT-123090,35-44,Female,MX,2026-02-07
SPOT-123091,18-24,Female,MX,2025-04-16
SPOT-123092,25-34,Male,GB,2026-01-24
SPOT-123093,45-54,Male,AR,2025-05-23
SPOT-123094,18-24,Male,US,2025-08-02
SPOT-123095,18-24,Female,BR,2024-02-18
SPOT-123096,25-34,Female,AU,2024-02-02
SPOT-123097,35-44,Male,US,2026-04-15
SPOT-123098,25-34,Male,US,2026-01-18
SPOT-123099,25-34,Female,DE,2025-12-03
SPOT-123100,25-34,Female,GB,2026-06-01
SPOT-123101,18-24,Female,US,2023-12-16
SPOT-123102,35-44,Female,CA,2024-09-10
SPOT-123103,18-24,Female,GB,2025-01-30
SPOT-123104,25-34,Female,US,2024-01-14
SPOT-123105,25-34,Female,FR,2024-10-17
SPOT-123106,35-44,Female,DE,2025-12-11
SPOT-123107,35-44,Female,ES,2024-12-05
SPOT-123108,35-44,Male,GB,2024-12-28
SPOT-123109,25-34,Male,CA,2024-02-25
SPOT-123110,18-24,Female,GB,2024-09-26
SPOT-123111,18-24,Male,MX,2025-03-19
SPOT-123112,45-54,Female,AR,2026-03-13
SPOT-123113,45-54,Female,US,2024-01-08
SPOT-123114,55+,Male,AR,2024-06-14
SPOT-123115,18-24,Male,AR,2025-12-05
SPOT-123116,25-34,Male,AU,2024-09-08
SPOT-123117,25-34,Male,CA,2025-06-09
SPOT-123118,35-44,Female,DE,2024-05-26
SPOT-123119,25-34,Male,BR,2026-04-12
SPOT-123120,35-44,Female,CA,2026-03-11
SPOT-123121,25-34,Male,US,2026-05-02
SPOT-123122,18-24,Female,MX,2024-09-03
SPOT-123123,18-24,Male,US,2025-05-15
SPOT-123124,18-24,Female,ES,2025-03-24
SPOT-123125,25-34,Male,AR,2025-08-23
SPOT-123126,18-24,Male,ES,2025-08-25
SPOT-123127,18-24,Female,AU,2025-04-06
SPOT-123128,25-34,Female,BR,2023-12-02
SPOT-123129,45-54,Male,BR,2024-09-19
SPOT-123130,35-44,Male,DE,2024-12-27
SPOT-123131,18-24,Female,AU,2025-10-11
SPOT-123132,18-24,Female,CA,2024-10-25
SPOT-123133,18-24,Male,AU,2026-04-02
SPOT-123134,55+,Male,AU,2023-12-18
SPOT-123135,25-34,Male,FR,2025-04-10
SPOT-123136,18-24,Male,CA,2023-11-08
SPOT-123137,35-44,Male,US,2024-10-02
SPOT-123138,25-34,Male,US,2026-02-11
SPOT-123139,45-54,Male,FR,2026-05-20
SPOT-123140,18-24,Male,ES,2026-01-17
SPOT-123141,25-34,Male,FR,2026-05-27
SPOT-123142,25-34,Male,ES,2026-05-11
SPOT-123143,45-54,Male,US,2025-07-25
SPOT-123144,45-54,Male,CA,2025-03-05
SPOT-123145,25-34,Male,ES,2025-11-22
SPOT-123146,18-24,Male,BR,2026-01-06
SPOT-123147,25-34,Female,BR,2024-11-11
SPOT-123148,55+,Male,BR,2024-03-03
SPOT-123149,25-34,Female,DE,2024-05-20
SPOT-123150,35-44,Male,AR,2025-06-13
SPOT-123151,25-34,Male,CA,2024-11-30
SPOT-123152,25-34,Female,GB,2024-03-10
SPOT-123153,25-34,Male,US,2025-10-02
SPOT-123154,35-44,Male,US,2024-09-18
SPOT-123155,45-54,Male,ES,2026-05-26
SPOT-123156,25-34,Male,FR,2026-05-15
SPOT-123157,25-34,Male,GB,2024-12-04
SPOT-123158,18-24,Female,US,2024-07-19
SPOT-123159,18-24,Male,FR,2025-02-24
SPOT-123160,45-54,Female,US,2025-09-13
SPOT-123161,18-24,Male,US,2024-01-12
SPOT-123162,35-44,Male,US,2026-05-13
SPOT-123163,35-44,Female,CA,2026-04-20
SPOT-123164,35-44,Male,GB,2025-08-26
SPOT-123165,45-54,Non-binary,US,2024-03-10
SPOT-123166,25-34,Male,AU,2026-01-24
SPOT-123167,45-54,Male,GB,2025-07-10
SPOT-123168,18-24,Male,ES,2024-10-16
SPOT-123169,25-34,Male,US,2026-02-17
SPOT-123170,35-44,Female,ES,2024-09-28
SPOT-123171,18-24,Male,US,2024-02-03
SPOT-123172,35-44,Male,MX,2024-07-10
SPOT-123173,35-44,Male,DE,2024-03-04
SPOT-123174,35-44,Male,AR,2025-03-11
SPOT-123175,18-24,Female,ES,2023-11-22
SPOT-123176,25-34,Male,CA,2024-01-13
SPOT-123177,18-24,Female,DE,2025-02-26
SPOT-123178,35-44,Male,ES,2024-08-09
SPOT-123179,25-34,Male,AU,2025-05-07
SPOT-123180,25-34,Female,GB,2026-04-29
SPOT-123181,25-34,Female,GB,2025-02-09
SPOT-123182,18-24,Female,ES,2026-01-03
SPOT-123183,18-24,Female,DE,2025-08-05
SPOT-123184,18-24,Male,DE,2026-03-24
SPOT-123185,25-34,Male,BR,2025-01-05
SPOT-123186,35-44,Female,CA,2025-11-04
SPOT-123187,18-24,Male,US,2026-03-03
SPOT-123188,18-24,Female,DE,2024-11-30
SPOT-123189,25-34,Female,US,2026-04-28
SPOT-123190,35-44,Female,FR,2025-03-24
SPOT-123191,18-24,Female,US,2025-02-07
SPOT-123192,18-24,Female,US,2025-05-18
SPOT-123193,18-24,Male,AU,2024-07-07
SPOT-123194,25-34,Female,BR,2024-12-20
SPOT-123195,18-24,Male,AR,2025-04-07
SPOT-123196,25-34,Female,BR,2026-01-16
SPOT-123197,35-44,Female,DE,2024-03-31
SPOT-123198,25-34,Female,CA,2024-09-01
SPOT-123199,18-24,Female,AU,2025-11-08
SPOT-123200,25-34,Female,MX,2025-07-23
SPOT-123201,25-34,Male,CA,2024-01-21
SPOT-123202,45-54,Female,FR,2025-02-23
SPOT-123203,18-24,Male,BR,2024-04-25
SPOT-123204,35-44,Female,CA,2023-12-05
SPOT-123205,35-44,Male,US,2024-10-09
SPOT-123206,18-24,Female,FR,2026-02-05
SPOT-123207,45-54,Male,GB,2025-07-14
SPOT-123208,25-34,Female,US,2025-10-27
SPOT-123209,25-34,Male,AR,2023-11-10
SPOT-123210,18-24,Female,CA,2025-09-13
SPOT-123211,18-24,Male,US,2025-12-21
SPOT-123212,25-34,Female,BR,2024-05-15
SPOT-123213,18-24,Male,ES,2024-09-13
SPOT-123214,25-34,Female,GB,2025-10-25
SPOT-123215,25-34,Male,US,2025-08-03
SPOT-123216,25-34,Male,DE,2023-11-29
SPOT-123217,25-34,Female,DE,2024-02-26
SPOT-123218,18-24,Female,ES,2024-08-17
SPOT-123219,25-34,Female,US,2024-12-31
SPOT-123220,25-34,Female,AR,2025-10-07
SPOT-123221,18-24,Male,BR,2024-01-11
SPOT-123222,18-24,Male,CA,2025-02-12
SPOT-123223,18-24,Male,BR,2024-07-02
SPOT-123224,18-24,Male,DE,2024-12-29
SPOT-123225,45-54,Male,GB,2024-07-10
SPOT-123226,25-34,Female,US,2024-01-23
SPOT-123227,18-24,Male,DE,2025-10-03
SPOT-123228,18-24,Male,DE,2025-09-27
SPOT-123229,18-24,Female,BR,2024-05-28
SPOT-123230,25-34,Male,FR,2024-09-21
SPOT-123231,18-24,Male,DE,2024-06-16
SPOT-123232,25-34,Male,GB,2025-12-11
SPOT-123233,25-34,Female,FR,2024-05-27
SPOT-123234,35-44,Male,ES,2026-03-11
SPOT-123235,18-24,Female,GB,2026-02-14
SPOT-123236,25-34,Female,US,2023-11-28
SPOT-123237,35-44,Male,GB,2024-03-22
SPOT-123238,25-34,Male,US,2026-03-05
SPOT-123239,35-44,Female,CA,2026-01-23
SPOT-123240,25-34,Female,MX,2025-04-04
SPOT-123241,25-34,Male,FR,2024-03-06
SPOT-123242,25-34,Male,AR,2026-05-13
SPOT-123243,55+,Male,US,2024-12-09
SPOT-123244,25-34,Male,DE,2024-05-09
SPOT-123245,45-54,Female,AU,2025-09-19
SPOT-123246,18-24,Male,US,2026-01-05
SPOT-123247,25-34,Male,US,2026-02-12
SPOT-123248,45-54,Female,GB,2024-02-17
SPOT-123249,18-24,Male,BR,2024-05-17
SPOT-123250,55+,Female,US,2024-11-01
SPOT-123251,18-24,Female,DE,2025-07-25
SPOT-123252,45-54,Male,GB,2024-10-09
SPOT-123253,25-34,Male,US,2025-12-13
SPOT-123254,18-24,Male,GB,2024-08-04
SPOT-123255,45-54,Female,US,2025-06-12
SPOT-123256,18-24,Female,US,2025-02-05
SPOT-123257,18-24,Male,BR,2025-03-31
SPOT-123258,18-24,Female,CA,2026-04-02
SPOT-123259,25-34,Female,AR,2025-04-22
SPOT-123260,55+,Male,AR,2023-12-18
SPOT-123261,18-24,Male,ES,2024-03-10
SPOT-123262,25-34,Female,AU,2026-03-26
SPOT-123263,18-24,Male,AU,2025-07-15
SPOT-123264,35-44,Female,ES,2025-09-11
SPOT-123265,18-24,Female,ES,2026-04-08
SPOT-123266,18-24,Male,GB,2024-11-27
SPOT-123267,18-24,Female,US,2025-06-26
SPOT-123268,25-34,Male,US,2026-05-14
SPOT-123269,45-54,Female,ES,2026-04-04
SPOT-123270,25-34,Male,US,2024-11-27
SPOT-123271,18-24,Female,AR,2024-03-21
SPOT-123272,25-34,Female,GB,2025-07-14
SPOT-123273,35-44,Male,US,2023-11-16
SPOT-123274,18-24,Male,DE,2024-01-21
SPOT-123275,18-24,Female,ES,2024-06-14
SPOT-123276,18-24,Female,GB,2026-01-11
SPOT-123277,35-44,Male,US,2025-02-23
SPOT-123278,25-34,Non-binary,ES,2025-08-09
SPOT-123279,25-34,Female,FR,2023-11-20
SPOT-123280,18-24,Male,BR,2026-02-23
SPOT-123281,18-24,Female,BR,2026-05-21
SPOT-123282,55+,Male,ES,2024-10-29
SPOT-123283,18-24,Female,ES,2024-03-26
SPOT-123284,45-54,Male,US,2023-11-30
SPOT-123285,25-34,Male,GB,2025-04-29
SPOT-123286,18-24,Male,CA,2025-08-31
SPOT-123287,25-34,Non-binary,AU,2024-02-20
SPOT-123288,45-54,Male,BR,2024-08-16
SPOT-123289,25-34,Male,BR,2024-03-22
SPOT-123290,45-54,Female,US,2025-11-25
SPOT-123291,18-24,Male,MX,2025-02-21
SPOT-123292,25-34,Male,US,2025-09-23
SPOT-123293,35-44,Female,US,2025-12-18
SPOT-123294,45-54,Male,GB,2024-05-24
SPOT-123295,25-34,Female,MX,2025-10-22
SPOT-123296,25-34,Male,DE,2025-03-29
SPOT-123297,18-24,Female,GB,2024-09-30
SPOT-123298,18-24,Male,ES,2024-05-07
SPOT-123299,18-24,Female,AR,2024-04-22
SPOT-123300,18-24,Male,FR,2024-03-24
SPOT-123301,18-24,Male,DE,2024-06-23
SPOT-123302,18-24,Male,ES,2023-12-31
SPOT-123303,55+,Male,FR,2025-05-23
SPOT-123304,25-34,Male,CA,2023-11-18
SPOT-123305,25-34,Female,BR,2024-06-26
SPOT-123306,55+,Female,GB,2026-04-12
SPOT-123307,18-24,Male,CA,2024-04-05
SPOT-123308,25-34,Male,GB,2024-01-13
SPOT-123309,25-34,Female,AR,2024-03-31
SPOT-123310,18-24,Female,CA,2024-11-21
SPOT-123311,35-44,Male,ES,2025-05-08
SPOT-123312,18-24,Male,MX,2024-01-14
SPOT-123313,18-24,Male,US,2023-11-18
SPOT-123314,18-24,Male,US,2026-02-22
SPOT-123315,45-54,Male,MX,2023-12-25
SPOT-123316,25-34,Female,AR,2024-02-07
SPOT-123317,25-34,Female,US,2025-09-16
SPOT-123318,25-34,Male,US,2024-06-12
SPOT-123319,18-24,Female,GB,2025-12-19
SPOT-123320,25-34,Male,MX,2024-05-03
SPOT-123321,25-34,Male,BR,2025-06-30
SPOT-123322,18-24,Male,US,2024-06-12
SPOT-123323,25-34,Male,US,2025-06-06
SPOT-123324,18-24,Female,ES,2023-12-31
SPOT-123325,18-24,Male,GB,2024-01-01
SPOT-123326,35-44,Female,US,2026-01-12
SPOT-123327,25-34,Female,US,2026-04-12
SPOT-123328,25-34,Male,FR,2024-04-25
SPOT-123329,25-34,Female,BR,2025-04-12
SPOT-123330,25-34,Female,BR,2024-08-15
SPOT-123331,25-34,Female,US,2024-07-31
SPOT-123332,35-44,Male,BR,2025-08-11
SPOT-123333,25-34,Male,MX,2025-05-30
SPOT-123334,55+,Female,US,2024-07-21
SPOT-123335,55+,Male,CA,2025-12-26
SPOT-123336,25-34,Male,AR,2024-09-27
SPOT-123337,35-44,Female,AR,2024-03-18
SPOT-123338,25-34,Male,BR,2025-04-18
SPOT-123339,25-34,Male,GB,2025-12-04
SPOT-123340,18-24,Female,MX,2024-03-09
SPOT-123341,25-34,Female,US,2023-12-27
SPOT-123342,45-54,Female,US,2025-07-01
SPOT-123343,35-44,Male,BR,2025-02-10
SPOT-123344,35-44,Female,BR,2024-05-21
SPOT-123345,18-24,Female,US,2024-08-26
SPOT-123346,25-34,Male,BR,2025-03-19
SPOT-123347,18-24,Male,BR,2024-06-18
SPOT-123348,18-24,Female,FR,2023-12-14
SPOT-123349,25-34,Male,ES,2025-10-24
SPOT-123350,25-34,Male,US,2026-03-13
SPOT-123351,25-34,Male,AR,2024-03-16
SPOT-123352,25-34,Male,AU,2025-05-11
SPOT-123353,18-24,Male,ES,2025-02-08
SPOT-123354,18-24,Female,AR,2024-12-29
SPOT-123355,45-54,Female,GB,2026-03-28
SPOT-123356,18-24,Male,AU,2024-12-11
SPOT-123357,18-24,Male,US,2025-07-15
SPOT-123358,35-44,Male,ES,2026-04-18
SPOT-123359,55+,Male,DE,2025-02-13
SPOT-123360,35-44,Male,GB,2024-07-10
SPOT-123361,18-24,Male,GB,2025-12-01
SPOT-123362,18-24,Male,DE,2025-11-30
SPOT-123363,55+,Male,AR,2025-02-27
SPOT-123364,35-44,Non-binary,CA,2023-12-22
SPOT-123365,25-34,Male,DE,2024-09-17
SPOT-123366,18-24,Female,MX,2024-08-24
SPOT-123367,18-24,Male,AR,2026-05-20
SPOT-123368,18-24,Male,US,2025-06-11
SPOT-123369,25-34,Female,AU,2025-07-25
SPOT-123370,18-24,Male,US,2024-12-09
SPOT-123371,55+,Male,CA,2023-12-17
SPOT-123372,18-24,Male,AU,2025-02-16
SPOT-123373,35-44,Male,US,2023-12-05
SPOT-123374,18-24,Female,FR,2025-06-11
SPOT-123375,25-34,Female,MX,2026-01-12
SPOT-123376,18-24,Male,AR,2024-01-13
SPOT-123377,35-44,Male,US,2025-02-09
SPOT-123378,25-34,Female,AR,2024-04-15
SPOT-123379,18-24,Male,MX,2025-05-18
SPOT-123380,35-44,Female,BR,2025-08-25
SPOT-123381,25-34,Female,BR,2025-11-22
SPOT-123382,45-54,Male,ES,2025-08-26
SPOT-123383,45-54,Male,GB,2026-04-02
SPOT-123384,45-54,Non-binary,CA,2024-08-11
SPOT-123385,18-24,Male,GB,2025-07-31
SPOT-123386,18-24,Male,FR,2026-02-25
SPOT-123387,55+,Male,US,2024-11-01
SPOT-123388,25-34,Male,CA,2025-05-30
SPOT-123389,18-24,Non-binary,FR,2025-03-22
SPOT-123390,35-44,Male,US,2025-09-13
SPOT-123391,18-24,Male,ES,2024-12-27
SPOT-123392,35-44,Female,DE,2025-02-09
SPOT-123393,35-44,Male,BR,2024-01-27
SPOT-123394,35-44,Female,US,2024-04-03
SPOT-123395,18-24,Non-binary,US,2025-10-04
SPOT-123396,25-34,Female,AU,2025-02-21
SPOT-123397,25-34,Male,DE,2026-01-06
SPOT-123398,25-34,Female,US,2026-02-04
SPOT-123399,18-24,Male,BR,2025-07-08
SPOT-123400,25-34,Male,AU,2024-03-13
SPOT-123401,25-34,Male,GB,2026-02-03
SPOT-123402,25-34,Female,US,2025-11-30
SPOT-123403,35-44,Male,MX,2024-09-19
SPOT-123404,25-34,Female,CA,2024-12-16
SPOT-123405,18-24,Male,FR,2024-04-18
SPOT-123406,25-34,Female,MX,2026-02-20
SPOT-123407,35-44,Male,US,2026-05-21
SPOT-123408,18-24,Female,AR,2025-07-05
SPOT-123409,25-34,Female,AR,2023-12-13
SPOT-123410,18-24,Non-binary,AR,2025-08-22
SPOT-123411,18-24,Female,DE,2024-04-17
SPOT-123412,45-54,Female,DE,2024-01-27
SPOT-123413,45-54,Male,US,2026-01-20
SPOT-123414,25-34,Female,ES,2024-12-05
SPOT-123415,35-44,Male,ES,2025-08-22
SPOT-123416,45-54,Male,US,2024-02-03
SPOT-123417,55+,Female,US,2024-03-25
SPOT-123418,25-34,Male,AU,2023-11-29
SPOT-123419,25-34,Male,US,2024-07-06
SPOT-123420,25-34,Male,MX,2025-09-03
SPOT-123421,18-24,Male,DE,2024-10-01
SPOT-123422,25-34,Male,ES,2025-02-21
SPOT-123423,35-44,Male,US,2024-02-25
SPOT-123424,35-44,Male,MX,2024-02-11
SPOT-123425,45-54,Female,MX,2026-04-04
SPOT-123426,18-24,Male,FR,2024-07-27
SPOT-123427,25-34,Female,BR,2025-05-25
SPOT-123428,18-24,Female,ES,2024-08-09
SPOT-123429,18-24,Male,DE,2024-04-27
SPOT-123430,45-54,Male,AU,2025-06-25
SPOT-123431,25-34,Male,BR,2025-06-14
SPOT-123432,35-44,Female,ES,2025-04-28
SPOT-123433,18-24,Female,US,2025-09-07
SPOT-123434,25-34,Female,DE,2024-05-28
SPOT-123435,25-34,Female,US,2024-02-05
SPOT-123436,18-24,Female,US,2025-09-14
SPOT-123437,18-24,Female,BR,2024-05-08
SPOT-123438,18-24,Female,GB,2025-11-24
SPOT-123439,25-34,Female,DE,2024-07-20
SPOT-123440,55+,Female,BR,2025-04-03
SPOT-123441,35-44,Male,US,2025-01-23
SPOT-123442,55+,Non-binary,GB,2024-07-20
SPOT-123443,35-44,Female,FR,2024-08-07
SPOT-123444,45-54,Male,FR,2024-03-01
SPOT-123445,25-34,Male,BR,2026-03-28
SPOT-123446,25-34,Female,ES,2024-11-12
SPOT-123447,25-34,Male,ES,2024-09-18
SPOT-123448,35-44,Female,US,2024-06-30
SPOT-123449,18-24,Male,MX,2026-05-19
SPOT-123450,18-24,Female,AR,2025-03-13
SPOT-123451,45-54,Male,BR,2025-08-05
SPOT-123452,18-24,Male,BR,2024-04-29
SPOT-123453,55+,Female,BR,2024-12-20
SPOT-123454,35-44,Male,BR,2024-12-28
SPOT-123455,18-24,Female,ES,2024-08-27
SPOT-123456,25-34,Male,MX,2025-04-07
SPOT-123457,35-44,Female,US,2025-02-19
SPOT-123458,18-24,Male,DE,2025-12-13
SPOT-123459,35-44,Male,BR,2026-01-25
SPOT-123460,35-44,Female,DE,2024-11-15
SPOT-123461,18-24,Male,US,2024-03-13
SPOT-123462,18-24,Female,US,2024-04-01
SPOT-123463,18-24,Female,US,2024-11-25
SPOT-123464,18-24,Male,GB,2025-12-28
SPOT-123465,18-24,Male,DE,2025-04-03
SPOT-123466,35-44,Male,MX,2024-09-18
SPOT-123467,25-34,Male,AU,2025-03-17
SPOT-123468,45-54,Male,FR,2024-10-16
SPOT-123469,18-24,Female,AR,2025-12-03
SPOT-123470,25-34,Non-binary,AR,2026-04-13
SPOT-123471,25-34,Male,BR,2024-07-19
SPOT-123472,45-54,Male,GB,2025-07-28
SPOT-123473,25-34,Female,BR,2024-04-07
SPOT-123474,25-34,Male,US,2025-02-04
SPOT-123475,45-54,Female,BR,2025-09-20
SPOT-123476,18-24,Male,US,2024-04-29
SPOT-123477,18-24,Female,US,2025-01-07
SPOT-123478,25-34,Female,ES,2025-11-26
SPOT-123479,35-44,Male,GB,2024-12-26
SPOT-123480,18-24,Female,DE,2024-03-25
SPOT-123481,25-34,Female,AR,2024-06-07
SPOT-123482,25-34,Female,US,2024-08-31
SPOT-123483,45-54,Male,US,2025-09-19
SPOT-123484,18-24,Male,US,2024-05-23
SPOT-123485,18-24,Male,MX,2025-08-27
SPOT-123486,25-34,Male,US,2024-02-09
SPOT-123487,25-34,Male,FR,2024-05-11
SPOT-123488,35-44,Female,GB,2025-08-02
SPOT-123489,25-34,Male,GB,2024-10-07
SPOT-123490,35-44,Male,US,2025-02-07
SPOT-123491,35-44,Male,BR,2024-10-09
SPOT-123492,45-54,Male,FR,2025-09-03
SPOT-123493,25-34,Male,DE,2025-08-26
SPOT-123494,55+,Female,GB,2026-04-01
SPOT-123495,18-24,Female,DE,2023-11-18
SPOT-123496,35-44,Female,CA,2026-06-01
SPOT-123497,25-34,Male,GB,2025-01-17
SPOT-123498,35-44,Female,MX,2025-06-05
SPOT-123499,25-34,Male,GB,2024-03-27
SPOT-123500,35-44,Male,MX,2026-02-09
SPOT-123501,45-54,Male,FR,2025-11-09
SPOT-123502,35-44,Male,BR,2024-10-22
SPOT-123503,35-44,Female,CA,2025-12-20
SPOT-123504,18-24,Female,MX,2024-05-07
SPOT-123505,18-24,Female,AU,2026-03-20
SPOT-123506,55+,Female,ES,2024-11-09
SPOT-123507,25-34,Male,MX,2024-07-18
SPOT-123508,25-34,Male,AR,2025-03-28
SPOT-123509,25-34,Female,US,2026-03-22
SPOT-123510,18-24,Male,GB,2025-10-18
SPOT-123511,25-34,Male,US,2026-05-12
SPOT-123512,25-34,Male,US,2024-02-18
SPOT-123513,18-24,Female,CA,2025-12-14
SPOT-123514,18-24,Female,US,2025-10-16
SPOT-123515,25-34,Male,GB,2024-05-09
SPOT-123516,25-34,Female,GB,2025-05-27
SPOT-123517,18-24,Female,MX,2025-01-30
SPOT-123518,25-34,Female,ES,2024-06-28
SPOT-123519,45-54,Female,MX,2025-12-02
SPOT-123520,25-34,Female,ES,2024-08-13
SPOT-123521,45-54,Male,DE,2024-11-04
SPOT-123522,45-54,Female,AU,2026-05-25
SPOT-123523,18-24,Female,US,2025-11-11
SPOT-123524,18-24,Male,DE,2023-11-11
SPOT-123525,25-34,Female,AR,2024-07-20
SPOT-123526,25-34,Male,US,2025-12-23
SPOT-123527,25-34,Female,ES,2025-03-01
SPOT-123528,18-24,Male,GB,2024-05-23
SPOT-123529,25-34,Female,US,2025-07-19
SPOT-123530,18-24,Male,DE,2024-07-16
SPOT-123531,55+,Male,AR,2023-12-03
SPOT-123532,18-24,Male,US,2025-11-06
SPOT-123533,45-54,Male,BR,2025-05-24
SPOT-123534,18-24,Non-binary,ES,2024-06-13
SPOT-123535,18-24,Male,ES,2024-11-24
SPOT-123536,18-24,Male,DE,2023-11-27
SPOT-123537,55+,Female,DE,2024-01-10
SPOT-123538,18-24,Male,FR,2024-03-17
SPOT-123539,25-34,Male,US,2025-06-08
SPOT-123540,45-54,Male,AU,2024-12-26
SPOT-123541,25-34,Female,DE,2025-10-31
SPOT-123542,25-34,Female,GB,2025-07-31
SPOT-123543,55+,Female,US,2024-06-10
SPOT-123544,45-54,Non-binary,US,2024-03-07
SPOT-123545,25-34,Female,ES,2025-02-08
SPOT-123546,25-34,Female,MX,2024-06-28
SPOT-123547,55+,Male,US,2024-10-20
SPOT-123548,55+,Male,CA,2025-03-28
SPOT-123549,25-34,Male,AR,2024-12-14
SPOT-123550,35-44,Male,GB,2024-07-02
SPOT-123551,18-24,Female,GB,2026-04-10
SPOT-123552,25-34,Male,US,2026-04-11
SPOT-123553,18-24,Female,MX,2025-08-02
SPOT-123554,18-24,Male,ES,2026-01-30
SPOT-123555,25-34,Male,DE,2023-12-31
SPOT-123556,25-34,Male,ES,2024-01-27
SPOT-123557,18-24,Male,AU,2025-12-17
SPOT-123558,25-34,Female,MX,2023-12-21
SPOT-123559,25-34,Female,MX,2023-11-26
SPOT-123560,55+,Female,DE,2025-03-10
SPOT-123561,45-54,Male,US,2023-12-23
SPOT-123562,25-34,Male,AU,2026-04-30
SPOT-123563,45-54,Male,ES,2023-12-02
SPOT-123564,18-24,Female,MX,2025-06-24
SPOT-123565,25-34,Male,US,2025-02-28
SPOT-123566,55+,Female,ES,2024-08-08
SPOT-123567,25-34,Female,MX,2026-03-23
SPOT-123568,25-34,Male,BR,2026-01-25
SPOT-123569,18-24,Female,MX,2024-07-18
SPOT-123570,18-24,Female,CA,2023-11-25
SPOT-123571,25-34,Male,US,2026-05-24
SPOT-123572,55+,Female,US,2026-02-23
SPOT-123573,25-34,Female,FR,2025-08-10
SPOT-123574,45-54,Male,US,2024-12-31
SPOT-123575,45-54,Male,CA,2024-03-06
SPOT-123576,18-24,Male,US,2024-10-06
SPOT-123577,25-34,Female,ES,2024-03-31
SPOT-123578,25-34,Male,FR,2025-01-29
SPOT-123579,25-34,Male,MX,2024-05-25
SPOT-123580,18-24,Male,MX,2025-12-25
SPOT-123581,55+,Male,US,2024-07-13
SPOT-123582,35-44,Male,US,2026-02-04
SPOT-123583,25-34,Female,FR,2024-03-17
SPOT-123584,25-34,Male,AR,2026-02-27
SPOT-123585,18-24,Female,US,2024-03-24
SPOT-123586,25-34,Female,AR,2025-01-16
SPOT-123587,45-54,Male,DE,2024-02-04
SPOT-123588,45-54,Female,BR,2025-06-09
SPOT-123589,18-24,Male,US,2026-03-09
SPOT-123590,25-34,Female,DE,2025-09-05
SPOT-123591,25-34,Male,DE,2025-10-13
SPOT-123592,18-24,Male,MX,2023-11-27
SPOT-123593,18-24,Male,MX,2026-02-18
SPOT-123594,25-34,Male,BR,2025-02-03
SPOT-123595,25-34,Female,US,2026-01-13
SPOT-123596,18-24,Male,US,2026-05-12
SPOT-123597,18-24,Male,US,2026-03-09
SPOT-123598,18-24,Female,FR,2024-02-22
SPOT-123599,18-24,Female,CA,2025-06-19
SPOT-123600,25-34,Male,AR,2024-08-29
SPOT-123601,18-24,Male,US,2026-05-15
SPOT-123602,18-24,Female,AR,2025-10-10
SPOT-123603,45-54,Male,US,2024-03-08
SPOT-123604,18-24,Female,BR,2026-02-23
SPOT-123605,25-34,Female,ES,2025-03-25
SPOT-123606,55+,Male,US,2024-07-24
SPOT-123607,25-34,Female,BR,2025-11-17
SPOT-123608,35-44,Male,GB,2025-09-06
SPOT-123609,25-34,Female,BR,2024-08-04
SPOT-123610,18-24,Female,DE,2025-04-14
SPOT-123611,25-34,Female,MX,2024-07-06
SPOT-123612,25-34,Non-binary,BR,2024-07-18
SPOT-123613,18-24,Female,GB,2025-02-14
SPOT-123614,25-34,Female,CA,2026-02-08
SPOT-123615,45-54,Male,AU,2023-12-14
SPOT-123616,18-24,Female,AR,2025-08-09
SPOT-123617,25-34,Female,BR,2025-01-04
SPOT-123618,25-34,Female,FR,2025-05-06
SPOT-123619,35-44,Female,MX,2024-04-23
SPOT-123620,35-44,Male,US,2026-03-14
SPOT-123621,35-44,Male,US,2025-08-24
SPOT-123622,25-34,Female,ES,2024-11-17
SPOT-123623,18-24,Female,ES,2024-12-24
SPOT-123624,18-24,Male,CA,2025-06-11
SPOT-123625,25-34,Male,AR,2025-01-31
SPOT-123626,35-44,Male,MX,2024-05-13
SPOT-123627,55+,Female,US,2024-07-14
SPOT-123628,25-34,Female,BR,2024-04-22
SPOT-123629,25-34,Male,DE,2024-05-18
SPOT-123630,25-34,Male,US,2025-12-09
SPOT-123631,18-24,Female,AR,2025-11-15
SPOT-123632,25-34,Female,US,2025-05-04
SPOT-123633,25-34,Female,MX,2025-07-21
SPOT-123634,55+,Female,MX,2026-03-09
SPOT-123635,25-34,Male,GB,2024-01-02
SPOT-123636,55+,Female,DE,2026-05-01
SPOT-123637,25-34,Female,US,2025-06-06
SPOT-123638,18-24,Female,US,2025-12-13
SPOT-123639,18-24,Female,US,2024-03-25
SPOT-123640,18-24,Male,US,2024-06-05
SPOT-123641,25-34,Female,FR,2024-04-24
SPOT-123642,18-24,Female,BR,2024-01-22
SPOT-123643,25-34,Male,US,2024-08-25
SPOT-123644,55+,Male,CA,2025-03-25
SPOT-123645,25-34,Male,BR,2024-06-08
SPOT-123646,35-44,Female,US,2024-02-24
SPOT-123647,18-24,Female,ES,2024-04-14
SPOT-123648,25-34,Female,BR,2025-07-15
SPOT-123649,18-24,Male,BR,2025-10-06
SPOT-123650,45-54,Male,MX,2024-10-19
SPOT-123651,18-24,Male,US,2025-08-29
SPOT-123652,25-34,Male,CA,2025-03-01
SPOT-123653,25-34,Non-binary,GB,2023-11-11
SPOT-123654,25-34,Female,MX,2026-01-12
SPOT-123655,35-44,Male,FR,2025-10-12
SPOT-123656,18-24,Female,GB,2024-10-22
SPOT-123657,25-34,Female,MX,2024-04-10
SPOT-123658,35-44,Male,AU,2024-01-25
SPOT-123659,25-34,Non-binary,FR,2024-10-28
SPOT-123660,25-34,Male,ES,2025-09-02
SPOT-123661,18-24,Female,DE,2025-07-03
SPOT-123662,35-44,Female,DE,2025-11-05
SPOT-123663,55+,Male,BR,2024-11-21
SPOT-123664,25-34,Male,MX,2024-06-18
SPOT-123665,45-54,Male,US,2025-03-01
SPOT-123666,25-34,Male,FR,2024-11-17
SPOT-123667,18-24,Male,US,2024-11-29
SPOT-123668,18-24,Female,US,2024-08-15
SPOT-123669,25-34,Female,BR,2024-09-25
SPOT-123670,25-34,Female,GB,2024-01-01
SPOT-123671,35-44,Female,GB,2026-04-04
SPOT-123672,25-34,Female,GB,2024-04-20
SPOT-123673,55+,Male,GB,2024-11-22
SPOT-123674,25-34,Female,DE,2024-02-17
SPOT-123675,25-34,Male,BR,2025-08-18
SPOT-123676,18-24,Male,BR,2025-06-27
SPOT-123677,25-34,Female,AR,2026-02-06
SPOT-123678,45-54,Female,GB,2024-07-08
SPOT-123679,18-24,Male,GB,2024-09-08
SPOT-123680,55+,Male,BR,2024-06-20
SPOT-123681,55+,Male,US,2025-12-24
SPOT-123682,25-34,Female,US,2024-06-24
SPOT-123683,18-24,Non-binary,AR,2024-04-06
SPOT-123684,18-24,Female,BR,2024-08-09
SPOT-123685,18-24,Female,US,2025-08-14
SPOT-123686,18-24,Male,DE,2025-02-06
SPOT-123687,25-34,Male,DE,2025-02-24
SPOT-123688,18-24,Female,US,2025-09-20
SPOT-123689,35-44,Male,DE,2025-12-11
SPOT-123690,25-34,Male,US,2024-03-30
SPOT-123691,18-24,Female,DE,2024-02-23
SPOT-123692,25-34,Female,DE,2025-05-11
SPOT-123693,55+,Male,MX,2024-02-28
SPOT-123694,25-34,Female,CA,2025-09-05
SPOT-123695,25-34,Female,US,2024-02-02
SPOT-123696,35-44,Male,DE,2024-02-28
SPOT-123697,35-44,Female,BR,2025-10-11
SPOT-123698,45-54,Female,BR,2024-11-08
SPOT-123699,18-24,Female,MX,2024-06-24
SPOT-123700,45-54,Female,GB,2024-05-20
SPOT-123701,18-24,Female,MX,2025-05-15
SPOT-123702,45-54,Female,US,2024-10-19
SPOT-123703,18-24,Male,US,2023-11-16
SPOT-123704,45-54,Male,AR,2024-09-18
SPOT-123705,55+,Male,BR,2025-02-26
SPOT-123706,18-24,Male,DE,2025-06-21
SPOT-123707,55+,Female,CA,2025-11-21
SPOT-123708,18-24,Female,ES,2025-09-27
SPOT-123709,18-24,Male,MX,2025-12-28
SPOT-123710,25-34,Female,US,2025-01-02
SPOT-123711,55+,Male,US,2026-03-03
SPOT-123712,25-34,Female,BR,2025-01-05
SPOT-123713,25-34,Female,MX,2024-05-26
SPOT-123714,25-34,Male,DE,2024-04-23
SPOT-123715,55+,Female,US,2024-11-27
SPOT-123716,35-44,Female,MX,2026-01-04
SPOT-123717,18-24,Male,ES,2026-04-02
SPOT-123718,18-24,Female,CA,2024-01-04
SPOT-123719,18-24,Male,DE,2025-08-03
SPOT-123720,25-34,Male,GB,2024-01-02
SPOT-123721,18-24,Female,CA,2025-05-10
SPOT-123722,18-24,Female,ES,2026-01-22
SPOT-123723,45-54,Male,US,2025-02-03
SPOT-123724,18-24,Female,BR,2024-03-24
SPOT-123725,25-34,Female,US,2026-03-14
SPOT-123726,25-34,Female,US,2026-04-14
SPOT-123727,18-24,Male,US,2026-02-08
SPOT-123728,25-34,Female,US,2024-04-18
SPOT-123729,25-34,Female,BR,2025-03-28
SPOT-123730,45-54,Female,GB,2025-05-02
SPOT-123731,18-24,Male,US,2025-08-25
SPOT-123732,25-34,Male,BR,2025-03-25
SPOT-123733,35-44,Male,ES,2025-08-16
SPOT-123734,35-44,Female,US,2024-07-16
SPOT-123735,35-44,Female,FR,2025-10-10
SPOT-123736,55+,Female,MX,2025-10-07
SPOT-123737,35-44,Female,BR,2024-09-24
SPOT-123738,25-34,Female,DE,2025-08-24
SPOT-123739,35-44,Female,DE,2024-03-11
SPOT-123740,25-34,Female,GB,2025-08-17
SPOT-123741,18-24,Male,US,2024-06-30
SPOT-123742,18-24,Male,US,2024-05-04
SPOT-123743,18-24,Male,GB,2025-01-23
SPOT-123744,18-24,Male,MX,2026-03-01
SPOT-123745,18-24,Male,GB,2024-06-02
SPOT-123746,18-24,Female,AR,2023-11-07
SPOT-123747,45-54,Male,DE,2025-10-25
SPOT-123748,45-54,Male,MX,2026-02-04
SPOT-123749,25-34,Non-binary,DE,2026-01-02
SPOT-123750,35-44,Female,BR,2026-05-17
SPOT-123751,18-24,Female,GB,2025-09-24
SPOT-123752,45-54,Male,BR,2024-03-13
SPOT-123753,25-34,Female,US,2024-06-27
SPOT-123754,18-24,Female,DE,2024-02-25
SPOT-123755,18-24,Female,DE,2025-04-05
SPOT-123756,18-24,Male,ES,2025-11-07
SPOT-123757,18-24,Female,DE,2025-09-17
SPOT-123758,18-24,Non-binary,MX,2025-08-28
SPOT-123759,18-24,Male,US,2024-08-25
SPOT-123760,18-24,Male,US,2025-06-24
SPOT-123761,18-24,Male,BR,2025-03-04
SPOT-123762,55+,Female,BR,2024-07-01
SPOT-123763,18-24,Male,MX,2025-02-19
SPOT-123764,18-24,Female,GB,2025-02-23
SPOT-123765,25-34,Male,US,2025-09-27
SPOT-123766,45-54,Male,ES,2025-04-18
SPOT-123767,25-34,Female,CA,2025-05-17
SPOT-123768,45-54,Female,DE,2025-08-08
SPOT-123769,18-24,Non-binary,MX,2025-07-06
SPOT-123770,18-24,Male,BR,2025-10-29
SPOT-123771,18-24,Male,BR,2025-07-28
SPOT-123772,25-34,Male,FR,2024-05-03
SPOT-123773,25-34,Female,ES,2025-08-12
SPOT-123774,25-34,Female,ES,2024-05-08
SPOT-123775,18-24,Female,US,2025-06-17
SPOT-123776,35-44,Non-binary,US,2025-12-15
SPOT-123777,18-24,Female,MX,2026-05-04
SPOT-123778,25-34,Male,BR,2025-12-15
SPOT-123779,25-34,Male,ES,2024-11-19
SPOT-123780,25-34,Male,US,2024-09-24
SPOT-123781,18-24,Female,BR,2024-01-31
SPOT-123782,35-44,Male,BR,2024-08-17
SPOT-123783,35-44,Female,FR,2024-01-30
SPOT-123784,18-24,Male,US,2025-06-14
SPOT-123785,55+,Male,GB,2024-11-25
SPOT-123786,25-34,Male,US,2025-04-10
SPOT-123787,25-34,Female,DE,2026-03-11
SPOT-123788,18-24,Male,FR,2025-01-20
SPOT-123789,25-34,Female,MX,2024-11-26
SPOT-123790,18-24,Female,ES,2024-01-24
SPOT-123791,25-34,Female,US,2024-10-07
SPOT-123792,25-34,Female,DE,2025-04-13
SPOT-123793,35-44,Female,AR,2024-10-27
SPOT-123794,18-24,Female,AR,2026-04-16
SPOT-123795,35-44,Male,AU,2025-02-27
SPOT-123796,18-24,Female,BR,2024-01-19
SPOT-123797,25-34,Male,US,2025-10-07
SPOT-123798,35-44,Male,FR,2024-08-07
SPOT-123799,25-34,Female,AU,2025-11-12
SPOT-123800,18-24,Male,CA,2025-09-20
SPOT-123801,25-34,Male,ES,2024-12-14
SPOT-123802,18-24,Male,US,2025-03-08
SPOT-123803,25-34,Female,US,2024-03-22
SPOT-123804,18-24,Male,ES,2025-04-09
SPOT-123805,35-44,Male,US,2025-11-21
SPOT-123806,25-34,Female,AU,2025-10-24
SPOT-123807,18-24,Male,DE,2024-07-23
SPOT-123808,18-24,Female,US,2025-11-17
SPOT-123809,18-24,Female,US,2024-05-18
SPOT-123810,25-34,Male,GB,2024-09-16
SPOT-123811,25-34,Female,ES,2024-04-19
SPOT-123812,25-34,Non-binary,ES,2026-04-12
SPOT-123813,35-44,Female,US,2024-02-09
SPOT-123814,18-24,Male,MX,2024-03-14
SPOT-123815,45-54,Female,US,2024-06-09
SPOT-123816,18-24,Male,US,2023-12-15
SPOT-123817,18-24,Male,BR,2024-05-01
SPOT-123818,25-34,Female,ES,2025-04-21
SPOT-123819,35-44,Male,CA,2026-04-22
SPOT-123820,25-34,Female,DE,2024-12-04
SPOT-123821,35-44,Male,US,2025-02-17
SPOT-123822,45-54,Female,CA,2025-07-09
SPOT-123823,35-44,Male,DE,2025-01-08
SPOT-123824,18-24,Male,BR,2024-03-31
SPOT-123825,35-44,Male,FR,2024-06-03
SPOT-123826,35-44,Male,BR,2025-06-30
SPOT-123827,25-34,Male,GB,2023-11-14
SPOT-123828,35-44,Male,BR,2025-09-03
SPOT-123829,55+,Female,MX,2025-09-21
SPOT-123830,25-34,Female,FR,2024-06-24
SPOT-123831,18-24,Male,US,2025-01-01
SPOT-123832,25-34,Female,BR,2026-04-30
SPOT-123833,18-24,Non-binary,CA,2025-07-29
SPOT-123834,18-24,Female,US,2024-10-04
SPOT-123835,25-34,Female,US,2025-12-20
SPOT-123836,18-24,Male,GB,2024-08-12
SPOT-123837,25-34,Male,MX,2025-01-15
SPOT-123838,35-44,Male,AR,2025-01-16
SPOT-123839,25-34,Female,US,2025-11-11
SPOT-123840,45-54,Male,US,2025-11-28
SPOT-123841,18-24,Female,AR,2024-08-21
SPOT-123842,35-44,Male,US,2024-10-05
SPOT-123843,35-44,Male,GB,2026-02-09
SPOT-123844,18-24,Male,ES,2024-11-28
SPOT-123845,18-24,Male,US,2024-06-15
SPOT-123846,18-24,Male,AR,2024-03-01
SPOT-123847,35-44,Male,BR,2026-02-13
SPOT-123848,35-44,Female,DE,2024-04-05
SPOT-123849,18-24,Female,US,2025-10-31
SPOT-123850,25-34,Male,MX,2024-09-29
SPOT-123851,18-24,Female,FR,2024-06-24
SPOT-123852,25-34,Female,MX,2025-01-25
SPOT-123853,55+,Female,GB,2024-03-11
SPOT-123854,18-24,Male,MX,2025-07-15
SPOT-123855,45-54,Male,BR,2025-04-13
SPOT-123856,35-44,Male,FR,2024-01-25
SPOT-123857,55+,Female,DE,2026-05-30
SPOT-123858,18-24,Female,US,2024-01-01
SPOT-123859,18-24,Female,US,2025-02-01
SPOT-123860,18-24,Male,GB,2025-04-19
SPOT-123861,35-44,Male,BR,2024-09-07
SPOT-123862,25-34,Male,US,2024-03-26
SPOT-123863,18-24,Male,US,2025-07-08
SPOT-123864,35-44,Male,DE,2024-06-17
SPOT-123865,18-24,Male,GB,2025-11-26
SPOT-123866,18-24,Female,DE,2026-01-09
SPOT-123867,25-34,Male,DE,2026-04-11
SPOT-123868,18-24,Female,ES,2024-12-30
SPOT-123869,18-24,Female,AU,2024-02-14
SPOT-123870,25-34,Female,GB,2025-12-27
SPOT-123871,45-54,Female,CA,2025-01-17
SPOT-123872,35-44,Male,US,2024-10-16
SPOT-123873,25-34,Male,ES,2025-04-27
SPOT-123874,35-44,Female,MX,2024-02-29
SPOT-123875,25-34,Male,US,2024-12-30
SPOT-123876,18-24,Non-binary,ES,2025-02-24
SPOT-123877,35-44,Male,CA,2026-05-08
SPOT-123878,25-34,Male,CA,2026-01-05
SPOT-123879,25-34,Female,MX,2026-04-16
SPOT-123880,25-34,Male,AR,2024-01-11
SPOT-123881,25-34,Male,US,2024-11-17
SPOT-123882,25-34,Female,US,2025-03-14
SPOT-123883,45-54,Male,GB,2024-02-15
SPOT-123884,18-24,Female,BR,2026-04-21
SPOT-123885,45-54,Male,DE,2024-08-30
SPOT-123886,18-24,Male,MX,2025-04-24
SPOT-123887,18-24,Male,DE,2024-11-06
SPOT-123888,25-34,Male,ES,2026-05-30
SPOT-123889,25-34,Male,ES,2024-03-04
SPOT-123890,35-44,Non-binary,ES,2023-11-24
SPOT-123891,25-34,Female,AR,2024-06-08
SPOT-123892,25-34,Female,AR,2024-04-15
SPOT-123893,18-24,Male,ES,2026-04-15
SPOT-123894,18-24,Male,US,2025-09-25
SPOT-123895,25-34,Female,MX,2026-03-19
SPOT-123896,25-34,Female,US,2026-04-22
SPOT-123897,25-34,Male,ES,2025-07-06
SPOT-123898,25-34,Male,US,2023-11-22
SPOT-123899,55+,Male,AU,2025-12-17
SPOT-123900,25-34,Male,MX,2025-08-01
SPOT-123901,45-54,Female,US,2024-07-18
SPOT-123902,18-24,Male,DE,2025-05-01
SPOT-123903,18-24,Male,AR,2025-01-30
SPOT-123904,18-24,Female,US,2025-05-19
SPOT-123905,18-24,Male,BR,2026-03-11
SPOT-123906,25-34,Female,US,2024-03-28
SPOT-123907,25-34,Female,AR,2025-08-11
SPOT-123908,25-34,Male,US,2026-03-21
SPOT-123909,35-44,Female,DE,2026-02-08
SPOT-123910,55+,Male,BR,2024-03-04
SPOT-123911,45-54,Male,US,2026-05-07
SPOT-123912,18-24,Female,CA,2024-05-27
SPOT-123913,18-24,Female,DE,2025-03-22
SPOT-123914,18-24,Female,US,2024-03-17
SPOT-123915,18-24,Female,ES,2025-02-04
SPOT-123916,25-34,Male,FR,2025-11-06
SPOT-123917,25-34,Female,CA,2025-04-02
SPOT-123918,18-24,Female,DE,2026-02-16
SPOT-123919,35-44,Male,GB,2025-03-17
SPOT-123920,35-44,Female,CA,2025-01-11
SPOT-123921,18-24,Male,US,2024-12-12
SPOT-123922,25-34,Female,ES,2026-04-06
SPOT-123923,45-54,Female,US,2024-01-06
SPOT-123924,25-34,Female,DE,2024-09-19
SPOT-123925,18-24,Male,AU,2025-05-07
SPOT-123926,18-24,Male,BR,2025-07-12
SPOT-123927,18-24,Male,BR,2024-07-03
SPOT-123928,18-24,Female,US,2025-09-26
SPOT-123929,35-44,Male,GB,2024-09-25
SPOT-123930,18-24,Female,US,2024-09-01
SPOT-123931,18-24,Male,FR,2026-04-14
SPOT-123932,18-24,Male,MX,2025-07-12
SPOT-123933,35-44,Male,US,2025-11-05
SPOT-123934,18-24,Female,GB,2024-03-19
SPOT-123935,18-24,Female,AR,2025-09-14
SPOT-123936,25-34,Male,US,2025-03-02
SPOT-123937,25-34,Male,US,2025-05-02
SPOT-123938,18-24,Non-binary,BR,2024-05-21
SPOT-123939,18-24,Male,US,2024-06-15
SPOT-123940,35-44,Female,DE,2023-11-18
SPOT-123941,55+,Female,AU,2024-10-18
SPOT-123942,18-24,Male,BR,2024-02-05
SPOT-123943,18-24,Female,ES,2026-04-27
SPOT-123944,18-24,Female,MX,2024-04-25
SPOT-123945,35-44,Female,US,2025-01-20
SPOT-123946,25-34,Female,AR,2024-08-31
SPOT-123947,35-44,Female,US,2026-04-09
SPOT-123948,25-34,Male,CA,2024-08-08
SPOT-123949,45-54,Male,US,2024-02-02
SPOT-123950,45-54,Male,AU,2024-05-19
SPOT-123951,35-44,Female,AR,2025-01-31
SPOT-123952,25-34,Male,US,2024-05-21
SPOT-123953,18-24,Male,US,2025-09-09
SPOT-123954,25-34,Male,US,2024-06-04
SPOT-123955,25-34,Male,US,2024-03-31
SPOT-123956,25-34,Male,MX,2025-10-19
SPOT-123957,18-24,Male,BR,2023-11-22
SPOT-123958,25-34,Female,MX,2025-02-22
SPOT-123959,25-34,Female,US,2024-04-16
SPOT-123960,25-34,Female,US,2026-04-11
SPOT-123961,18-24,Male,MX,2024-07-15
SPOT-123962,25-34,Female,AR,2026-05-08
SPOT-123963,18-24,Female,GB,2025-05-16
SPOT-123964,45-54,Male,US,2024-11-11
SPOT-123965,25-34,Male,GB,2024-10-17
SPOT-123966,18-24,Female,DE,2024-05-26
SPOT-123967,18-24,Female,MX,2024-10-14
SPOT-123968,25-34,Male,DE,2025-11-23
SPOT-123969,18-24,Male,FR,2025-08-10
SPOT-123970,55+,Female,DE,2024-03-16
SPOT-123971,25-34,Female,US,2026-02-01
SPOT-123972,18-24,Female,US,2023-11-14
SPOT-123973,25-34,Male,DE,2026-03-03
SPOT-123974,18-24,Male,AR,2025-05-22
SPOT-123975,35-44,Female,FR,2024-07-19
SPOT-123976,18-24,Male,US,2025-07-01
SPOT-123977,55+,Male,US,2026-03-22
SPOT-123978,25-34,Male,FR,2024-11-25
SPOT-123979,35-44,Male,US,2024-08-09
SPOT-123980,18-24,Female,AR,2025-02-15
SPOT-123981,18-24,Female,BR,2025-04-02
SPOT-123982,35-44,Male,DE,2026-03-05
SPOT-123983,25-34,Female,US,2025-08-29
SPOT-123984,18-24,Female,MX,2025-01-22
SPOT-123985,25-34,Female,AR,2025-09-02
SPOT-123986,18-24,Female,DE,2025-03-13
SPOT-123987,25-34,Male,DE,2025-01-22
SPOT-123988,18-24,Female,ES,2024-11-03
SPOT-123989,18-24,Male,BR,2025-10-15
SPOT-123990,18-24,Male,AR,2024-12-24
SPOT-123991,25-34,Male,US,2024-10-06
SPOT-123992,18-24,Male,FR,2024-03-06
SPOT-123993,55+,Female,GB,2025-10-06
SPOT-123994,18-24,Female,US,2024-03-10
SPOT-123995,45-54,Female,US,2024-04-11
SPOT-123996,25-34,Female,AR,2024-09-19
SPOT-123997,25-34,Male,US,2024-08-15
SPOT-123998,18-24,Male,AU,2024-02-05
SPOT-123999,25-34,Female,BR,2025-02-13
SPOT-124000,25-34,Female,MX,2024-02-26
SPOT-124001,25-34,Non-binary,ES,2024-10-04
SPOT-124002,18-24,Male,GB,2024-09-28
SPOT-124003,45-54,Female,AR,2024-05-15
SPOT-124004,55+,Female,CA,2024-08-16
SPOT-124005,25-34,Male,GB,2024-02-21
SPOT-124006,25-34,Female,AR,2024-09-09
SPOT-124007,25-34,Male,ES,2023-12-05
SPOT-124008,18-24,Male,BR,2025-03-06
SPOT-124009,18-24,Female,GB,2025-04-13
SPOT-124010,25-34,Female,DE,2024-03-20
SPOT-124011,35-44,Female,GB,2026-03-15
SPOT-124012,18-24,Female,DE,2023-12-14
SPOT-124013,25-34,Male,AU,2024-04-26
SPOT-124014,45-54,Male,GB,2024-09-09
SPOT-124015,18-24,Male,MX,2026-02-15
SPOT-124016,18-24,Female,GB,2025-01-14
SPOT-124017,35-44,Female,DE,2026-05-23
SPOT-124018,18-24,Female,US,2024-06-18
SPOT-124019,18-24,Female,ES,2024-12-13
SPOT-124020,25-34,Female,MX,2025-03-01
SPOT-124021,25-34,Female,GB,2025-06-29
SPOT-124022,45-54,Female,BR,2024-06-28
SPOT-124023,25-34,Female,FR,2026-03-21
SPOT-124024,25-34,Male,US,2025-05-09
SPOT-124025,25-34,Male,CA,2025-08-20
SPOT-124026,55+,Male,BR,2026-05-18
SPOT-124027,18-24,Female,FR,2026-02-21
SPOT-124028,18-24,Female,FR,2025-07-13
SPOT-124029,55+,Male,US,2024-11-23
SPOT-124030,55+,Female,AR,2026-05-23
SPOT-124031,18-24,Female,ES,2026-05-29
SPOT-124032,18-24,Male,US,2026-01-14
SPOT-124033,25-34,Female,CA,2025-11-09
SPOT-124034,18-24,Female,MX,2025-05-05
SPOT-124035,25-34,Male,US,2026-05-31
SPOT-124036,18-24,Male,US,2025-06-28
SPOT-124037,18-24,Male,BR,2026-01-12
SPOT-124038,25-34,Female,US,2024-01-27
SPOT-124039,55+,Male,US,2024-03-06
SPOT-124040,25-34,Female,CA,2024-04-01
SPOT-124041,25-34,Female,ES,2024-04-28
SPOT-124042,55+,Male,MX,2025-09-01
SPOT-124043,25-34,Female,US,2025-06-01
SPOT-124044,25-34,Non-binary,US,2025-07-02
SPOT-124045,25-34,Male,DE,2024-07-03
SPOT-124046,18-24,Female,ES,2025-03-23
SPOT-124047,25-34,Female,US,2024-07-09
SPOT-124048,25-34,Male,US,2024-05-04
SPOT-124049,18-24,Male,FR,2026-02-17
SPOT-124050,18-24,Female,AR,2024-10-29
SPOT-124051,18-24,Female,MX,2024-10-29
SPOT-124052,25-34,Male,BR,2024-05-06
SPOT-124053,18-24,Male,US,2023-11-17
SPOT-124054,18-24,Female,US,2025-11-13
SPOT-124055,45-54,Male,CA,2024-03-30
SPOT-124056,25-34,Female,DE,2024-01-31
SPOT-124057,18-24,Female,MX,2026-01-09
SPOT-124058,25-34,Male,DE,2025-02-11
SPOT-124059,18-24,Male,ES,2025-07-16
SPOT-124060,35-44,Female,US,2026-01-02
SPOT-124061,35-44,Female,BR,2023-11-26
SPOT-124062,25-34,Female,DE,2025-08-17
SPOT-124063,35-44,Male,US,2025-12-29
SPOT-124064,18-24,Female,BR,2025-04-30
SPOT-124065,35-44,Male,BR,2025-05-28
SPOT-124066,18-24,Female,BR,2025-07-28
SPOT-124067,18-24,Male,BR,2026-03-11
SPOT-124068,45-54,Female,US,2025-06-23
SPOT-124069,25-34,Male,DE,2024-02-15
SPOT-124070,55+,Male,GB,2026-03-05
SPOT-124071,18-24,Male,ES,2024-02-25
SPOT-124072,25-34,Male,US,2023-12-13
SPOT-124073,18-24,Male,GB,2024-07-15
SPOT-124074,25-34,Male,CA,2023-12-23
SPOT-124075,18-24,Male,GB,2024-05-06
SPOT-124076,18-24,Male,US,2025-01-09
SPOT-124077,18-24,Female,ES,2025-08-15
SPOT-124078,35-44,Female,US,2024-07-23
SPOT-124079,18-24,Male,DE,2025-09-24
SPOT-124080,35-44,Female,FR,2025-09-30
SPOT-124081,18-24,Male,AU,2025-12-15
SPOT-124082,18-24,Male,US,2024-03-04
SPOT-124083,25-34,Male,GB,2025-06-03
SPOT-124084,55+,Male,BR,2025-08-29
SPOT-124085,18-24,Female,US,2024-06-17
SPOT-124086,18-24,Female,US,2025-11-01
SPOT-124087,35-44,Male,DE,2025-12-07
SPOT-124088,18-24,Female,US,2025-08-16
SPOT-124089,35-44,Female,FR,2024-08-06
SPOT-124090,18-24,Male,GB,2026-01-17
SPOT-124091,25-34,Female,GB,2024-02-14
SPOT-124092,18-24,Male,AR,2025-10-14
SPOT-124093,25-34,Female,GB,2024-02-21
SPOT-124094,35-44,Female,ES,2025-02-12
SPOT-124095,35-44,Female,US,2023-12-27
SPOT-124096,25-34,Male,BR,2025-06-28
SPOT-124097,45-54,Female,ES,2024-11-22
SPOT-124098,18-24,Male,DE,2024-03-30
SPOT-124099,18-24,Male,US,2024-10-20
SPOT-124100,25-34,Female,ES,2025-05-13
SPOT-124101,25-34,Female,BR,2024-07-08
SPOT-124102,18-24,Female,GB,2024-07-09
SPOT-124103,25-34,Male,AU,2024-08-18
SPOT-124104,25-34,Male,FR,2026-04-19
SPOT-124105,35-44,Female,US,2026-04-23
SPOT-124106,35-44,Male,BR,2024-06-18
SPOT-124107,25-34,Female,GB,2026-06-01
SPOT-124108,18-24,Female,US,2023-12-14
SPOT-124109,25-34,Female,US,2024-06-02
SPOT-124110,35-44,Female,BR,2026-05-26
SPOT-124111,18-24,Male,GB,2024-04-20
SPOT-124112,25-34,Female,ES,2024-05-20
SPOT-124113,55+,Female,DE,2025-01-25
SPOT-124114,18-24,Female,ES,2025-11-05
SPOT-124115,18-24,Female,AR,2025-07-25
SPOT-124116,18-24,Female,MX,2024-03-29
SPOT-124117,25-34,Male,DE,2025-11-01
SPOT-124118,45-54,Female,AU,2024-06-22
SPOT-124119,25-34,Male,GB,2025-01-21
SPOT-124120,18-24,Female,BR,2025-11-07
SPOT-124121,25-34,Female,BR,2024-07-21
SPOT-124122,25-34,Male,DE,2024-03-17
SPOT-124123,25-34,Female,US,2025-12-14
SPOT-124124,18-24,Male,GB,2024-04-17
SPOT-124125,25-34,Male,US,2025-08-16
SPOT-124126,25-34,Male,FR,2025-01-08
SPOT-124127,18-24,Male,MX,2025-01-03
SPOT-124128,25-34,Male,GB,2024-03-10
SPOT-124129,55+,Male,BR,2025-07-05
SPOT-124130,18-24,Male,FR,2024-07-25
SPOT-124131,55+,Male,CA,2025-08-05
SPOT-124132,18-24,Male,US,2024-12-23
SPOT-124133,35-44,Female,AR,2025-06-03
SPOT-124134,18-24,Female,AU,2024-12-03
SPOT-124135,18-24,Female,DE,2025-06-22
SPOT-124136,25-34,Male,AU,2025-03-16
SPOT-124137,25-34,Female,AU,2026-04-09
SPOT-124138,35-44,Male,MX,2024-09-17
SPOT-124139,25-34,Male,AR,2026-04-24
SPOT-124140,25-34,Male,GB,2025-07-13
SPOT-124141,45-54,Male,CA,2023-12-15
SPOT-124142,25-34,Male,BR,2024-12-19
SPOT-124143,18-24,Female,BR,2026-02-07
SPOT-124144,18-24,Female,AR,2024-09-30
SPOT-124145,25-34,Female,FR,2024-02-25
SPOT-124146,35-44,Female,ES,2025-05-03
SPOT-124147,18-24,Female,US,2025-03-25
SPOT-124148,18-24,Female,BR,2026-04-30
SPOT-124149,18-24,Female,AR,2025-08-13
SPOT-124150,25-34,Female,BR,2025-10-30
SPOT-124151,18-24,Male,CA,2024-11-24
SPOT-124152,18-24,Female,FR,2025-11-08
SPOT-124153,25-34,Male,BR,2024-09-23
SPOT-124154,35-44,Female,DE,2025-08-27
SPOT-124155,18-24,Female,US,2026-03-31
SPOT-124156,25-34,Female,MX,2024-01-15
SPOT-124157,18-24,Female,GB,2025-04-01
SPOT-124158,45-54,Female,MX,2025-09-06
SPOT-124159,18-24,Male,AR,2025-12-26
SPOT-124160,55+,Male,DE,2026-04-10
SPOT-124161,55+,Male,US,2026-01-21
SPOT-124162,35-44,Female,FR,2026-02-23
SPOT-124163,18-24,Male,BR,2024-05-10
SPOT-124164,25-34,Female,GB,2025-08-21
SPOT-124165,18-24,Male,MX,2025-11-28
SPOT-124166,45-54,Female,MX,2025-11-09
SPOT-124167,35-44,Male,US,2024-09-02
SPOT-124168,55+,Male,MX,2024-05-07
SPOT-124169,25-34,Male,GB,2024-12-04
SPOT-124170,25-34,Female,AR,2024-02-29
SPOT-124171,25-34,Male,CA,2025-10-02
SPOT-124172,25-34,Female,US,2024-08-31
SPOT-124173,25-34,Male,CA,2025-06-06
SPOT-124174,25-34,Female,CA,2024-11-03
SPOT-124175,45-54,Female,GB,2023-11-08
SPOT-124176,25-34,Female,US,2023-11-13
SPOT-124177,45-54,Male,MX,2025-08-24
SPOT-124178,45-54,Female,GB,2025-03-20
SPOT-124179,25-34,Male,US,2024-04-15
SPOT-124180,18-24,Male,US,2025-11-11
SPOT-124181,25-34,Male,US,2024-08-25
SPOT-124182,25-34,Male,US,2025-08-30
SPOT-124183,18-24,Female,AR,2023-11-09
SPOT-124184,25-34,Female,AR,2024-09-28
SPOT-124185,55+,Male,BR,2025-02-07
SPOT-124186,18-24,Male,BR,2024-11-15
SPOT-124187,25-34,Male,CA,2024-08-02
SPOT-124188,35-44,Male,CA,2024-02-27
SPOT-124189,25-34,Male,AR,2025-12-26
SPOT-124190,25-34,Male,DE,2024-04-12
SPOT-124191,35-44,Female,GB,2024-05-29
SPOT-124192,25-34,Female,FR,2026-04-04
SPOT-124193,18-24,Male,CA,2024-11-17
SPOT-124194,55+,Female,AR,2024-09-30
SPOT-124195,25-34,Male,ES,2025-12-27
SPOT-124196,25-34,Female,BR,2025-11-18
SPOT-124197,25-34,Male,GB,2025-01-06
SPOT-124198,18-24,Female,US,2025-05-18
SPOT-124199,55+,Male,US,2024-08-08
SPOT-124200,35-44,Female,ES,2023-11-25
SPOT-124201,18-24,Male,ES,2023-11-19
SPOT-124202,55+,Male,GB,2025-07-30
SPOT-124203,35-44,Female,US,2025-04-28
SPOT-124204,25-34,Female,CA,2024-03-23
SPOT-124205,25-34,Male,DE,2025-10-26
SPOT-124206,18-24,Male,AU,2024-06-06
SPOT-124207,25-34,Male,MX,2025-01-22
SPOT-124208,18-24,Male,US,2024-02-03
SPOT-124209,25-34,Male,GB,2025-08-23
SPOT-124210,25-34,Male,MX,2024-05-21
SPOT-124211,45-54,Female,MX,2026-01-06
SPOT-124212,35-44,Female,US,2026-05-21
SPOT-124213,18-24,Female,US,2026-02-13
SPOT-124214,45-54,Female,GB,2026-03-19
SPOT-124215,25-34,Female,AR,2024-08-17
SPOT-124216,25-34,Female,US,2025-11-29
SPOT-124217,18-24,Female,ES,2024-07-30
SPOT-124218,45-54,Female,FR,2025-09-28
SPOT-124219,45-54,Male,DE,2025-08-15
SPOT-124220,35-44,Female,US,2025-06-20
SPOT-124221,45-54,Male,US,2024-07-06
SPOT-124222,18-24,Female,GB,2024-05-16
SPOT-124223,45-54,Male,US,2023-11-29
SPOT-124224,25-34,Female,GB,2025-01-01
SPOT-124225,18-24,Female,BR,2024-07-09
SPOT-124226,25-34,Female,US,2026-02-02
SPOT-124227,25-34,Female,US,2024-08-29
SPOT-124228,18-24,Female,FR,2023-11-22
SPOT-124229,18-24,Male,BR,2024-07-25
SPOT-124230,18-24,Female,CA,2025-12-09
SPOT-124231,25-34,Male,US,2023-12-08
SPOT-124232,18-24,Female,US,2024-05-29
SPOT-124233,18-24,Female,ES,2024-01-08
SPOT-124234,25-34,Male,BR,2024-11-27
SPOT-124235,55+,Male,CA,2025-07-26
SPOT-124236,35-44,Male,AR,2025-04-22
SPOT-124237,18-24,Female,BR,2024-02-18
SPOT-124238,55+,Male,BR,2024-07-26
SPOT-124239,25-34,Male,AR,2024-07-08
SPOT-124240,25-34,Male,AR,2024-02-27
SPOT-124241,25-34,Male,GB,2025-08-29
SPOT-124242,25-34,Female,MX,2025-04-02
SPOT-124243,18-24,Male,MX,2024-04-21
SPOT-124244,25-34,Female,FR,2025-11-11
SPOT-124245,25-34,Female,FR,2025-06-11
SPOT-124246,25-34,Female,GB,2026-01-29
SPOT-124247,35-44,Female,FR,2025-03-15
SPOT-124248,25-34,Male,CA,2024-02-28
SPOT-124249,35-44,Female,US,2025-11-09
SPOT-124250,25-34,Male,BR,2026-01-31
SPOT-124251,55+,Male,DE,2026-03-01
SPOT-124252,25-34,Male,DE,2025-08-28
SPOT-124253,45-54,Female,ES,2024-04-27
SPOT-124254,35-44,Male,US,2025-08-17
SPOT-124255,25-34,Female,AR,2024-07-26
SPOT-124256,25-34,Female,US,2024-10-13
SPOT-124257,18-24,Female,BR,2024-09-02
SPOT-124258,55+,Male,US,2026-04-17
SPOT-124259,18-24,Female,MX,2025-01-04
SPOT-124260,25-34,Female,BR,2024-02-02
SPOT-124261,18-24,Male,AU,2024-12-10
SPOT-124262,25-34,Male,FR,2024-03-11
SPOT-124263,25-34,Male,GB,2025-06-30
SPOT-124264,45-54,Female,BR,2024-02-15
SPOT-124265,25-34,Female,GB,2024-12-04
SPOT-124266,55+,Female,ES,2025-06-02
SPOT-124267,25-34,Male,DE,2026-04-21
SPOT-124268,18-24,Female,US,2024-12-26
SPOT-124269,18-24,Female,MX,2025-08-17
SPOT-124270,35-44,Female,US,2025-06-02
SPOT-124271,18-24,Male,GB,2025-11-02
SPOT-124272,25-34,Male,CA,2024-05-23
SPOT-124273,18-24,Male,US,2025-09-20
SPOT-124274,25-34,Female,BR,2025-02-02
SPOT-124275,35-44,Female,AR,2024-07-29
SPOT-124276,25-34,Male,CA,2024-03-11
SPOT-124277,18-24,Male,BR,2024-06-14
SPOT-124278,18-24,Female,US,2024-03-27
SPOT-124279,25-34,Male,CA,2025-09-22
SPOT-124280,18-24,Male,ES,2025-11-14
SPOT-124281,25-34,Male,DE,2025-09-02
SPOT-124282,25-34,Male,GB,2024-06-12
SPOT-124283,18-24,Male,US,2025-02-20
SPOT-124284,25-34,Male,US,2026-06-01
SPOT-124285,25-34,Female,ES,2024-11-13
SPOT-124286,18-24,Non-binary,US,2024-12-02
SPOT-124287,25-34,Male,US,2025-05-31
SPOT-124288,18-24,Male,US,2024-11-02
SPOT-124289,25-34,Male,DE,2026-02-01
SPOT-124290,35-44,Male,US,2026-02-06
SPOT-124291,18-24,Female,CA,2025-02-08
SPOT-124292,25-34,Male,GB,2026-05-09
SPOT-124293,25-34,Male,CA,2025-08-05
SPOT-124294,18-24,Female,AU,2025-06-28
SPOT-124295,35-44,Female,ES,2024-11-09
SPOT-124296,25-34,Male,US,2025-03-11
SPOT-124297,25-34,Male,US,2026-03-07
SPOT-124298,25-34,Female,GB,2023-11-18
SPOT-124299,35-44,Male,BR,2024-10-21
SPOT-124300,55+,Male,US,2025-10-12
SPOT-124301,25-34,Female,US,2026-05-24
SPOT-124302,45-54,Male,US,2024-07-10
SPOT-124303,18-24,Female,GB,2024-05-30
SPOT-124304,25-34,Female,US,2025-09-12
SPOT-124305,18-24,Male,US,2024-11-04
SPOT-124306,18-24,Female,US,2025-01-09
SPOT-124307,25-34,Female,ES,2025-12-24
SPOT-124308,35-44,Male,US,2024-06-11
SPOT-124309,25-34,Male,AR,2025-06-18
SPOT-124310,25-34,Female,BR,2025-04-29
SPOT-124311,25-34,Female,ES,2024-06-09
SPOT-124312,25-34,Male,DE,2024-01-18
SPOT-124313,18-24,Male,CA,2025-12-22
SPOT-124314,25-34,Female,GB,2024-04-30
SPOT-124315,18-24,Female,ES,2024-10-26
SPOT-124316,25-34,Female,US,2024-08-23
SPOT-124317,18-24,Female,FR,2025-05-23
SPOT-124318,18-24,Male,US,2025-06-05
SPOT-124319,25-34,Non-binary,DE,2023-11-11
SPOT-124320,25-34,Male,DE,2026-02-27
SPOT-124321,25-34,Female,MX,2025-06-02
SPOT-124322,18-24,Male,DE,2024-04-12
SPOT-124323,25-34,Female,BR,2026-04-08
SPOT-124324,35-44,Female,FR,2023-11-07
SPOT-124325,45-54,Female,US,2025-12-21
SPOT-124326,35-44,Female,US,2024-10-03
SPOT-124327,18-24,Female,AR,2024-08-05
SPOT-124328,25-34,Male,US,2023-12-12
SPOT-124329,18-24,Male,CA,2024-05-08
SPOT-124330,18-24,Female,BR,2025-05-19
SPOT-124331,18-24,Female,US,2026-05-13
SPOT-124332,35-44,Male,US,2024-10-27
SPOT-124333,25-34,Male,ES,2024-09-19
SPOT-124334,25-34,Female,FR,2024-08-19
SPOT-124335,25-34,Male,US,2024-04-26
SPOT-124336,18-24,Female,US,2024-04-24
SPOT-124337,25-34,Male,AU,2023-12-16
SPOT-124338,25-34,Female,MX,2026-03-27
SPOT-124339,25-34,Female,US,2026-04-01
SPOT-124340,35-44,Male,DE,2024-05-18
SPOT-124341,18-24,Male,CA,2024-05-29
SPOT-124342,35-44,Female,MX,2025-07-21
SPOT-124343,25-34,Male,DE,2024-01-17
SPOT-124344,25-34,Female,US,2024-08-15
SPOT-124345,25-34,Male,ES,2023-12-14
SPOT-124346,45-54,Female,GB,2025-12-14
SPOT-124347,18-24,Female,BR,2025-03-09
SPOT-124348,25-34,Male,MX,2026-03-29
SPOT-124349,25-34,Non-binary,BR,2024-10-22
SPOT-124350,18-24,Male,US,2024-11-09
SPOT-124351,18-24,Female,ES,2025-09-26
SPOT-124352,35-44,Male,BR,2025-10-30
SPOT-124353,18-24,Male,DE,2023-11-27
SPOT-124354,18-24,Female,US,2024-10-12
SPOT-124355,55+,Male,GB,2026-04-25
SPOT-124356,35-44,Male,GB,2024-10-01
SPOT-124357,18-24,Male,AR,2024-10-06
SPOT-124358,25-34,Female,BR,2025-12-24
SPOT-124359,25-34,Male,CA,2024-11-18
SPOT-124360,35-44,Male,ES,2024-01-27
SPOT-124361,35-44,Female,BR,2026-01-09
SPOT-124362,35-44,Male,US,2024-10-23
SPOT-124363,18-24,Male,US,2025-12-19
SPOT-124364,25-34,Female,US,2024-04-29
SPOT-124365,18-24,Female,DE,2025-11-30
SPOT-124366,18-24,Female,ES,2025-02-16
SPOT-124367,35-44,Female,ES,2026-05-28
SPOT-124368,18-24,Male,US,2025-04-22
SPOT-124369,25-34,Female,BR,2024-11-17
SPOT-124370,35-44,Male,BR,2026-03-21
SPOT-124371,25-34,Male,DE,2024-08-30
SPOT-124372,18-24,Male,GB,2025-10-14
SPOT-124373,35-44,Female,BR,2023-11-13
SPOT-124374,45-54,Female,BR,2025-04-22
SPOT-124375,35-44,Non-binary,BR,2025-01-03
SPOT-124376,25-34,Female,DE,2025-06-12
SPOT-124377,18-24,Non-binary,CA,2024-10-03
SPOT-124378,18-24,Male,GB,2026-02-12
SPOT-124379,25-34,Female,FR,2023-12-07
SPOT-124380,18-24,Male,AR,2024-07-26
SPOT-124381,45-54,Female,DE,2025-04-30
SPOT-124382,25-34,Male,BR,2025-07-30
SPOT-124383,25-34,Male,FR,2025-06-27
SPOT-124384,35-44,Female,BR,2025-11-09
SPOT-124385,35-44,Female,MX,2025-08-07
SPOT-124386,25-34,Female,AR,2026-05-28
SPOT-124387,45-54,Male,CA,2026-05-11
SPOT-124388,55+,Female,US,2023-11-11
SPOT-124389,45-54,Male,AU,2023-12-27
SPOT-124390,35-44,Female,AU,2025-02-06
SPOT-124391,35-44,Female,GB,2025-05-16
SPOT-124392,25-34,Female,MX,2025-12-12
SPOT-124393,18-24,Female,US,2026-05-15
SPOT-124394,18-24,Female,US,2026-04-02
SPOT-124395,18-24,Female,BR,2024-03-26
SPOT-124396,18-24,Male,MX,2025-06-17
SPOT-124397,25-34,Female,BR,2025-07-18
SPOT-124398,18-24,Male,ES,2026-05-15
SPOT-124399,45-54,Female,AR,2025-11-08
SPOT-124400,35-44,Female,US,2023-11-18
SPOT-124401,18-24,Male,MX,2024-10-13
SPOT-124402,18-24,Female,BR,2024-04-30
SPOT-124403,35-44,Male,US,2025-01-22
SPOT-124404,35-44,Male,US,2025-12-11
SPOT-124405,45-54,Male,DE,2024-06-04
SPOT-124406,55+,Male,FR,2026-05-29
SPOT-124407,55+,Male,US,2024-12-16
SPOT-124408,25-34,Male,US,2025-05-24
SPOT-124409,18-24,Male,ES,2024-12-05
SPOT-124410,35-44,Male,AU,2024-07-12
SPOT-124411,18-24,Male,DE,2024-04-12
SPOT-124412,35-44,Female,GB,2025-12-16
SPOT-124413,25-34,Female,GB,2025-05-26
SPOT-124414,35-44,Male,US,2025-11-05
SPOT-124415,18-24,Female,US,2024-05-30
SPOT-124416,25-34,Male,US,2025-02-18
SPOT-124417,25-34,Female,BR,2025-07-22
SPOT-124418,45-54,Female,AU,2024-12-06
SPOT-124419,18-24,Male,AR,2024-08-13
SPOT-124420,45-54,Female,MX,2025-06-21
SPOT-124421,35-44,Female,BR,2025-09-15
SPOT-124422,35-44,Male,MX,2026-01-29
SPOT-124423,35-44,Male,DE,2025-09-10
SPOT-124424,25-34,Female,US,2024-11-25
SPOT-124425,18-24,Female,BR,2023-12-13
SPOT-124426,18-24,Male,BR,2025-03-17
SPOT-124427,45-54,Female,CA,2025-05-04
SPOT-124428,35-44,Female,MX,2025-11-07
SPOT-124429,18-24,Male,ES,2025-01-18
SPOT-124430,25-34,Male,US,2025-10-05
SPOT-124431,25-34,Female,ES,2025-02-09
SPOT-124432,18-24,Male,AU,2024-05-10
SPOT-124433,25-34,Female,MX,2025-06-30
SPOT-124434,18-24,Male,ES,2025-10-26
SPOT-124435,18-24,Male,AU,2025-08-09
SPOT-124436,25-34,Male,DE,2026-05-07
SPOT-124437,25-34,Female,AR,2025-05-11
SPOT-124438,18-24,Female,DE,2026-02-07
SPOT-124439,25-34,Female,DE,2025-04-28
SPOT-124440,18-24,Female,MX,2025-03-10
SPOT-124441,18-24,Male,GB,2025-08-21
SPOT-124442,18-24,Female,AU,2024-05-10
SPOT-124443,18-24,Male,GB,2024-06-18
SPOT-124444,18-24,Female,US,2025-12-24
SPOT-124445,35-44,Female,GB,2024-11-15
SPOT-124446,25-34,Male,FR,2025-10-23
SPOT-124447,18-24,Female,GB,2024-03-09
SPOT-124448,18-24,Female,MX,2026-01-05
SPOT-124449,18-24,Male,CA,2024-03-20
SPOT-124450,35-44,Female,GB,2024-01-25
SPOT-124451,25-34,Female,US,2024-02-16
SPOT-124452,18-24,Female,US,2024-11-23
SPOT-124453,25-34,Male,DE,2024-11-25
SPOT-124454,25-34,Male,US,2025-01-25
SPOT-124455,18-24,Non-binary,DE,2025-09-13
SPOT-124456,25-34,Female,FR,2025-12-16
SPOT-124457,25-34,Female,ES,2024-02-13
SPOT-124458,18-24,Male,BR,2025-06-22
SPOT-124459,25-34,Male,FR,2025-10-05
SPOT-124460,35-44,Female,US,2024-02-15
SPOT-124461,25-34,Male,MX,2024-07-06
SPOT-124462,18-24,Non-binary,US,2024-01-11
SPOT-124463,25-34,Male,BR,2025-05-20
SPOT-124464,25-34,Male,DE,2024-12-10
SPOT-124465,35-44,Male,GB,2025-10-17
SPOT-124466,25-34,Female,AR,2025-09-18
SPOT-124467,18-24,Female,US,2025-03-18
SPOT-124468,25-34,Non-binary,BR,2025-03-04
SPOT-124469,25-34,Male,BR,2023-12-19
SPOT-124470,25-34,Male,DE,2024-06-06
SPOT-124471,45-54,Female,US,2024-03-12
SPOT-124472,35-44,Female,MX,2025-12-13
SPOT-124473,18-24,Male,US,2025-04-09
SPOT-124474,45-54,Male,AR,2025-12-15
SPOT-124475,25-34,Male,GB,2025-03-13
SPOT-124476,35-44,Female,US,2025-09-05
SPOT-124477,35-44,Female,DE,2023-12-28
SPOT-124478,25-34,Female,BR,2024-06-14
SPOT-124479,25-34,Male,GB,2026-03-04
SPOT-124480,45-54,Female,US,2024-08-13
SPOT-124481,18-24,Male,US,2025-09-18
SPOT-124482,18-24,Male,ES,2026-01-18
SPOT-124483,25-34,Female,FR,2025-04-07
SPOT-124484,45-54,Female,US,2025-09-09
SPOT-124485,45-54,Male,US,2025-04-23
SPOT-124486,18-24,Female,US,2026-04-24
SPOT-124487,45-54,Female,FR,2025-07-29
SPOT-124488,18-24,Male,DE,2024-02-27
SPOT-124489,55+,Female,CA,2024-08-11
SPOT-124490,25-34,Female,DE,2024-09-26
SPOT-124491,18-24,Female,FR,2025-01-17
SPOT-124492,18-24,Female,AU,2026-05-15
SPOT-124493,18-24,Female,GB,2024-08-18
SPOT-124494,18-24,Male,MX,2023-12-20
SPOT-124495,35-44,Female,MX,2024-05-08
SPOT-124496,18-24,Female,US,2025-05-07
SPOT-124497,55+,Female,DE,2025-01-01
SPOT-124498,25-34,Male,FR,2026-04-18
SPOT-124499,25-34,Female,CA,2024-07-31
SPOT-124500,18-24,Female,FR,2024-01-30
SPOT-124501,45-54,Female,AU,2024-02-17
SPOT-124502,25-34,Male,MX,2025-04-06
SPOT-124503,45-54,Female,US,2024-03-05
SPOT-124504,55+,Male,BR,2024-11-10
SPOT-124505,18-24,Female,DE,2025-05-16
SPOT-124506,18-24,Male,GB,2026-03-27
SPOT-124507,35-44,Female,ES,2024-02-25
SPOT-124508,45-54,Male,MX,2025-03-01
SPOT-124509,25-34,Female,AR,2025-11-21
SPOT-124510,25-34,Female,GB,2025-11-09
SPOT-124511,25-34,Male,CA,2024-11-06
SPOT-124512,18-24,Male,US,2023-12-13
SPOT-124513,18-24,Female,MX,2024-11-16
SPOT-124514,25-34,Female,US,2024-11-17
SPOT-124515,18-24,Male,BR,2025-02-23
SPOT-124516,25-34,Female,US,2026-02-14
SPOT-124517,55+,Female,GB,2026-05-12
SPOT-124518,35-44,Male,FR,2024-05-25
SPOT-124519,45-54,Female,FR,2025-03-01
SPOT-124520,35-44,Male,ES,2026-01-26
SPOT-124521,25-34,Male,GB,2025-10-28
SPOT-124522,35-44,Female,BR,2024-05-14
SPOT-124523,45-54,Male,US,2025-06-04
SPOT-124524,45-54,Male,MX,2025-08-10
SPOT-124525,25-34,Female,GB,2025-05-01
SPOT-124526,18-24,Female,US,2026-01-16
SPOT-124527,18-24,Male,BR,2025-02-14
SPOT-124528,18-24,Male,US,2026-05-12
SPOT-124529,55+,Female,MX,2026-02-22
SPOT-124530,25-34,Female,US,2025-11-08
SPOT-124531,45-54,Female,BR,2026-02-09
SPOT-124532,25-34,Male,DE,2025-08-03
SPOT-124533,25-34,Female,BR,2024-02-16
SPOT-124534,18-24,Male,US,2025-05-26
SPOT-124535,18-24,Female,GB,2024-09-05
SPOT-124536,25-34,Male,US,2024-08-13
SPOT-124537,25-34,Female,ES,2025-10-26
SPOT-124538,18-24,Male,US,2025-06-21
SPOT-124539,35-44,Female,DE,2023-11-08
SPOT-124540,25-34,Male,DE,2024-07-28
SPOT-124541,35-44,Female,US,2025-02-23
SPOT-124542,18-24,Female,DE,2025-04-20
SPOT-124543,25-34,Male,DE,2025-09-16
SPOT-124544,18-24,Male,US,2026-01-17
SPOT-124545,35-44,Male,MX,2024-12-02
SPOT-124546,25-34,Male,US,2026-01-05
SPOT-124547,25-34,Male,US,2024-05-23
SPOT-124548,45-54,Female,MX,2025-06-12
SPOT-124549,18-24,Female,MX,2025-07-14
SPOT-124550,18-24,Female,GB,2025-01-16
SPOT-124551,35-44,Male,MX,2025-10-06
SPOT-124552,25-34,Male,DE,2025-12-13
SPOT-124553,18-24,Female,BR,2026-04-09
SPOT-124554,25-34,Male,GB,2025-05-09
SPOT-124555,18-24,Male,AU,2025-05-16
SPOT-124556,18-24,Male,ES,2025-03-25
SPOT-124557,25-34,Male,US,2024-09-27
SPOT-124558,35-44,Male,US,2025-07-04
SPOT-124559,25-34,Female,ES,2025-07-09
SPOT-124560,25-34,Male,DE,2026-02-24
SPOT-124561,45-54,Female,US,2026-01-31
SPOT-124562,18-24,Female,US,2024-09-10
SPOT-124563,35-44,Female,DE,2026-03-20
SPOT-124564,45-54,Male,DE,2025-11-02
SPOT-124565,18-24,Male,ES,2026-01-26
SPOT-124566,25-34,Male,BR,2025-08-12
SPOT-124567,55+,Male,ES,2024-02-25
SPOT-124568,55+,Female,GB,2024-12-27
SPOT-124569,18-24,Male,MX,2025-11-05
SPOT-124570,18-24,Female,FR,2024-01-02
SPOT-124571,18-24,Female,US,2024-12-20
SPOT-124572,25-34,Female,ES,2026-04-06
SPOT-124573,25-34,Female,ES,2026-01-03
SPOT-124574,25-34,Female,AR,2025-02-15
SPOT-124575,45-54,Female,GB,2024-08-04
SPOT-124576,18-24,Male,DE,2025-10-07
SPOT-124577,35-44,Male,US,2025-06-29
SPOT-124578,18-24,Male,GB,2025-03-17
SPOT-124579,18-24,Male,AU,2026-05-07
SPOT-124580,25-34,Male,DE,2024-07-03
SPOT-124581,18-24,Male,AR,2025-02-24
SPOT-124582,25-34,Male,AR,2024-06-22
SPOT-124583,45-54,Female,DE,2026-02-17
SPOT-124584,18-24,Male,AU,2025-03-21
SPOT-124585,35-44,Female,AR,2024-07-12
SPOT-124586,18-24,Male,BR,2026-03-20
SPOT-124587,18-24,Female,GB,2025-05-19
SPOT-124588,25-34,Male,US,2025-03-07
SPOT-124589,35-44,Female,DE,2024-03-29
SPOT-124590,25-34,Male,GB,2025-11-27
SPOT-124591,25-34,Male,ES,2026-05-13
SPOT-124592,45-54,Female,US,2025-12-17
SPOT-124593,35-44,Female,AR,2025-07-22
SPOT-124594,18-24,Male,DE,2024-10-03
SPOT-124595,35-44,Female,DE,2026-03-19
SPOT-124596,25-34,Male,US,2024-07-25
SPOT-124597,35-44,Male,CA,2024-04-15
SPOT-124598,25-34,Female,DE,2025-10-20
SPOT-124599,18-24,Male,AR,2024-10-01
SPOT-124600,25-34,Male,US,2025-09-21
SPOT-124601,25-34,Male,US,2025-01-07
SPOT-124602,25-34,Male,MX,2025-08-31
SPOT-124603,45-54,Male,AU,2025-11-29
SPOT-124604,45-54,Male,MX,2025-04-10
SPOT-124605,25-34,Female,MX,2025-04-06
SPOT-124606,25-34,Male,DE,2024-08-04
SPOT-124607,25-34,Male,GB,2026-02-15
SPOT-124608,25-34,Female,DE,2024-03-21
SPOT-124609,55+,Male,US,2024-12-19
SPOT-124610,25-34,Male,GB,2025-03-26
SPOT-124611,18-24,Female,BR,2024-08-28
SPOT-124612,25-34,Female,US,2024-06-14
SPOT-124613,25-34,Male,AR,2026-04-27
SPOT-124614,25-34,Female,US,2026-02-23
SPOT-124615,25-34,Female,GB,2024-02-13
SPOT-124616,18-24,Female,BR,2024-05-12
SPOT-124617,18-24,Female,CA,2025-03-27
SPOT-124618,18-24,Male,BR,2024-11-04
SPOT-124619,25-34,Male,GB,2025-10-13
SPOT-124620,18-24,Female,GB,2024-10-21
SPOT-124621,35-44,Female,GB,2026-02-12
SPOT-124622,18-24,Female,US,2024-06-05
SPOT-124623,45-54,Male,US,2025-01-26
SPOT-124624,18-24,Male,BR,2025-07-25
SPOT-124625,18-24,Female,GB,2025-07-23
SPOT-124626,25-34,Female,US,2023-12-17
SPOT-124627,18-24,Male,US,2025-09-27
SPOT-124628,45-54,Female,BR,2025-11-14
SPOT-124629,18-24,Female,GB,2025-02-06
SPOT-124630,25-34,Male,US,2024-11-17
SPOT-124631,45-54,Male,MX,2025-03-20
SPOT-124632,25-34,Male,MX,2026-05-11
SPOT-124633,18-24,Female,US,2025-12-07
SPOT-124634,18-24,Male,BR,2025-07-24
SPOT-124635,25-34,Female,ES,2026-05-09
SPOT-124636,18-24,Female,MX,2024-10-17
SPOT-124637,25-34,Male,US,2025-08-21
SPOT-124638,35-44,Male,GB,2024-02-13
SPOT-124639,45-54,Female,ES,2024-08-28
SPOT-124640,18-24,Female,US,2026-01-15
SPOT-124641,18-24,Male,US,2025-02-11
SPOT-124642,18-24,Male,MX,2025-02-09
SPOT-124643,25-34,Female,GB,2026-04-26
SPOT-124644,25-34,Female,GB,2025-05-20
SPOT-124645,35-44,Male,BR,2024-04-05
SPOT-124646,35-44,Female,ES,2026-04-17
SPOT-124647,18-24,Female,BR,2025-05-11
SPOT-124648,25-34,Male,FR,2025-04-09
SPOT-124649,18-24,Female,US,2026-02-08
SPOT-124650,18-24,Female,ES,2024-10-31
SPOT-124651,18-24,Male,BR,2025-10-18
SPOT-124652,18-24,Female,AR,2024-11-13
SPOT-124653,25-34,Female,GB,2025-02-15
SPOT-124654,25-34,Female,BR,2024-11-21
SPOT-124655,18-24,Male,AR,2025-06-20
SPOT-124656,55+,Female,AR,2025-01-13
SPOT-124657,25-34,Male,DE,2024-03-21
SPOT-124658,18-24,Male,AR,2024-04-28
SPOT-124659,18-24,Male,MX,2025-04-23
SPOT-124660,25-34,Female,DE,2024-05-13
SPOT-124661,55+,Male,AU,2026-05-19
SPOT-124662,25-34,Female,US,2026-05-13
SPOT-124663,45-54,Male,DE,2024-02-11
SPOT-124664,25-34,Female,GB,2024-12-17
SPOT-124665,25-34,Male,CA,2024-11-27
SPOT-124666,25-34,Male,US,2024-12-26
SPOT-124667,25-34,Non-binary,MX,2025-12-03
SPOT-124668,25-34,Male,ES,2024-07-06
SPOT-124669,45-54,Male,US,2024-12-24
SPOT-124670,18-24,Female,US,2024-08-29
SPOT-124671,25-34,Female,US,2026-01-06
SPOT-124672,25-34,Male,US,2024-03-19
SPOT-124673,25-34,Female,AR,2026-02-04
SPOT-124674,18-24,Female,CA,2023-12-22
SPOT-124675,25-34,Male,CA,2024-09-30
SPOT-124676,25-34,Male,GB,2023-11-26
SPOT-124677,25-34,Male,ES,2024-12-13
SPOT-124678,35-44,Male,AR,2025-11-21
SPOT-124679,35-44,Male,AR,2023-12-09
SPOT-124680,18-24,Male,US,2026-02-04
SPOT-124681,55+,Male,US,2024-02-06
SPOT-124682,35-44,Male,CA,2025-10-31
SPOT-124683,18-24,Male,ES,2024-02-25
SPOT-124684,18-24,Male,AR,2026-02-14
SPOT-124685,18-24,Female,BR,2024-10-19
SPOT-124686,25-34,Female,DE,2024-11-17
SPOT-124687,45-54,Male,MX,2024-10-01
SPOT-124688,35-44,Male,BR,2025-03-03
SPOT-124689,45-54,Female,DE,2026-01-03
SPOT-124690,18-24,Female,GB,2025-01-03
SPOT-124691,25-34,Male,US,2024-11-25
SPOT-124692,18-24,Male,BR,2025-04-17
SPOT-124693,18-24,Male,BR,2025-06-06
SPOT-124694,25-34,Female,BR,2025-03-23
SPOT-124695,18-24,Female,US,2025-09-13
SPOT-124696,25-34,Female,CA,2024-01-28
SPOT-124697,25-34,Female,ES,2025-06-11
SPOT-124698,35-44,Female,US,2025-11-24
SPOT-124699,18-24,Male,US,2025-10-06
SPOT-124700,35-44,Female,MX,2025-07-11
SPOT-124701,55+,Male,GB,2024-11-19
SPOT-124702,45-54,Male,GB,2024-12-17
SPOT-124703,35-44,Male,AR,2024-09-22
SPOT-124704,25-34,Female,GB,2023-11-10
SPOT-124705,25-34,Female,MX,2024-01-19
SPOT-124706,35-44,Female,BR,2024-09-25
SPOT-124707,35-44,Male,GB,2024-03-09
SPOT-124708,25-34,Male,GB,2025-02-03
SPOT-124709,35-44,Male,CA,2025-09-12
SPOT-124710,25-34,Male,GB,2026-01-24
SPOT-124711,18-24,Male,AR,2024-12-17
SPOT-124712,25-34,Male,FR,2026-01-06
SPOT-124713,18-24,Female,US,2024-10-22
SPOT-124714,25-34,Female,MX,2025-11-11
SPOT-124715,18-24,Male,ES,2024-11-01
SPOT-124716,25-34,Female,DE,2025-05-12
SPOT-124717,35-44,Male,BR,2024-02-27
SPOT-124718,25-34,Male,US,2026-03-29
SPOT-124719,18-24,Female,GB,2026-02-13
SPOT-124720,25-34,Female,ES,2025-05-01
SPOT-124721,18-24,Male,MX,2025-11-26
SPOT-124722,25-34,Female,US,2025-04-17
SPOT-124723,25-34,Female,AU,2025-07-10
SPOT-124724,45-54,Male,CA,2025-09-27
SPOT-124725,18-24,Female,US,2024-12-08
SPOT-124726,25-34,Male,FR,2024-08-21
SPOT-124727,45-54,Female,GB,2024-10-20
SPOT-124728,55+,Female,BR,2025-04-28
SPOT-124729,18-24,Female,AR,2025-09-28
SPOT-124730,25-34,Male,GB,2024-01-06
SPOT-124731,18-24,Male,BR,2023-11-11
SPOT-124732,25-34,Female,DE,2025-08-21
SPOT-124733,18-24,Male,ES,2025-05-17
SPOT-124734,35-44,Female,BR,2024-01-05
SPOT-124735,18-24,Male,BR,2026-05-18
SPOT-124736,25-34,Male,AR,2026-05-16
SPOT-124737,25-34,Male,MX,2024-05-30
SPOT-124738,55+,Female,BR,2024-08-31
SPOT-124739,25-34,Male,DE,2024-11-21
SPOT-124740,18-24,Male,US,2025-12-18
SPOT-124741,18-24,Male,US,2025-01-31
SPOT-124742,18-24,Male,AU,2026-04-19
SPOT-124743,35-44,Female,US,2024-04-25
SPOT-124744,25-34,Male,GB,2026-04-28
SPOT-124745,25-34,Male,MX,2023-11-15
SPOT-124746,18-24,Male,AR,2025-01-18
SPOT-124747,35-44,Female,AR,2025-03-13
SPOT-124748,25-34,Male,AR,2025-10-29
SPOT-124749,55+,Male,AU,2024-01-09
SPOT-124750,25-34,Male,US,2024-07-14
SPOT-124751,18-24,Male,DE,2026-01-07
SPOT-124752,25-34,Female,CA,2025-10-21
SPOT-124753,18-24,Female,DE,2026-04-04
SPOT-124754,35-44,Male,FR,2026-05-28
SPOT-124755,35-44,Female,US,2024-07-25
SPOT-124756,18-24,Female,BR,2024-04-01
SPOT-124757,18-24,Female,CA,2023-11-20
SPOT-124758,18-24,Female,GB,2026-05-07
SPOT-124759,45-54,Male,CA,2025-11-27
SPOT-124760,18-24,Non-binary,US,2024-05-13
SPOT-124761,18-24,Non-binary,US,2026-04-08
SPOT-124762,18-24,Female,BR,2025-06-30
SPOT-124763,25-34,Female,US,2025-09-09
SPOT-124764,35-44,Female,US,2026-05-09
SPOT-124765,45-54,Male,GB,2024-04-04
SPOT-124766,18-24,Female,BR,2024-08-03
SPOT-124767,25-34,Female,DE,2026-03-06
SPOT-124768,25-34,Male,CA,2024-10-12
SPOT-124769,55+,Female,FR,2024-07-07
SPOT-124770,18-24,Female,ES,2025-03-02
SPOT-124771,18-24,Male,MX,2024-01-22
SPOT-124772,25-34,Female,US,2025-03-30
SPOT-124773,18-24,Male,MX,2024-06-05
SPOT-124774,18-24,Female,US,2025-08-26
SPOT-124775,25-34,Female,DE,2025-01-23
SPOT-124776,35-44,Female,DE,2025-01-01
SPOT-124777,25-34,Female,MX,2025-08-06
SPOT-124778,25-34,Female,AR,2024-10-09
SPOT-124779,25-34,Female,GB,2025-08-28
SPOT-124780,25-34,Male,US,2025-06-30
SPOT-124781,25-34,Female,US,2024-05-05
SPOT-124782,25-34,Female,FR,2024-12-05
SPOT-124783,18-24,Male,BR,2026-03-20
SPOT-124784,18-24,Male,US,2025-11-29
SPOT-124785,25-34,Female,US,2024-04-22
SPOT-124786,25-34,Female,BR,2026-02-17
SPOT-124787,35-44,Female,US,2024-03-27
SPOT-124788,25-34,Male,DE,2024-12-10
SPOT-124789,18-24,Female,BR,2025-05-12
SPOT-124790,18-24,Female,US,2024-11-21
SPOT-124791,18-24,Female,US,2025-01-10
SPOT-124792,35-44,Female,US,2025-08-31
SPOT-124793,25-34,Male,BR,2026-03-03
SPOT-124794,35-44,Female,US,2024-01-16
SPOT-124795,25-34,Male,FR,2025-03-28
SPOT-124796,45-54,Female,MX,2024-10-25
SPOT-124797,55+,Female,BR,2024-01-05
SPOT-124798,25-34,Female,BR,2024-07-16
SPOT-124799,45-54,Male,US,2025-08-31
SPOT-124800,25-34,Female,AU,2024-05-24
SPOT-124801,45-54,Male,AU,2024-04-13
SPOT-124802,35-44,Male,GB,2025-06-30
SPOT-124803,55+,Male,ES,2025-01-22
SPOT-124804,25-34,Female,US,2025-06-24
SPOT-124805,35-44,Female,AR,2025-08-21
SPOT-124806,25-34,Female,GB,2024-08-16
SPOT-124807,18-24,Female,GB,2023-12-09
SPOT-124808,25-34,Male,BR,2023-12-23
SPOT-124809,45-54,Female,DE,2026-02-20
SPOT-124810,18-24,Female,US,2024-12-10
SPOT-124811,25-34,Female,BR,2025-03-10
SPOT-124812,25-34,Male,US,2025-01-20
SPOT-124813,25-34,Male,DE,2025-07-03
SPOT-124814,45-54,Male,US,2025-08-18
SPOT-124815,45-54,Female,FR,2024-12-11
SPOT-124816,25-34,Male,GB,2023-11-28
SPOT-124817,18-24,Male,FR,2026-05-04
SPOT-124818,25-34,Male,GB,2026-03-11
SPOT-124819,25-34,Male,US,2024-01-29
SPOT-124820,25-34,Male,BR,2024-11-17
SPOT-124821,18-24,Male,BR,2025-05-30
SPOT-124822,25-34,Female,MX,2025-09-26
SPOT-124823,18-24,Male,GB,2024-08-31
SPOT-124824,25-34,Female,GB,2024-11-30
SPOT-124825,18-24,Female,US,2024-09-26
SPOT-124826,25-34,Male,CA,2025-06-24
SPOT-124827,18-24,Male,MX,2024-02-22
SPOT-124828,55+,Female,ES,2026-03-30
SPOT-124829,25-34,Female,US,2025-02-25
SPOT-124830,18-24,Male,MX,2025-04-29
SPOT-124831,25-34,Female,ES,2024-04-21
SPOT-124832,45-54,Female,GB,2025-05-10
SPOT-124833,35-44,Female,US,2024-04-04
SPOT-124834,35-44,Female,MX,2026-04-07
SPOT-124835,18-24,Female,MX,2024-09-14
SPOT-124836,25-34,Male,BR,2025-03-01
SPOT-124837,35-44,Female,US,2023-11-17
SPOT-124838,25-34,Male,GB,2024-02-07
SPOT-124839,45-54,Male,MX,2026-01-07
SPOT-124840,18-24,Female,MX,2024-11-05
SPOT-124841,18-24,Female,BR,2025-10-12
SPOT-124842,45-54,Female,ES,2025-12-10
SPOT-124843,25-34,Male,AR,2025-10-27
SPOT-124844,18-24,Non-binary,GB,2026-05-15
SPOT-124845,25-34,Male,US,2025-05-24
SPOT-124846,45-54,Male,US,2026-04-23
SPOT-124847,18-24,Female,GB,2024-06-21
SPOT-124848,18-24,Female,CA,2025-02-13
SPOT-124849,18-24,Female,US,2024-01-26
SPOT-124850,45-54,Female,FR,2025-08-14
SPOT-124851,45-54,Female,US,2025-06-03
SPOT-124852,25-34,Male,GB,2024-08-21
SPOT-124853,25-34,Female,US,2026-02-03
SPOT-124854,18-24,Male,US,2025-08-05
SPOT-124855,18-24,Female,US,2024-02-21
SPOT-124856,35-44,Male,GB,2026-04-14
SPOT-124857,18-24,Male,BR,2025-01-26
SPOT-124858,25-34,Female,US,2025-09-24
SPOT-124859,25-34,Male,CA,2025-05-28
SPOT-124860,18-24,Male,BR,2025-01-03
SPOT-124861,25-34,Male,FR,2025-03-11
SPOT-124862,25-34,Male,US,2025-03-20
SPOT-124863,35-44,Female,US,2025-01-23
SPOT-124864,18-24,Male,AR,2024-02-15
SPOT-124865,18-24,Female,BR,2024-11-26
SPOT-124866,25-34,Female,CA,2025-02-06
SPOT-124867,55+,Female,US,2025-02-02
SPOT-124868,18-24,Female,US,2025-07-09
SPOT-124869,55+,Female,CA,2025-09-23
SPOT-124870,35-44,Male,MX,2024-04-19
SPOT-124871,35-44,Female,AR,2025-12-18
SPOT-124872,18-24,Male,GB,2024-06-10
SPOT-124873,18-24,Female,US,2024-02-22
SPOT-124874,18-24,Male,BR,2023-11-11
SPOT-124875,25-34,Male,AU,2025-09-24
SPOT-124876,55+,Female,CA,2024-04-10
SPOT-124877,18-24,Male,US,2024-07-06
SPOT-124878,25-34,Female,US,2025-09-20
SPOT-124879,18-24,Male,GB,2024-09-10
SPOT-124880,35-44,Non-binary,AR,2024-12-20
SPOT-124881,18-24,Male,AR,2026-03-24
SPOT-124882,18-24,Male,US,2023-12-22
SPOT-124883,18-24,Male,BR,2025-11-29
SPOT-124884,35-44,Male,BR,2023-11-25
SPOT-124885,18-24,Male,DE,2024-03-26
SPOT-124886,18-24,Male,BR,2025-01-23
SPOT-124887,18-24,Male,GB,2024-01-30
SPOT-124888,55+,Male,BR,2024-05-11
SPOT-124889,25-34,Male,MX,2024-01-30
SPOT-124890,35-44,Male,US,2025-12-24
SPOT-124891,25-34,Female,AU,2025-10-10
SPOT-124892,18-24,Male,US,2025-12-23
SPOT-124893,25-34,Female,GB,2023-12-11
SPOT-124894,18-24,Female,BR,2025-09-01
SPOT-124895,25-34,Female,US,2025-01-15
SPOT-124896,25-34,Male,BR,2024-05-27
SPOT-124897,25-34,Female,FR,2025-12-25
SPOT-124898,18-24,Male,CA,2026-05-22
SPOT-124899,18-24,Female,GB,2025-11-09
SPOT-124900,35-44,Female,BR,2025-07-05
SPOT-124901,35-44,Female,ES,2024-04-27
SPOT-124902,18-24,Female,GB,2024-10-25
SPOT-124903,18-24,Female,BR,2023-12-30
SPOT-124904,45-54,Male,GB,2025-10-21
SPOT-124905,35-44,Female,DE,2023-12-29
SPOT-124906,55+,Male,US,2025-04-17
SPOT-124907,18-24,Female,DE,2024-02-01
SPOT-124908,25-34,Male,US,2026-01-05
SPOT-124909,18-24,Male,GB,2024-05-31
SPOT-124910,25-34,Female,GB,2023-11-09
SPOT-124911,18-24,Male,DE,2024-03-25
SPOT-124912,18-24,Female,CA,2024-04-11
SPOT-124913,18-24,Female,MX,2025-05-31
SPOT-124914,25-34,Female,AU,2024-01-31
SPOT-124915,25-34,Male,BR,2023-11-06
SPOT-124916,25-34,Female,AR,2025-02-22
SPOT-124917,45-54,Female,AR,2025-04-09
SPOT-124918,35-44,Male,ES,2025-07-03
SPOT-124919,25-34,Female,MX,2023-12-04
SPOT-124920,55+,Male,DE,2025-05-02
SPOT-124921,25-34,Male,BR,2025-05-28
SPOT-124922,18-24,Male,US,2025-02-14
SPOT-124923,55+,Female,MX,2024-03-13
SPOT-124924,18-24,Male,BR,2026-05-24
SPOT-124925,25-34,Male,AR,2024-08-29
SPOT-124926,18-24,Female,CA,2024-07-18
SPOT-124927,25-34,Male,US,2025-10-10
SPOT-124928,25-34,Female,MX,2025-03-02
SPOT-124929,18-24,Male,AU,2024-06-29
SPOT-124930,25-34,Male,CA,2023-11-24
SPOT-124931,35-44,Male,AR,2025-11-06
SPOT-124932,18-24,Female,US,2024-08-27
SPOT-124933,25-34,Female,GB,2024-11-14
SPOT-124934,18-24,Female,US,2025-02-04
SPOT-124935,35-44,Female,CA,2024-09-20
SPOT-124936,35-44,Male,ES,2024-09-19
SPOT-124937,45-54,Female,BR,2026-03-15
SPOT-124938,18-24,Female,AU,2026-04-07
SPOT-124939,18-24,Female,US,2024-02-19
SPOT-124940,18-24,Non-binary,MX,2025-01-09
SPOT-124941,18-24,Male,MX,2025-07-11
SPOT-124942,25-34,Male,GB,2024-10-14
SPOT-124943,55+,Female,BR,2025-03-28
SPOT-124944,25-34,Male,US,2026-03-06
SPOT-124945,55+,Male,MX,2025-04-08
SPOT-124946,18-24,Male,DE,2025-09-09
SPOT-124947,45-54,Male,US,2026-03-24
SPOT-124948,18-24,Male,AU,2026-01-04
SPOT-124949,45-54,Non-binary,BR,2024-02-10
SPOT-124950,18-24,Male,ES,2024-12-28
SPOT-124951,45-54,Female,US,2026-02-13
SPOT-124952,18-24,Male,US,2026-03-12
SPOT-124953,18-24,Male,CA,2024-09-23
SPOT-124954,25-34,Male,BR,2025-11-07
SPOT-124955,25-34,Female,BR,2025-12-02
SPOT-124956,25-34,Male,BR,2025-07-18
SPOT-124957,55+,Female,US,2024-02-18
SPOT-124958,25-34,Female,CA,2026-01-20
SPOT-124959,35-44,Male,US,2026-05-28
SPOT-124960,18-24,Male,US,2026-05-16
SPOT-124961,25-34,Male,CA,2025-08-16
SPOT-124962,25-34,Female,GB,2024-11-28
SPOT-124963,45-54,Female,FR,2026-02-10
SPOT-124964,25-34,Female,ES,2025-04-18
SPOT-124965,25-34,Male,DE,2024-04-23
SPOT-124966,18-24,Female,GB,2024-08-26
SPOT-124967,18-24,Male,ES,2026-05-05
SPOT-124968,25-34,Male,BR,2024-05-15
SPOT-124969,18-24,Female,GB,2025-10-26
SPOT-124970,18-24,Male,FR,2025-10-26
SPOT-124971,18-24,Non-binary,ES,2025-12-02
SPOT-124972,35-44,Male,CA,2024-07-03
SPOT-124973,18-24,Male,DE,2025-06-22
SPOT-124974,45-54,Male,US,2024-11-08
SPOT-124975,18-24,Female,CA,2026-03-11
SPOT-124976,18-24,Female,MX,2025-04-29
SPOT-124977,25-34,Non-binary,MX,2023-11-26
SPOT-124978,25-34,Female,BR,2025-11-10
SPOT-124979,25-34,Female,BR,2024-07-31
SPOT-124980,25-34,Male,GB,2023-11-07
SPOT-124981,18-24,Male,MX,2024-10-27
SPOT-124982,25-34,Female,ES,2024-11-06
SPOT-124983,25-34,Female,CA,2025-08-15
SPOT-124984,18-24,Female,US,2025-10-02
SPOT-124985,35-44,Male,GB,2024-04-15
SPOT-124986,35-44,Female,ES,2024-04-13
SPOT-124987,25-34,Male,ES,2024-01-07
SPOT-124988,35-44,Male,US,2025-05-26
SPOT-124989,45-54,Female,US,2025-01-20
SPOT-124990,25-34,Female,GB,2024-12-09
SPOT-124991,18-24,Male,US,2025-03-22
SPOT-124992,45-54,Female,ES,2023-11-21
SPOT-124993,18-24,Male,MX,2025-11-30
SPOT-124994,18-24,Male,FR,2025-12-23
SPOT-124995,18-24,Female,DE,2023-12-01
SPOT-124996,35-44,Male,MX,2025-07-02
SPOT-124997,45-54,Female,AU,2024-07-21
SPOT-124998,25-34,Female,AU,2024-12-07
SPOT-124999,55+,Female,US,2025-05-30
